source_json,match_id,competition,season,round,home_team,away_team,team_id,team,qualifier,player_id,player_name,carries,clean_breaks,meters_run,offloads,passes,tackle_missed,tackles,try_assist,turnovers_won
super_rugby_2026_blues_vs_chiefs_65866096.json,sr:sport_event:65866096,Super Rugby,Super Rugby 2026,1,Blues,Chiefs,sr:competitor:4185,Chiefs,away,sr:player:879150,"O'Neill, Reuben",1,0,0,0,0,0,2,0,0
super_rugby_2026_blues_vs_chiefs_65866096.json,sr:sport_event:65866096,Super Rugby,Super Rugby 2026,1,Blues,Chiefs,sr:competitor:4185,Chiefs,away,sr:player:884810,"Proffit, Jared",2,0,5,0,1,0,15,0,0
super_rugby_2026_blues_vs_chiefs_65866096.json,sr:sport_event:65866096,Super Rugby,Super Rugby 2026,1,Blues,Chiefs,sr:competitor:4185,Chiefs,away,sr:player:1001619,"Jacobson, Luke Brittain",9,0,18,0,1,1,14,0,1
super_rugby_2026_blues_vs_chiefs_65866096.json,sr:sport_event:65866096,Super Rugby,Super Rugby 2026,1,Blues,Chiefs,sr:competitor:4185,Chiefs,away,sr:player:1106251,"Taukei'aho, Samisoni",10,0,19,1,2,0,13,0,0
super_rugby_2026_blues_vs_chiefs_65866096.json,sr:sport_event:65866096,Super Rugby,Super Rugby 2026,1,Blues,Chiefs,sr:competitor:4185,Chiefs,away,sr:player:1402077,"Nanai-Seturo, Etene",14,0,101,0,2,1,3,0,0
super_rugby_2026_blues_vs_chiefs_65866096.json,sr:sport_event:65866096,Super Rugby,Super Rugby 2026,1,Blues,Chiefs,sr:competitor:4185,Chiefs,away,sr:player:1722392,"Brown, Jahrome",5,0,10,0,2,2,15,0,0
super_rugby_2026_blues_vs_chiefs_65866096.json,sr:sport_event:65866096,Super Rugby,Super Rugby 2026,1,Blues,Chiefs,sr:competitor:4185,Chiefs,away,sr:player:1983933,"Ah Kuoi, Naitoa",2,0,2,0,0,0,3,0,0
super_rugby_2026_blues_vs_chiefs_65866096.json,sr:sport_event:65866096,Super Rugby,Super Rugby 2026,1,Blues,Chiefs,sr:competitor:4185,Chiefs,away,sr:player:1983943,"Tupaea, Quinn",9,0,34,1,9,3,18,0,3
super_rugby_2026_blues_vs_chiefs_65866096.json,sr:sport_event:65866096,Super Rugby,Super Rugby 2026,1,Blues,Chiefs,sr:competitor:4185,Chiefs,away,sr:player:2045051,"Vaa'i, Tupou",9,0,28,1,3,1,12,0,1
super_rugby_2026_blues_vs_chiefs_65866096.json,sr:sport_event:65866096,Super Rugby,Super Rugby 2026,1,Blues,Chiefs,sr:competitor:4185,Chiefs,away,sr:player:2241945,"Lord, Josh",1,0,2,0,3,1,16,0,0
super_rugby_2026_blues_vs_chiefs_65866096.json,sr:sport_event:65866096,Super Rugby,Super Rugby 2026,1,Blues,Chiefs,sr:competitor:4185,Chiefs,away,sr:player:2286133,"Boshier, Kaylum",6,1,14,0,4,1,9,0,0
super_rugby_2026_blues_vs_chiefs_65866096.json,sr:sport_event:65866096,Super Rugby,Super Rugby 2026,1,Blues,Chiefs,sr:competitor:4185,Chiefs,away,sr:player:2286135,"Finau, Samipeni",3,0,24,1,3,1,3,1,0
super_rugby_2026_blues_vs_chiefs_65866096.json,sr:sport_event:65866096,Super Rugby,Super Rugby 2026,1,Blues,Chiefs,sr:competitor:4185,Chiefs,away,sr:player:2286149,"Thompson, Tyrone",4,0,2,1,1,0,2,0,1
super_rugby_2026_blues_vs_chiefs_65866096.json,sr:sport_event:65866096,Super Rugby,Super Rugby 2026,1,Blues,Chiefs,sr:competitor:4185,Chiefs,away,sr:player:2286167,"Ratima, Cortez",2,1,34,0,34,0,0,0,0
super_rugby_2026_blues_vs_chiefs_65866096.json,sr:sport_event:65866096,Super Rugby,Super Rugby 2026,1,Blues,Chiefs,sr:competitor:4185,Chiefs,away,sr:player:2286179,"Roe, Xavier",0,0,0,0,39,1,4,1,1
super_rugby_2026_blues_vs_chiefs_65866096.json,sr:sport_event:65866096,Super Rugby,Super Rugby 2026,1,Blues,Chiefs,sr:competitor:4185,Chiefs,away,sr:player:2312527,"Coombes Fabling, Liam",3,1,5,0,5,1,5,0,0
super_rugby_2026_blues_vs_chiefs_65866096.json,sr:sport_event:65866096,Super Rugby,Super Rugby 2026,1,Blues,Chiefs,sr:competitor:4185,Chiefs,away,sr:player:2315349,"Dyer, George",2,0,3,0,0,0,11,0,0
super_rugby_2026_blues_vs_chiefs_65866096.json,sr:sport_event:65866096,Super Rugby,Super Rugby 2026,1,Blues,Chiefs,sr:competitor:4185,Chiefs,away,sr:player:2573395,"Rona, Daniel",7,0,18,0,5,0,5,0,0
super_rugby_2026_blues_vs_chiefs_65866096.json,sr:sport_event:65866096,Super Rugby,Super Rugby 2026,1,Blues,Chiefs,sr:competitor:4185,Chiefs,away,sr:player:2650507,"Taumoefolau, Kyren",2,0,1,0,2,0,4,0,0
super_rugby_2026_blues_vs_chiefs_65866096.json,sr:sport_event:65866096,Super Rugby,Super Rugby 2026,1,Blues,Chiefs,sr:competitor:4185,Chiefs,away,sr:player:2774837,"Jacomb, Josh",4,0,30,0,18,1,7,0,0
super_rugby_2026_blues_vs_chiefs_65866096.json,sr:sport_event:65866096,Super Rugby,Super Rugby 2026,1,Blues,Chiefs,sr:competitor:4185,Chiefs,away,sr:player:2822893,"Kumeroa, Benet",0,0,0,0,0,0,3,0,0
super_rugby_2026_blues_vs_chiefs_65866096.json,sr:sport_event:65866096,Super Rugby,Super Rugby 2026,1,Blues,Chiefs,sr:competitor:4185,Chiefs,away,sr:player:2943695,"Brown, Kyle",3,0,12,0,0,0,2,0,0
super_rugby_2026_blues_vs_chiefs_65866096.json,sr:sport_event:65866096,Super Rugby,Super Rugby 2026,1,Blues,Chiefs,sr:competitor:4185,Chiefs,away,sr:player:3114982,"Tepaea, Cook-Savage",1,0,3,0,0,0,0,0,0
super_rugby_2026_blues_vs_chiefs_65866096.json,sr:sport_event:65866096,Super Rugby,Super Rugby 2026,1,Blues,Chiefs,sr:competitor:4190,Blues,home,sr:player:512222,"Tu'ungafasi, Ofa",6,0,8,0,1,0,2,0,0
super_rugby_2026_blues_vs_chiefs_65866096.json,sr:sport_event:65866096,Super Rugby,Super Rugby 2026,1,Blues,Chiefs,sr:competitor:4190,Blues,home,sr:player:535512,"Ahki, Pita",10,0,33,2,10,2,4,1,0
super_rugby_2026_blues_vs_chiefs_65866096.json,sr:sport_event:65866096,Super Rugby,Super Rugby 2026,1,Blues,Chiefs,sr:competitor:4190,Blues,home,sr:player:858664,"Renata, Marcel",0,0,0,0,0,0,5,0,0
super_rugby_2026_blues_vs_chiefs_65866096.json,sr:sport_event:65866096,Super Rugby,Super Rugby 2026,1,Blues,Chiefs,sr:competitor:4190,Blues,home,sr:player:877762,"Nock, Sam",1,0,6,1,17,1,1,0,0
super_rugby_2026_blues_vs_chiefs_65866096.json,sr:sport_event:65866096,Super Rugby,Super Rugby 2026,1,Blues,Chiefs,sr:competitor:4190,Blues,home,sr:player:1001629,"Papali'i, Dalton",11,0,37,1,7,0,15,0,0
super_rugby_2026_blues_vs_chiefs_65866096.json,sr:sport_event:65866096,Super Rugby,Super Rugby 2026,1,Blues,Chiefs,sr:competitor:4190,Blues,home,sr:player:1001635,"Perofeta, Stephen",6,0,23,2,23,0,7,0,0
super_rugby_2026_blues_vs_chiefs_65866096.json,sr:sport_event:65866096,Super Rugby,Super Rugby 2026,1,Blues,Chiefs,sr:competitor:4190,Blues,home,sr:player:1079542,"Christie, Finlay",3,0,2,1,70,1,1,1,0
super_rugby_2026_blues_vs_chiefs_65866096.json,sr:sport_event:65866096,Super Rugby,Super Rugby 2026,1,Blues,Chiefs,sr:competitor:4190,Blues,home,sr:player:1260216,"Clarke, Caleb",10,2,80,0,2,0,7,0,0
super_rugby_2026_blues_vs_chiefs_65866096.json,sr:sport_event:65866096,Super Rugby,Super Rugby 2026,1,Blues,Chiefs,sr:competitor:4190,Blues,home,sr:player:1649420,"Sotutu, Hoskins",6,0,12,0,4,2,6,0,0
super_rugby_2026_blues_vs_chiefs_65866096.json,sr:sport_event:65866096,Super Rugby,Super Rugby 2026,1,Blues,Chiefs,sr:competitor:4190,Blues,home,sr:player:1650357,"McWhannell, Laghlan",2,0,4,0,3,0,4,0,0
super_rugby_2026_blues_vs_chiefs_65866096.json,sr:sport_event:65866096,Super Rugby,Super Rugby 2026,1,Blues,Chiefs,sr:competitor:4190,Blues,home,sr:player:1711757,"Slater, Bradley",7,0,23,0,8,1,8,0,1
super_rugby_2026_blues_vs_chiefs_65866096.json,sr:sport_event:65866096,Super Rugby,Super Rugby 2026,1,Blues,Chiefs,sr:competitor:4190,Blues,home,sr:player:2132288,"Forbes, Cole",2,0,1,0,3,1,5,0,1
super_rugby_2026_blues_vs_chiefs_65866096.json,sr:sport_event:65866096,Super Rugby,Super Rugby 2026,1,Blues,Chiefs,sr:competitor:4190,Blues,home,sr:player:2285559,"Darry, Sam",4,0,3,0,5,0,6,0,0
super_rugby_2026_blues_vs_chiefs_65866096.json,sr:sport_event:65866096,Super Rugby,Super Rugby 2026,1,Blues,Chiefs,sr:competitor:4190,Blues,home,sr:player:2285567,"Segner, Anton",1,0,1,0,0,0,4,0,2
super_rugby_2026_blues_vs_chiefs_65866096.json,sr:sport_event:65866096,Super Rugby,Super Rugby 2026,1,Blues,Chiefs,sr:competitor:4190,Blues,home,sr:player:2285591,"Lam, AJ",9,1,45,1,2,1,5,0,0
super_rugby_2026_blues_vs_chiefs_65866096.json,sr:sport_event:65866096,Super Rugby,Super Rugby 2026,1,Blues,Chiefs,sr:competitor:4190,Blues,home,sr:player:2285599,"Sullivan, Zarn",10,1,63,0,8,1,1,0,0
super_rugby_2026_blues_vs_chiefs_65866096.json,sr:sport_event:65866096,Super Rugby,Super Rugby 2026,1,Blues,Chiefs,sr:competitor:4190,Blues,home,sr:player:2324921,"Fusitua, Josh",5,0,4,0,0,0,9,0,0
super_rugby_2026_blues_vs_chiefs_65866096.json,sr:sport_event:65866096,Super Rugby,Super Rugby 2026,1,Blues,Chiefs,sr:competitor:4190,Blues,home,sr:player:2729576,"Beehre, Josh",10,0,20,0,4,1,7,0,0
super_rugby_2026_blues_vs_chiefs_65866096.json,sr:sport_event:65866096,Super Rugby,Super Rugby 2026,1,Blues,Chiefs,sr:competitor:4190,Blues,home,sr:player:2781331,"Mullan, James",3,0,11,0,0,1,4,0,0
super_rugby_2026_blues_vs_chiefs_65866096.json,sr:sport_event:65866096,Super Rugby,Super Rugby 2026,1,Blues,Chiefs,sr:competitor:4190,Blues,home,sr:player:2802559,"Tupaea, Mason",2,0,1,0,2,0,4,0,0
super_rugby_2026_blues_vs_chiefs_65866096.json,sr:sport_event:65866096,Super Rugby,Super Rugby 2026,1,Blues,Chiefs,sr:competitor:4190,Blues,home,sr:player:2915895,"Taele, Xavi",0,0,0,0,0,0,0,0,0
super_rugby_2026_blues_vs_chiefs_65866096.json,sr:sport_event:65866096,Super Rugby,Super Rugby 2026,1,Blues,Chiefs,sr:competitor:4190,Blues,home,sr:player:3112372,"Vai, Cody",0,0,0,0,0,0,0,0,0
super_rugby_2026_blues_vs_chiefs_65866096.json,sr:sport_event:65866096,Super Rugby,Super Rugby 2026,1,Blues,Chiefs,sr:competitor:4190,Blues,home,sr:player:3156104,"Barnes, Torian",14,2,39,0,3,0,12,0,0
super_rugby_2026_crusaders_vs_brumbies_65866108.json,sr:sport_event:65866108,Super Rugby,Super Rugby 2026,2,Crusaders,Brumbies,sr:competitor:4179,Brumbies,away,sr:player:494584,"Slipper, James",5,0,16,0,0,0,8,0,1
super_rugby_2026_crusaders_vs_brumbies_65866108.json,sr:sport_event:65866108,Super Rugby,Super Rugby 2026,2,Crusaders,Brumbies,sr:competitor:4179,Brumbies,away,sr:player:507552,"Neville, Cadeyrn",8,1,27,1,3,1,8,1,0
super_rugby_2026_crusaders_vs_brumbies_65866108.json,sr:sport_event:65866108,Super Rugby,Super Rugby 2026,2,Crusaders,Brumbies,sr:competitor:4179,Brumbies,away,sr:player:766780,"Muirhead, Andy",15,1,82,4,9,2,0,1,0
super_rugby_2026_crusaders_vs_brumbies_65866108.json,sr:sport_event:65866108,Super Rugby,Super Rugby 2026,2,Crusaders,Brumbies,sr:competitor:4179,Brumbies,away,sr:player:1082362,"Valetini, Rob",19,0,27,0,0,2,14,0,0
super_rugby_2026_crusaders_vs_brumbies_65866108.json,sr:sport_event:65866108,Super Rugby,Super Rugby 2026,2,Crusaders,Brumbies,sr:competitor:4179,Brumbies,away,sr:player:1082364,"Lonergan, Ryan",3,0,10,0,106,4,9,1,0
super_rugby_2026_crusaders_vs_brumbies_65866108.json,sr:sport_event:65866108,Super Rugby,Super Rugby 2026,2,Crusaders,Brumbies,sr:competitor:4179,Brumbies,away,sr:player:2131480,"van Nek, Rhys",10,0,18,0,1,2,8,0,0
super_rugby_2026_crusaders_vs_brumbies_65866108.json,sr:sport_event:65866108,Super Rugby,Super Rugby 2026,2,Crusaders,Brumbies,sr:competitor:4179,Brumbies,away,sr:player:2285789,"Pollard, Billy",2,0,9,0,5,1,8,0,1
super_rugby_2026_crusaders_vs_brumbies_65866108.json,sr:sport_event:65866108,Super Rugby,Super Rugby 2026,2,Crusaders,Brumbies,sr:competitor:4179,Brumbies,away,sr:player:2285791,"Reimer, Luke",5,0,2,1,1,3,9,0,1
super_rugby_2026_crusaders_vs_brumbies_65866108.json,sr:sport_event:65866108,Super Rugby,Super Rugby 2026,2,Crusaders,Brumbies,sr:competitor:4179,Brumbies,away,sr:player:2285793,"Scott, Rory",15,0,18,0,3,0,9,0,0
super_rugby_2026_crusaders_vs_brumbies_65866108.json,sr:sport_event:65866108,Super Rugby,Super Rugby 2026,2,Crusaders,Brumbies,sr:competitor:4179,Brumbies,away,sr:player:2285795,"Creighton, Hudson",3,1,20,0,0,1,0,0,0
super_rugby_2026_crusaders_vs_brumbies_65866108.json,sr:sport_event:65866108,Super Rugby,Super Rugby 2026,2,Crusaders,Brumbies,sr:competitor:4179,Brumbies,away,sr:player:2285797,"Sapsford, Ollie",10,0,54,0,2,1,6,1,0
super_rugby_2026_crusaders_vs_brumbies_65866108.json,sr:sport_event:65866108,Super Rugby,Super Rugby 2026,2,Crusaders,Brumbies,sr:competitor:4179,Brumbies,away,sr:player:2291327,"Edmed, Tane",1,1,7,0,2,2,3,0,0
super_rugby_2026_crusaders_vs_brumbies_65866108.json,sr:sport_event:65866108,Super Rugby,Super Rugby 2026,2,Crusaders,Brumbies,sr:competitor:4179,Brumbies,away,sr:player:2528093,"Cale, Charlie",15,1,73,1,7,0,16,0,0
super_rugby_2026_crusaders_vs_brumbies_65866108.json,sr:sport_event:65866108,Super Rugby,Super Rugby 2026,2,Crusaders,Brumbies,sr:competitor:4179,Brumbies,away,sr:player:2528099,"Meredith, Declan",7,0,26,0,14,0,6,1,0
super_rugby_2026_crusaders_vs_brumbies_65866108.json,sr:sport_event:65866108,Super Rugby,Super Rugby 2026,2,Crusaders,Brumbies,sr:competitor:4179,Brumbies,away,sr:player:2528105,"Thorn, Klayton",0,0,0,0,2,0,1,0,0
super_rugby_2026_crusaders_vs_brumbies_65866108.json,sr:sport_event:65866108,Super Rugby,Super Rugby 2026,2,Crusaders,Brumbies,sr:competitor:4179,Brumbies,away,sr:player:2528107,"Toole, Corey",7,1,68,0,0,5,10,0,1
super_rugby_2026_crusaders_vs_brumbies_65866108.json,sr:sport_event:65866108,Super Rugby,Super Rugby 2026,2,Crusaders,Brumbies,sr:competitor:4179,Brumbies,away,sr:player:2534291,"Feliuai, David",7,0,14,0,6,4,12,0,0
super_rugby_2026_crusaders_vs_brumbies_65866108.json,sr:sport_event:65866108,Super Rugby,Super Rugby 2026,2,Crusaders,Brumbies,sr:competitor:4179,Brumbies,away,sr:player:2564641,"Schoupp, Blake",1,0,0,0,0,1,7,0,0
super_rugby_2026_crusaders_vs_brumbies_65866108.json,sr:sport_event:65866108,Super Rugby,Super Rugby 2026,2,Crusaders,Brumbies,sr:competitor:4179,Brumbies,away,sr:player:2731206,"Shaw, Lachlan",7,0,10,0,3,0,16,0,0
super_rugby_2026_crusaders_vs_brumbies_65866108.json,sr:sport_event:65866108,Super Rugby,Super Rugby 2026,2,Crusaders,Brumbies,sr:competitor:4179,Brumbies,away,sr:player:2798455,"Bowron, Liam",3,0,4,0,0,2,4,0,0
super_rugby_2026_crusaders_vs_brumbies_65866108.json,sr:sport_event:65866108,Super Rugby,Super Rugby 2026,2,Crusaders,Brumbies,sr:competitor:4179,Brumbies,away,sr:player:2911273,"Alatini, Tevita",3,0,3,0,1,0,7,1,0
super_rugby_2026_crusaders_vs_brumbies_65866108.json,sr:sport_event:65866108,Super Rugby,Super Rugby 2026,2,Crusaders,Brumbies,sr:competitor:4179,Brumbies,away,sr:player:2911277,"Pritchard, Kadin",13,2,52,0,2,1,9,0,0
super_rugby_2026_crusaders_vs_brumbies_65866108.json,sr:sport_event:65866108,Super Rugby,Super Rugby 2026,2,Crusaders,Brumbies,sr:competitor:4179,Brumbies,away,sr:player:3114930,"MacPherson, Toby",3,0,4,0,1,2,6,0,0
super_rugby_2026_crusaders_vs_brumbies_65866108.json,sr:sport_event:65866108,Super Rugby,Super Rugby 2026,2,Crusaders,Brumbies,sr:competitor:4181,Crusaders,home,sr:player:503292,"Taylor, Codie",8,0,41,0,1,1,3,0,0
super_rugby_2026_crusaders_vs_brumbies_65866108.json,sr:sport_event:65866108,Super Rugby,Super Rugby 2026,2,Crusaders,Brumbies,sr:competitor:4181,Crusaders,home,sr:player:763098,"Havili, David",3,0,7,2,11,0,11,0,0
super_rugby_2026_crusaders_vs_brumbies_65866108.json,sr:sport_event:65866108,Super Rugby,Super Rugby 2026,2,Crusaders,Brumbies,sr:competitor:4181,Crusaders,home,sr:player:1137945,"Reece, Sevu",8,1,56,1,7,2,3,0,1
super_rugby_2026_crusaders_vs_brumbies_65866108.json,sr:sport_event:65866108,Super Rugby,Super Rugby 2026,2,Crusaders,Brumbies,sr:competitor:4181,Crusaders,home,sr:player:1257790,"Jordan, Will",13,3,96,1,7,0,1,1,0
super_rugby_2026_crusaders_vs_brumbies_65866108.json,sr:sport_event:65866108,Super Rugby,Super Rugby 2026,2,Crusaders,Brumbies,sr:competitor:4181,Crusaders,home,sr:player:1260220,"Ennor, Braydon",4,0,44,0,2,0,10,0,0
super_rugby_2026_crusaders_vs_brumbies_65866108.json,sr:sport_event:65866108,Super Rugby,Super Rugby 2026,2,Crusaders,Brumbies,sr:competitor:4181,Crusaders,home,sr:player:1374489,"Blackadder, Ethan",10,0,8,2,7,3,24,0,1
super_rugby_2026_crusaders_vs_brumbies_65866108.json,sr:sport_event:65866108,Super Rugby,Super Rugby 2026,2,Crusaders,Brumbies,sr:competitor:4181,Crusaders,home,sr:player:1651651,"Fainga'anuku, Leicester",9,1,16,0,2,1,5,0,0
super_rugby_2026_crusaders_vs_brumbies_65866108.json,sr:sport_event:65866108,Super Rugby,Super Rugby 2026,2,Crusaders,Brumbies,sr:competitor:4181,Crusaders,home,sr:player:2106824,"Williams, Tamaiti",14,0,13,0,1,0,12,0,0
super_rugby_2026_crusaders_vs_brumbies_65866108.json,sr:sport_event:65866108,Super Rugby,Super Rugby 2026,2,Crusaders,Brumbies,sr:competitor:4181,Crusaders,home,sr:player:2131490,"Fihaki, Chay",4,1,38,1,5,4,12,1,0
super_rugby_2026_crusaders_vs_brumbies_65866108.json,sr:sport_event:65866108,Super Rugby,Super Rugby 2026,2,Crusaders,Brumbies,sr:competitor:4181,Crusaders,home,sr:player:2131492,"Newell, Fletcher",5,0,11,0,1,3,15,0,0
super_rugby_2026_crusaders_vs_brumbies_65866108.json,sr:sport_event:65866108,Super Rugby,Super Rugby 2026,2,Crusaders,Brumbies,sr:competitor:4181,Crusaders,home,sr:player:2287819,"Brewis, Finlay",2,0,5,0,2,1,11,0,0
super_rugby_2026_crusaders_vs_brumbies_65866108.json,sr:sport_event:65866108,Super Rugby,Super Rugby 2026,2,Crusaders,Brumbies,sr:competitor:4181,Crusaders,home,sr:player:2287823,"Gardiner, Dominic",12,0,19,0,3,4,21,0,0
super_rugby_2026_crusaders_vs_brumbies_65866108.json,sr:sport_event:65866108,Super Rugby,Super Rugby 2026,2,Crusaders,Brumbies,sr:competitor:4181,Crusaders,home,sr:player:2287825,"Kellow, Corey",4,0,10,0,0,0,6,0,0
super_rugby_2026_crusaders_vs_brumbies_65866108.json,sr:sport_event:65866108,Super Rugby,Super Rugby 2026,2,Crusaders,Brumbies,sr:competitor:4181,Crusaders,home,sr:player:2288669,"Lio-Willie, Christian",7,0,12,1,2,1,20,0,0
super_rugby_2026_crusaders_vs_brumbies_65866108.json,sr:sport_event:65866108,Super Rugby,Super Rugby 2026,2,Crusaders,Brumbies,sr:competitor:4181,Crusaders,home,sr:player:2344949,"Bell, George",6,0,38,0,3,2,13,0,0
super_rugby_2026_crusaders_vs_brumbies_65866108.json,sr:sport_event:65866108,Super Rugby,Super Rugby 2026,2,Crusaders,Brumbies,sr:competitor:4181,Crusaders,home,sr:player:2531911,"Calder, Seb",4,0,2,0,0,0,5,0,0
super_rugby_2026_crusaders_vs_brumbies_65866108.json,sr:sport_event:65866108,Super Rugby,Super Rugby 2026,2,Crusaders,Brumbies,sr:competitor:4181,Crusaders,home,sr:player:2533069,"Hotham, Noah",3,1,45,0,39,0,8,1,0
super_rugby_2026_crusaders_vs_brumbies_65866108.json,sr:sport_event:65866108,Super Rugby,Super Rugby 2026,2,Crusaders,Brumbies,sr:competitor:4181,Crusaders,home,sr:player:2533071,"Kemara, Taha",4,0,4,2,18,3,4,0,0
super_rugby_2026_crusaders_vs_brumbies_65866108.json,sr:sport_event:65866108,Super Rugby,Super Rugby 2026,2,Crusaders,Brumbies,sr:competitor:4181,Crusaders,home,sr:player:2582833,"Hannah, Jamie",8,0,16,1,6,3,14,0,0
super_rugby_2026_crusaders_vs_brumbies_65866108.json,sr:sport_event:65866108,Super Rugby,Super Rugby 2026,2,Crusaders,Brumbies,sr:competitor:4181,Crusaders,home,sr:player:2618897,"Chapman, Louie",0,0,0,0,44,0,6,1,0
super_rugby_2026_crusaders_vs_brumbies_65866108.json,sr:sport_event:65866108,Super Rugby,Super Rugby 2026,2,Crusaders,Brumbies,sr:competitor:4181,Crusaders,home,sr:player:2735452,"Cahill, Tahlor",6,0,16,0,3,1,12,0,0
super_rugby_2026_crusaders_vs_brumbies_65866108.json,sr:sport_event:65866108,Super Rugby,Super Rugby 2026,2,Crusaders,Brumbies,sr:competitor:4181,Crusaders,home,sr:player:2800877,"Shalfoon, Antonio",2,0,0,0,1,1,18,0,0
super_rugby_2026_crusaders_vs_brumbies_65866108.json,sr:sport_event:65866108,Super Rugby,Super Rugby 2026,2,Crusaders,Brumbies,sr:competitor:4181,Crusaders,home,sr:player:3115002,"White, James",0,0,0,0,1,1,2,0,1
super_rugby_2026_fijian_drua_vs_moana_pasifika_65866094.json,sr:sport_event:65866094,Super Rugby,Super Rugby 2026,1,Fijian Drua,Moana Pasifika,sr:competitor:364712,Fijian Drua,home,sr:player:498388,"Vakatawa, Virimi",6,1,33,1,2,0,3,1,0
super_rugby_2026_fijian_drua_vs_moana_pasifika_65866094.json,sr:sport_event:65866094,Super Rugby,Super Rugby 2026,1,Fijian Drua,Moana Pasifika,sr:competitor:364712,Fijian Drua,home,sr:player:533434,"Ravai, Peni",0,0,0,0,1,0,3,0,0
super_rugby_2026_fijian_drua_vs_moana_pasifika_65866094.json,sr:sport_event:65866094,Super Rugby,Super Rugby 2026,1,Fijian Drua,Moana Pasifika,sr:competitor:364712,Fijian Drua,home,sr:player:762906,"Tawake, Samuela",1,0,6,0,0,0,3,0,0
super_rugby_2026_fijian_drua_vs_moana_pasifika_65866094.json,sr:sport_event:65866094,Super Rugby,Super Rugby 2026,1,Fijian Drua,Moana Pasifika,sr:competitor:364712,Fijian Drua,home,sr:player:849908,"Fines-Leleiwasa, Isaak",1,0,6,0,55,3,3,0,0
super_rugby_2026_fijian_drua_vs_moana_pasifika_65866094.json,sr:sport_event:65866094,Super Rugby,Super Rugby 2026,1,Fijian Drua,Moana Pasifika,sr:competitor:364712,Fijian Drua,home,sr:player:1004423,"Doge, Mesake",3,0,0,1,3,0,9,0,0
super_rugby_2026_fijian_drua_vs_moana_pasifika_65866094.json,sr:sport_event:65866094,Super Rugby,Super Rugby 2026,1,Fijian Drua,Moana Pasifika,sr:competitor:364712,Fijian Drua,home,sr:player:1080186,"Mataele, Manasa Moala",6,0,28,1,6,4,0,0,0
super_rugby_2026_fijian_drua_vs_moana_pasifika_65866094.json,sr:sport_event:65866094,Super Rugby,Super Rugby 2026,1,Fijian Drua,Moana Pasifika,sr:competitor:364712,Fijian Drua,home,sr:player:1343380,"Lomani, Frank",1,1,16,0,31,0,6,1,0
super_rugby_2026_fijian_drua_vs_moana_pasifika_65866094.json,sr:sport_event:65866094,Super Rugby,Super Rugby 2026,1,Fijian Drua,Moana Pasifika,sr:competitor:364712,Fijian Drua,home,sr:player:2085137,"Hete, Haereiti",7,0,21,2,3,2,6,0,0
super_rugby_2026_fijian_drua_vs_moana_pasifika_65866094.json,sr:sport_event:65866094,Super Rugby,Super Rugby 2026,1,Fijian Drua,Moana Pasifika,sr:competitor:364712,Fijian Drua,home,sr:player:2092932,"Mayanavanua, Temo",12,0,17,0,3,4,14,0,0
super_rugby_2026_fijian_drua_vs_moana_pasifika_65866094.json,sr:sport_event:65866094,Super Rugby,Super Rugby 2026,1,Fijian Drua,Moana Pasifika,sr:competitor:364712,Fijian Drua,home,sr:player:2092936,"Samusamuvodre, Tuidraki",7,1,32,0,8,1,4,0,1
super_rugby_2026_fijian_drua_vs_moana_pasifika_65866094.json,sr:sport_event:65866094,Super Rugby,Super Rugby 2026,1,Fijian Drua,Moana Pasifika,sr:competitor:364712,Fijian Drua,home,sr:player:2131482,"Droasese, Ilaisa",12,1,56,2,12,1,0,0,0
super_rugby_2026_fijian_drua_vs_moana_pasifika_65866094.json,sr:sport_event:65866094,Super Rugby,Super Rugby 2026,1,Fijian Drua,Moana Pasifika,sr:competitor:364712,Fijian Drua,home,sr:player:2257625,"Togiatama, Zuriel",6,0,18,0,2,1,11,0,1
super_rugby_2026_fijian_drua_vs_moana_pasifika_65866094.json,sr:sport_event:65866094,Super Rugby,Super Rugby 2026,1,Fijian Drua,Moana Pasifika,sr:competitor:364712,Fijian Drua,home,sr:player:2287839,"Tamani, Joseva",1,0,0,0,1,0,1,0,0
super_rugby_2026_fijian_drua_vs_moana_pasifika_65866094.json,sr:sport_event:65866094,Super Rugby,Super Rugby 2026,1,Fijian Drua,Moana Pasifika,sr:competitor:364712,Fijian Drua,home,sr:player:2287849,"Nasilasila, Isoa",7,0,7,0,4,1,6,0,0
super_rugby_2026_fijian_drua_vs_moana_pasifika_65866094.json,sr:sport_event:65866094,Super Rugby,Super Rugby 2026,1,Fijian Drua,Moana Pasifika,sr:competitor:364712,Fijian Drua,home,sr:player:2287855,"Salawa Junior, Kitinoe",7,0,15,1,7,1,11,0,2
super_rugby_2026_fijian_drua_vs_moana_pasifika_65866094.json,sr:sport_event:65866094,Super Rugby,Super Rugby 2026,1,Fijian Drua,Moana Pasifika,sr:competitor:364712,Fijian Drua,home,sr:player:2531921,"Canakaivata, Elia",20,0,44,1,4,0,12,0,0
super_rugby_2026_fijian_drua_vs_moana_pasifika_65866094.json,sr:sport_event:65866094,Super Rugby,Super Rugby 2026,1,Fijian Drua,Moana Pasifika,sr:competitor:364712,Fijian Drua,home,sr:player:2531933,"Rabitu, Isikeli",5,0,65,0,5,1,5,0,0
super_rugby_2026_fijian_drua_vs_moana_pasifika_65866094.json,sr:sport_event:65866094,Super Rugby,Super Rugby 2026,1,Fijian Drua,Moana Pasifika,sr:competitor:364712,Fijian Drua,home,sr:player:2573405,"Valetini, Kemu",2,0,6,0,33,1,8,1,0
super_rugby_2026_fijian_drua_vs_moana_pasifika_65866094.json,sr:sport_event:65866094,Super Rugby,Super Rugby 2026,1,Fijian Drua,Moana Pasifika,sr:competitor:364712,Fijian Drua,home,sr:player:2735983,"Momo, Epeli",0,0,0,0,0,0,2,0,0
super_rugby_2026_fijian_drua_vs_moana_pasifika_65866094.json,sr:sport_event:65866094,Super Rugby,Super Rugby 2026,1,Fijian Drua,Moana Pasifika,sr:competitor:364712,Fijian Drua,home,sr:player:2770191,"Vocevoce, Mesake",4,0,32,0,4,2,12,0,0
super_rugby_2026_fijian_drua_vs_moana_pasifika_65866094.json,sr:sport_event:65866094,Super Rugby,Super Rugby 2026,1,Fijian Drua,Moana Pasifika,sr:competitor:364712,Fijian Drua,home,sr:player:2886489,"Cakobau, Pena",0,0,0,0,0,0,3,0,0
super_rugby_2026_fijian_drua_vs_moana_pasifika_65866094.json,sr:sport_event:65866094,Super Rugby,Super Rugby 2026,1,Fijian Drua,Moana Pasifika,sr:competitor:364712,Fijian Drua,home,sr:player:2886491,"Loganimasi, Ponepati",8,0,58,3,9,0,4,1,0
super_rugby_2026_fijian_drua_vs_moana_pasifika_65866094.json,sr:sport_event:65866094,Super Rugby,Super Rugby 2026,1,Fijian Drua,Moana Pasifika,sr:competitor:364712,Fijian Drua,home,sr:player:2944023,"Tuwai, Isoa",4,0,10,0,1,0,4,0,0
super_rugby_2026_fijian_drua_vs_moana_pasifika_65866094.json,sr:sport_event:65866094,Super Rugby,Super Rugby 2026,1,Fijian Drua,Moana Pasifika,sr:competitor:761406,Moana Pasifika,away,sr:player:504526,"Savage, Tom",6,0,13,0,3,2,10,0,0
super_rugby_2026_fijian_drua_vs_moana_pasifika_65866094.json,sr:sport_event:65866094,Super Rugby,Super Rugby 2026,1,Fijian Drua,Moana Pasifika,sr:competitor:761406,Moana Pasifika,away,sr:player:519488,"Laumape, Ngani",7,0,17,0,5,1,8,0,1
super_rugby_2026_fijian_drua_vs_moana_pasifika_65866094.json,sr:sport_event:65866094,Super Rugby,Super Rugby 2026,1,Fijian Drua,Moana Pasifika,sr:competitor:761406,Moana Pasifika,away,sr:player:848371,"Taumateine, Jonathan",1,0,5,0,59,1,5,0,0
super_rugby_2026_fijian_drua_vs_moana_pasifika_65866094.json,sr:sport_event:65866094,Super Rugby,Super Rugby 2026,1,Fijian Drua,Moana Pasifika,sr:competitor:761406,Moana Pasifika,away,sr:player:2131478,"Vaihu, Glen",1,0,0,0,1,1,1,0,0
super_rugby_2026_fijian_drua_vs_moana_pasifika_65866094.json,sr:sport_event:65866094,Super Rugby,Super Rugby 2026,1,Fijian Drua,Moana Pasifika,sr:competitor:761406,Moana Pasifika,away,sr:player:2131488,"Alaimalo, Solomon",0,0,0,0,0,1,2,0,0
super_rugby_2026_fijian_drua_vs_moana_pasifika_65866094.json,sr:sport_event:65866094,Super Rugby,Super Rugby 2026,1,Fijian Drua,Moana Pasifika,sr:competitor:761406,Moana Pasifika,away,sr:player:2177416,"Moli, Sam",5,0,10,0,0,1,1,0,7
super_rugby_2026_fijian_drua_vs_moana_pasifika_65866094.json,sr:sport_event:65866094,Super Rugby,Super Rugby 2026,1,Fijian Drua,Moana Pasifika,sr:competitor:761406,Moana Pasifika,away,sr:player:2290199,"Apoua, Chris",6,0,2,1,1,2,3,0,0
super_rugby_2026_fijian_drua_vs_moana_pasifika_65866094.json,sr:sport_event:65866094,Super Rugby,Super Rugby 2026,1,Fijian Drua,Moana Pasifika,sr:competitor:761406,Moana Pasifika,away,sr:player:2290241,"Havili, William",4,0,18,1,5,0,2,1,0
super_rugby_2026_fijian_drua_vs_moana_pasifika_65866094.json,sr:sport_event:65866094,Super Rugby,Super Rugby 2026,1,Fijian Drua,Moana Pasifika,sr:competitor:761406,Moana Pasifika,away,sr:player:2311797,"Pole, Abraham",1,0,1,0,0,2,12,0,0
super_rugby_2026_fijian_drua_vs_moana_pasifika_65866094.json,sr:sport_event:65866094,Super Rugby,Super Rugby 2026,1,Fijian Drua,Moana Pasifika,sr:competitor:761406,Moana Pasifika,away,sr:player:2537025,"Faiʻilagi, Miracle",8,0,53,0,3,1,7,0,0
super_rugby_2026_fijian_drua_vs_moana_pasifika_65866094.json,sr:sport_event:65866094,Super Rugby,Super Rugby 2026,1,Fijian Drua,Moana Pasifika,sr:competitor:761406,Moana Pasifika,away,sr:player:2598209,"Lalomilo, Lalomilo",6,1,46,0,2,3,7,0,1
super_rugby_2026_fijian_drua_vs_moana_pasifika_65866094.json,sr:sport_event:65866094,Super Rugby,Super Rugby 2026,1,Fijian Drua,Moana Pasifika,sr:competitor:761406,Moana Pasifika,away,sr:player:2650483,"Pellegrini, Patrick",3,0,20,1,5,1,6,0,0
super_rugby_2026_fijian_drua_vs_moana_pasifika_65866094.json,sr:sport_event:65866094,Super Rugby,Super Rugby 2026,1,Fijian Drua,Moana Pasifika,sr:competitor:761406,Moana Pasifika,away,sr:player:2670265,"Paea, Semisi",4,0,7,0,1,0,12,0,0
super_rugby_2026_fijian_drua_vs_moana_pasifika_65866094.json,sr:sport_event:65866094,Super Rugby,Super Rugby 2026,1,Fijian Drua,Moana Pasifika,sr:competitor:761406,Moana Pasifika,away,sr:player:2739725,"Tauatevalu, Ofa",3,0,7,0,3,0,2,1,0
super_rugby_2026_fijian_drua_vs_moana_pasifika_65866094.json,sr:sport_event:65866094,Super Rugby,Super Rugby 2026,1,Fijian Drua,Moana Pasifika,sr:competitor:761406,Moana Pasifika,away,sr:player:2770195,"Craig, Allan",9,0,10,0,5,0,15,1,0
super_rugby_2026_fijian_drua_vs_moana_pasifika_65866094.json,sr:sport_event:65866094,Super Rugby,Super Rugby 2026,1,Fijian Drua,Moana Pasifika,sr:competitor:761406,Moana Pasifika,away,sr:player:2800019,"Nginingini, Siaoisi",0,0,0,0,10,0,1,0,0
super_rugby_2026_fijian_drua_vs_moana_pasifika_65866094.json,sr:sport_event:65866094,Super Rugby,Super Rugby 2026,1,Fijian Drua,Moana Pasifika,sr:competitor:761406,Moana Pasifika,away,sr:player:2816791,"Sanerivi, Millennium",3,0,9,0,1,1,14,0,1
super_rugby_2026_fijian_drua_vs_moana_pasifika_65866094.json,sr:sport_event:65866094,Super Rugby,Super Rugby 2026,1,Fijian Drua,Moana Pasifika,sr:competitor:761406,Moana Pasifika,away,sr:player:2915105,"Tuipulotu, Tito",8,0,4,0,1,2,8,0,0
super_rugby_2026_fijian_drua_vs_moana_pasifika_65866094.json,sr:sport_event:65866094,Super Rugby,Super Rugby 2026,1,Fijian Drua,Moana Pasifika,sr:competitor:761406,Moana Pasifika,away,sr:player:2943129,"Ofa, Tevita",4,2,32,0,3,4,7,1,0
super_rugby_2026_fijian_drua_vs_moana_pasifika_65866094.json,sr:sport_event:65866094,Super Rugby,Super Rugby 2026,1,Fijian Drua,Moana Pasifika,sr:competitor:761406,Moana Pasifika,away,sr:player:2945397,"Sae-Ta'ufo'ou, Feteleti",1,0,0,0,0,4,10,0,0
super_rugby_2026_fijian_drua_vs_moana_pasifika_65866094.json,sr:sport_event:65866094,Super Rugby,Super Rugby 2026,1,Fijian Drua,Moana Pasifika,sr:competitor:761406,Moana Pasifika,away,sr:player:2945399,"Tupou Ta'eiloa, Semisi",11,0,23,0,2,0,14,0,1
super_rugby_2026_fijian_drua_vs_moana_pasifika_65866094.json,sr:sport_event:65866094,Super Rugby,Super Rugby 2026,1,Fijian Drua,Moana Pasifika,sr:competitor:761406,Moana Pasifika,away,sr:player:3156046,"Samoa, Denzel",1,0,0,0,0,0,0,0,0
super_rugby_2026_fijian_drua_vs_moana_pasifika_65866094.json,sr:sport_event:65866094,Super Rugby,Super Rugby 2026,1,Fijian Drua,Moana Pasifika,sr:competitor:761406,Moana Pasifika,away,sr:player:3156048,"Ropeti, Dominic",6,0,9,0,1,0,5,0,0
super_rugby_2026_highlanders_vs_chiefs_65866104.json,sr:sport_event:65866104,Super Rugby,Super Rugby 2026,2,Highlanders,Chiefs,sr:competitor:4182,Highlanders,home,sr:player:396222,"Bell, Henry",4,0,5,0,0,1,9,0,0
super_rugby_2026_highlanders_vs_chiefs_65866104.json,sr:sport_event:65866104,Super Rugby,Super Rugby 2026,2,Highlanders,Chiefs,sr:competitor:4182,Highlanders,home,sr:player:848437,"Dunshea, Mitchell",4,0,7,0,4,2,14,0,0
super_rugby_2026_highlanders_vs_chiefs_65866104.json,sr:sport_event:65866104,Super Rugby,Super Rugby 2026,2,Highlanders,Chiefs,sr:competitor:4182,Highlanders,home,sr:player:902066,"Lowe, Jonah",8,0,9,0,4,0,4,0,0
super_rugby_2026_highlanders_vs_chiefs_65866104.json,sr:sport_event:65866104,Super Rugby,Super Rugby 2026,2,Highlanders,Chiefs,sr:competitor:4182,Highlanders,home,sr:player:1001647,"Kautai, Sosefo",0,0,0,0,1,0,8,0,0
super_rugby_2026_highlanders_vs_chiefs_65866104.json,sr:sport_event:65866104,Super Rugby,Super Rugby 2026,2,Highlanders,Chiefs,sr:competitor:4182,Highlanders,home,sr:player:1256658,"Telea, Tanielu",4,0,14,0,5,0,6,0,0
super_rugby_2026_highlanders_vs_chiefs_65866104.json,sr:sport_event:65866104,Super Rugby,Super Rugby 2026,2,Highlanders,Chiefs,sr:competitor:4182,Highlanders,home,sr:player:1260262,"Nareki, Jona",8,0,34,0,4,2,5,0,2
super_rugby_2026_highlanders_vs_chiefs_65866104.json,sr:sport_event:65866104,Super Rugby,Super Rugby 2026,2,Highlanders,Chiefs,sr:competitor:4182,Highlanders,home,sr:player:1651681,"Fakatava, Folau",5,0,17,1,54,0,8,0,0
super_rugby_2026_highlanders_vs_chiefs_65866104.json,sr:sport_event:65866104,Super Rugby,Super Rugby 2026,2,Highlanders,Chiefs,sr:competitor:4182,Highlanders,home,sr:player:1984169,"de Groot, Ethan",2,0,4,0,1,0,10,0,0
super_rugby_2026_highlanders_vs_chiefs_65866104.json,sr:sport_event:65866104,Super Rugby,Super Rugby 2026,2,Highlanders,Chiefs,sr:competitor:4182,Highlanders,home,sr:player:2017935,"Pasitoa, Reesjan",1,0,0,0,5,1,2,0,0
super_rugby_2026_highlanders_vs_chiefs_65866104.json,sr:sport_event:65866104,Super Rugby,Super Rugby 2026,2,Highlanders,Chiefs,sr:competitor:4182,Highlanders,home,sr:player:2285597,"Ratumaitavuki-Kneepkens, Jacob",9,0,10,2,7,3,4,2,0
super_rugby_2026_highlanders_vs_chiefs_65866104.json,sr:sport_event:65866104,Super Rugby,Super Rugby 2026,2,Highlanders,Chiefs,sr:competitor:4182,Highlanders,home,sr:player:2288673,"Withy, Sean",10,0,28,0,5,3,14,0,0
super_rugby_2026_highlanders_vs_chiefs_65866104.json,sr:sport_event:65866104,Super Rugby,Super Rugby 2026,2,Highlanders,Chiefs,sr:competitor:4182,Highlanders,home,sr:player:2288965,"Howden, TK",15,0,27,0,7,3,19,0,0
super_rugby_2026_highlanders_vs_chiefs_65866104.json,sr:sport_event:65866104,Super Rugby,Super Rugby 2026,2,Highlanders,Chiefs,sr:competitor:4182,Highlanders,home,sr:player:2290257,"Tavatavanawai, Timoci",9,0,27,2,10,0,9,0,3
super_rugby_2026_highlanders_vs_chiefs_65866104.json,sr:sport_event:65866104,Super Rugby,Super Rugby 2026,2,Highlanders,Chiefs,sr:competitor:4182,Highlanders,home,sr:player:2355719,"Bartlett, Josh",6,0,8,0,0,0,6,0,0
super_rugby_2026_highlanders_vs_chiefs_65866104.json,sr:sport_event:65866104,Super Rugby,Super Rugby 2026,2,Highlanders,Chiefs,sr:competitor:4182,Highlanders,home,sr:player:2525355,"Tangitau, Caleb",7,3,103,1,3,1,3,1,0
super_rugby_2026_highlanders_vs_chiefs_65866104.json,sr:sport_event:65866104,Super Rugby,Super Rugby 2026,2,Highlanders,Chiefs,sr:competitor:4182,Highlanders,home,sr:player:2533497,"Millar, Cameron",5,0,13,1,17,0,1,0,0
super_rugby_2026_highlanders_vs_chiefs_65866104.json,sr:sport_event:65866104,Super Rugby,Super Rugby 2026,2,Highlanders,Chiefs,sr:competitor:4182,Highlanders,home,sr:player:2582463,"Taylor, Jack",7,1,20,0,5,1,6,0,1
super_rugby_2026_highlanders_vs_chiefs_65866104.json,sr:sport_event:65866104,Super Rugby,Super Rugby 2026,2,Highlanders,Chiefs,sr:competitor:4182,Highlanders,home,sr:player:2739147,"Haig, Oliver",3,0,1,0,6,1,14,0,0
super_rugby_2026_highlanders_vs_chiefs_65866104.json,sr:sport_event:65866104,Super Rugby,Super Rugby 2026,2,Highlanders,Chiefs,sr:competitor:4182,Highlanders,home,sr:player:2771885,"Lasaqa, Veveni",4,0,22,1,5,0,7,0,2
super_rugby_2026_highlanders_vs_chiefs_65866104.json,sr:sport_event:65866104,Super Rugby,Super Rugby 2026,2,Highlanders,Chiefs,sr:competitor:4182,Highlanders,home,sr:player:2781337,"Wingham, Rohan",5,0,1,0,0,1,7,0,0
super_rugby_2026_highlanders_vs_chiefs_65866104.json,sr:sport_event:65866104,Super Rugby,Super Rugby 2026,2,Highlanders,Chiefs,sr:competitor:4182,Highlanders,home,sr:player:2786975,"Stodart, Will",3,0,2,0,0,0,4,0,0
super_rugby_2026_highlanders_vs_chiefs_65866104.json,sr:sport_event:65866104,Super Rugby,Super Rugby 2026,2,Highlanders,Chiefs,sr:competitor:4182,Highlanders,home,sr:player:2962073,"Lennox, Adam",1,0,5,0,33,0,5,0,1
super_rugby_2026_highlanders_vs_chiefs_65866104.json,sr:sport_event:65866104,Super Rugby,Super Rugby 2026,2,Highlanders,Chiefs,sr:competitor:4182,Highlanders,home,sr:player:3155650,"Casey, Lucas",3,0,12,1,2,1,7,0,0
super_rugby_2026_highlanders_vs_chiefs_65866104.json,sr:sport_event:65866104,Super Rugby,Super Rugby 2026,2,Highlanders,Chiefs,sr:competitor:4185,Chiefs,away,sr:player:848429,"Tahuriorangi, Te Toiroa",2,0,1,0,23,2,0,0,0
super_rugby_2026_highlanders_vs_chiefs_65866104.json,sr:sport_event:65866104,Super Rugby,Super Rugby 2026,2,Highlanders,Chiefs,sr:competitor:4185,Chiefs,away,sr:player:879150,"O'Neill, Reuben",2,0,0,0,0,0,3,0,0
super_rugby_2026_highlanders_vs_chiefs_65866104.json,sr:sport_event:65866104,Super Rugby,Super Rugby 2026,2,Highlanders,Chiefs,sr:competitor:4185,Chiefs,away,sr:player:884810,"Proffit, Jared",3,0,24,0,2,0,8,0,0
super_rugby_2026_highlanders_vs_chiefs_65866104.json,sr:sport_event:65866104,Super Rugby,Super Rugby 2026,2,Highlanders,Chiefs,sr:competitor:4185,Chiefs,away,sr:player:1001619,"Jacobson, Luke Brittain",9,0,21,2,3,2,14,0,1
super_rugby_2026_highlanders_vs_chiefs_65866104.json,sr:sport_event:65866104,Super Rugby,Super Rugby 2026,2,Highlanders,Chiefs,sr:competitor:4185,Chiefs,away,sr:player:1106251,"Taukei'aho, Samisoni",15,0,35,3,7,1,11,0,0
super_rugby_2026_highlanders_vs_chiefs_65866104.json,sr:sport_event:65866104,Super Rugby,Super Rugby 2026,2,Highlanders,Chiefs,sr:competitor:4185,Chiefs,away,sr:player:1402077,"Nanai-Seturo, Etene",14,1,86,1,6,1,3,0,0
super_rugby_2026_highlanders_vs_chiefs_65866104.json,sr:sport_event:65866104,Super Rugby,Super Rugby 2026,2,Highlanders,Chiefs,sr:competitor:4185,Chiefs,away,sr:player:1722392,"Brown, Jahrome",0,0,0,0,0,1,2,0,1
super_rugby_2026_highlanders_vs_chiefs_65866104.json,sr:sport_event:65866104,Super Rugby,Super Rugby 2026,2,Highlanders,Chiefs,sr:competitor:4185,Chiefs,away,sr:player:1982787,"Narawa, Emoni",4,0,4,0,2,0,3,0,0
super_rugby_2026_highlanders_vs_chiefs_65866104.json,sr:sport_event:65866104,Super Rugby,Super Rugby 2026,2,Highlanders,Chiefs,sr:competitor:4185,Chiefs,away,sr:player:1983933,"Ah Kuoi, Naitoa",2,0,4,0,0,0,6,0,0
super_rugby_2026_highlanders_vs_chiefs_65866104.json,sr:sport_event:65866104,Super Rugby,Super Rugby 2026,2,Highlanders,Chiefs,sr:competitor:4185,Chiefs,away,sr:player:1983943,"Tupaea, Quinn",7,2,55,0,7,0,11,1,0
super_rugby_2026_highlanders_vs_chiefs_65866104.json,sr:sport_event:65866104,Super Rugby,Super Rugby 2026,2,Highlanders,Chiefs,sr:competitor:4185,Chiefs,away,sr:player:2045051,"Vaa'i, Tupou",11,0,32,0,6,2,8,0,0
super_rugby_2026_highlanders_vs_chiefs_65866104.json,sr:sport_event:65866104,Super Rugby,Super Rugby 2026,2,Highlanders,Chiefs,sr:competitor:4185,Chiefs,away,sr:player:2055459,"Parker, Simon",8,1,45,0,2,2,8,0,0
super_rugby_2026_highlanders_vs_chiefs_65866104.json,sr:sport_event:65866104,Super Rugby,Super Rugby 2026,2,Highlanders,Chiefs,sr:competitor:4185,Chiefs,away,sr:player:2241945,"Lord, Josh",6,1,69,1,5,0,5,0,0
super_rugby_2026_highlanders_vs_chiefs_65866104.json,sr:sport_event:65866104,Super Rugby,Super Rugby 2026,2,Highlanders,Chiefs,sr:competitor:4185,Chiefs,away,sr:player:2286133,"Boshier, Kaylum",9,0,46,1,3,4,15,0,1
super_rugby_2026_highlanders_vs_chiefs_65866104.json,sr:sport_event:65866104,Super Rugby,Super Rugby 2026,2,Highlanders,Chiefs,sr:competitor:4185,Chiefs,away,sr:player:2286149,"Thompson, Tyrone",3,0,6,0,1,0,3,0,0
super_rugby_2026_highlanders_vs_chiefs_65866104.json,sr:sport_event:65866104,Super Rugby,Super Rugby 2026,2,Highlanders,Chiefs,sr:competitor:4185,Chiefs,away,sr:player:2286179,"Roe, Xavier",1,1,3,0,66,0,3,0,0
super_rugby_2026_highlanders_vs_chiefs_65866104.json,sr:sport_event:65866104,Super Rugby,Super Rugby 2026,2,Highlanders,Chiefs,sr:competitor:4185,Chiefs,away,sr:player:2315349,"Dyer, George",5,0,3,0,1,0,8,0,0
super_rugby_2026_highlanders_vs_chiefs_65866104.json,sr:sport_event:65866104,Super Rugby,Super Rugby 2026,2,Highlanders,Chiefs,sr:competitor:4185,Chiefs,away,sr:player:2573395,"Rona, Daniel",4,0,7,1,7,2,12,0,2
super_rugby_2026_highlanders_vs_chiefs_65866104.json,sr:sport_event:65866104,Super Rugby,Super Rugby 2026,2,Highlanders,Chiefs,sr:competitor:4185,Chiefs,away,sr:player:2650507,"Taumoefolau, Kyren",6,1,30,2,9,2,6,0,0
super_rugby_2026_highlanders_vs_chiefs_65866104.json,sr:sport_event:65866104,Super Rugby,Super Rugby 2026,2,Highlanders,Chiefs,sr:competitor:4185,Chiefs,away,sr:player:2774837,"Jacomb, Josh",8,0,4,0,17,0,8,0,0
super_rugby_2026_highlanders_vs_chiefs_65866104.json,sr:sport_event:65866104,Super Rugby,Super Rugby 2026,2,Highlanders,Chiefs,sr:competitor:4185,Chiefs,away,sr:player:2822893,"Kumeroa, Benet",4,0,2,0,0,0,6,0,0
super_rugby_2026_highlanders_vs_chiefs_65866104.json,sr:sport_event:65866104,Super Rugby,Super Rugby 2026,2,Highlanders,Chiefs,sr:competitor:4185,Chiefs,away,sr:player:2912161,"Carter, Leroy",10,0,69,1,4,1,5,0,0
super_rugby_2026_highlanders_vs_chiefs_65866104.json,sr:sport_event:65866104,Super Rugby,Super Rugby 2026,2,Highlanders,Chiefs,sr:competitor:4185,Chiefs,away,sr:player:3114982,"Tepaea, Cook-Savage",2,0,2,1,2,0,0,0,0
super_rugby_2026_highlanders_vs_crusaders_65866090.json,sr:sport_event:65866090,Super Rugby,Super Rugby 2026,1,Highlanders,Crusaders,sr:competitor:4181,Crusaders,away,sr:player:503292,"Taylor, Codie",6,1,18,0,1,0,6,0,0
super_rugby_2026_highlanders_vs_crusaders_65866090.json,sr:sport_event:65866090,Super Rugby,Super Rugby 2026,1,Highlanders,Crusaders,sr:competitor:4181,Crusaders,away,sr:player:763098,"Havili, David",6,0,25,0,5,1,3,0,0
super_rugby_2026_highlanders_vs_crusaders_65866090.json,sr:sport_event:65866090,Super Rugby,Super Rugby 2026,1,Highlanders,Crusaders,sr:competitor:4181,Crusaders,away,sr:player:766652,"Bower, George",0,0,0,0,1,0,3,0,0
super_rugby_2026_highlanders_vs_crusaders_65866090.json,sr:sport_event:65866090,Super Rugby,Super Rugby 2026,1,Highlanders,Crusaders,sr:competitor:4181,Crusaders,away,sr:player:1137945,"Reece, Sevu",6,1,46,0,7,1,2,0,0
super_rugby_2026_highlanders_vs_crusaders_65866090.json,sr:sport_event:65866090,Super Rugby,Super Rugby 2026,1,Highlanders,Crusaders,sr:competitor:4181,Crusaders,away,sr:player:1257790,"Jordan, Will",9,3,126,0,2,0,1,0,0
super_rugby_2026_highlanders_vs_crusaders_65866090.json,sr:sport_event:65866090,Super Rugby,Super Rugby 2026,1,Highlanders,Crusaders,sr:competitor:4181,Crusaders,away,sr:player:1260220,"Ennor, Braydon",6,0,2,0,4,4,4,0,1
super_rugby_2026_highlanders_vs_crusaders_65866090.json,sr:sport_event:65866090,Super Rugby,Super Rugby 2026,1,Highlanders,Crusaders,sr:competitor:4181,Crusaders,away,sr:player:1374489,"Blackadder, Ethan",9,0,28,1,6,2,16,0,1
super_rugby_2026_highlanders_vs_crusaders_65866090.json,sr:sport_event:65866090,Super Rugby,Super Rugby 2026,1,Highlanders,Crusaders,sr:competitor:4181,Crusaders,away,sr:player:1651651,"Fainga'anuku, Leicester",8,1,15,1,8,1,6,0,1
super_rugby_2026_highlanders_vs_crusaders_65866090.json,sr:sport_event:65866090,Super Rugby,Super Rugby 2026,1,Highlanders,Crusaders,sr:competitor:4181,Crusaders,away,sr:player:2131490,"Fihaki, Chay",11,0,28,0,10,3,8,0,0
super_rugby_2026_highlanders_vs_crusaders_65866090.json,sr:sport_event:65866090,Super Rugby,Super Rugby 2026,1,Highlanders,Crusaders,sr:competitor:4181,Crusaders,away,sr:player:2131492,"Newell, Fletcher",3,1,8,0,1,0,4,0,0
super_rugby_2026_highlanders_vs_crusaders_65866090.json,sr:sport_event:65866090,Super Rugby,Super Rugby 2026,1,Highlanders,Crusaders,sr:competitor:4181,Crusaders,away,sr:player:2286173,"Reihana, Rivez",4,0,26,0,17,3,2,0,0
super_rugby_2026_highlanders_vs_crusaders_65866090.json,sr:sport_event:65866090,Super Rugby,Super Rugby 2026,1,Highlanders,Crusaders,sr:competitor:4181,Crusaders,away,sr:player:2287819,"Brewis, Finlay",4,0,0,0,1,0,4,0,0
super_rugby_2026_highlanders_vs_crusaders_65866090.json,sr:sport_event:65866090,Super Rugby,Super Rugby 2026,1,Highlanders,Crusaders,sr:competitor:4181,Crusaders,away,sr:player:2287823,"Gardiner, Dominic",8,0,12,0,4,1,13,0,0
super_rugby_2026_highlanders_vs_crusaders_65866090.json,sr:sport_event:65866090,Super Rugby,Super Rugby 2026,1,Highlanders,Crusaders,sr:competitor:4181,Crusaders,away,sr:player:2287825,"Kellow, Corey",2,0,0,0,1,0,4,0,0
super_rugby_2026_highlanders_vs_crusaders_65866090.json,sr:sport_event:65866090,Super Rugby,Super Rugby 2026,1,Highlanders,Crusaders,sr:competitor:4181,Crusaders,away,sr:player:2288669,"Lio-Willie, Christian",6,0,10,0,3,0,7,0,0
super_rugby_2026_highlanders_vs_crusaders_65866090.json,sr:sport_event:65866090,Super Rugby,Super Rugby 2026,1,Highlanders,Crusaders,sr:competitor:4181,Crusaders,away,sr:player:2344949,"Bell, George",6,0,14,0,1,1,7,0,0
super_rugby_2026_highlanders_vs_crusaders_65866090.json,sr:sport_event:65866090,Super Rugby,Super Rugby 2026,1,Highlanders,Crusaders,sr:competitor:4181,Crusaders,away,sr:player:2531911,"Calder, Seb",1,0,0,1,1,0,3,0,0
super_rugby_2026_highlanders_vs_crusaders_65866090.json,sr:sport_event:65866090,Super Rugby,Super Rugby 2026,1,Highlanders,Crusaders,sr:competitor:4181,Crusaders,away,sr:player:2533069,"Hotham, Noah",10,2,69,2,67,1,8,0,0
super_rugby_2026_highlanders_vs_crusaders_65866090.json,sr:sport_event:65866090,Super Rugby,Super Rugby 2026,1,Highlanders,Crusaders,sr:competitor:4181,Crusaders,away,sr:player:2533071,"Kemara, Taha",5,0,12,0,9,0,1,1,0
super_rugby_2026_highlanders_vs_crusaders_65866090.json,sr:sport_event:65866090,Super Rugby,Super Rugby 2026,1,Highlanders,Crusaders,sr:competitor:4181,Crusaders,away,sr:player:2582833,"Hannah, Jamie",8,1,26,0,8,1,12,0,0
super_rugby_2026_highlanders_vs_crusaders_65866090.json,sr:sport_event:65866090,Super Rugby,Super Rugby 2026,1,Highlanders,Crusaders,sr:competitor:4181,Crusaders,away,sr:player:2735452,"Cahill, Tahlor",5,0,6,0,0,0,1,0,0
super_rugby_2026_highlanders_vs_crusaders_65866090.json,sr:sport_event:65866090,Super Rugby,Super Rugby 2026,1,Highlanders,Crusaders,sr:competitor:4181,Crusaders,away,sr:player:2800877,"Shalfoon, Antonio",8,0,17,0,6,0,11,0,0
super_rugby_2026_highlanders_vs_crusaders_65866090.json,sr:sport_event:65866090,Super Rugby,Super Rugby 2026,1,Highlanders,Crusaders,sr:competitor:4181,Crusaders,away,sr:player:2911933,"Preston, Kyle",0,0,0,0,2,0,1,0,0
super_rugby_2026_highlanders_vs_crusaders_65866090.json,sr:sport_event:65866090,Super Rugby,Super Rugby 2026,1,Highlanders,Crusaders,sr:competitor:4182,Highlanders,home,sr:player:396222,"Bell, Henry",4,0,0,0,0,0,7,0,0
super_rugby_2026_highlanders_vs_crusaders_65866090.json,sr:sport_event:65866090,Super Rugby,Super Rugby 2026,1,Highlanders,Crusaders,sr:competitor:4182,Highlanders,home,sr:player:497458,"Ta'avao, Angus",2,0,3,0,2,1,11,0,0
super_rugby_2026_highlanders_vs_crusaders_65866090.json,sr:sport_event:65866090,Super Rugby,Super Rugby 2026,1,Highlanders,Crusaders,sr:competitor:4182,Highlanders,home,sr:player:848437,"Dunshea, Mitchell",4,0,12,0,1,1,9,0,0
super_rugby_2026_highlanders_vs_crusaders_65866090.json,sr:sport_event:65866090,Super Rugby,Super Rugby 2026,1,Highlanders,Crusaders,sr:competitor:4182,Highlanders,home,sr:player:902066,"Lowe, Jonah",2,1,22,0,0,0,4,0,0
super_rugby_2026_highlanders_vs_crusaders_65866090.json,sr:sport_event:65866090,Super Rugby,Super Rugby 2026,1,Highlanders,Crusaders,sr:competitor:4182,Highlanders,home,sr:player:1256658,"Telea, Tanielu",4,0,21,0,1,3,2,0,0
super_rugby_2026_highlanders_vs_crusaders_65866090.json,sr:sport_event:65866090,Super Rugby,Super Rugby 2026,1,Highlanders,Crusaders,sr:competitor:4182,Highlanders,home,sr:player:1260262,"Nareki, Jona",9,2,78,1,6,0,8,0,1
super_rugby_2026_highlanders_vs_crusaders_65866090.json,sr:sport_event:65866090,Super Rugby,Super Rugby 2026,1,Highlanders,Crusaders,sr:competitor:4182,Highlanders,home,sr:player:1651681,"Fakatava, Folau",4,0,12,2,48,3,4,1,1
super_rugby_2026_highlanders_vs_crusaders_65866090.json,sr:sport_event:65866090,Super Rugby,Super Rugby 2026,1,Highlanders,Crusaders,sr:competitor:4182,Highlanders,home,sr:player:1984169,"de Groot, Ethan",2,0,0,0,2,0,8,0,1
super_rugby_2026_highlanders_vs_crusaders_65866090.json,sr:sport_event:65866090,Super Rugby,Super Rugby 2026,1,Highlanders,Crusaders,sr:competitor:4182,Highlanders,home,sr:player:2017935,"Pasitoa, Reesjan",1,0,4,0,1,1,1,0,0
super_rugby_2026_highlanders_vs_crusaders_65866090.json,sr:sport_event:65866090,Super Rugby,Super Rugby 2026,1,Highlanders,Crusaders,sr:competitor:4182,Highlanders,home,sr:player:2285597,"Ratumaitavuki-Kneepkens, Jacob",10,1,54,1,9,0,1,2,1
super_rugby_2026_highlanders_vs_crusaders_65866090.json,sr:sport_event:65866090,Super Rugby,Super Rugby 2026,1,Highlanders,Crusaders,sr:competitor:4182,Highlanders,home,sr:player:2288673,"Withy, Sean",3,0,9,0,3,2,18,0,1
super_rugby_2026_highlanders_vs_crusaders_65866090.json,sr:sport_event:65866090,Super Rugby,Super Rugby 2026,1,Highlanders,Crusaders,sr:competitor:4182,Highlanders,home,sr:player:2288965,"Howden, TK",12,0,6,0,6,1,11,0,0
super_rugby_2026_highlanders_vs_crusaders_65866090.json,sr:sport_event:65866090,Super Rugby,Super Rugby 2026,1,Highlanders,Crusaders,sr:competitor:4182,Highlanders,home,sr:player:2290257,"Tavatavanawai, Timoci",14,0,17,4,6,1,8,0,1
super_rugby_2026_highlanders_vs_crusaders_65866090.json,sr:sport_event:65866090,Super Rugby,Super Rugby 2026,1,Highlanders,Crusaders,sr:competitor:4182,Highlanders,home,sr:player:2355719,"Bartlett, Josh",3,0,3,0,0,0,6,0,1
super_rugby_2026_highlanders_vs_crusaders_65866090.json,sr:sport_event:65866090,Super Rugby,Super Rugby 2026,1,Highlanders,Crusaders,sr:competitor:4182,Highlanders,home,sr:player:2525355,"Tangitau, Caleb",5,0,52,0,1,1,4,0,0
super_rugby_2026_highlanders_vs_crusaders_65866090.json,sr:sport_event:65866090,Super Rugby,Super Rugby 2026,1,Highlanders,Crusaders,sr:competitor:4182,Highlanders,home,sr:player:2533497,"Millar, Cameron",5,0,19,0,16,0,2,0,0
super_rugby_2026_highlanders_vs_crusaders_65866090.json,sr:sport_event:65866090,Super Rugby,Super Rugby 2026,1,Highlanders,Crusaders,sr:competitor:4182,Highlanders,home,sr:player:2582463,"Taylor, Jack",4,0,0,0,5,0,12,0,2
super_rugby_2026_highlanders_vs_crusaders_65866090.json,sr:sport_event:65866090,Super Rugby,Super Rugby 2026,1,Highlanders,Crusaders,sr:competitor:4182,Highlanders,home,sr:player:2739147,"Haig, Oliver",3,0,0,0,2,0,3,0,0
super_rugby_2026_highlanders_vs_crusaders_65866090.json,sr:sport_event:65866090,Super Rugby,Super Rugby 2026,1,Highlanders,Crusaders,sr:competitor:4182,Highlanders,home,sr:player:2771885,"Lasaqa, Veveni",3,0,11,0,0,1,3,0,1
super_rugby_2026_highlanders_vs_crusaders_65866090.json,sr:sport_event:65866090,Super Rugby,Super Rugby 2026,1,Highlanders,Crusaders,sr:competitor:4182,Highlanders,home,sr:player:2781337,"Wingham, Rohan",4,0,7,0,0,2,1,0,1
super_rugby_2026_highlanders_vs_crusaders_65866090.json,sr:sport_event:65866090,Super Rugby,Super Rugby 2026,1,Highlanders,Crusaders,sr:competitor:4182,Highlanders,home,sr:player:2786975,"Stodart, Will",3,0,2,0,0,0,8,0,0
super_rugby_2026_highlanders_vs_crusaders_65866090.json,sr:sport_event:65866090,Super Rugby,Super Rugby 2026,1,Highlanders,Crusaders,sr:competitor:4182,Highlanders,home,sr:player:2962073,"Lennox, Adam",2,0,2,0,16,1,4,0,0
super_rugby_2026_highlanders_vs_crusaders_65866090.json,sr:sport_event:65866090,Super Rugby,Super Rugby 2026,1,Highlanders,Crusaders,sr:competitor:4182,Highlanders,home,sr:player:3155650,"Casey, Lucas",6,0,14,0,1,3,7,0,1
super_rugby_2026_hurricanes_vs_moana_pasifika_65866100.json,sr:sport_event:65866100,Super Rugby,Super Rugby 2026,2,Hurricanes,Moana Pasifika,sr:competitor:4189,Hurricanes,home,sr:player:498032,"Shields, Brad",3,0,0,0,5,1,7,0,1
super_rugby_2026_hurricanes_vs_moana_pasifika_65866100.json,sr:sport_event:65866100,Super Rugby,Super Rugby 2026,2,Hurricanes,Moana Pasifika,sr:competitor:4189,Hurricanes,home,sr:player:1001609,"Aumua, Asafo Junior",4,0,9,0,3,0,12,0,0
super_rugby_2026_hurricanes_vs_moana_pasifika_65866100.json,sr:sport_event:65866100,Super Rugby,Super Rugby 2026,2,Hurricanes,Moana Pasifika,sr:competitor:4189,Hurricanes,home,sr:player:1001611,"Barrett, Jordie Matthew",11,0,16,2,23,0,6,1,0
super_rugby_2026_hurricanes_vs_moana_pasifika_65866100.json,sr:sport_event:65866100,Super Rugby,Super Rugby 2026,2,Hurricanes,Moana Pasifika,sr:competitor:4189,Hurricanes,home,sr:player:1106895,"Enari, Ereatara",1,0,0,0,47,0,6,0,0
super_rugby_2026_hurricanes_vs_moana_pasifika_65866100.json,sr:sport_event:65866100,Super Rugby,Super Rugby 2026,2,Hurricanes,Moana Pasifika,sr:competitor:4189,Hurricanes,home,sr:player:1260208,"Rakete-Stones, Pouri",3,0,10,1,3,0,6,0,1
super_rugby_2026_hurricanes_vs_moana_pasifika_65866100.json,sr:sport_event:65866100,Super Rugby,Super Rugby 2026,2,Hurricanes,Moana Pasifika,sr:competitor:4189,Hurricanes,home,sr:player:1417705,"Sullivan, Bailyn",6,0,17,1,5,2,7,0,2
super_rugby_2026_hurricanes_vs_moana_pasifika_65866100.json,sr:sport_event:65866100,Super Rugby,Super Rugby 2026,2,Hurricanes,Moana Pasifika,sr:competitor:4189,Hurricanes,home,sr:player:1426443,"Cameron, Brett",2,0,10,0,3,0,4,1,0
super_rugby_2026_hurricanes_vs_moana_pasifika_65866100.json,sr:sport_event:65866100,Super Rugby,Super Rugby 2026,2,Hurricanes,Moana Pasifika,sr:competitor:4189,Hurricanes,home,sr:player:1651711,"Proctor, Billy",13,4,71,0,8,0,7,1,0
super_rugby_2026_hurricanes_vs_moana_pasifika_65866100.json,sr:sport_event:65866100,Super Rugby,Super Rugby 2026,2,Hurricanes,Moana Pasifika,sr:competitor:4189,Hurricanes,home,sr:player:1705723,"Numia, Xavier",2,0,0,0,1,0,9,0,0
super_rugby_2026_hurricanes_vs_moana_pasifika_65866100.json,sr:sport_event:65866100,Super Rugby,Super Rugby 2026,2,Hurricanes,Moana Pasifika,sr:competitor:4189,Hurricanes,home,sr:player:1706343,"Mafileo, Tevita",3,0,4,0,1,1,5,0,0
super_rugby_2026_hurricanes_vs_moana_pasifika_65866100.json,sr:sport_event:65866100,Super Rugby,Super Rugby 2026,2,Hurricanes,Moana Pasifika,sr:competitor:4189,Hurricanes,home,sr:player:1984803,"Flanders, Devan",8,0,14,1,10,0,6,0,0
super_rugby_2026_hurricanes_vs_moana_pasifika_65866100.json,sr:sport_event:65866100,Super Rugby,Super Rugby 2026,2,Hurricanes,Moana Pasifika,sr:competitor:4189,Hurricanes,home,sr:player:2250129,"Dearns, Warner",6,0,18,1,9,0,14,1,2
super_rugby_2026_hurricanes_vs_moana_pasifika_65866100.json,sr:sport_event:65866100,Super Rugby,Super Rugby 2026,2,Hurricanes,Moana Pasifika,sr:competitor:4189,Hurricanes,home,sr:player:2288969,"Iose, Brayden",12,2,88,1,7,0,13,0,1
super_rugby_2026_hurricanes_vs_moana_pasifika_65866100.json,sr:sport_event:65866100,Super Rugby,Super Rugby 2026,2,Hurricanes,Moana Pasifika,sr:competitor:4189,Hurricanes,home,sr:player:2288979,"Moorby, Josh",13,1,112,2,11,2,5,0,0
super_rugby_2026_hurricanes_vs_moana_pasifika_65866100.json,sr:sport_event:65866100,Super Rugby,Super Rugby 2026,2,Hurricanes,Moana Pasifika,sr:competitor:4189,Hurricanes,home,sr:player:2288983,"Roigard, Cam",4,0,18,1,33,1,5,0,0
super_rugby_2026_hurricanes_vs_moana_pasifika_65866100.json,sr:sport_event:65866100,Super Rugby,Super Rugby 2026,2,Hurricanes,Moana Pasifika,sr:competitor:4189,Hurricanes,home,sr:player:2303133,"Devery, Jacob",3,0,2,1,4,0,6,0,0
super_rugby_2026_hurricanes_vs_moana_pasifika_65866100.json,sr:sport_event:65866100,Super Rugby,Super Rugby 2026,2,Hurricanes,Moana Pasifika,sr:competitor:4189,Hurricanes,home,sr:player:2533539,"Lakai, Peter",8,1,41,0,9,1,9,0,0
super_rugby_2026_hurricanes_vs_moana_pasifika_65866100.json,sr:sport_event:65866100,Super Rugby,Super Rugby 2026,2,Hurricanes,Moana Pasifika,sr:competitor:4189,Hurricanes,home,sr:player:2586807,"Plummer, Hugo",1,0,0,0,0,0,8,0,0
super_rugby_2026_hurricanes_vs_moana_pasifika_65866100.json,sr:sport_event:65866100,Super Rugby,Super Rugby 2026,2,Hurricanes,Moana Pasifika,sr:competitor:4189,Hurricanes,home,sr:player:2739509,"Lauaki, Siale",3,0,2,0,2,0,13,0,0
super_rugby_2026_hurricanes_vs_moana_pasifika_65866100.json,sr:sport_event:65866100,Super Rugby,Super Rugby 2026,2,Hurricanes,Moana Pasifika,sr:competitor:4189,Hurricanes,home,sr:player:2911267,"Fineanganofo, Fehi",14,6,164,1,3,1,6,1,0
super_rugby_2026_hurricanes_vs_moana_pasifika_65866100.json,sr:sport_event:65866100,Super Rugby,Super Rugby 2026,2,Hurricanes,Moana Pasifika,sr:competitor:4189,Hurricanes,home,sr:player:2911271,"Poliko, Arese",5,1,23,1,2,1,7,0,0
super_rugby_2026_hurricanes_vs_moana_pasifika_65866100.json,sr:sport_event:65866100,Super Rugby,Super Rugby 2026,2,Hurricanes,Moana Pasifika,sr:competitor:4189,Hurricanes,home,sr:player:2944901,"Harkin, Callum",17,3,79,6,23,0,4,3,1
super_rugby_2026_hurricanes_vs_moana_pasifika_65866100.json,sr:sport_event:65866100,Super Rugby,Super Rugby 2026,2,Hurricanes,Moana Pasifika,sr:competitor:4189,Hurricanes,home,sr:player:3158318,"Petaia, Matolu",1,0,13,1,2,0,2,0,0
super_rugby_2026_hurricanes_vs_moana_pasifika_65866100.json,sr:sport_event:65866100,Super Rugby,Super Rugby 2026,2,Hurricanes,Moana Pasifika,sr:competitor:761406,Moana Pasifika,away,sr:player:404110,"Tuitupou, Samuel",5,0,11,0,0,0,0,0,0
super_rugby_2026_hurricanes_vs_moana_pasifika_65866100.json,sr:sport_event:65866100,Super Rugby,Super Rugby 2026,2,Hurricanes,Moana Pasifika,sr:competitor:761406,Moana Pasifika,away,sr:player:848499,"Matavao, Melani",2,0,0,0,23,0,5,0,1
super_rugby_2026_hurricanes_vs_moana_pasifika_65866100.json,sr:sport_event:65866100,Super Rugby,Super Rugby 2026,2,Hurricanes,Moana Pasifika,sr:competitor:761406,Moana Pasifika,away,sr:player:2131478,"Vaihu, Glen",3,0,2,0,2,3,7,0,0
super_rugby_2026_hurricanes_vs_moana_pasifika_65866100.json,sr:sport_event:65866100,Super Rugby,Super Rugby 2026,2,Hurricanes,Moana Pasifika,sr:competitor:761406,Moana Pasifika,away,sr:player:2177416,"Moli, Sam",6,0,5,0,3,2,10,0,0
super_rugby_2026_hurricanes_vs_moana_pasifika_65866100.json,sr:sport_event:65866100,Super Rugby,Super Rugby 2026,2,Hurricanes,Moana Pasifika,sr:competitor:761406,Moana Pasifika,away,sr:player:2290209,"Poloniati, Veikoso",7,0,4,0,2,3,13,0,1
super_rugby_2026_hurricanes_vs_moana_pasifika_65866100.json,sr:sport_event:65866100,Super Rugby,Super Rugby 2026,2,Hurricanes,Moana Pasifika,sr:competitor:761406,Moana Pasifika,away,sr:player:2290241,"Havili, William",3,1,18,0,1,0,2,0,0
super_rugby_2026_hurricanes_vs_moana_pasifika_65866100.json,sr:sport_event:65866100,Super Rugby,Super Rugby 2026,2,Hurricanes,Moana Pasifika,sr:competitor:761406,Moana Pasifika,away,sr:player:2311797,"Pole, Abraham",1,0,0,0,1,0,6,0,0
super_rugby_2026_hurricanes_vs_moana_pasifika_65866100.json,sr:sport_event:65866100,Super Rugby,Super Rugby 2026,2,Hurricanes,Moana Pasifika,sr:competitor:761406,Moana Pasifika,away,sr:player:2537025,"Faiʻilagi, Miracle",4,0,8,0,0,0,5,0,1
super_rugby_2026_hurricanes_vs_moana_pasifika_65866100.json,sr:sport_event:65866100,Super Rugby,Super Rugby 2026,2,Hurricanes,Moana Pasifika,sr:competitor:761406,Moana Pasifika,away,sr:player:2650483,"Pellegrini, Patrick",5,1,37,1,16,3,1,0,0
super_rugby_2026_hurricanes_vs_moana_pasifika_65866100.json,sr:sport_event:65866100,Super Rugby,Super Rugby 2026,2,Hurricanes,Moana Pasifika,sr:competitor:761406,Moana Pasifika,away,sr:player:2770195,"Craig, Allan",4,0,4,0,0,0,6,0,0
super_rugby_2026_hurricanes_vs_moana_pasifika_65866100.json,sr:sport_event:65866100,Super Rugby,Super Rugby 2026,2,Hurricanes,Moana Pasifika,sr:competitor:761406,Moana Pasifika,away,sr:player:2800019,"Nginingini, Siaoisi",5,0,18,2,66,5,6,0,1
super_rugby_2026_hurricanes_vs_moana_pasifika_65866100.json,sr:sport_event:65866100,Super Rugby,Super Rugby 2026,2,Hurricanes,Moana Pasifika,sr:competitor:761406,Moana Pasifika,away,sr:player:2816175,"Harada, Mamori",4,0,4,0,1,0,3,0,0
super_rugby_2026_hurricanes_vs_moana_pasifika_65866100.json,sr:sport_event:65866100,Super Rugby,Super Rugby 2026,2,Hurricanes,Moana Pasifika,sr:competitor:761406,Moana Pasifika,away,sr:player:2911943,"Aho, Ale",11,0,6,0,3,2,8,0,0
super_rugby_2026_hurricanes_vs_moana_pasifika_65866100.json,sr:sport_event:65866100,Super Rugby,Super Rugby 2026,2,Hurricanes,Moana Pasifika,sr:competitor:761406,Moana Pasifika,away,sr:player:2915105,"Tuipulotu, Tito",2,0,1,0,1,2,5,0,0
super_rugby_2026_hurricanes_vs_moana_pasifika_65866100.json,sr:sport_event:65866100,Super Rugby,Super Rugby 2026,2,Hurricanes,Moana Pasifika,sr:competitor:761406,Moana Pasifika,away,sr:player:2915121,"Tuitama, Tuna",5,2,44,1,2,2,7,1,1
super_rugby_2026_hurricanes_vs_moana_pasifika_65866100.json,sr:sport_event:65866100,Super Rugby,Super Rugby 2026,2,Hurricanes,Moana Pasifika,sr:competitor:761406,Moana Pasifika,away,sr:player:2943129,"Ofa, Tevita",5,1,21,0,3,4,5,0,0
super_rugby_2026_hurricanes_vs_moana_pasifika_65866100.json,sr:sport_event:65866100,Super Rugby,Super Rugby 2026,2,Hurricanes,Moana Pasifika,sr:competitor:761406,Moana Pasifika,away,sr:player:2944097,"Toleafo, Simon-Peter",7,0,17,0,3,0,7,0,1
super_rugby_2026_hurricanes_vs_moana_pasifika_65866100.json,sr:sport_event:65866100,Super Rugby,Super Rugby 2026,2,Hurricanes,Moana Pasifika,sr:competitor:761406,Moana Pasifika,away,sr:player:2944101,"Peni, Faletoi",10,1,35,0,10,5,9,0,1
super_rugby_2026_hurricanes_vs_moana_pasifika_65866100.json,sr:sport_event:65866100,Super Rugby,Super Rugby 2026,2,Hurricanes,Moana Pasifika,sr:competitor:761406,Moana Pasifika,away,sr:player:2945397,"Sae-Ta'ufo'ou, Feteleti",2,0,1,0,1,0,9,0,0
super_rugby_2026_hurricanes_vs_moana_pasifika_65866100.json,sr:sport_event:65866100,Super Rugby,Super Rugby 2026,2,Hurricanes,Moana Pasifika,sr:competitor:761406,Moana Pasifika,away,sr:player:3156048,"Ropeti, Dominic",13,0,16,0,2,1,5,0,0
super_rugby_2026_hurricanes_vs_moana_pasifika_65866100.json,sr:sport_event:65866100,Super Rugby,Super Rugby 2026,2,Hurricanes,Moana Pasifika,sr:competitor:761406,Moana Pasifika,away,sr:player:3158320,"Toleafoa, Konrad",6,0,8,1,3,1,9,0,1
super_rugby_2026_hurricanes_vs_moana_pasifika_65866100.json,sr:sport_event:65866100,Super Rugby,Super Rugby 2026,2,Hurricanes,Moana Pasifika,sr:competitor:761406,Moana Pasifika,away,sr:player:3158322,"Faleiva, Lolani",5,0,13,2,4,1,4,0,0
super_rugby_2026_waratahs_vs_fijian_drua_65866102.json,sr:sport_event:65866102,Super Rugby,Super Rugby 2026,2,Waratahs,Fijian Drua,sr:competitor:4186,Waratahs,home,sr:player:762214,"Debreczeni, Jack",3,0,3,0,14,1,0,1,0
super_rugby_2026_waratahs_vs_fijian_drua_65866102.json,sr:sport_event:65866102,Super Rugby,Super Rugby 2026,2,Waratahs,Fijian Drua,sr:competitor:4186,Waratahs,home,sr:player:762294,"Philip, Matt",12,0,15,0,5,1,11,0,0
super_rugby_2026_waratahs_vs_fijian_drua_65866102.json,sr:sport_event:65866102,Super Rugby,Super Rugby 2026,2,Waratahs,Fijian Drua,sr:competitor:4186,Waratahs,home,sr:player:765494,"Gordon, Jake",3,1,33,1,66,1,7,0,0
super_rugby_2026_waratahs_vs_fijian_drua_65866102.json,sr:sport_event:65866102,Super Rugby,Super Rugby 2026,2,Waratahs,Fijian Drua,sr:competitor:4186,Waratahs,home,sr:player:766262,"Samu, Peter",9,1,52,2,7,2,8,0,2
super_rugby_2026_waratahs_vs_fijian_drua_65866102.json,sr:sport_event:65866102,Super Rugby,Super Rugby 2026,2,Waratahs,Fijian Drua,sr:competitor:4186,Waratahs,home,sr:player:1257376,"Blyth, Angus",4,0,18,0,5,1,2,0,1
super_rugby_2026_waratahs_vs_fijian_drua_65866102.json,sr:sport_event:65866102,Super Rugby,Super Rugby 2026,2,Waratahs,Fijian Drua,sr:competitor:4186,Waratahs,home,sr:player:1431731,"Reilly, Triston",6,0,27,0,5,0,1,0,0
super_rugby_2026_waratahs_vs_fijian_drua_65866102.json,sr:sport_event:65866102,Super Rugby,Super Rugby 2026,2,Waratahs,Fijian Drua,sr:competitor:4186,Waratahs,home,sr:player:1989091,"Potter, Harry",7,0,41,2,8,0,4,0,1
super_rugby_2026_waratahs_vs_fijian_drua_65866102.json,sr:sport_event:65866102,Super Rugby,Super Rugby 2026,2,Waratahs,Fijian Drua,sr:competitor:4186,Waratahs,home,sr:player:1989675,"Walton, Joey",6,2,17,0,12,2,4,0,0
super_rugby_2026_waratahs_vs_fijian_drua_65866102.json,sr:sport_event:65866102,Super Rugby,Super Rugby 2026,2,Waratahs,Fijian Drua,sr:competitor:4186,Waratahs,home,sr:player:2117340,"Lambert, Tom",5,0,10,0,2,1,10,0,0
super_rugby_2026_waratahs_vs_fijian_drua_65866102.json,sr:sport_event:65866102,Super Rugby,Super Rugby 2026,2,Waratahs,Fijian Drua,sr:competitor:4186,Waratahs,home,sr:player:2141444,"Suaalii, Joseph",3,0,5,2,8,0,4,0,0
super_rugby_2026_waratahs_vs_fijian_drua_65866102.json,sr:sport_event:65866102,Super Rugby,Super Rugby 2026,2,Waratahs,Fijian Drua,sr:competitor:4186,Waratahs,home,sr:player:2272957,"Amatosero, Miles",4,0,3,0,5,0,5,0,0
super_rugby_2026_waratahs_vs_fijian_drua_65866102.json,sr:sport_event:65866102,Super Rugby,Super Rugby 2026,2,Waratahs,Fijian Drua,sr:competitor:4186,Waratahs,home,sr:player:2290563,"Creighton, Lawson",11,0,22,1,15,0,7,1,0
super_rugby_2026_waratahs_vs_fijian_drua_65866102.json,sr:sport_event:65866102,Super Rugby,Super Rugby 2026,2,Waratahs,Fijian Drua,sr:competitor:4186,Waratahs,home,sr:player:2291319,"Gamble, Charlie",7,0,19,1,7,0,10,0,1
super_rugby_2026_waratahs_vs_fijian_drua_65866102.json,sr:sport_event:65866102,Super Rugby,Super Rugby 2026,2,Waratahs,Fijian Drua,sr:competitor:4186,Waratahs,home,sr:player:2311847,"Kailea, Isaac Aedo",8,0,12,0,0,0,1,0,0
super_rugby_2026_waratahs_vs_fijian_drua_65866102.json,sr:sport_event:65866102,Super Rugby,Super Rugby 2026,2,Waratahs,Fijian Drua,sr:competitor:4186,Waratahs,home,sr:player:2320049,"Wilson, Teddy",2,0,25,0,19,0,2,0,0
super_rugby_2026_waratahs_vs_fijian_drua_65866102.json,sr:sport_event:65866102,Super Rugby,Super Rugby 2026,2,Waratahs,Fijian Drua,sr:competitor:4186,Waratahs,home,sr:player:2533555,"Amone, Siosifa",2,0,10,0,0,0,2,0,0
super_rugby_2026_waratahs_vs_fijian_drua_65866102.json,sr:sport_event:65866102,Super Rugby,Super Rugby 2026,2,Waratahs,Fijian Drua,sr:competitor:4186,Waratahs,home,sr:player:2535551,"Jorgensen, Max",14,2,77,3,8,2,1,0,0
super_rugby_2026_waratahs_vs_fijian_drua_65866102.json,sr:sport_event:65866102,Super Rugby,Super Rugby 2026,2,Waratahs,Fijian Drua,sr:competitor:4186,Waratahs,home,sr:player:2569085,"Botha, Daniel",3,0,6,0,4,0,8,0,0
super_rugby_2026_waratahs_vs_fijian_drua_65866102.json,sr:sport_event:65866102,Super Rugby,Super Rugby 2026,2,Waratahs,Fijian Drua,sr:competitor:4186,Waratahs,home,sr:player:2573399,"Moananu, Ioane",5,0,10,0,1,0,6,0,0
super_rugby_2026_waratahs_vs_fijian_drua_65866102.json,sr:sport_event:65866102,Super Rugby,Super Rugby 2026,2,Waratahs,Fijian Drua,sr:competitor:4186,Waratahs,home,sr:player:2743273,"Dobbins, Ethan",4,1,9,0,3,2,7,0,0
super_rugby_2026_waratahs_vs_fijian_drua_65866102.json,sr:sport_event:65866102,Super Rugby,Super Rugby 2026,2,Waratahs,Fijian Drua,sr:competitor:4186,Waratahs,home,sr:player:2911945,"Hendren, James",4,1,45,0,8,1,1,0,0
super_rugby_2026_waratahs_vs_fijian_drua_65866102.json,sr:sport_event:65866102,Super Rugby,Super Rugby 2026,2,Waratahs,Fijian Drua,sr:competitor:4186,Waratahs,home,sr:player:2911959,"Halaholo, Clem",7,0,15,0,2,0,7,0,0
super_rugby_2026_waratahs_vs_fijian_drua_65866102.json,sr:sport_event:65866102,Super Rugby,Super Rugby 2026,2,Waratahs,Fijian Drua,sr:competitor:4186,Waratahs,home,sr:player:2911975,"Talataina, Leafi",7,1,29,1,3,1,2,1,0
super_rugby_2026_waratahs_vs_fijian_drua_65866102.json,sr:sport_event:65866102,Super Rugby,Super Rugby 2026,2,Waratahs,Fijian Drua,sr:competitor:364712,Fijian Drua,away,sr:player:533434,"Ravai, Peni",3,0,1,0,1,0,0,0,0
super_rugby_2026_waratahs_vs_fijian_drua_65866102.json,sr:sport_event:65866102,Super Rugby,Super Rugby 2026,2,Waratahs,Fijian Drua,sr:competitor:364712,Fijian Drua,away,sr:player:762906,"Tawake, Samuela",0,0,0,0,0,1,7,0,1
super_rugby_2026_waratahs_vs_fijian_drua_65866102.json,sr:sport_event:65866102,Super Rugby,Super Rugby 2026,2,Waratahs,Fijian Drua,sr:competitor:364712,Fijian Drua,away,sr:player:849908,"Fines-Leleiwasa, Isaak",1,0,2,0,16,1,8,0,0
super_rugby_2026_waratahs_vs_fijian_drua_65866102.json,sr:sport_event:65866102,Super Rugby,Super Rugby 2026,2,Waratahs,Fijian Drua,sr:competitor:364712,Fijian Drua,away,sr:player:1004423,"Doge, Mesake",4,0,1,0,1,2,2,0,0
super_rugby_2026_waratahs_vs_fijian_drua_65866102.json,sr:sport_event:65866102,Super Rugby,Super Rugby 2026,2,Waratahs,Fijian Drua,sr:competitor:364712,Fijian Drua,away,sr:player:1080186,"Mataele, Manasa Moala",5,0,30,0,1,1,0,0,0
super_rugby_2026_waratahs_vs_fijian_drua_65866102.json,sr:sport_event:65866102,Super Rugby,Super Rugby 2026,2,Waratahs,Fijian Drua,sr:competitor:364712,Fijian Drua,away,sr:player:1343380,"Lomani, Frank",2,0,1,0,47,0,9,0,1
super_rugby_2026_waratahs_vs_fijian_drua_65866102.json,sr:sport_event:65866102,Super Rugby,Super Rugby 2026,2,Waratahs,Fijian Drua,sr:competitor:364712,Fijian Drua,away,sr:player:2085137,"Hete, Haereiti",5,0,16,0,0,0,12,0,0
super_rugby_2026_waratahs_vs_fijian_drua_65866102.json,sr:sport_event:65866102,Super Rugby,Super Rugby 2026,2,Waratahs,Fijian Drua,sr:competitor:364712,Fijian Drua,away,sr:player:2092932,"Mayanavanua, Temo",2,0,0,0,1,1,5,0,0
super_rugby_2026_waratahs_vs_fijian_drua_65866102.json,sr:sport_event:65866102,Super Rugby,Super Rugby 2026,2,Waratahs,Fijian Drua,sr:competitor:364712,Fijian Drua,away,sr:player:2092936,"Samusamuvodre, Tuidraki",3,0,18,0,0,0,6,0,0
super_rugby_2026_waratahs_vs_fijian_drua_65866102.json,sr:sport_event:65866102,Super Rugby,Super Rugby 2026,2,Waratahs,Fijian Drua,sr:competitor:364712,Fijian Drua,away,sr:player:2131482,"Droasese, Ilaisa",6,0,21,0,1,2,5,0,1
super_rugby_2026_waratahs_vs_fijian_drua_65866102.json,sr:sport_event:65866102,Super Rugby,Super Rugby 2026,2,Waratahs,Fijian Drua,sr:competitor:364712,Fijian Drua,away,sr:player:2257625,"Togiatama, Zuriel",5,1,22,2,2,2,11,0,0
super_rugby_2026_waratahs_vs_fijian_drua_65866102.json,sr:sport_event:65866102,Super Rugby,Super Rugby 2026,2,Waratahs,Fijian Drua,sr:competitor:364712,Fijian Drua,away,sr:player:2273199,"Tabuavou, Inia",1,0,0,0,0,0,0,0,2
super_rugby_2026_waratahs_vs_fijian_drua_65866102.json,sr:sport_event:65866102,Super Rugby,Super Rugby 2026,2,Waratahs,Fijian Drua,sr:competitor:364712,Fijian Drua,away,sr:player:2287839,"Tamani, Joseva",5,0,3,0,2,1,12,0,0
super_rugby_2026_waratahs_vs_fijian_drua_65866102.json,sr:sport_event:65866102,Super Rugby,Super Rugby 2026,2,Waratahs,Fijian Drua,sr:competitor:364712,Fijian Drua,away,sr:player:2287849,"Nasilasila, Isoa",4,0,3,0,4,1,9,0,0
super_rugby_2026_waratahs_vs_fijian_drua_65866102.json,sr:sport_event:65866102,Super Rugby,Super Rugby 2026,2,Waratahs,Fijian Drua,sr:competitor:364712,Fijian Drua,away,sr:player:2287855,"Salawa Junior, Kitinoe",1,0,0,0,0,0,6,0,0
super_rugby_2026_waratahs_vs_fijian_drua_65866102.json,sr:sport_event:65866102,Super Rugby,Super Rugby 2026,2,Waratahs,Fijian Drua,sr:competitor:364712,Fijian Drua,away,sr:player:2531921,"Canakaivata, Elia",8,1,38,1,1,1,9,0,1
super_rugby_2026_waratahs_vs_fijian_drua_65866102.json,sr:sport_event:65866102,Super Rugby,Super Rugby 2026,2,Waratahs,Fijian Drua,sr:competitor:364712,Fijian Drua,away,sr:player:2531927,"Murray, Motikai",3,0,3,0,0,2,8,0,1
super_rugby_2026_waratahs_vs_fijian_drua_65866102.json,sr:sport_event:65866102,Super Rugby,Super Rugby 2026,2,Waratahs,Fijian Drua,sr:competitor:364712,Fijian Drua,away,sr:player:2531933,"Rabitu, Isikeli",11,2,46,1,6,1,9,0,1
super_rugby_2026_waratahs_vs_fijian_drua_65866102.json,sr:sport_event:65866102,Super Rugby,Super Rugby 2026,2,Waratahs,Fijian Drua,sr:competitor:364712,Fijian Drua,away,sr:player:2531939,"Rakuro, Taniela",5,2,19,0,3,3,4,0,0
super_rugby_2026_waratahs_vs_fijian_drua_65866102.json,sr:sport_event:65866102,Super Rugby,Super Rugby 2026,2,Waratahs,Fijian Drua,sr:competitor:364712,Fijian Drua,away,sr:player:2735981,"Armstrong-Ravula, Isaiah",5,0,14,1,15,3,7,0,0
super_rugby_2026_waratahs_vs_fijian_drua_65866102.json,sr:sport_event:65866102,Super Rugby,Super Rugby 2026,2,Waratahs,Fijian Drua,sr:competitor:364712,Fijian Drua,away,sr:player:2770191,"Vocevoce, Mesake",0,0,0,0,0,0,0,0,0
super_rugby_2026_waratahs_vs_fijian_drua_65866102.json,sr:sport_event:65866102,Super Rugby,Super Rugby 2026,2,Waratahs,Fijian Drua,sr:competitor:364712,Fijian Drua,away,sr:player:2886491,"Loganimasi, Ponepati",0,0,0,0,2,0,1,1,0
super_rugby_2026_waratahs_vs_fijian_drua_65866102.json,sr:sport_event:65866102,Super Rugby,Super Rugby 2026,2,Waratahs,Fijian Drua,sr:competitor:364712,Fijian Drua,away,sr:player:3016588,"Tagivetaua, Kavaia",2,0,10,0,0,0,8,0,0
super_rugby_2026_waratahs_vs_reds_65866092.json,sr:sport_event:65866092,Super Rugby,Super Rugby 2026,1,Waratahs,Reds,sr:competitor:4180,Reds,away,sr:player:503436,"Toomaga-Allen, Jeffery",2,0,1,0,2,0,6,0,0
super_rugby_2026_waratahs_vs_reds_65866092.json,sr:sport_event:65866092,Super Rugby,Super Rugby 2026,1,Waratahs,Reds,sr:competitor:4180,Reds,away,sr:player:846929,"Ross, Aidan",6,0,14,0,0,2,11,0,0
super_rugby_2026_waratahs_vs_reds_65866092.json,sr:sport_event:65866092,Super Rugby,Super Rugby 2026,1,Waratahs,Reds,sr:competitor:4180,Reds,away,sr:player:848323,"Salakaia-Loto, Lukhan",10,0,30,0,2,1,9,0,1
super_rugby_2026_waratahs_vs_reds_65866092.json,sr:sport_event:65866092,Super Rugby,Super Rugby 2026,1,Waratahs,Reds,sr:competitor:4180,Reds,away,sr:player:1002819,"Asiata, Richie",2,0,4,0,1,0,7,0,0
super_rugby_2026_waratahs_vs_reds_65866092.json,sr:sport_event:65866092,Super Rugby,Super Rugby 2026,1,Waratahs,Reds,sr:competitor:4180,Reds,away,sr:player:1100517,"Anderson, Lachie",7,1,34,0,3,0,9,0,0
super_rugby_2026_waratahs_vs_reds_65866092.json,sr:sport_event:65866092,Super Rugby,Super Rugby 2026,1,Waratahs,Reds,sr:competitor:4180,Reds,away,sr:player:1256660,"Paisami, Hunter",9,1,34,0,10,1,10,0,1
super_rugby_2026_waratahs_vs_reds_65866092.json,sr:sport_event:65866092,Super Rugby,Super Rugby 2026,1,Waratahs,Reds,sr:competitor:4180,Reds,away,sr:player:1652961,"McReight, Fraser",7,1,12,1,10,1,18,1,2
super_rugby_2026_waratahs_vs_reds_65866092.json,sr:sport_event:65866092,Super Rugby,Super Rugby 2026,1,Waratahs,Reds,sr:competitor:4180,Reds,away,sr:player:1652965,"Campbell, Jock",9,1,81,0,4,1,2,0,0
super_rugby_2026_waratahs_vs_reds_65866092.json,sr:sport_event:65866092,Super Rugby,Super Rugby 2026,1,Waratahs,Reds,sr:competitor:4180,Reds,away,sr:player:1989657,"Uru, Seru",2,0,0,1,3,0,5,0,0
super_rugby_2026_waratahs_vs_reds_65866092.json,sr:sport_event:65866092,Super Rugby,Super Rugby 2026,1,Waratahs,Reds,sr:competitor:4180,Reds,away,sr:player:2049945,"Flook, Josh",4,0,18,1,2,3,5,0,0
super_rugby_2026_waratahs_vs_reds_65866092.json,sr:sport_event:65866092,Super Rugby,Super Rugby 2026,1,Waratahs,Reds,sr:competitor:4180,Reds,away,sr:player:2056985,"Nonggorr, Zane",5,0,6,1,4,0,5,0,0
super_rugby_2026_waratahs_vs_reds_65866092.json,sr:sport_event:65866092,Super Rugby,Super Rugby 2026,1,Waratahs,Reds,sr:competitor:4180,Reds,away,sr:player:2290569,"Blake, George",3,0,0,0,1,0,3,0,0
super_rugby_2026_waratahs_vs_reds_65866092.json,sr:sport_event:65866092,Super Rugby,Super Rugby 2026,1,Waratahs,Reds,sr:competitor:4180,Reds,away,sr:player:2311033,"Faessler, Matt",3,0,21,1,4,0,9,0,0
super_rugby_2026_waratahs_vs_reds_65866092.json,sr:sport_event:65866092,Super Rugby,Super Rugby 2026,1,Waratahs,Reds,sr:competitor:4180,Reds,away,sr:player:2311845,"Canham, Josh",5,1,21,2,7,0,13,0,0
super_rugby_2026_waratahs_vs_reds_65866092.json,sr:sport_event:65866092,Super Rugby,Super Rugby 2026,1,Waratahs,Reds,sr:competitor:4180,Reds,away,sr:player:2607259,"Werchon, Louis",6,1,53,0,67,1,6,0,0
super_rugby_2026_waratahs_vs_reds_65866092.json,sr:sport_event:65866092,Super Rugby,Super Rugby 2026,1,Waratahs,Reds,sr:competitor:4180,Reds,away,sr:player:2746535,"Brial, Joe",7,0,20,0,2,0,17,0,1
super_rugby_2026_waratahs_vs_reds_65866092.json,sr:sport_event:65866092,Super Rugby,Super Rugby 2026,1,Waratahs,Reds,sr:competitor:4180,Reds,away,sr:player:2746661,"Bryant, John",0,0,0,0,2,0,14,0,0
super_rugby_2026_waratahs_vs_reds_65866092.json,sr:sport_event:65866092,Super Rugby,Super Rugby 2026,1,Waratahs,Reds,sr:competitor:4180,Reds,away,sr:player:2746671,"McLaughlin-Phillips, Harry",7,0,26,0,13,1,3,0,0
super_rugby_2026_waratahs_vs_reds_65866092.json,sr:sport_event:65866092,Super Rugby,Super Rugby 2026,1,Waratahs,Reds,sr:competitor:4180,Reds,away,sr:player:2746677,"Ryan, Tim",12,0,34,1,3,1,11,0,0
super_rugby_2026_waratahs_vs_reds_65866092.json,sr:sport_event:65866092,Super Rugby,Super Rugby 2026,1,Waratahs,Reds,sr:competitor:4180,Reds,away,sr:player:3141964,"Latu, Vaiuta",7,0,13,0,0,0,8,0,0
super_rugby_2026_waratahs_vs_reds_65866092.json,sr:sport_event:65866092,Super Rugby,Super Rugby 2026,1,Waratahs,Reds,sr:competitor:4180,Reds,away,sr:player:3141966,"Mackey, Finn",1,0,4,0,1,0,0,0,0
super_rugby_2026_waratahs_vs_reds_65866092.json,sr:sport_event:65866092,Super Rugby,Super Rugby 2026,1,Waratahs,Reds,sr:competitor:4180,Reds,away,sr:player:3141968,"Martens, James",0,0,0,0,7,1,1,0,0
super_rugby_2026_waratahs_vs_reds_65866092.json,sr:sport_event:65866092,Super Rugby,Super Rugby 2026,1,Waratahs,Reds,sr:competitor:4180,Reds,away,sr:player:3141986,"Rubens, Xavier",3,0,7,0,1,0,2,0,2
super_rugby_2026_waratahs_vs_reds_65866092.json,sr:sport_event:65866092,Super Rugby,Super Rugby 2026,1,Waratahs,Reds,sr:competitor:4186,Waratahs,home,sr:player:762214,"Debreczeni, Jack",0,0,0,0,9,0,2,0,0
super_rugby_2026_waratahs_vs_reds_65866092.json,sr:sport_event:65866092,Super Rugby,Super Rugby 2026,1,Waratahs,Reds,sr:competitor:4186,Waratahs,home,sr:player:762294,"Philip, Matt",12,0,40,0,9,1,11,0,1
super_rugby_2026_waratahs_vs_reds_65866092.json,sr:sport_event:65866092,Super Rugby,Super Rugby 2026,1,Waratahs,Reds,sr:competitor:4186,Waratahs,home,sr:player:765494,"Gordon, Jake",2,1,34,0,48,0,3,0,0
super_rugby_2026_waratahs_vs_reds_65866092.json,sr:sport_event:65866092,Super Rugby,Super Rugby 2026,1,Waratahs,Reds,sr:competitor:4186,Waratahs,home,sr:player:766262,"Samu, Peter",8,0,19,1,7,3,9,0,1
super_rugby_2026_waratahs_vs_reds_65866092.json,sr:sport_event:65866092,Super Rugby,Super Rugby 2026,1,Waratahs,Reds,sr:competitor:4186,Waratahs,home,sr:player:848397,"Faingaa, Folau",2,0,7,1,1,0,2,0,0
super_rugby_2026_waratahs_vs_reds_65866092.json,sr:sport_event:65866092,Super Rugby,Super Rugby 2026,1,Waratahs,Reds,sr:competitor:4186,Waratahs,home,sr:player:1257376,"Blyth, Angus",4,0,6,0,0,0,2,0,0
super_rugby_2026_waratahs_vs_reds_65866092.json,sr:sport_event:65866092,Super Rugby,Super Rugby 2026,1,Waratahs,Reds,sr:competitor:4186,Waratahs,home,sr:player:1431731,"Reilly, Triston",4,0,0,0,0,0,3,0,0
super_rugby_2026_waratahs_vs_reds_65866092.json,sr:sport_event:65866092,Super Rugby,Super Rugby 2026,1,Waratahs,Reds,sr:competitor:4186,Waratahs,home,sr:player:1989091,"Potter, Harry",9,0,56,1,7,0,5,0,0
super_rugby_2026_waratahs_vs_reds_65866092.json,sr:sport_event:65866092,Super Rugby,Super Rugby 2026,1,Waratahs,Reds,sr:competitor:4186,Waratahs,home,sr:player:1989675,"Walton, Joey",4,2,23,1,15,1,9,0,0
super_rugby_2026_waratahs_vs_reds_65866092.json,sr:sport_event:65866092,Super Rugby,Super Rugby 2026,1,Waratahs,Reds,sr:competitor:4186,Waratahs,home,sr:player:2117340,"Lambert, Tom",9,0,18,1,4,4,8,0,0
super_rugby_2026_waratahs_vs_reds_65866092.json,sr:sport_event:65866092,Super Rugby,Super Rugby 2026,1,Waratahs,Reds,sr:competitor:4186,Waratahs,home,sr:player:2141444,"Suaalii, Joseph",11,0,24,1,9,0,10,0,0
super_rugby_2026_waratahs_vs_reds_65866092.json,sr:sport_event:65866092,Super Rugby,Super Rugby 2026,1,Waratahs,Reds,sr:competitor:4186,Waratahs,home,sr:player:2272957,"Amatosero, Miles",12,1,59,1,4,0,10,0,1
super_rugby_2026_waratahs_vs_reds_65866092.json,sr:sport_event:65866092,Super Rugby,Super Rugby 2026,1,Waratahs,Reds,sr:competitor:4186,Waratahs,home,sr:player:2290563,"Creighton, Lawson",12,0,60,0,14,2,2,0,0
super_rugby_2026_waratahs_vs_reds_65866092.json,sr:sport_event:65866092,Super Rugby,Super Rugby 2026,1,Waratahs,Reds,sr:competitor:4186,Waratahs,home,sr:player:2291319,"Gamble, Charlie",8,1,29,1,7,0,17,2,1
super_rugby_2026_waratahs_vs_reds_65866092.json,sr:sport_event:65866092,Super Rugby,Super Rugby 2026,1,Waratahs,Reds,sr:competitor:4186,Waratahs,home,sr:player:2311847,"Kailea, Isaac Aedo",7,0,13,0,0,0,2,0,0
super_rugby_2026_waratahs_vs_reds_65866092.json,sr:sport_event:65866092,Super Rugby,Super Rugby 2026,1,Waratahs,Reds,sr:competitor:4186,Waratahs,home,sr:player:2320049,"Wilson, Teddy",4,0,2,1,47,0,2,0,0
super_rugby_2026_waratahs_vs_reds_65866092.json,sr:sport_event:65866092,Super Rugby,Super Rugby 2026,1,Waratahs,Reds,sr:competitor:4186,Waratahs,home,sr:player:2533555,"Amone, Siosifa",0,0,0,0,0,0,0,0,0
super_rugby_2026_waratahs_vs_reds_65866092.json,sr:sport_event:65866092,Super Rugby,Super Rugby 2026,1,Waratahs,Reds,sr:competitor:4186,Waratahs,home,sr:player:2535551,"Jorgensen, Max",8,1,99,2,4,1,1,0,0
super_rugby_2026_waratahs_vs_reds_65866092.json,sr:sport_event:65866092,Super Rugby,Super Rugby 2026,1,Waratahs,Reds,sr:competitor:4186,Waratahs,home,sr:player:2569085,"Botha, Daniel",4,0,1,0,6,2,9,0,0
super_rugby_2026_waratahs_vs_reds_65866092.json,sr:sport_event:65866092,Super Rugby,Super Rugby 2026,1,Waratahs,Reds,sr:competitor:4186,Waratahs,home,sr:player:2743273,"Dobbins, Ethan",9,0,14,0,2,0,11,0,3
super_rugby_2026_waratahs_vs_reds_65866092.json,sr:sport_event:65866092,Super Rugby,Super Rugby 2026,1,Waratahs,Reds,sr:competitor:4186,Waratahs,home,sr:player:2911945,"Hendren, James",11,0,59,0,9,0,0,1,0
super_rugby_2026_waratahs_vs_reds_65866092.json,sr:sport_event:65866092,Super Rugby,Super Rugby 2026,1,Waratahs,Reds,sr:competitor:4186,Waratahs,home,sr:player:2911959,"Halaholo, Clem",7,0,38,0,1,2,5,0,0
super_rugby_2026_waratahs_vs_reds_65866092.json,sr:sport_event:65866092,Super Rugby,Super Rugby 2026,1,Waratahs,Reds,sr:competitor:4186,Waratahs,home,sr:player:2911975,"Talataina, Leafi",8,0,31,0,0,1,3,0,1
super_rugby_2026_western_force_vs_blues_65866106.json,sr:sport_event:65866106,Super Rugby,Super Rugby 2026,2,Western Force,Blues,sr:competitor:4190,Blues,away,sr:player:512222,"Tu'ungafasi, Ofa",3,0,0,0,0,1,5,0,0
super_rugby_2026_western_force_vs_blues_65866106.json,sr:sport_event:65866106,Super Rugby,Super Rugby 2026,2,Western Force,Blues,sr:competitor:4190,Blues,away,sr:player:535512,"Ahki, Pita",7,0,10,0,4,0,8,0,0
super_rugby_2026_western_force_vs_blues_65866106.json,sr:sport_event:65866106,Super Rugby,Super Rugby 2026,2,Western Force,Blues,sr:competitor:4190,Blues,away,sr:player:858664,"Renata, Marcel",2,0,0,0,2,1,13,0,0
super_rugby_2026_western_force_vs_blues_65866106.json,sr:sport_event:65866106,Super Rugby,Super Rugby 2026,2,Western Force,Blues,sr:competitor:4190,Blues,away,sr:player:877462,"Eklund, Kurt",3,0,3,0,0,1,4,0,0
super_rugby_2026_western_force_vs_blues_65866106.json,sr:sport_event:65866106,Super Rugby,Super Rugby 2026,2,Western Force,Blues,sr:competitor:4190,Blues,away,sr:player:877762,"Nock, Sam",0,0,0,0,11,2,1,1,0
super_rugby_2026_western_force_vs_blues_65866106.json,sr:sport_event:65866106,Super Rugby,Super Rugby 2026,2,Western Force,Blues,sr:competitor:4190,Blues,away,sr:player:1001629,"Papali'i, Dalton",3,0,24,1,2,3,16,1,0
super_rugby_2026_western_force_vs_blues_65866106.json,sr:sport_event:65866106,Super Rugby,Super Rugby 2026,2,Western Force,Blues,sr:competitor:4190,Blues,away,sr:player:1001635,"Perofeta, Stephen",3,2,17,0,19,0,2,0,0
super_rugby_2026_western_force_vs_blues_65866106.json,sr:sport_event:65866106,Super Rugby,Super Rugby 2026,2,Western Force,Blues,sr:competitor:4190,Blues,away,sr:player:1079542,"Christie, Finlay",4,0,24,0,61,1,6,1,1
super_rugby_2026_western_force_vs_blues_65866106.json,sr:sport_event:65866106,Super Rugby,Super Rugby 2026,2,Western Force,Blues,sr:competitor:4190,Blues,away,sr:player:1260216,"Clarke, Caleb",8,1,30,0,1,0,7,0,0
super_rugby_2026_western_force_vs_blues_65866106.json,sr:sport_event:65866106,Super Rugby,Super Rugby 2026,2,Western Force,Blues,sr:competitor:4190,Blues,away,sr:player:1649420,"Sotutu, Hoskins",5,1,30,1,5,2,12,1,0
super_rugby_2026_western_force_vs_blues_65866106.json,sr:sport_event:65866106,Super Rugby,Super Rugby 2026,2,Western Force,Blues,sr:competitor:4190,Blues,away,sr:player:1650357,"McWhannell, Laghlan",4,0,8,0,3,2,10,0,1
super_rugby_2026_western_force_vs_blues_65866106.json,sr:sport_event:65866106,Super Rugby,Super Rugby 2026,2,Western Force,Blues,sr:competitor:4190,Blues,away,sr:player:1711757,"Slater, Bradley",5,0,6,0,4,0,14,0,0
super_rugby_2026_western_force_vs_blues_65866106.json,sr:sport_event:65866106,Super Rugby,Super Rugby 2026,2,Western Force,Blues,sr:competitor:4190,Blues,away,sr:player:2132288,"Forbes, Cole",5,0,30,1,2,2,6,0,0
super_rugby_2026_western_force_vs_blues_65866106.json,sr:sport_event:65866106,Super Rugby,Super Rugby 2026,2,Western Force,Blues,sr:competitor:4190,Blues,away,sr:player:2285567,"Segner, Anton",7,0,24,1,5,0,12,0,1
super_rugby_2026_western_force_vs_blues_65866106.json,sr:sport_event:65866106,Super Rugby,Super Rugby 2026,2,Western Force,Blues,sr:competitor:4190,Blues,away,sr:player:2285591,"Lam, AJ",7,1,20,1,4,3,6,0,1
super_rugby_2026_western_force_vs_blues_65866106.json,sr:sport_event:65866106,Super Rugby,Super Rugby 2026,2,Western Force,Blues,sr:competitor:4190,Blues,away,sr:player:2285599,"Sullivan, Zarn",7,2,74,0,3,0,4,1,0
super_rugby_2026_western_force_vs_blues_65866106.json,sr:sport_event:65866106,Super Rugby,Super Rugby 2026,2,Western Force,Blues,sr:competitor:4190,Blues,away,sr:player:2324921,"Fusitua, Josh",3,0,1,0,3,0,9,0,0
super_rugby_2026_western_force_vs_blues_65866106.json,sr:sport_event:65866106,Super Rugby,Super Rugby 2026,2,Western Force,Blues,sr:competitor:4190,Blues,away,sr:player:2729576,"Beehre, Josh",8,0,18,0,4,1,15,0,1
super_rugby_2026_western_force_vs_blues_65866106.json,sr:sport_event:65866106,Super Rugby,Super Rugby 2026,2,Western Force,Blues,sr:competitor:4190,Blues,away,sr:player:2802559,"Tupaea, Mason",4,0,10,0,1,0,6,0,1
super_rugby_2026_western_force_vs_blues_65866106.json,sr:sport_event:65866106,Super Rugby,Super Rugby 2026,2,Western Force,Blues,sr:competitor:4190,Blues,away,sr:player:2915885,"Clark, Che",0,0,0,0,1,0,3,0,0
super_rugby_2026_western_force_vs_blues_65866106.json,sr:sport_event:65866106,Super Rugby,Super Rugby 2026,2,Western Force,Blues,sr:competitor:4190,Blues,away,sr:player:2915895,"Taele, Xavi",3,0,10,0,1,2,4,0,0
super_rugby_2026_western_force_vs_blues_65866106.json,sr:sport_event:65866106,Super Rugby,Super Rugby 2026,2,Western Force,Blues,sr:competitor:4190,Blues,away,sr:player:3112372,"Vai, Cody",1,0,1,0,1,0,3,0,0
super_rugby_2026_western_force_vs_blues_65866106.json,sr:sport_event:65866106,Super Rugby,Super Rugby 2026,2,Western Force,Blues,sr:competitor:4190,Blues,away,sr:player:3156104,"Barnes, Torian",6,0,8,1,3,0,8,0,0
super_rugby_2026_western_force_vs_blues_65866106.json,sr:sport_event:65866106,Super Rugby,Super Rugby 2026,2,Western Force,Blues,sr:competitor:21995,Western Force,home,sr:player:462674,"Beale, Kurtley",3,0,10,1,5,0,1,0,0
super_rugby_2026_western_force_vs_blues_65866106.json,sr:sport_event:65866106,Super Rugby,Super Rugby 2026,2,Western Force,Blues,sr:competitor:21995,Western Force,home,sr:player:589952,"Fa'agase, Sef",3,0,2,0,0,0,3,0,0
super_rugby_2026_western_force_vs_blues_65866106.json,sr:sport_event:65866106,Super Rugby,Super Rugby 2026,2,Western Force,Blues,sr:competitor:21995,Western Force,home,sr:player:762300,"Robertson, Tom",7,0,7,0,1,0,7,0,0
super_rugby_2026_western_force_vs_blues_65866106.json,sr:sport_event:65866106,Super Rugby,Super Rugby 2026,2,Western Force,Blues,sr:competitor:21995,Western Force,home,sr:player:765684,"Koteka, Kane",0,0,0,0,0,0,2,0,0
super_rugby_2026_western_force_vs_blues_65866106.json,sr:sport_event:65866106,Super Rugby,Super Rugby 2026,2,Western Force,Blues,sr:competitor:21995,Western Force,home,sr:player:849898,"Bridge, George",6,0,12,0,5,2,14,0,0
super_rugby_2026_western_force_vs_blues_65866106.json,sr:sport_event:65866106,Super Rugby,Super Rugby 2026,2,Western Force,Blues,sr:competitor:21995,Western Force,home,sr:player:1001529,"Molina, Franco",9,0,7,1,5,1,1,0,0
super_rugby_2026_western_force_vs_blues_65866106.json,sr:sport_event:65866106,Super Rugby,Super Rugby 2026,2,Western Force,Blues,sr:competitor:21995,Western Force,home,sr:player:1057397,"Paenga-Amosa, Brandon",6,0,17,0,1,2,5,0,0
super_rugby_2026_western_force_vs_blues_65866106.json,sr:sport_event:65866106,Super Rugby,Super Rugby 2026,2,Western Force,Blues,sr:competitor:21995,Western Force,home,sr:player:1059079,"Swain, Darcy",8,0,5,0,7,4,8,0,0
super_rugby_2026_western_force_vs_blues_65866106.json,sr:sport_event:65866106,Super Rugby,Super Rugby 2026,2,Western Force,Blues,sr:competitor:21995,Western Force,home,sr:player:1120453,"Stewart, Hamish",7,0,8,0,8,1,13,0,1
super_rugby_2026_western_force_vs_blues_65866106.json,sr:sport_event:65866106,Super Rugby,Super Rugby 2026,2,Western Force,Blues,sr:competitor:21995,Western Force,home,sr:player:1256810,"Johnson-Holmes, Harry",11,0,13,1,2,2,6,0,0
super_rugby_2026_western_force_vs_blues_65866106.json,sr:sport_event:65866106,Super Rugby,Super Rugby 2026,2,Western Force,Blues,sr:competitor:21995,Western Force,home,sr:player:1261712,"Oviedo, Leonel",2,0,0,0,1,2,7,0,0
super_rugby_2026_western_force_vs_blues_65866106.json,sr:sport_event:65866106,Super Rugby,Super Rugby 2026,2,Western Force,Blues,sr:competitor:21995,Western Force,home,sr:player:1989673,"Robertson, Henry",3,0,14,0,29,1,2,0,0
super_rugby_2026_western_force_vs_blues_65866106.json,sr:sport_event:65866106,Super Rugby,Super Rugby 2026,2,Western Force,Blues,sr:competitor:21995,Western Force,home,sr:player:2007265,"Kuenzle, Bayley",9,2,41,0,1,1,9,0,1
super_rugby_2026_western_force_vs_blues_65866106.json,sr:sport_event:65866106,Super Rugby,Super Rugby 2026,2,Western Force,Blues,sr:competitor:21995,Western Force,home,sr:player:2007741,"Tizzano, Carlo",14,0,30,0,5,2,14,0,0
super_rugby_2026_western_force_vs_blues_65866106.json,sr:sport_event:65866106,Super Rugby,Super Rugby 2026,2,Western Force,Blues,sr:competitor:21995,Western Force,home,sr:player:2049955,"Donaldson, Ben",9,1,52,1,19,0,5,0,1
super_rugby_2026_western_force_vs_blues_65866106.json,sr:sport_event:65866106,Super Rugby,Super Rugby 2026,2,Western Force,Blues,sr:competitor:21995,Western Force,home,sr:player:2290565,"Grealy, Mac",11,0,21,1,5,0,2,1,0
super_rugby_2026_western_force_vs_blues_65866106.json,sr:sport_event:65866106,Super Rugby,Super Rugby 2026,2,Western Force,Blues,sr:competitor:21995,Western Force,home,sr:player:2290571,"Faifua, Lopeti",5,0,4,0,1,0,1,0,0
super_rugby_2026_western_force_vs_blues_65866106.json,sr:sport_event:65866106,Super Rugby,Super Rugby 2026,2,Western Force,Blues,sr:competitor:21995,Western Force,home,sr:player:2291313,"Williams, Jeremy",7,0,9,0,3,0,5,0,0
super_rugby_2026_western_force_vs_blues_65866106.json,sr:sport_event:65866106,Super Rugby,Super Rugby 2026,2,Western Force,Blues,sr:competitor:21995,Western Force,home,sr:player:2324925,"Ekuasi, Vaiolini",11,0,28,0,5,0,16,0,0
super_rugby_2026_western_force_vs_blues_65866106.json,sr:sport_event:65866106,Super Rugby,Super Rugby 2026,2,Western Force,Blues,sr:competitor:21995,Western Force,home,sr:player:2594397,"Hastie, Nathan",4,0,23,0,71,0,2,0,0
super_rugby_2026_western_force_vs_blues_65866106.json,sr:sport_event:65866106,Super Rugby,Super Rugby 2026,2,Western Force,Blues,sr:competitor:21995,Western Force,home,sr:player:2602223,"Burey, Max",3,0,20,1,4,0,1,0,0
super_rugby_2026_western_force_vs_blues_65866106.json,sr:sport_event:65866106,Super Rugby,Super Rugby 2026,2,Western Force,Blues,sr:competitor:21995,Western Force,home,sr:player:2743279,"Palu, David",5,0,33,1,1,2,7,0,0
super_rugby_2026_western_force_vs_blues_65866106.json,sr:sport_event:65866106,Super Rugby,Super Rugby 2026,2,Western Force,Blues,sr:competitor:21995,Western Force,home,sr:player:3154204,"Epenisa, Misinale",2,0,1,0,0,1,4,0,0
super_rugby_2026_western_force_vs_brumbies_65866098.json,sr:sport_event:65866098,Super Rugby,Super Rugby 2026,1,Western Force,Brumbies,sr:competitor:4179,Brumbies,away,sr:player:494584,"Slipper, James",5,0,9,0,0,0,0,0,0
super_rugby_2026_western_force_vs_brumbies_65866098.json,sr:sport_event:65866098,Super Rugby,Super Rugby 2026,1,Western Force,Brumbies,sr:competitor:4179,Brumbies,away,sr:player:507552,"Neville, Cadeyrn",8,0,10,0,4,0,0,1,0
super_rugby_2026_western_force_vs_brumbies_65866098.json,sr:sport_event:65866098,Super Rugby,Super Rugby 2026,1,Western Force,Brumbies,sr:competitor:4179,Brumbies,away,sr:player:766780,"Muirhead, Andy",7,0,24,0,4,0,0,1,0
super_rugby_2026_western_force_vs_brumbies_65866098.json,sr:sport_event:65866098,Super Rugby,Super Rugby 2026,1,Western Force,Brumbies,sr:competitor:4179,Brumbies,away,sr:player:1082362,"Valetini, Rob",16,0,25,1,3,1,0,0,0
super_rugby_2026_western_force_vs_brumbies_65866098.json,sr:sport_event:65866098,Super Rugby,Super Rugby 2026,1,Western Force,Brumbies,sr:competitor:4179,Brumbies,away,sr:player:1082364,"Lonergan, Ryan",2,0,2,0,44,3,1,0,0
super_rugby_2026_western_force_vs_brumbies_65866098.json,sr:sport_event:65866098,Super Rugby,Super Rugby 2026,1,Western Force,Brumbies,sr:competitor:4179,Brumbies,away,sr:player:2131480,"van Nek, Rhys",4,0,6,0,2,0,1,0,0
super_rugby_2026_western_force_vs_brumbies_65866098.json,sr:sport_event:65866098,Super Rugby,Super Rugby 2026,1,Western Force,Brumbies,sr:competitor:4179,Brumbies,away,sr:player:2285789,"Pollard, Billy",6,0,9,0,4,1,0,0,0
super_rugby_2026_western_force_vs_brumbies_65866098.json,sr:sport_event:65866098,Super Rugby,Super Rugby 2026,1,Western Force,Brumbies,sr:competitor:4179,Brumbies,away,sr:player:2285791,"Reimer, Luke",5,0,4,0,0,0,0,0,0
super_rugby_2026_western_force_vs_brumbies_65866098.json,sr:sport_event:65866098,Super Rugby,Super Rugby 2026,1,Western Force,Brumbies,sr:competitor:4179,Brumbies,away,sr:player:2285793,"Scott, Rory",5,0,8,0,4,2,0,0,1
super_rugby_2026_western_force_vs_brumbies_65866098.json,sr:sport_event:65866098,Super Rugby,Super Rugby 2026,1,Western Force,Brumbies,sr:competitor:4179,Brumbies,away,sr:player:2285795,"Creighton, Hudson",2,0,5,0,0,0,0,0,0
super_rugby_2026_western_force_vs_brumbies_65866098.json,sr:sport_event:65866098,Super Rugby,Super Rugby 2026,1,Western Force,Brumbies,sr:competitor:4179,Brumbies,away,sr:player:2285797,"Sapsford, Ollie",7,2,70,0,3,2,1,1,0
super_rugby_2026_western_force_vs_brumbies_65866098.json,sr:sport_event:65866098,Super Rugby,Super Rugby 2026,1,Western Force,Brumbies,sr:competitor:4179,Brumbies,away,sr:player:2291327,"Edmed, Tane",5,0,25,0,5,0,0,0,0
super_rugby_2026_western_force_vs_brumbies_65866098.json,sr:sport_event:65866098,Super Rugby,Super Rugby 2026,1,Western Force,Brumbies,sr:competitor:4179,Brumbies,away,sr:player:2528093,"Cale, Charlie",12,2,52,1,6,0,2,1,0
super_rugby_2026_western_force_vs_brumbies_65866098.json,sr:sport_event:65866098,Super Rugby,Super Rugby 2026,1,Western Force,Brumbies,sr:competitor:4179,Brumbies,away,sr:player:2528099,"Meredith, Declan",3,0,43,0,10,0,2,0,0
super_rugby_2026_western_force_vs_brumbies_65866098.json,sr:sport_event:65866098,Super Rugby,Super Rugby 2026,1,Western Force,Brumbies,sr:competitor:4179,Brumbies,away,sr:player:2528105,"Thorn, Klayton",2,0,0,0,20,0,0,0,0
super_rugby_2026_western_force_vs_brumbies_65866098.json,sr:sport_event:65866098,Super Rugby,Super Rugby 2026,1,Western Force,Brumbies,sr:competitor:4179,Brumbies,away,sr:player:2528107,"Toole, Corey",8,1,84,1,6,1,1,0,0
super_rugby_2026_western_force_vs_brumbies_65866098.json,sr:sport_event:65866098,Super Rugby,Super Rugby 2026,1,Western Force,Brumbies,sr:competitor:4179,Brumbies,away,sr:player:2534291,"Feliuai, David",5,0,29,0,6,0,0,0,0
super_rugby_2026_western_force_vs_brumbies_65866098.json,sr:sport_event:65866098,Super Rugby,Super Rugby 2026,1,Western Force,Brumbies,sr:competitor:4179,Brumbies,away,sr:player:2564641,"Schoupp, Blake",4,0,5,0,0,0,0,0,0
super_rugby_2026_western_force_vs_brumbies_65866098.json,sr:sport_event:65866098,Super Rugby,Super Rugby 2026,1,Western Force,Brumbies,sr:competitor:4179,Brumbies,away,sr:player:2731206,"Shaw, Lachlan",5,0,6,0,5,0,0,1,0
super_rugby_2026_western_force_vs_brumbies_65866098.json,sr:sport_event:65866098,Super Rugby,Super Rugby 2026,1,Western Force,Brumbies,sr:competitor:4179,Brumbies,away,sr:player:2798455,"Bowron, Liam",3,0,1,0,1,0,0,0,1
super_rugby_2026_western_force_vs_brumbies_65866098.json,sr:sport_event:65866098,Super Rugby,Super Rugby 2026,1,Western Force,Brumbies,sr:competitor:4179,Brumbies,away,sr:player:2911273,"Alatini, Tevita",2,0,8,0,0,0,0,0,1
super_rugby_2026_western_force_vs_brumbies_65866098.json,sr:sport_event:65866098,Super Rugby,Super Rugby 2026,1,Western Force,Brumbies,sr:competitor:4179,Brumbies,away,sr:player:2911277,"Pritchard, Kadin",9,2,80,1,5,0,0,0,0
super_rugby_2026_western_force_vs_brumbies_65866098.json,sr:sport_event:65866098,Super Rugby,Super Rugby 2026,1,Western Force,Brumbies,sr:competitor:4179,Brumbies,away,sr:player:3114930,"MacPherson, Toby",3,0,9,0,3,0,0,0,0
super_rugby_2026_western_force_vs_brumbies_65866098.json,sr:sport_event:65866098,Super Rugby,Super Rugby 2026,1,Western Force,Brumbies,sr:competitor:21995,Western Force,home,sr:player:462674,"Beale, Kurtley",2,0,17,0,8,3,0,0,0
super_rugby_2026_western_force_vs_brumbies_65866098.json,sr:sport_event:65866098,Super Rugby,Super Rugby 2026,1,Western Force,Brumbies,sr:competitor:21995,Western Force,home,sr:player:589952,"Fa'agase, Sef",3,0,3,1,1,0,0,0,0
super_rugby_2026_western_force_vs_brumbies_65866098.json,sr:sport_event:65866098,Super Rugby,Super Rugby 2026,1,Western Force,Brumbies,sr:competitor:21995,Western Force,home,sr:player:762300,"Robertson, Tom",10,0,5,0,0,2,0,0,0
super_rugby_2026_western_force_vs_brumbies_65866098.json,sr:sport_event:65866098,Super Rugby,Super Rugby 2026,1,Western Force,Brumbies,sr:competitor:21995,Western Force,home,sr:player:849898,"Bridge, George",7,0,40,0,2,0,0,0,0
super_rugby_2026_western_force_vs_brumbies_65866098.json,sr:sport_event:65866098,Super Rugby,Super Rugby 2026,1,Western Force,Brumbies,sr:competitor:21995,Western Force,home,sr:player:1001529,"Molina, Franco",12,0,34,0,3,2,1,0,0
super_rugby_2026_western_force_vs_brumbies_65866098.json,sr:sport_event:65866098,Super Rugby,Super Rugby 2026,1,Western Force,Brumbies,sr:competitor:21995,Western Force,home,sr:player:1057397,"Paenga-Amosa, Brandon",7,0,10,0,3,1,0,0,0
super_rugby_2026_western_force_vs_brumbies_65866098.json,sr:sport_event:65866098,Super Rugby,Super Rugby 2026,1,Western Force,Brumbies,sr:competitor:21995,Western Force,home,sr:player:1059079,"Swain, Darcy",4,0,4,0,5,1,0,0,0
super_rugby_2026_western_force_vs_brumbies_65866098.json,sr:sport_event:65866098,Super Rugby,Super Rugby 2026,1,Western Force,Brumbies,sr:competitor:21995,Western Force,home,sr:player:1120453,"Stewart, Hamish",6,0,20,0,9,1,0,0,0
super_rugby_2026_western_force_vs_brumbies_65866098.json,sr:sport_event:65866098,Super Rugby,Super Rugby 2026,1,Western Force,Brumbies,sr:competitor:21995,Western Force,home,sr:player:1256810,"Johnson-Holmes, Harry",10,0,9,0,3,0,0,0,0
super_rugby_2026_western_force_vs_brumbies_65866098.json,sr:sport_event:65866098,Super Rugby,Super Rugby 2026,1,Western Force,Brumbies,sr:competitor:21995,Western Force,home,sr:player:1261712,"Oviedo, Leonel",1,0,2,0,2,2,0,0,0
super_rugby_2026_western_force_vs_brumbies_65866098.json,sr:sport_event:65866098,Super Rugby,Super Rugby 2026,1,Western Force,Brumbies,sr:competitor:21995,Western Force,home,sr:player:1989673,"Robertson, Henry",1,0,7,0,25,0,0,0,1
super_rugby_2026_western_force_vs_brumbies_65866098.json,sr:sport_event:65866098,Super Rugby,Super Rugby 2026,1,Western Force,Brumbies,sr:competitor:21995,Western Force,home,sr:player:2007265,"Kuenzle, Bayley",8,0,40,0,3,1,0,0,1
super_rugby_2026_western_force_vs_brumbies_65866098.json,sr:sport_event:65866098,Super Rugby,Super Rugby 2026,1,Western Force,Brumbies,sr:competitor:21995,Western Force,home,sr:player:2007741,"Tizzano, Carlo",9,0,16,0,10,0,1,0,0
super_rugby_2026_western_force_vs_brumbies_65866098.json,sr:sport_event:65866098,Super Rugby,Super Rugby 2026,1,Western Force,Brumbies,sr:competitor:21995,Western Force,home,sr:player:2049947,"Harris, Will",5,0,11,0,3,1,0,0,1
super_rugby_2026_western_force_vs_brumbies_65866098.json,sr:sport_event:65866098,Super Rugby,Super Rugby 2026,1,Western Force,Brumbies,sr:competitor:21995,Western Force,home,sr:player:2049955,"Donaldson, Ben",5,0,23,0,24,0,0,0,0
super_rugby_2026_western_force_vs_brumbies_65866098.json,sr:sport_event:65866098,Super Rugby,Super Rugby 2026,1,Western Force,Brumbies,sr:competitor:21995,Western Force,home,sr:player:2274007,"Champion de Crespigny, Nick",5,0,2,0,6,1,0,0,0
super_rugby_2026_western_force_vs_brumbies_65866098.json,sr:sport_event:65866098,Super Rugby,Super Rugby 2026,1,Western Force,Brumbies,sr:competitor:21995,Western Force,home,sr:player:2290565,"Grealy, Mac",16,0,74,0,11,0,0,0,0
super_rugby_2026_western_force_vs_brumbies_65866098.json,sr:sport_event:65866098,Super Rugby,Super Rugby 2026,1,Western Force,Brumbies,sr:competitor:21995,Western Force,home,sr:player:2291313,"Williams, Jeremy",6,0,12,0,5,4,0,0,0
super_rugby_2026_western_force_vs_brumbies_65866098.json,sr:sport_event:65866098,Super Rugby,Super Rugby 2026,1,Western Force,Brumbies,sr:competitor:21995,Western Force,home,sr:player:2324925,"Ekuasi, Vaiolini",16,0,20,0,5,0,1,0,0
super_rugby_2026_western_force_vs_brumbies_65866098.json,sr:sport_event:65866098,Super Rugby,Super Rugby 2026,1,Western Force,Brumbies,sr:competitor:21995,Western Force,home,sr:player:2594397,"Hastie, Nathan",7,0,13,2,82,2,0,0,0
super_rugby_2026_western_force_vs_brumbies_65866098.json,sr:sport_event:65866098,Super Rugby,Super Rugby 2026,1,Western Force,Brumbies,sr:competitor:21995,Western Force,home,sr:player:2602223,"Burey, Max",3,0,10,0,9,0,0,0,0
super_rugby_2026_western_force_vs_brumbies_65866098.json,sr:sport_event:65866098,Super Rugby,Super Rugby 2026,1,Western Force,Brumbies,sr:competitor:21995,Western Force,home,sr:player:2743279,"Palu, David",4,1,30,0,2,1,0,0,0
super_rugby_2026_western_force_vs_brumbies_65866098.json,sr:sport_event:65866098,Super Rugby,Super Rugby 2026,1,Western Force,Brumbies,sr:competitor:21995,Western Force,home,sr:player:3154204,"Epenisa, Misinale",7,0,8,1,1,1,0,0,0
