source_json,match_id,match_start_time,competition,competition_id,season,season_id,season_year,stage_type,stage_phase,round,group,home_team,home_team_id,home_abbreviation,away_team,away_team_id,away_abbreviation,venue,venue_city,venue_country,venue_map_coordinates,referee,referee_nationality,event_order,event_id,event_type,event_timestamp,match_time_minute,match_clock,competitor,team,x,y,period,period_name,break_name,home_score,away_score,method,player_id,player_name,scorer_id,scorer_name,substituted_out_id,substituted_out_name,substituted_in_id,substituted_in_name,players_json
super_rugby_2026_western_force_vs_brumbies_65866098.json,sr:sport_event:65866098,2026-02-14T08:35:00+00:00,Super Rugby,sr:competition:422,Super Rugby 2026,sr:season:137092,2026,league,regular season,1,Super Rugby Pacific 2026,Western Force,sr:competitor:21995,WFO,Brumbies,sr:competitor:4179,BRU,HBF Park,Perth,Australia,"-31.945833, 115.87","Way, Jordan",,1,2270464608,match_started,2026-02-14T08:35:20+00:00,,,,,,,,,,,,,,,,,,,,,
super_rugby_2026_western_force_vs_brumbies_65866098.json,sr:sport_event:65866098,2026-02-14T08:35:00+00:00,Super Rugby,sr:competition:422,Super Rugby 2026,sr:season:137092,2026,league,regular season,1,Super Rugby Pacific 2026,Western Force,sr:competitor:21995,WFO,Brumbies,sr:competitor:4179,BRU,HBF Park,Perth,Australia,"-31.945833, 115.87","Way, Jordan",,2,2270464610,period_start,2026-02-14T08:35:20+00:00,,,,,,,1,1st_half,,,,,,,,,,,,,
super_rugby_2026_western_force_vs_brumbies_65866098.json,sr:sport_event:65866098,2026-02-14T08:35:00+00:00,Super Rugby,sr:competition:422,Super Rugby 2026,sr:season:137092,2026,league,regular season,1,Super Rugby Pacific 2026,Western Force,sr:competitor:21995,WFO,Brumbies,sr:competitor:4179,BRU,HBF Park,Perth,Australia,"-31.945833, 115.87","Way, Jordan",,3,2270464642,ball_kicked,2026-02-14T08:35:22+00:00,1,0:02,away,Brumbies,55,33,1,,,,,,,,,,,,,,
super_rugby_2026_western_force_vs_brumbies_65866098.json,sr:sport_event:65866098,2026-02-14T08:35:00+00:00,Super Rugby,sr:competition:422,Super Rugby 2026,sr:season:137092,2026,league,regular season,1,Super Rugby Pacific 2026,Western Force,sr:competitor:21995,WFO,Brumbies,sr:competitor:4179,BRU,HBF Park,Perth,Australia,"-31.945833, 115.87","Way, Jordan",,4,2270464842,ball_recycled,2026-02-14T08:35:43+00:00,1,0:23,home,Western Force,21,45,1,,,,,,,,,,,,,,
super_rugby_2026_western_force_vs_brumbies_65866098.json,sr:sport_event:65866098,2026-02-14T08:35:00+00:00,Super Rugby,sr:competition:422,Super Rugby 2026,sr:season:137092,2026,league,regular season,1,Super Rugby Pacific 2026,Western Force,sr:competitor:21995,WFO,Brumbies,sr:competitor:4179,BRU,HBF Park,Perth,Australia,"-31.945833, 115.87","Way, Jordan",,5,2270464926,ball_recycled,2026-02-14T08:35:51+00:00,1,0:30,home,Western Force,35,64,1,,,,,,,,,,,,,,
super_rugby_2026_western_force_vs_brumbies_65866098.json,sr:sport_event:65866098,2026-02-14T08:35:00+00:00,Super Rugby,sr:competition:422,Super Rugby 2026,sr:season:137092,2026,league,regular season,1,Super Rugby Pacific 2026,Western Force,sr:competitor:21995,WFO,Brumbies,sr:competitor:4179,BRU,HBF Park,Perth,Australia,"-31.945833, 115.87","Way, Jordan",,6,2270464988,ball_recycled,2026-02-14T08:35:57+00:00,1,0:36,home,Western Force,35,47,1,,,,,,,,,,,,,,
super_rugby_2026_western_force_vs_brumbies_65866098.json,sr:sport_event:65866098,2026-02-14T08:35:00+00:00,Super Rugby,sr:competition:422,Super Rugby 2026,sr:season:137092,2026,league,regular season,1,Super Rugby Pacific 2026,Western Force,sr:competitor:21995,WFO,Brumbies,sr:competitor:4179,BRU,HBF Park,Perth,Australia,"-31.945833, 115.87","Way, Jordan",,7,2270465102,ball_kicked,2026-02-14T08:36:09+00:00,1,0:48,home,Western Force,44,55,1,,,,,,,,,,,,,,
super_rugby_2026_western_force_vs_brumbies_65866098.json,sr:sport_event:65866098,2026-02-14T08:35:00+00:00,Super Rugby,sr:competition:422,Super Rugby 2026,sr:season:137092,2026,league,regular season,1,Super Rugby Pacific 2026,Western Force,sr:competitor:21995,WFO,Brumbies,sr:competitor:4179,BRU,HBF Park,Perth,Australia,"-31.945833, 115.87","Way, Jordan",,8,2270465210,ball_recycled,2026-02-14T08:36:21+00:00,1,0:59,home,Western Force,54,7,1,,,,,,,,,,,,,,
super_rugby_2026_western_force_vs_brumbies_65866098.json,sr:sport_event:65866098,2026-02-14T08:35:00+00:00,Super Rugby,sr:competition:422,Super Rugby 2026,sr:season:137092,2026,league,regular season,1,Super Rugby Pacific 2026,Western Force,sr:competitor:21995,WFO,Brumbies,sr:competitor:4179,BRU,HBF Park,Perth,Australia,"-31.945833, 115.87","Way, Jordan",,9,2270465288,scrum,2026-02-14T08:36:28+00:00,2,1:07,away,Brumbies,48,9,1,,,,,,,,,,,,,,
super_rugby_2026_western_force_vs_brumbies_65866098.json,sr:sport_event:65866098,2026-02-14T08:35:00+00:00,Super Rugby,sr:competition:422,Super Rugby 2026,sr:season:137092,2026,league,regular season,1,Super Rugby Pacific 2026,Western Force,sr:competitor:21995,WFO,Brumbies,sr:competitor:4179,BRU,HBF Park,Perth,Australia,"-31.945833, 115.87","Way, Jordan",,10,2270465762,scrum_won,2026-02-14T08:37:12+00:00,2,1:51,away,Brumbies,48,9,1,,,,,,,,,,,,,,
super_rugby_2026_western_force_vs_brumbies_65866098.json,sr:sport_event:65866098,2026-02-14T08:35:00+00:00,Super Rugby,sr:competition:422,Super Rugby 2026,sr:season:137092,2026,league,regular season,1,Super Rugby Pacific 2026,Western Force,sr:competitor:21995,WFO,Brumbies,sr:competitor:4179,BRU,HBF Park,Perth,Australia,"-31.945833, 115.87","Way, Jordan",,11,2270465810,ball_recycled,2026-02-14T08:37:17+00:00,2,1:56,away,Brumbies,39,33,1,,,,,,,,,,,,,,
super_rugby_2026_western_force_vs_brumbies_65866098.json,sr:sport_event:65866098,2026-02-14T08:35:00+00:00,Super Rugby,sr:competition:422,Super Rugby 2026,sr:season:137092,2026,league,regular season,1,Super Rugby Pacific 2026,Western Force,sr:competitor:21995,WFO,Brumbies,sr:competitor:4179,BRU,HBF Park,Perth,Australia,"-31.945833, 115.87","Way, Jordan",,12,2270465866,ball_recycled,2026-02-14T08:37:23+00:00,3,2:02,away,Brumbies,40,40,1,,,,,,,,,,,,,,
super_rugby_2026_western_force_vs_brumbies_65866098.json,sr:sport_event:65866098,2026-02-14T08:35:00+00:00,Super Rugby,sr:competition:422,Super Rugby 2026,sr:season:137092,2026,league,regular season,1,Super Rugby Pacific 2026,Western Force,sr:competitor:21995,WFO,Brumbies,sr:competitor:4179,BRU,HBF Park,Perth,Australia,"-31.945833, 115.87","Way, Jordan",,13,2270465900,ball_recycled,2026-02-14T08:37:26+00:00,3,2:05,away,Brumbies,37,40,1,,,,,,,,,,,,,,
super_rugby_2026_western_force_vs_brumbies_65866098.json,sr:sport_event:65866098,2026-02-14T08:35:00+00:00,Super Rugby,sr:competition:422,Super Rugby 2026,sr:season:137092,2026,league,regular season,1,Super Rugby Pacific 2026,Western Force,sr:competitor:21995,WFO,Brumbies,sr:competitor:4179,BRU,HBF Park,Perth,Australia,"-31.945833, 115.87","Way, Jordan",,14,2270465964,ball_recycled,2026-02-14T08:37:31+00:00,3,2:10,away,Brumbies,34,24,1,,,,,,,,,,,,,,
super_rugby_2026_western_force_vs_brumbies_65866098.json,sr:sport_event:65866098,2026-02-14T08:35:00+00:00,Super Rugby,sr:competition:422,Super Rugby 2026,sr:season:137092,2026,league,regular season,1,Super Rugby Pacific 2026,Western Force,sr:competitor:21995,WFO,Brumbies,sr:competitor:4179,BRU,HBF Park,Perth,Australia,"-31.945833, 115.87","Way, Jordan",,15,2270466068,ball_recycled,2026-02-14T08:37:40+00:00,3,2:18,away,Brumbies,33,16,1,,,,,,,,,,,,,,
super_rugby_2026_western_force_vs_brumbies_65866098.json,sr:sport_event:65866098,2026-02-14T08:35:00+00:00,Super Rugby,sr:competition:422,Super Rugby 2026,sr:season:137092,2026,league,regular season,1,Super Rugby Pacific 2026,Western Force,sr:competitor:21995,WFO,Brumbies,sr:competitor:4179,BRU,HBF Park,Perth,Australia,"-31.945833, 115.87","Way, Jordan",,16,2270466144,ball_kicked,2026-02-14T08:37:46+00:00,3,2:24,away,Brumbies,33,14,1,,,,,,,,,,,,,,
super_rugby_2026_western_force_vs_brumbies_65866098.json,sr:sport_event:65866098,2026-02-14T08:35:00+00:00,Super Rugby,sr:competition:422,Super Rugby 2026,sr:season:137092,2026,league,regular season,1,Super Rugby Pacific 2026,Western Force,sr:competitor:21995,WFO,Brumbies,sr:competitor:4179,BRU,HBF Park,Perth,Australia,"-31.945833, 115.87","Way, Jordan",,17,2270466356,ball_kicked,2026-02-14T08:38:06+00:00,3,2:44,home,Western Force,17,7,1,,,,,,,,,,,,,,
super_rugby_2026_western_force_vs_brumbies_65866098.json,sr:sport_event:65866098,2026-02-14T08:35:00+00:00,Super Rugby,sr:competition:422,Super Rugby 2026,sr:season:137092,2026,league,regular season,1,Super Rugby Pacific 2026,Western Force,sr:competitor:21995,WFO,Brumbies,sr:competitor:4179,BRU,HBF Park,Perth,Australia,"-31.945833, 115.87","Way, Jordan",,18,2270466448,line_out,2026-02-14T08:38:16+00:00,3,2:54,away,Brumbies,48,-2,1,,,,,,,,,,,,,,
super_rugby_2026_western_force_vs_brumbies_65866098.json,sr:sport_event:65866098,2026-02-14T08:35:00+00:00,Super Rugby,sr:competition:422,Super Rugby 2026,sr:season:137092,2026,league,regular season,1,Super Rugby Pacific 2026,Western Force,sr:competitor:21995,WFO,Brumbies,sr:competitor:4179,BRU,HBF Park,Perth,Australia,"-31.945833, 115.87","Way, Jordan",,19,2270466910,ball_kicked,2026-02-14T08:38:52+00:00,4,3:30,home,Western Force,51,11,1,,,,,,,,,,,,,,
super_rugby_2026_western_force_vs_brumbies_65866098.json,sr:sport_event:65866098,2026-02-14T08:35:00+00:00,Super Rugby,sr:competition:422,Super Rugby 2026,sr:season:137092,2026,league,regular season,1,Super Rugby Pacific 2026,Western Force,sr:competitor:21995,WFO,Brumbies,sr:competitor:4179,BRU,HBF Park,Perth,Australia,"-31.945833, 115.87","Way, Jordan",,20,2270466954,ball_kicked,2026-02-14T08:38:59+00:00,4,3:36,home,Western Force,58,18,1,,,,,,,,,,,,,,
super_rugby_2026_western_force_vs_brumbies_65866098.json,sr:sport_event:65866098,2026-02-14T08:35:00+00:00,Super Rugby,sr:competition:422,Super Rugby 2026,sr:season:137092,2026,league,regular season,1,Super Rugby Pacific 2026,Western Force,sr:competitor:21995,WFO,Brumbies,sr:competitor:4179,BRU,HBF Park,Perth,Australia,"-31.945833, 115.87","Way, Jordan",,21,2270467026,penalty_awarded,2026-02-14T08:39:03+00:00,4,3:40,home,Western Force,72,17,1,,,,,,,,,,,,,,
super_rugby_2026_western_force_vs_brumbies_65866098.json,sr:sport_event:65866098,2026-02-14T08:35:00+00:00,Super Rugby,sr:competition:422,Super Rugby 2026,sr:season:137092,2026,league,regular season,1,Super Rugby Pacific 2026,Western Force,sr:competitor:21995,WFO,Brumbies,sr:competitor:4179,BRU,HBF Park,Perth,Australia,"-31.945833, 115.87","Way, Jordan",,22,2270467104,kick_to_touch,2026-02-14T08:39:12+00:00,4,3:50,home,Western Force,72,17,1,,,,,,,,,,,,,,
super_rugby_2026_western_force_vs_brumbies_65866098.json,sr:sport_event:65866098,2026-02-14T08:35:00+00:00,Super Rugby,sr:competition:422,Super Rugby 2026,sr:season:137092,2026,league,regular season,1,Super Rugby Pacific 2026,Western Force,sr:competitor:21995,WFO,Brumbies,sr:competitor:4179,BRU,HBF Park,Perth,Australia,"-31.945833, 115.87","Way, Jordan",,23,2270467206,line_out,2026-02-14T08:39:21+00:00,4,3:59,home,Western Force,92,-2,1,,,,,,,,,,,,,,
super_rugby_2026_western_force_vs_brumbies_65866098.json,sr:sport_event:65866098,2026-02-14T08:35:00+00:00,Super Rugby,sr:competition:422,Super Rugby 2026,sr:season:137092,2026,league,regular season,1,Super Rugby Pacific 2026,Western Force,sr:competitor:21995,WFO,Brumbies,sr:competitor:4179,BRU,HBF Park,Perth,Australia,"-31.945833, 115.87","Way, Jordan",,24,2270467404,line_out_won,2026-02-14T08:39:41+00:00,5,4:19,home,Western Force,92,-2,1,,,,,,,,,,,,,,
super_rugby_2026_western_force_vs_brumbies_65866098.json,sr:sport_event:65866098,2026-02-14T08:35:00+00:00,Super Rugby,sr:competition:422,Super Rugby 2026,sr:season:137092,2026,league,regular season,1,Super Rugby Pacific 2026,Western Force,sr:competitor:21995,WFO,Brumbies,sr:competitor:4179,BRU,HBF Park,Perth,Australia,"-31.945833, 115.87","Way, Jordan",,25,2270467416,ball_recycled,2026-02-14T08:39:43+00:00,5,4:21,home,Western Force,91,12,1,,,,,,,,,,,,,,
super_rugby_2026_western_force_vs_brumbies_65866098.json,sr:sport_event:65866098,2026-02-14T08:35:00+00:00,Super Rugby,sr:competition:422,Super Rugby 2026,sr:season:137092,2026,league,regular season,1,Super Rugby Pacific 2026,Western Force,sr:competitor:21995,WFO,Brumbies,sr:competitor:4179,BRU,HBF Park,Perth,Australia,"-31.945833, 115.87","Way, Jordan",,26,2270467456,ball_recycled,2026-02-14T08:39:47+00:00,5,4:25,home,Western Force,91,12,1,,,,,,,,,,,,,,
super_rugby_2026_western_force_vs_brumbies_65866098.json,sr:sport_event:65866098,2026-02-14T08:35:00+00:00,Super Rugby,sr:competition:422,Super Rugby 2026,sr:season:137092,2026,league,regular season,1,Super Rugby Pacific 2026,Western Force,sr:competitor:21995,WFO,Brumbies,sr:competitor:4179,BRU,HBF Park,Perth,Australia,"-31.945833, 115.87","Way, Jordan",,27,2270467504,ball_recycled,2026-02-14T08:39:52+00:00,5,4:29,home,Western Force,100,25,1,,,,,,,,,,,,,,
super_rugby_2026_western_force_vs_brumbies_65866098.json,sr:sport_event:65866098,2026-02-14T08:35:00+00:00,Super Rugby,sr:competition:422,Super Rugby 2026,sr:season:137092,2026,league,regular season,1,Super Rugby Pacific 2026,Western Force,sr:competitor:21995,WFO,Brumbies,sr:competitor:4179,BRU,HBF Park,Perth,Australia,"-31.945833, 115.87","Way, Jordan",,28,2270467572,ball_recycled,2026-02-14T08:40:00+00:00,5,4:37,home,Western Force,96,33,1,,,,,,,,,,,,,,
super_rugby_2026_western_force_vs_brumbies_65866098.json,sr:sport_event:65866098,2026-02-14T08:35:00+00:00,Super Rugby,sr:competition:422,Super Rugby 2026,sr:season:137092,2026,league,regular season,1,Super Rugby Pacific 2026,Western Force,sr:competitor:21995,WFO,Brumbies,sr:competitor:4179,BRU,HBF Park,Perth,Australia,"-31.945833, 115.87","Way, Jordan",,29,2270467608,ball_recycled,2026-02-14T08:40:03+00:00,5,4:41,home,Western Force,97,39,1,,,,,,,,,,,,,,
super_rugby_2026_western_force_vs_brumbies_65866098.json,sr:sport_event:65866098,2026-02-14T08:35:00+00:00,Super Rugby,sr:competition:422,Super Rugby 2026,sr:season:137092,2026,league,regular season,1,Super Rugby Pacific 2026,Western Force,sr:competitor:21995,WFO,Brumbies,sr:competitor:4179,BRU,HBF Park,Perth,Australia,"-31.945833, 115.87","Way, Jordan",,30,2270467668,ball_recycled,2026-02-14T08:40:08+00:00,5,4:46,home,Western Force,97,39,1,,,,,,,,,,,,,,
super_rugby_2026_western_force_vs_brumbies_65866098.json,sr:sport_event:65866098,2026-02-14T08:35:00+00:00,Super Rugby,sr:competition:422,Super Rugby 2026,sr:season:137092,2026,league,regular season,1,Super Rugby Pacific 2026,Western Force,sr:competitor:21995,WFO,Brumbies,sr:competitor:4179,BRU,HBF Park,Perth,Australia,"-31.945833, 115.87","Way, Jordan",,31,2270467866,penalty_awarded,2026-02-14T08:40:28+00:00,6,5:06,home,Western Force,100,23,1,,,,,,,,,,,,,,
super_rugby_2026_western_force_vs_brumbies_65866098.json,sr:sport_event:65866098,2026-02-14T08:35:00+00:00,Super Rugby,sr:competition:422,Super Rugby 2026,sr:season:137092,2026,league,regular season,1,Super Rugby Pacific 2026,Western Force,sr:competitor:21995,WFO,Brumbies,sr:competitor:4179,BRU,HBF Park,Perth,Australia,"-31.945833, 115.87","Way, Jordan",,32,2270467988,kick_to_touch,2026-02-14T08:40:42+00:00,6,5:20,home,Western Force,100,23,1,,,,,,,,,,,,,,
super_rugby_2026_western_force_vs_brumbies_65866098.json,sr:sport_event:65866098,2026-02-14T08:35:00+00:00,Super Rugby,sr:competition:422,Super Rugby 2026,sr:season:137092,2026,league,regular season,1,Super Rugby Pacific 2026,Western Force,sr:competitor:21995,WFO,Brumbies,sr:competitor:4179,BRU,HBF Park,Perth,Australia,"-31.945833, 115.87","Way, Jordan",,33,2270468058,line_out,2026-02-14T08:40:49+00:00,6,5:27,home,Western Force,99,70,1,,,,,,,,,,,,,,
super_rugby_2026_western_force_vs_brumbies_65866098.json,sr:sport_event:65866098,2026-02-14T08:35:00+00:00,Super Rugby,sr:competition:422,Super Rugby 2026,sr:season:137092,2026,league,regular season,1,Super Rugby Pacific 2026,Western Force,sr:competitor:21995,WFO,Brumbies,sr:competitor:4179,BRU,HBF Park,Perth,Australia,"-31.945833, 115.87","Way, Jordan",,34,2270468190,line_out_won,2026-02-14T08:41:01+00:00,6,5:39,home,Western Force,99,70,1,,,,,,,,,,,,,,
super_rugby_2026_western_force_vs_brumbies_65866098.json,sr:sport_event:65866098,2026-02-14T08:35:00+00:00,Super Rugby,sr:competition:422,Super Rugby 2026,sr:season:137092,2026,league,regular season,1,Super Rugby Pacific 2026,Western Force,sr:competitor:21995,WFO,Brumbies,sr:competitor:4179,BRU,HBF Park,Perth,Australia,"-31.945833, 115.87","Way, Jordan",,35,2270468280,ball_recycled,2026-02-14T08:41:10+00:00,6,5:48,home,Western Force,99,58,1,,,,,,,,,,,,,,
super_rugby_2026_western_force_vs_brumbies_65866098.json,sr:sport_event:65866098,2026-02-14T08:35:00+00:00,Super Rugby,sr:competition:422,Super Rugby 2026,sr:season:137092,2026,league,regular season,1,Super Rugby Pacific 2026,Western Force,sr:competitor:21995,WFO,Brumbies,sr:competitor:4179,BRU,HBF Park,Perth,Australia,"-31.945833, 115.87","Way, Jordan",,36,2270468360,ball_recycled,2026-02-14T08:41:18+00:00,6,5:55,home,Western Force,101,55,1,,,,,,,,,,,,,,
super_rugby_2026_western_force_vs_brumbies_65866098.json,sr:sport_event:65866098,2026-02-14T08:35:00+00:00,Super Rugby,sr:competition:422,Super Rugby 2026,sr:season:137092,2026,league,regular season,1,Super Rugby Pacific 2026,Western Force,sr:competitor:21995,WFO,Brumbies,sr:competitor:4179,BRU,HBF Park,Perth,Australia,"-31.945833, 115.87","Way, Jordan",,37,2270468606,score_change,2026-02-14T08:41:41+00:00,7,6:18,home,Western Force,101,55,1,,,5,0,try,,,sr:player:2324925,"Ekuasi, Vaiolini",,,,,"[{""id"": ""sr:player:2324925"", ""name"": ""Ekuasi, Vaiolini"", ""type"": ""scorer""}]"
super_rugby_2026_western_force_vs_brumbies_65866098.json,sr:sport_event:65866098,2026-02-14T08:35:00+00:00,Super Rugby,sr:competition:422,Super Rugby 2026,sr:season:137092,2026,league,regular season,1,Super Rugby Pacific 2026,Western Force,sr:competitor:21995,WFO,Brumbies,sr:competitor:4179,BRU,HBF Park,Perth,Australia,"-31.945833, 115.87","Way, Jordan",,38,2270469086,score_change,2026-02-14T08:42:32+00:00,8,7:10,home,Western Force,55,35,1,,,7,0,conversion,,,sr:player:2049955,"Donaldson, Ben",,,,,"[{""id"": ""sr:player:2049955"", ""name"": ""Donaldson, Ben"", ""type"": ""scorer""}]"
super_rugby_2026_western_force_vs_brumbies_65866098.json,sr:sport_event:65866098,2026-02-14T08:35:00+00:00,Super Rugby,sr:competition:422,Super Rugby 2026,sr:season:137092,2026,league,regular season,1,Super Rugby Pacific 2026,Western Force,sr:competitor:21995,WFO,Brumbies,sr:competitor:4179,BRU,HBF Park,Perth,Australia,"-31.945833, 115.87","Way, Jordan",,39,2270469354,ball_kicked,2026-02-14T08:43:00+00:00,8,7:37,away,Brumbies,55,32,1,,,,,,,,,,,,,,
super_rugby_2026_western_force_vs_brumbies_65866098.json,sr:sport_event:65866098,2026-02-14T08:35:00+00:00,Super Rugby,sr:competition:422,Super Rugby 2026,sr:season:137092,2026,league,regular season,1,Super Rugby Pacific 2026,Western Force,sr:competitor:21995,WFO,Brumbies,sr:competitor:4179,BRU,HBF Park,Perth,Australia,"-31.945833, 115.87","Way, Jordan",,40,2270469372,ball_recycled,2026-02-14T08:43:02+00:00,8,7:40,home,Western Force,23,49,1,,,,,,,,,,,,,,
super_rugby_2026_western_force_vs_brumbies_65866098.json,sr:sport_event:65866098,2026-02-14T08:35:00+00:00,Super Rugby,sr:competition:422,Super Rugby 2026,sr:season:137092,2026,league,regular season,1,Super Rugby Pacific 2026,Western Force,sr:competitor:21995,WFO,Brumbies,sr:competitor:4179,BRU,HBF Park,Perth,Australia,"-31.945833, 115.87","Way, Jordan",,41,2270469402,ball_recycled,2026-02-14T08:43:05+00:00,8,7:43,home,Western Force,29,46,1,,,,,,,,,,,,,,
super_rugby_2026_western_force_vs_brumbies_65866098.json,sr:sport_event:65866098,2026-02-14T08:35:00+00:00,Super Rugby,sr:competition:422,Super Rugby 2026,sr:season:137092,2026,league,regular season,1,Super Rugby Pacific 2026,Western Force,sr:competitor:21995,WFO,Brumbies,sr:competitor:4179,BRU,HBF Park,Perth,Australia,"-31.945833, 115.87","Way, Jordan",,42,2270469516,ball_recycled,2026-02-14T08:43:16+00:00,8,7:53,home,Western Force,27,54,1,,,,,,,,,,,,,,
super_rugby_2026_western_force_vs_brumbies_65866098.json,sr:sport_event:65866098,2026-02-14T08:35:00+00:00,Super Rugby,sr:competition:422,Super Rugby 2026,sr:season:137092,2026,league,regular season,1,Super Rugby Pacific 2026,Western Force,sr:competitor:21995,WFO,Brumbies,sr:competitor:4179,BRU,HBF Park,Perth,Australia,"-31.945833, 115.87","Way, Jordan",,43,2270469568,ball_kicked,2026-02-14T08:43:21+00:00,8,8:00,home,Western Force,22,51,1,,,,,,,,,,,,,,
super_rugby_2026_western_force_vs_brumbies_65866098.json,sr:sport_event:65866098,2026-02-14T08:35:00+00:00,Super Rugby,sr:competition:422,Super Rugby 2026,sr:season:137092,2026,league,regular season,1,Super Rugby Pacific 2026,Western Force,sr:competitor:21995,WFO,Brumbies,sr:competitor:4179,BRU,HBF Park,Perth,Australia,"-31.945833, 115.87","Way, Jordan",,44,2270469640,line_out,2026-02-14T08:43:25+00:00,9,8:04,away,Brumbies,48,70,1,,,,,,,,,,,,,,
super_rugby_2026_western_force_vs_brumbies_65866098.json,sr:sport_event:65866098,2026-02-14T08:35:00+00:00,Super Rugby,sr:competition:422,Super Rugby 2026,sr:season:137092,2026,league,regular season,1,Super Rugby Pacific 2026,Western Force,sr:competitor:21995,WFO,Brumbies,sr:competitor:4179,BRU,HBF Park,Perth,Australia,"-31.945833, 115.87","Way, Jordan",,45,2270469854,line_out_won,2026-02-14T08:43:46+00:00,9,8:24,away,Brumbies,48,70,1,,,,,,,,,,,,,,
super_rugby_2026_western_force_vs_brumbies_65866098.json,sr:sport_event:65866098,2026-02-14T08:35:00+00:00,Super Rugby,sr:competition:422,Super Rugby 2026,sr:season:137092,2026,league,regular season,1,Super Rugby Pacific 2026,Western Force,sr:competitor:21995,WFO,Brumbies,sr:competitor:4179,BRU,HBF Park,Perth,Australia,"-31.945833, 115.87","Way, Jordan",,46,2270469926,ball_kicked,2026-02-14T08:43:53+00:00,9,8:32,away,Brumbies,39,40,1,,,,,,,,,,,,,,
super_rugby_2026_western_force_vs_brumbies_65866098.json,sr:sport_event:65866098,2026-02-14T08:35:00+00:00,Super Rugby,sr:competition:422,Super Rugby 2026,sr:season:137092,2026,league,regular season,1,Super Rugby Pacific 2026,Western Force,sr:competitor:21995,WFO,Brumbies,sr:competitor:4179,BRU,HBF Park,Perth,Australia,"-31.945833, 115.87","Way, Jordan",,47,2270469970,scrum,2026-02-14T08:43:58+00:00,9,8:37,home,Western Force,34,33,1,,,,,,,,,,,,,,
super_rugby_2026_western_force_vs_brumbies_65866098.json,sr:sport_event:65866098,2026-02-14T08:35:00+00:00,Super Rugby,sr:competition:422,Super Rugby 2026,sr:season:137092,2026,league,regular season,1,Super Rugby Pacific 2026,Western Force,sr:competitor:21995,WFO,Brumbies,sr:competitor:4179,BRU,HBF Park,Perth,Australia,"-31.945833, 115.87","Way, Jordan",,48,2270470362,scrum_won,2026-02-14T08:44:45+00:00,10,9:23,home,Western Force,34,33,1,,,,,,,,,,,,,,
super_rugby_2026_western_force_vs_brumbies_65866098.json,sr:sport_event:65866098,2026-02-14T08:35:00+00:00,Super Rugby,sr:competition:422,Super Rugby 2026,sr:season:137092,2026,league,regular season,1,Super Rugby Pacific 2026,Western Force,sr:competitor:21995,WFO,Brumbies,sr:competitor:4179,BRU,HBF Park,Perth,Australia,"-31.945833, 115.87","Way, Jordan",,49,2270470416,ball_recycled,2026-02-14T08:44:50+00:00,10,9:28,home,Western Force,34,55,1,,,,,,,,,,,,,,
super_rugby_2026_western_force_vs_brumbies_65866098.json,sr:sport_event:65866098,2026-02-14T08:35:00+00:00,Super Rugby,sr:competition:422,Super Rugby 2026,sr:season:137092,2026,league,regular season,1,Super Rugby Pacific 2026,Western Force,sr:competitor:21995,WFO,Brumbies,sr:competitor:4179,BRU,HBF Park,Perth,Australia,"-31.945833, 115.87","Way, Jordan",,50,2270470470,ball_recycled,2026-02-14T08:44:55+00:00,10,9:33,home,Western Force,51,62,1,,,,,,,,,,,,,,
super_rugby_2026_western_force_vs_brumbies_65866098.json,sr:sport_event:65866098,2026-02-14T08:35:00+00:00,Super Rugby,sr:competition:422,Super Rugby 2026,sr:season:137092,2026,league,regular season,1,Super Rugby Pacific 2026,Western Force,sr:competitor:21995,WFO,Brumbies,sr:competitor:4179,BRU,HBF Park,Perth,Australia,"-31.945833, 115.87","Way, Jordan",,51,2270470504,ball_recycled,2026-02-14T08:44:59+00:00,10,9:38,home,Western Force,54,53,1,,,,,,,,,,,,,,
super_rugby_2026_western_force_vs_brumbies_65866098.json,sr:sport_event:65866098,2026-02-14T08:35:00+00:00,Super Rugby,sr:competition:422,Super Rugby 2026,sr:season:137092,2026,league,regular season,1,Super Rugby Pacific 2026,Western Force,sr:competitor:21995,WFO,Brumbies,sr:competitor:4179,BRU,HBF Park,Perth,Australia,"-31.945833, 115.87","Way, Jordan",,52,2270470606,ball_recycled,2026-02-14T08:45:06+00:00,10,9:45,home,Western Force,43,21,1,,,,,,,,,,,,,,
super_rugby_2026_western_force_vs_brumbies_65866098.json,sr:sport_event:65866098,2026-02-14T08:35:00+00:00,Super Rugby,sr:competition:422,Super Rugby 2026,sr:season:137092,2026,league,regular season,1,Super Rugby Pacific 2026,Western Force,sr:competitor:21995,WFO,Brumbies,sr:competitor:4179,BRU,HBF Park,Perth,Australia,"-31.945833, 115.87","Way, Jordan",,53,2270470674,ball_recycled,2026-02-14T08:45:11+00:00,10,9:50,home,Western Force,60,3,1,,,,,,,,,,,,,,
super_rugby_2026_western_force_vs_brumbies_65866098.json,sr:sport_event:65866098,2026-02-14T08:35:00+00:00,Super Rugby,sr:competition:422,Super Rugby 2026,sr:season:137092,2026,league,regular season,1,Super Rugby Pacific 2026,Western Force,sr:competitor:21995,WFO,Brumbies,sr:competitor:4179,BRU,HBF Park,Perth,Australia,"-31.945833, 115.87","Way, Jordan",,54,2270470732,ball_recycled,2026-02-14T08:45:16+00:00,10,9:55,home,Western Force,56,13,1,,,,,,,,,,,,,,
super_rugby_2026_western_force_vs_brumbies_65866098.json,sr:sport_event:65866098,2026-02-14T08:35:00+00:00,Super Rugby,sr:competition:422,Super Rugby 2026,sr:season:137092,2026,league,regular season,1,Super Rugby Pacific 2026,Western Force,sr:competitor:21995,WFO,Brumbies,sr:competitor:4179,BRU,HBF Park,Perth,Australia,"-31.945833, 115.87","Way, Jordan",,55,2270470824,ball_recycled,2026-02-14T08:45:25+00:00,11,10:03,home,Western Force,51,32,1,,,,,,,,,,,,,,
super_rugby_2026_western_force_vs_brumbies_65866098.json,sr:sport_event:65866098,2026-02-14T08:35:00+00:00,Super Rugby,sr:competition:422,Super Rugby 2026,sr:season:137092,2026,league,regular season,1,Super Rugby Pacific 2026,Western Force,sr:competitor:21995,WFO,Brumbies,sr:competitor:4179,BRU,HBF Park,Perth,Australia,"-31.945833, 115.87","Way, Jordan",,56,2270470898,ball_recycled,2026-02-14T08:45:32+00:00,11,10:11,home,Western Force,50,11,1,,,,,,,,,,,,,,
super_rugby_2026_western_force_vs_brumbies_65866098.json,sr:sport_event:65866098,2026-02-14T08:35:00+00:00,Super Rugby,sr:competition:422,Super Rugby 2026,sr:season:137092,2026,league,regular season,1,Super Rugby Pacific 2026,Western Force,sr:competitor:21995,WFO,Brumbies,sr:competitor:4179,BRU,HBF Park,Perth,Australia,"-31.945833, 115.87","Way, Jordan",,57,2270470928,ball_recycled,2026-02-14T08:45:36+00:00,11,10:14,home,Western Force,75,6,1,,,,,,,,,,,,,,
super_rugby_2026_western_force_vs_brumbies_65866098.json,sr:sport_event:65866098,2026-02-14T08:35:00+00:00,Super Rugby,sr:competition:422,Super Rugby 2026,sr:season:137092,2026,league,regular season,1,Super Rugby Pacific 2026,Western Force,sr:competitor:21995,WFO,Brumbies,sr:competitor:4179,BRU,HBF Park,Perth,Australia,"-31.945833, 115.87","Way, Jordan",,58,2270470956,ball_recycled,2026-02-14T08:45:40+00:00,11,10:19,home,Western Force,75,12,1,,,,,,,,,,,,,,
super_rugby_2026_western_force_vs_brumbies_65866098.json,sr:sport_event:65866098,2026-02-14T08:35:00+00:00,Super Rugby,sr:competition:422,Super Rugby 2026,sr:season:137092,2026,league,regular season,1,Super Rugby Pacific 2026,Western Force,sr:competitor:21995,WFO,Brumbies,sr:competitor:4179,BRU,HBF Park,Perth,Australia,"-31.945833, 115.87","Way, Jordan",,59,2270471048,ball_recycled,2026-02-14T08:45:48+00:00,11,10:27,home,Western Force,70,28,1,,,,,,,,,,,,,,
super_rugby_2026_western_force_vs_brumbies_65866098.json,sr:sport_event:65866098,2026-02-14T08:35:00+00:00,Super Rugby,sr:competition:422,Super Rugby 2026,sr:season:137092,2026,league,regular season,1,Super Rugby Pacific 2026,Western Force,sr:competitor:21995,WFO,Brumbies,sr:competitor:4179,BRU,HBF Park,Perth,Australia,"-31.945833, 115.87","Way, Jordan",,60,2270471224,ball_recycled,2026-02-14T08:46:05+00:00,11,10:43,home,Western Force,73,30,1,,,,,,,,,,,,,,
super_rugby_2026_western_force_vs_brumbies_65866098.json,sr:sport_event:65866098,2026-02-14T08:35:00+00:00,Super Rugby,sr:competition:422,Super Rugby 2026,sr:season:137092,2026,league,regular season,1,Super Rugby Pacific 2026,Western Force,sr:competitor:21995,WFO,Brumbies,sr:competitor:4179,BRU,HBF Park,Perth,Australia,"-31.945833, 115.87","Way, Jordan",,61,2270471262,ball_recycled,2026-02-14T08:46:08+00:00,11,10:47,home,Western Force,77,32,1,,,,,,,,,,,,,,
super_rugby_2026_western_force_vs_brumbies_65866098.json,sr:sport_event:65866098,2026-02-14T08:35:00+00:00,Super Rugby,sr:competition:422,Super Rugby 2026,sr:season:137092,2026,league,regular season,1,Super Rugby Pacific 2026,Western Force,sr:competitor:21995,WFO,Brumbies,sr:competitor:4179,BRU,HBF Park,Perth,Australia,"-31.945833, 115.87","Way, Jordan",,62,2270471358,penalty_awarded,2026-02-14T08:46:16+00:00,11,10:55,home,Western Force,70,27,1,,,,,,,,,,,,,,
super_rugby_2026_western_force_vs_brumbies_65866098.json,sr:sport_event:65866098,2026-02-14T08:35:00+00:00,Super Rugby,sr:competition:422,Super Rugby 2026,sr:season:137092,2026,league,regular season,1,Super Rugby Pacific 2026,Western Force,sr:competitor:21995,WFO,Brumbies,sr:competitor:4179,BRU,HBF Park,Perth,Australia,"-31.945833, 115.87","Way, Jordan",,63,2270471662,kick_to_touch,2026-02-14T08:46:43+00:00,12,11:22,home,Western Force,70,27,1,,,,,,,,,,,,,,
super_rugby_2026_western_force_vs_brumbies_65866098.json,sr:sport_event:65866098,2026-02-14T08:35:00+00:00,Super Rugby,sr:competition:422,Super Rugby 2026,sr:season:137092,2026,league,regular season,1,Super Rugby Pacific 2026,Western Force,sr:competitor:21995,WFO,Brumbies,sr:competitor:4179,BRU,HBF Park,Perth,Australia,"-31.945833, 115.87","Way, Jordan",,64,2270471704,line_out,2026-02-14T08:46:46+00:00,12,11:25,home,Western Force,93,-3,1,,,,,,,,,,,,,,
super_rugby_2026_western_force_vs_brumbies_65866098.json,sr:sport_event:65866098,2026-02-14T08:35:00+00:00,Super Rugby,sr:competition:422,Super Rugby 2026,sr:season:137092,2026,league,regular season,1,Super Rugby Pacific 2026,Western Force,sr:competitor:21995,WFO,Brumbies,sr:competitor:4179,BRU,HBF Park,Perth,Australia,"-31.945833, 115.87","Way, Jordan",,65,2270471936,line_out_won,2026-02-14T08:47:10+00:00,12,11:49,home,Western Force,93,-3,1,,,,,,,,,,,,,,
super_rugby_2026_western_force_vs_brumbies_65866098.json,sr:sport_event:65866098,2026-02-14T08:35:00+00:00,Super Rugby,sr:competition:422,Super Rugby 2026,sr:season:137092,2026,league,regular season,1,Super Rugby Pacific 2026,Western Force,sr:competitor:21995,WFO,Brumbies,sr:competitor:4179,BRU,HBF Park,Perth,Australia,"-31.945833, 115.87","Way, Jordan",,66,2270472050,ball_recycled,2026-02-14T08:47:19+00:00,12,11:58,home,Western Force,93,10,1,,,,,,,,,,,,,,
super_rugby_2026_western_force_vs_brumbies_65866098.json,sr:sport_event:65866098,2026-02-14T08:35:00+00:00,Super Rugby,sr:competition:422,Super Rugby 2026,sr:season:137092,2026,league,regular season,1,Super Rugby Pacific 2026,Western Force,sr:competitor:21995,WFO,Brumbies,sr:competitor:4179,BRU,HBF Park,Perth,Australia,"-31.945833, 115.87","Way, Jordan",,67,2270472098,ball_recycled,2026-02-14T08:47:25+00:00,13,12:04,home,Western Force,92,13,1,,,,,,,,,,,,,,
super_rugby_2026_western_force_vs_brumbies_65866098.json,sr:sport_event:65866098,2026-02-14T08:35:00+00:00,Super Rugby,sr:competition:422,Super Rugby 2026,sr:season:137092,2026,league,regular season,1,Super Rugby Pacific 2026,Western Force,sr:competitor:21995,WFO,Brumbies,sr:competitor:4179,BRU,HBF Park,Perth,Australia,"-31.945833, 115.87","Way, Jordan",,68,2270472186,ball_recycled,2026-02-14T08:47:37+00:00,13,12:15,home,Western Force,92,14,1,,,,,,,,,,,,,,
super_rugby_2026_western_force_vs_brumbies_65866098.json,sr:sport_event:65866098,2026-02-14T08:35:00+00:00,Super Rugby,sr:competition:422,Super Rugby 2026,sr:season:137092,2026,league,regular season,1,Super Rugby Pacific 2026,Western Force,sr:competitor:21995,WFO,Brumbies,sr:competitor:4179,BRU,HBF Park,Perth,Australia,"-31.945833, 115.87","Way, Jordan",,69,2270472230,ball_recycled,2026-02-14T08:47:42+00:00,13,12:20,home,Western Force,96,16,1,,,,,,,,,,,,,,
super_rugby_2026_western_force_vs_brumbies_65866098.json,sr:sport_event:65866098,2026-02-14T08:35:00+00:00,Super Rugby,sr:competition:422,Super Rugby 2026,sr:season:137092,2026,league,regular season,1,Super Rugby Pacific 2026,Western Force,sr:competitor:21995,WFO,Brumbies,sr:competitor:4179,BRU,HBF Park,Perth,Australia,"-31.945833, 115.87","Way, Jordan",,70,2270472326,ball_recycled,2026-02-14T08:47:50+00:00,13,12:29,home,Western Force,96,16,1,,,,,,,,,,,,,,
super_rugby_2026_western_force_vs_brumbies_65866098.json,sr:sport_event:65866098,2026-02-14T08:35:00+00:00,Super Rugby,sr:competition:422,Super Rugby 2026,sr:season:137092,2026,league,regular season,1,Super Rugby Pacific 2026,Western Force,sr:competitor:21995,WFO,Brumbies,sr:competitor:4179,BRU,HBF Park,Perth,Australia,"-31.945833, 115.87","Way, Jordan",,71,2270472376,ball_recycled,2026-02-14T08:47:57+00:00,13,12:36,home,Western Force,101,26,1,,,,,,,,,,,,,,
super_rugby_2026_western_force_vs_brumbies_65866098.json,sr:sport_event:65866098,2026-02-14T08:35:00+00:00,Super Rugby,sr:competition:422,Super Rugby 2026,sr:season:137092,2026,league,regular season,1,Super Rugby Pacific 2026,Western Force,sr:competitor:21995,WFO,Brumbies,sr:competitor:4179,BRU,HBF Park,Perth,Australia,"-31.945833, 115.87","Way, Jordan",,72,2270472452,turnover,2026-02-14T08:48:07+00:00,13,12:45,away,Brumbies,100,25,1,,,,,,,,,,,,,,
super_rugby_2026_western_force_vs_brumbies_65866098.json,sr:sport_event:65866098,2026-02-14T08:35:00+00:00,Super Rugby,sr:competition:422,Super Rugby 2026,sr:season:137092,2026,league,regular season,1,Super Rugby Pacific 2026,Western Force,sr:competitor:21995,WFO,Brumbies,sr:competitor:4179,BRU,HBF Park,Perth,Australia,"-31.945833, 115.87","Way, Jordan",,73,2270473084,ball_kicked,2026-02-14T08:49:21+00:00,14,13:05,away,Brumbies,75,19,1,,,,,,,,,,,,,,
super_rugby_2026_western_force_vs_brumbies_65866098.json,sr:sport_event:65866098,2026-02-14T08:35:00+00:00,Super Rugby,sr:competition:422,Super Rugby 2026,sr:season:137092,2026,league,regular season,1,Super Rugby Pacific 2026,Western Force,sr:competitor:21995,WFO,Brumbies,sr:competitor:4179,BRU,HBF Park,Perth,Australia,"-31.945833, 115.87","Way, Jordan",,74,2270473110,ball_recycled,2026-02-14T08:49:24+00:00,14,13:07,home,Western Force,60,30,1,,,,,,,,,,,,,,
super_rugby_2026_western_force_vs_brumbies_65866098.json,sr:sport_event:65866098,2026-02-14T08:35:00+00:00,Super Rugby,sr:competition:422,Super Rugby 2026,sr:season:137092,2026,league,regular season,1,Super Rugby Pacific 2026,Western Force,sr:competitor:21995,WFO,Brumbies,sr:competitor:4179,BRU,HBF Park,Perth,Australia,"-31.945833, 115.87","Way, Jordan",,75,2270473132,ball_recycled,2026-02-14T08:49:26+00:00,14,13:10,home,Western Force,66,11,1,,,,,,,,,,,,,,
super_rugby_2026_western_force_vs_brumbies_65866098.json,sr:sport_event:65866098,2026-02-14T08:35:00+00:00,Super Rugby,sr:competition:422,Super Rugby 2026,sr:season:137092,2026,league,regular season,1,Super Rugby Pacific 2026,Western Force,sr:competitor:21995,WFO,Brumbies,sr:competitor:4179,BRU,HBF Park,Perth,Australia,"-31.945833, 115.87","Way, Jordan",,76,2270473172,ball_recycled,2026-02-14T08:49:29+00:00,14,13:13,home,Western Force,70,6,1,,,,,,,,,,,,,,
super_rugby_2026_western_force_vs_brumbies_65866098.json,sr:sport_event:65866098,2026-02-14T08:35:00+00:00,Super Rugby,sr:competition:422,Super Rugby 2026,sr:season:137092,2026,league,regular season,1,Super Rugby Pacific 2026,Western Force,sr:competitor:21995,WFO,Brumbies,sr:competitor:4179,BRU,HBF Park,Perth,Australia,"-31.945833, 115.87","Way, Jordan",,77,2270473204,ball_recycled,2026-02-14T08:49:33+00:00,14,13:17,home,Western Force,70,14,1,,,,,,,,,,,,,,
super_rugby_2026_western_force_vs_brumbies_65866098.json,sr:sport_event:65866098,2026-02-14T08:35:00+00:00,Super Rugby,sr:competition:422,Super Rugby 2026,sr:season:137092,2026,league,regular season,1,Super Rugby Pacific 2026,Western Force,sr:competitor:21995,WFO,Brumbies,sr:competitor:4179,BRU,HBF Park,Perth,Australia,"-31.945833, 115.87","Way, Jordan",,78,2270473242,ball_recycled,2026-02-14T08:49:38+00:00,14,13:22,home,Western Force,73,24,1,,,,,,,,,,,,,,
super_rugby_2026_western_force_vs_brumbies_65866098.json,sr:sport_event:65866098,2026-02-14T08:35:00+00:00,Super Rugby,sr:competition:422,Super Rugby 2026,sr:season:137092,2026,league,regular season,1,Super Rugby Pacific 2026,Western Force,sr:competitor:21995,WFO,Brumbies,sr:competitor:4179,BRU,HBF Park,Perth,Australia,"-31.945833, 115.87","Way, Jordan",,79,2270473278,ball_recycled,2026-02-14T08:49:44+00:00,14,13:29,home,Western Force,75,43,1,,,,,,,,,,,,,,
super_rugby_2026_western_force_vs_brumbies_65866098.json,sr:sport_event:65866098,2026-02-14T08:35:00+00:00,Super Rugby,sr:competition:422,Super Rugby 2026,sr:season:137092,2026,league,regular season,1,Super Rugby Pacific 2026,Western Force,sr:competitor:21995,WFO,Brumbies,sr:competitor:4179,BRU,HBF Park,Perth,Australia,"-31.945833, 115.87","Way, Jordan",,80,2270473356,ball_recycled,2026-02-14T08:49:53+00:00,14,13:37,home,Western Force,75,27,1,,,,,,,,,,,,,,
super_rugby_2026_western_force_vs_brumbies_65866098.json,sr:sport_event:65866098,2026-02-14T08:35:00+00:00,Super Rugby,sr:competition:422,Super Rugby 2026,sr:season:137092,2026,league,regular season,1,Super Rugby Pacific 2026,Western Force,sr:competitor:21995,WFO,Brumbies,sr:competitor:4179,BRU,HBF Park,Perth,Australia,"-31.945833, 115.87","Way, Jordan",,81,2270473404,ball_recycled,2026-02-14T08:49:59+00:00,14,13:43,home,Western Force,68,15,1,,,,,,,,,,,,,,
super_rugby_2026_western_force_vs_brumbies_65866098.json,sr:sport_event:65866098,2026-02-14T08:35:00+00:00,Super Rugby,sr:competition:422,Super Rugby 2026,sr:season:137092,2026,league,regular season,1,Super Rugby Pacific 2026,Western Force,sr:competitor:21995,WFO,Brumbies,sr:competitor:4179,BRU,HBF Park,Perth,Australia,"-31.945833, 115.87","Way, Jordan",,82,2270473438,ball_recycled,2026-02-14T08:50:05+00:00,14,13:49,home,Western Force,75,19,1,,,,,,,,,,,,,,
super_rugby_2026_western_force_vs_brumbies_65866098.json,sr:sport_event:65866098,2026-02-14T08:35:00+00:00,Super Rugby,sr:competition:422,Super Rugby 2026,sr:season:137092,2026,league,regular season,1,Super Rugby Pacific 2026,Western Force,sr:competitor:21995,WFO,Brumbies,sr:competitor:4179,BRU,HBF Park,Perth,Australia,"-31.945833, 115.87","Way, Jordan",,83,2270473502,ball_recycled,2026-02-14T08:50:09+00:00,14,13:54,home,Western Force,75,12,1,,,,,,,,,,,,,,
super_rugby_2026_western_force_vs_brumbies_65866098.json,sr:sport_event:65866098,2026-02-14T08:35:00+00:00,Super Rugby,sr:competition:422,Super Rugby 2026,sr:season:137092,2026,league,regular season,1,Super Rugby Pacific 2026,Western Force,sr:competitor:21995,WFO,Brumbies,sr:competitor:4179,BRU,HBF Park,Perth,Australia,"-31.945833, 115.87","Way, Jordan",,84,2270473536,turnover,2026-02-14T08:50:14+00:00,14,13:59,away,Brumbies,75,12,1,,,,,,,,,,,,,,
super_rugby_2026_western_force_vs_brumbies_65866098.json,sr:sport_event:65866098,2026-02-14T08:35:00+00:00,Super Rugby,sr:competition:422,Super Rugby 2026,sr:season:137092,2026,league,regular season,1,Super Rugby Pacific 2026,Western Force,sr:competitor:21995,WFO,Brumbies,sr:competitor:4179,BRU,HBF Park,Perth,Australia,"-31.945833, 115.87","Way, Jordan",,85,2270473558,scrum,2026-02-14T08:50:17+00:00,15,14:02,away,Brumbies,73,13,1,,,,,,,,,,,,,,
super_rugby_2026_western_force_vs_brumbies_65866098.json,sr:sport_event:65866098,2026-02-14T08:35:00+00:00,Super Rugby,sr:competition:422,Super Rugby 2026,sr:season:137092,2026,league,regular season,1,Super Rugby Pacific 2026,Western Force,sr:competitor:21995,WFO,Brumbies,sr:competitor:4179,BRU,HBF Park,Perth,Australia,"-31.945833, 115.87","Way, Jordan",,86,2270474022,scrum_won,2026-02-14T08:51:11+00:00,15,14:55,away,Brumbies,73,13,1,,,,,,,,,,,,,,
super_rugby_2026_western_force_vs_brumbies_65866098.json,sr:sport_event:65866098,2026-02-14T08:35:00+00:00,Super Rugby,sr:competition:422,Super Rugby 2026,sr:season:137092,2026,league,regular season,1,Super Rugby Pacific 2026,Western Force,sr:competitor:21995,WFO,Brumbies,sr:competitor:4179,BRU,HBF Park,Perth,Australia,"-31.945833, 115.87","Way, Jordan",,87,2270474072,ball_kicked,2026-02-14T08:51:20+00:00,16,15:05,away,Brumbies,73,13,1,,,,,,,,,,,,,,
super_rugby_2026_western_force_vs_brumbies_65866098.json,sr:sport_event:65866098,2026-02-14T08:35:00+00:00,Super Rugby,sr:competition:422,Super Rugby 2026,sr:season:137092,2026,league,regular season,1,Super Rugby Pacific 2026,Western Force,sr:competitor:21995,WFO,Brumbies,sr:competitor:4179,BRU,HBF Park,Perth,Australia,"-31.945833, 115.87","Way, Jordan",,88,2270474160,ball_kicked,2026-02-14T08:51:29+00:00,16,15:14,away,Brumbies,55,16,1,,,,,,,,,,,,,,
super_rugby_2026_western_force_vs_brumbies_65866098.json,sr:sport_event:65866098,2026-02-14T08:35:00+00:00,Super Rugby,sr:competition:422,Super Rugby 2026,sr:season:137092,2026,league,regular season,1,Super Rugby Pacific 2026,Western Force,sr:competitor:21995,WFO,Brumbies,sr:competitor:4179,BRU,HBF Park,Perth,Australia,"-31.945833, 115.87","Way, Jordan",,89,2270474174,ball_recycled,2026-02-14T08:51:32+00:00,16,15:17,home,Western Force,43,4,1,,,,,,,,,,,,,,
super_rugby_2026_western_force_vs_brumbies_65866098.json,sr:sport_event:65866098,2026-02-14T08:35:00+00:00,Super Rugby,sr:competition:422,Super Rugby 2026,sr:season:137092,2026,league,regular season,1,Super Rugby Pacific 2026,Western Force,sr:competitor:21995,WFO,Brumbies,sr:competitor:4179,BRU,HBF Park,Perth,Australia,"-31.945833, 115.87","Way, Jordan",,90,2270474206,ball_recycled,2026-02-14T08:51:34+00:00,16,15:19,home,Western Force,44,7,1,,,,,,,,,,,,,,
super_rugby_2026_western_force_vs_brumbies_65866098.json,sr:sport_event:65866098,2026-02-14T08:35:00+00:00,Super Rugby,sr:competition:422,Super Rugby 2026,sr:season:137092,2026,league,regular season,1,Super Rugby Pacific 2026,Western Force,sr:competitor:21995,WFO,Brumbies,sr:competitor:4179,BRU,HBF Park,Perth,Australia,"-31.945833, 115.87","Way, Jordan",,91,2270474262,ball_recycled,2026-02-14T08:51:39+00:00,16,15:24,home,Western Force,46,11,1,,,,,,,,,,,,,,
super_rugby_2026_western_force_vs_brumbies_65866098.json,sr:sport_event:65866098,2026-02-14T08:35:00+00:00,Super Rugby,sr:competition:422,Super Rugby 2026,sr:season:137092,2026,league,regular season,1,Super Rugby Pacific 2026,Western Force,sr:competitor:21995,WFO,Brumbies,sr:competitor:4179,BRU,HBF Park,Perth,Australia,"-31.945833, 115.87","Way, Jordan",,92,2270474374,ball_kicked,2026-02-14T08:51:52+00:00,16,15:36,home,Western Force,43,10,1,,,,,,,,,,,,,,
super_rugby_2026_western_force_vs_brumbies_65866098.json,sr:sport_event:65866098,2026-02-14T08:35:00+00:00,Super Rugby,sr:competition:422,Super Rugby 2026,sr:season:137092,2026,league,regular season,1,Super Rugby Pacific 2026,Western Force,sr:competitor:21995,WFO,Brumbies,sr:competitor:4179,BRU,HBF Park,Perth,Australia,"-31.945833, 115.87","Way, Jordan",,93,2270474392,ball_recycled,2026-02-14T08:51:54+00:00,16,15:39,home,Western Force,64,12,1,,,,,,,,,,,,,,
super_rugby_2026_western_force_vs_brumbies_65866098.json,sr:sport_event:65866098,2026-02-14T08:35:00+00:00,Super Rugby,sr:competition:422,Super Rugby 2026,sr:season:137092,2026,league,regular season,1,Super Rugby Pacific 2026,Western Force,sr:competitor:21995,WFO,Brumbies,sr:competitor:4179,BRU,HBF Park,Perth,Australia,"-31.945833, 115.87","Way, Jordan",,94,2270474450,ball_kicked,2026-02-14T08:52:00+00:00,16,15:45,home,Western Force,60,23,1,,,,,,,,,,,,,,
super_rugby_2026_western_force_vs_brumbies_65866098.json,sr:sport_event:65866098,2026-02-14T08:35:00+00:00,Super Rugby,sr:competition:422,Super Rugby 2026,sr:season:137092,2026,league,regular season,1,Super Rugby Pacific 2026,Western Force,sr:competitor:21995,WFO,Brumbies,sr:competitor:4179,BRU,HBF Park,Perth,Australia,"-31.945833, 115.87","Way, Jordan",,95,2270474478,ball_kicked,2026-02-14T08:52:03+00:00,16,15:48,away,Brumbies,93,47,1,,,,,,,,,,,,,,
super_rugby_2026_western_force_vs_brumbies_65866098.json,sr:sport_event:65866098,2026-02-14T08:35:00+00:00,Super Rugby,sr:competition:422,Super Rugby 2026,sr:season:137092,2026,league,regular season,1,Super Rugby Pacific 2026,Western Force,sr:competitor:21995,WFO,Brumbies,sr:competitor:4179,BRU,HBF Park,Perth,Australia,"-31.945833, 115.87","Way, Jordan",,96,2270474526,line_out,2026-02-14T08:52:09+00:00,16,15:53,home,Western Force,58,72,1,,,,,,,,,,,,,,
super_rugby_2026_western_force_vs_brumbies_65866098.json,sr:sport_event:65866098,2026-02-14T08:35:00+00:00,Super Rugby,sr:competition:422,Super Rugby 2026,sr:season:137092,2026,league,regular season,1,Super Rugby Pacific 2026,Western Force,sr:competitor:21995,WFO,Brumbies,sr:competitor:4179,BRU,HBF Park,Perth,Australia,"-31.945833, 115.87","Way, Jordan",,97,2270474780,line_out_won,2026-02-14T08:52:43+00:00,17,16:28,home,Western Force,58,72,1,,,,,,,,,,,,,,
super_rugby_2026_western_force_vs_brumbies_65866098.json,sr:sport_event:65866098,2026-02-14T08:35:00+00:00,Super Rugby,sr:competition:422,Super Rugby 2026,sr:season:137092,2026,league,regular season,1,Super Rugby Pacific 2026,Western Force,sr:competitor:21995,WFO,Brumbies,sr:competitor:4179,BRU,HBF Park,Perth,Australia,"-31.945833, 115.87","Way, Jordan",,98,2270474812,ball_recycled,2026-02-14T08:52:48+00:00,17,16:33,home,Western Force,56,26,1,,,,,,,,,,,,,,
super_rugby_2026_western_force_vs_brumbies_65866098.json,sr:sport_event:65866098,2026-02-14T08:35:00+00:00,Super Rugby,sr:competition:422,Super Rugby 2026,sr:season:137092,2026,league,regular season,1,Super Rugby Pacific 2026,Western Force,sr:competitor:21995,WFO,Brumbies,sr:competitor:4179,BRU,HBF Park,Perth,Australia,"-31.945833, 115.87","Way, Jordan",,99,2270474850,ball_recycled,2026-02-14T08:52:53+00:00,17,16:38,home,Western Force,59,40,1,,,,,,,,,,,,,,
super_rugby_2026_western_force_vs_brumbies_65866098.json,sr:sport_event:65866098,2026-02-14T08:35:00+00:00,Super Rugby,sr:competition:422,Super Rugby 2026,sr:season:137092,2026,league,regular season,1,Super Rugby Pacific 2026,Western Force,sr:competitor:21995,WFO,Brumbies,sr:competitor:4179,BRU,HBF Park,Perth,Australia,"-31.945833, 115.87","Way, Jordan",,100,2270474910,ball_recycled,2026-02-14T08:53:01+00:00,17,16:46,home,Western Force,63,46,1,,,,,,,,,,,,,,
super_rugby_2026_western_force_vs_brumbies_65866098.json,sr:sport_event:65866098,2026-02-14T08:35:00+00:00,Super Rugby,sr:competition:422,Super Rugby 2026,sr:season:137092,2026,league,regular season,1,Super Rugby Pacific 2026,Western Force,sr:competitor:21995,WFO,Brumbies,sr:competitor:4179,BRU,HBF Park,Perth,Australia,"-31.945833, 115.87","Way, Jordan",,101,2270475070,penalty_awarded,2026-02-14T08:53:18+00:00,18,17:03,home,Western Force,62,44,1,,,,,,,,,,,,,,
super_rugby_2026_western_force_vs_brumbies_65866098.json,sr:sport_event:65866098,2026-02-14T08:35:00+00:00,Super Rugby,sr:competition:422,Super Rugby 2026,sr:season:137092,2026,league,regular season,1,Super Rugby Pacific 2026,Western Force,sr:competitor:21995,WFO,Brumbies,sr:competitor:4179,BRU,HBF Park,Perth,Australia,"-31.945833, 115.87","Way, Jordan",,102,2270475384,kick_to_touch,2026-02-14T08:53:57+00:00,18,17:42,home,Western Force,60,41,1,,,,,,,,,,,,,,
super_rugby_2026_western_force_vs_brumbies_65866098.json,sr:sport_event:65866098,2026-02-14T08:35:00+00:00,Super Rugby,sr:competition:422,Super Rugby 2026,sr:season:137092,2026,league,regular season,1,Super Rugby Pacific 2026,Western Force,sr:competitor:21995,WFO,Brumbies,sr:competitor:4179,BRU,HBF Park,Perth,Australia,"-31.945833, 115.87","Way, Jordan",,103,2270475406,line_out,2026-02-14T08:54:01+00:00,18,17:46,home,Western Force,83,72,1,,,,,,,,,,,,,,
super_rugby_2026_western_force_vs_brumbies_65866098.json,sr:sport_event:65866098,2026-02-14T08:35:00+00:00,Super Rugby,sr:competition:422,Super Rugby 2026,sr:season:137092,2026,league,regular season,1,Super Rugby Pacific 2026,Western Force,sr:competitor:21995,WFO,Brumbies,sr:competitor:4179,BRU,HBF Park,Perth,Australia,"-31.945833, 115.87","Way, Jordan",,104,2270475538,line_out_won,2026-02-14T08:54:21+00:00,19,18:05,home,Western Force,83,72,1,,,,,,,,,,,,,,
super_rugby_2026_western_force_vs_brumbies_65866098.json,sr:sport_event:65866098,2026-02-14T08:35:00+00:00,Super Rugby,sr:competition:422,Super Rugby 2026,sr:season:137092,2026,league,regular season,1,Super Rugby Pacific 2026,Western Force,sr:competitor:21995,WFO,Brumbies,sr:competitor:4179,BRU,HBF Park,Perth,Australia,"-31.945833, 115.87","Way, Jordan",,105,2270475556,ball_recycled,2026-02-14T08:54:24+00:00,19,18:09,home,Western Force,76,44,1,,,,,,,,,,,,,,
super_rugby_2026_western_force_vs_brumbies_65866098.json,sr:sport_event:65866098,2026-02-14T08:35:00+00:00,Super Rugby,sr:competition:422,Super Rugby 2026,sr:season:137092,2026,league,regular season,1,Super Rugby Pacific 2026,Western Force,sr:competitor:21995,WFO,Brumbies,sr:competitor:4179,BRU,HBF Park,Perth,Australia,"-31.945833, 115.87","Way, Jordan",,106,2270475588,ball_recycled,2026-02-14T08:54:27+00:00,19,18:12,home,Western Force,85,37,1,,,,,,,,,,,,,,
super_rugby_2026_western_force_vs_brumbies_65866098.json,sr:sport_event:65866098,2026-02-14T08:35:00+00:00,Super Rugby,sr:competition:422,Super Rugby 2026,sr:season:137092,2026,league,regular season,1,Super Rugby Pacific 2026,Western Force,sr:competitor:21995,WFO,Brumbies,sr:competitor:4179,BRU,HBF Park,Perth,Australia,"-31.945833, 115.87","Way, Jordan",,107,2270475630,ball_recycled,2026-02-14T08:54:32+00:00,19,18:16,home,Western Force,87,23,1,,,,,,,,,,,,,,
super_rugby_2026_western_force_vs_brumbies_65866098.json,sr:sport_event:65866098,2026-02-14T08:35:00+00:00,Super Rugby,sr:competition:422,Super Rugby 2026,sr:season:137092,2026,league,regular season,1,Super Rugby Pacific 2026,Western Force,sr:competitor:21995,WFO,Brumbies,sr:competitor:4179,BRU,HBF Park,Perth,Australia,"-31.945833, 115.87","Way, Jordan",,108,2270475678,ball_recycled,2026-02-14T08:54:38+00:00,19,18:22,home,Western Force,88,13,1,,,,,,,,,,,,,,
super_rugby_2026_western_force_vs_brumbies_65866098.json,sr:sport_event:65866098,2026-02-14T08:35:00+00:00,Super Rugby,sr:competition:422,Super Rugby 2026,sr:season:137092,2026,league,regular season,1,Super Rugby Pacific 2026,Western Force,sr:competitor:21995,WFO,Brumbies,sr:competitor:4179,BRU,HBF Park,Perth,Australia,"-31.945833, 115.87","Way, Jordan",,109,2270475732,ball_recycled,2026-02-14T08:54:46+00:00,19,18:31,home,Western Force,87,26,1,,,,,,,,,,,,,,
super_rugby_2026_western_force_vs_brumbies_65866098.json,sr:sport_event:65866098,2026-02-14T08:35:00+00:00,Super Rugby,sr:competition:422,Super Rugby 2026,sr:season:137092,2026,league,regular season,1,Super Rugby Pacific 2026,Western Force,sr:competitor:21995,WFO,Brumbies,sr:competitor:4179,BRU,HBF Park,Perth,Australia,"-31.945833, 115.87","Way, Jordan",,110,2270475784,ball_recycled,2026-02-14T08:54:53+00:00,19,18:37,home,Western Force,87,39,1,,,,,,,,,,,,,,
super_rugby_2026_western_force_vs_brumbies_65866098.json,sr:sport_event:65866098,2026-02-14T08:35:00+00:00,Super Rugby,sr:competition:422,Super Rugby 2026,sr:season:137092,2026,league,regular season,1,Super Rugby Pacific 2026,Western Force,sr:competitor:21995,WFO,Brumbies,sr:competitor:4179,BRU,HBF Park,Perth,Australia,"-31.945833, 115.87","Way, Jordan",,111,2270475824,line_out,2026-02-14T08:54:58+00:00,19,18:43,away,Brumbies,79,72,1,,,,,,,,,,,,,,
super_rugby_2026_western_force_vs_brumbies_65866098.json,sr:sport_event:65866098,2026-02-14T08:35:00+00:00,Super Rugby,sr:competition:422,Super Rugby 2026,sr:season:137092,2026,league,regular season,1,Super Rugby Pacific 2026,Western Force,sr:competitor:21995,WFO,Brumbies,sr:competitor:4179,BRU,HBF Park,Perth,Australia,"-31.945833, 115.87","Way, Jordan",,112,2270476104,line_out_won,2026-02-14T08:55:34+00:00,20,19:19,away,Brumbies,79,72,1,,,,,,,,,,,,,,
super_rugby_2026_western_force_vs_brumbies_65866098.json,sr:sport_event:65866098,2026-02-14T08:35:00+00:00,Super Rugby,sr:competition:422,Super Rugby 2026,sr:season:137092,2026,league,regular season,1,Super Rugby Pacific 2026,Western Force,sr:competitor:21995,WFO,Brumbies,sr:competitor:4179,BRU,HBF Park,Perth,Australia,"-31.945833, 115.87","Way, Jordan",,113,2270476132,ball_recycled,2026-02-14T08:55:38+00:00,20,19:23,away,Brumbies,85,41,1,,,,,,,,,,,,,,
super_rugby_2026_western_force_vs_brumbies_65866098.json,sr:sport_event:65866098,2026-02-14T08:35:00+00:00,Super Rugby,sr:competition:422,Super Rugby 2026,sr:season:137092,2026,league,regular season,1,Super Rugby Pacific 2026,Western Force,sr:competitor:21995,WFO,Brumbies,sr:competitor:4179,BRU,HBF Park,Perth,Australia,"-31.945833, 115.87","Way, Jordan",,114,2270476396,ball_kicked,2026-02-14T08:55:51+00:00,20,19:35,away,Brumbies,85,40,1,,,,,,,,,,,,,,
super_rugby_2026_western_force_vs_brumbies_65866098.json,sr:sport_event:65866098,2026-02-14T08:35:00+00:00,Super Rugby,sr:competition:422,Super Rugby 2026,sr:season:137092,2026,league,regular season,1,Super Rugby Pacific 2026,Western Force,sr:competitor:21995,WFO,Brumbies,sr:competitor:4179,BRU,HBF Park,Perth,Australia,"-31.945833, 115.87","Way, Jordan",,115,2270476418,turnover,2026-02-14T08:55:55+00:00,20,19:39,home,Western Force,71,38,1,,,,,,,,,,,,,,
super_rugby_2026_western_force_vs_brumbies_65866098.json,sr:sport_event:65866098,2026-02-14T08:35:00+00:00,Super Rugby,sr:competition:422,Super Rugby 2026,sr:season:137092,2026,league,regular season,1,Super Rugby Pacific 2026,Western Force,sr:competitor:21995,WFO,Brumbies,sr:competitor:4179,BRU,HBF Park,Perth,Australia,"-31.945833, 115.87","Way, Jordan",,116,2270476460,ball_recycled,2026-02-14T08:56:01+00:00,20,19:46,home,Western Force,71,30,1,,,,,,,,,,,,,,
super_rugby_2026_western_force_vs_brumbies_65866098.json,sr:sport_event:65866098,2026-02-14T08:35:00+00:00,Super Rugby,sr:competition:422,Super Rugby 2026,sr:season:137092,2026,league,regular season,1,Super Rugby Pacific 2026,Western Force,sr:competitor:21995,WFO,Brumbies,sr:competitor:4179,BRU,HBF Park,Perth,Australia,"-31.945833, 115.87","Way, Jordan",,117,2270476490,ball_recycled,2026-02-14T08:56:07+00:00,20,19:52,home,Western Force,71,42,1,,,,,,,,,,,,,,
super_rugby_2026_western_force_vs_brumbies_65866098.json,sr:sport_event:65866098,2026-02-14T08:35:00+00:00,Super Rugby,sr:competition:422,Super Rugby 2026,sr:season:137092,2026,league,regular season,1,Super Rugby Pacific 2026,Western Force,sr:competitor:21995,WFO,Brumbies,sr:competitor:4179,BRU,HBF Park,Perth,Australia,"-31.945833, 115.87","Way, Jordan",,118,2270476560,ball_recycled,2026-02-14T08:56:15+00:00,20,19:59,home,Western Force,71,56,1,,,,,,,,,,,,,,
super_rugby_2026_western_force_vs_brumbies_65866098.json,sr:sport_event:65866098,2026-02-14T08:35:00+00:00,Super Rugby,sr:competition:422,Super Rugby 2026,sr:season:137092,2026,league,regular season,1,Super Rugby Pacific 2026,Western Force,sr:competitor:21995,WFO,Brumbies,sr:competitor:4179,BRU,HBF Park,Perth,Australia,"-31.945833, 115.87","Way, Jordan",,119,2270476602,ball_recycled,2026-02-14T08:56:19+00:00,21,20:04,home,Western Force,71,47,1,,,,,,,,,,,,,,
super_rugby_2026_western_force_vs_brumbies_65866098.json,sr:sport_event:65866098,2026-02-14T08:35:00+00:00,Super Rugby,sr:competition:422,Super Rugby 2026,sr:season:137092,2026,league,regular season,1,Super Rugby Pacific 2026,Western Force,sr:competitor:21995,WFO,Brumbies,sr:competitor:4179,BRU,HBF Park,Perth,Australia,"-31.945833, 115.87","Way, Jordan",,120,2270476674,ball_recycled,2026-02-14T08:56:26+00:00,21,20:10,home,Western Force,76,40,1,,,,,,,,,,,,,,
super_rugby_2026_western_force_vs_brumbies_65866098.json,sr:sport_event:65866098,2026-02-14T08:35:00+00:00,Super Rugby,sr:competition:422,Super Rugby 2026,sr:season:137092,2026,league,regular season,1,Super Rugby Pacific 2026,Western Force,sr:competitor:21995,WFO,Brumbies,sr:competitor:4179,BRU,HBF Park,Perth,Australia,"-31.945833, 115.87","Way, Jordan",,121,2270476712,ball_recycled,2026-02-14T08:56:30+00:00,21,20:14,home,Western Force,76,40,1,,,,,,,,,,,,,,
super_rugby_2026_western_force_vs_brumbies_65866098.json,sr:sport_event:65866098,2026-02-14T08:35:00+00:00,Super Rugby,sr:competition:422,Super Rugby 2026,sr:season:137092,2026,league,regular season,1,Super Rugby Pacific 2026,Western Force,sr:competitor:21995,WFO,Brumbies,sr:competitor:4179,BRU,HBF Park,Perth,Australia,"-31.945833, 115.87","Way, Jordan",,122,2270476758,ball_recycled,2026-02-14T08:56:37+00:00,21,20:21,home,Western Force,76,32,1,,,,,,,,,,,,,,
super_rugby_2026_western_force_vs_brumbies_65866098.json,sr:sport_event:65866098,2026-02-14T08:35:00+00:00,Super Rugby,sr:competition:422,Super Rugby 2026,sr:season:137092,2026,league,regular season,1,Super Rugby Pacific 2026,Western Force,sr:competitor:21995,WFO,Brumbies,sr:competitor:4179,BRU,HBF Park,Perth,Australia,"-31.945833, 115.87","Way, Jordan",,123,2270476790,ball_recycled,2026-02-14T08:56:41+00:00,21,20:25,home,Western Force,79,27,1,,,,,,,,,,,,,,
super_rugby_2026_western_force_vs_brumbies_65866098.json,sr:sport_event:65866098,2026-02-14T08:35:00+00:00,Super Rugby,sr:competition:422,Super Rugby 2026,sr:season:137092,2026,league,regular season,1,Super Rugby Pacific 2026,Western Force,sr:competitor:21995,WFO,Brumbies,sr:competitor:4179,BRU,HBF Park,Perth,Australia,"-31.945833, 115.87","Way, Jordan",,124,2270476822,ball_recycled,2026-02-14T08:56:47+00:00,21,20:31,home,Western Force,77,19,1,,,,,,,,,,,,,,
super_rugby_2026_western_force_vs_brumbies_65866098.json,sr:sport_event:65866098,2026-02-14T08:35:00+00:00,Super Rugby,sr:competition:422,Super Rugby 2026,sr:season:137092,2026,league,regular season,1,Super Rugby Pacific 2026,Western Force,sr:competitor:21995,WFO,Brumbies,sr:competitor:4179,BRU,HBF Park,Perth,Australia,"-31.945833, 115.87","Way, Jordan",,125,2270476946,ball_recycled,2026-02-14T08:56:54+00:00,21,20:39,home,Western Force,76,26,1,,,,,,,,,,,,,,
super_rugby_2026_western_force_vs_brumbies_65866098.json,sr:sport_event:65866098,2026-02-14T08:35:00+00:00,Super Rugby,sr:competition:422,Super Rugby 2026,sr:season:137092,2026,league,regular season,1,Super Rugby Pacific 2026,Western Force,sr:competitor:21995,WFO,Brumbies,sr:competitor:4179,BRU,HBF Park,Perth,Australia,"-31.945833, 115.87","Way, Jordan",,126,2270477012,ball_recycled,2026-02-14T08:57:05+00:00,21,20:49,home,Western Force,88,5,1,,,,,,,,,,,,,,
super_rugby_2026_western_force_vs_brumbies_65866098.json,sr:sport_event:65866098,2026-02-14T08:35:00+00:00,Super Rugby,sr:competition:422,Super Rugby 2026,sr:season:137092,2026,league,regular season,1,Super Rugby Pacific 2026,Western Force,sr:competitor:21995,WFO,Brumbies,sr:competitor:4179,BRU,HBF Park,Perth,Australia,"-31.945833, 115.87","Way, Jordan",,127,2270477024,penalty_awarded,2026-02-14T08:57:10+00:00,21,20:55,home,Western Force,77,37,1,,,,,,,,,,,,,,
super_rugby_2026_western_force_vs_brumbies_65866098.json,sr:sport_event:65866098,2026-02-14T08:35:00+00:00,Super Rugby,sr:competition:422,Super Rugby 2026,sr:season:137092,2026,league,regular season,1,Super Rugby Pacific 2026,Western Force,sr:competitor:21995,WFO,Brumbies,sr:competitor:4179,BRU,HBF Park,Perth,Australia,"-31.945833, 115.87","Way, Jordan",,128,2270479854,score_change,2026-02-14T09:01:26+00:00,22,21:52,home,Western Force,77,35,1,,,10,0,penalty,,,sr:player:2049955,"Donaldson, Ben",,,,,"[{""id"": ""sr:player:2049955"", ""name"": ""Donaldson, Ben"", ""type"": ""scorer""}]"
super_rugby_2026_western_force_vs_brumbies_65866098.json,sr:sport_event:65866098,2026-02-14T08:35:00+00:00,Super Rugby,sr:competition:422,Super Rugby 2026,sr:season:137092,2026,league,regular season,1,Super Rugby Pacific 2026,Western Force,sr:competitor:21995,WFO,Brumbies,sr:competitor:4179,BRU,HBF Park,Perth,Australia,"-31.945833, 115.87","Way, Jordan",,129,2270480156,ball_kicked,2026-02-14T09:01:57+00:00,22,21:59,away,Brumbies,54,33,1,,,,,,,,,,,,,,
super_rugby_2026_western_force_vs_brumbies_65866098.json,sr:sport_event:65866098,2026-02-14T08:35:00+00:00,Super Rugby,sr:competition:422,Super Rugby 2026,sr:season:137092,2026,league,regular season,1,Super Rugby Pacific 2026,Western Force,sr:competitor:21995,WFO,Brumbies,sr:competitor:4179,BRU,HBF Park,Perth,Australia,"-31.945833, 115.87","Way, Jordan",,130,2270480186,ball_recycled,2026-02-14T09:02:00+00:00,23,22:02,home,Western Force,22,50,1,,,,,,,,,,,,,,
super_rugby_2026_western_force_vs_brumbies_65866098.json,sr:sport_event:65866098,2026-02-14T08:35:00+00:00,Super Rugby,sr:competition:422,Super Rugby 2026,sr:season:137092,2026,league,regular season,1,Super Rugby Pacific 2026,Western Force,sr:competitor:21995,WFO,Brumbies,sr:competitor:4179,BRU,HBF Park,Perth,Australia,"-31.945833, 115.87","Way, Jordan",,131,2270480238,ball_kicked,2026-02-14T09:02:06+00:00,23,22:08,home,Western Force,22,48,1,,,,,,,,,,,,,,
super_rugby_2026_western_force_vs_brumbies_65866098.json,sr:sport_event:65866098,2026-02-14T08:35:00+00:00,Super Rugby,sr:competition:422,Super Rugby 2026,sr:season:137092,2026,league,regular season,1,Super Rugby Pacific 2026,Western Force,sr:competitor:21995,WFO,Brumbies,sr:competitor:4179,BRU,HBF Park,Perth,Australia,"-31.945833, 115.87","Way, Jordan",,132,2270480296,line_out,2026-02-14T09:02:11+00:00,23,22:12,away,Brumbies,35,71,1,,,,,,,,,,,,,,
super_rugby_2026_western_force_vs_brumbies_65866098.json,sr:sport_event:65866098,2026-02-14T08:35:00+00:00,Super Rugby,sr:competition:422,Super Rugby 2026,sr:season:137092,2026,league,regular season,1,Super Rugby Pacific 2026,Western Force,sr:competitor:21995,WFO,Brumbies,sr:competitor:4179,BRU,HBF Park,Perth,Australia,"-31.945833, 115.87","Way, Jordan",,133,2270480530,line_out_won,2026-02-14T09:02:34+00:00,23,22:36,away,Brumbies,35,71,1,,,,,,,,,,,,,,
super_rugby_2026_western_force_vs_brumbies_65866098.json,sr:sport_event:65866098,2026-02-14T08:35:00+00:00,Super Rugby,sr:competition:422,Super Rugby 2026,sr:season:137092,2026,league,regular season,1,Super Rugby Pacific 2026,Western Force,sr:competitor:21995,WFO,Brumbies,sr:competitor:4179,BRU,HBF Park,Perth,Australia,"-31.945833, 115.87","Way, Jordan",,134,2270480554,ball_recycled,2026-02-14T09:02:37+00:00,23,22:39,away,Brumbies,35,25,1,,,,,,,,,,,,,,
super_rugby_2026_western_force_vs_brumbies_65866098.json,sr:sport_event:65866098,2026-02-14T08:35:00+00:00,Super Rugby,sr:competition:422,Super Rugby 2026,sr:season:137092,2026,league,regular season,1,Super Rugby Pacific 2026,Western Force,sr:competitor:21995,WFO,Brumbies,sr:competitor:4179,BRU,HBF Park,Perth,Australia,"-31.945833, 115.87","Way, Jordan",,135,2270480576,ball_recycled,2026-02-14T09:02:39+00:00,23,22:41,away,Brumbies,30,43,1,,,,,,,,,,,,,,
super_rugby_2026_western_force_vs_brumbies_65866098.json,sr:sport_event:65866098,2026-02-14T08:35:00+00:00,Super Rugby,sr:competition:422,Super Rugby 2026,sr:season:137092,2026,league,regular season,1,Super Rugby Pacific 2026,Western Force,sr:competitor:21995,WFO,Brumbies,sr:competitor:4179,BRU,HBF Park,Perth,Australia,"-31.945833, 115.87","Way, Jordan",,136,2270480634,ball_recycled,2026-02-14T09:02:45+00:00,23,22:47,away,Brumbies,21,61,1,,,,,,,,,,,,,,
super_rugby_2026_western_force_vs_brumbies_65866098.json,sr:sport_event:65866098,2026-02-14T08:35:00+00:00,Super Rugby,sr:competition:422,Super Rugby 2026,sr:season:137092,2026,league,regular season,1,Super Rugby Pacific 2026,Western Force,sr:competitor:21995,WFO,Brumbies,sr:competitor:4179,BRU,HBF Park,Perth,Australia,"-31.945833, 115.87","Way, Jordan",,137,2270480718,score_change,2026-02-14T09:02:55+00:00,23,22:56,away,Brumbies,21,61,1,,,10,5,try,,,sr:player:2528093,"Cale, Charlie",,,,,"[{""id"": ""sr:player:2528093"", ""name"": ""Cale, Charlie"", ""type"": ""scorer""}]"
super_rugby_2026_western_force_vs_brumbies_65866098.json,sr:sport_event:65866098,2026-02-14T08:35:00+00:00,Super Rugby,sr:competition:422,Super Rugby 2026,sr:season:137092,2026,league,regular season,1,Super Rugby Pacific 2026,Western Force,sr:competitor:21995,WFO,Brumbies,sr:competitor:4179,BRU,HBF Park,Perth,Australia,"-31.945833, 115.87","Way, Jordan",,138,2270481258,score_change,2026-02-14T09:03:49+00:00,24,23:51,away,Brumbies,55,35,1,,,10,7,conversion,,,sr:player:1082364,"Lonergan, Ryan",,,,,"[{""id"": ""sr:player:1082364"", ""name"": ""Lonergan, Ryan"", ""type"": ""scorer""}]"
super_rugby_2026_western_force_vs_brumbies_65866098.json,sr:sport_event:65866098,2026-02-14T08:35:00+00:00,Super Rugby,sr:competition:422,Super Rugby 2026,sr:season:137092,2026,league,regular season,1,Super Rugby Pacific 2026,Western Force,sr:competitor:21995,WFO,Brumbies,sr:competitor:4179,BRU,HBF Park,Perth,Australia,"-31.945833, 115.87","Way, Jordan",,139,2270481528,ball_kicked,2026-02-14T09:04:17+00:00,25,24:18,home,Western Force,55,33,1,,,,,,,,,,,,,,
super_rugby_2026_western_force_vs_brumbies_65866098.json,sr:sport_event:65866098,2026-02-14T08:35:00+00:00,Super Rugby,sr:competition:422,Super Rugby 2026,sr:season:137092,2026,league,regular season,1,Super Rugby Pacific 2026,Western Force,sr:competitor:21995,WFO,Brumbies,sr:competitor:4179,BRU,HBF Park,Perth,Australia,"-31.945833, 115.87","Way, Jordan",,140,2270481548,ball_recycled,2026-02-14T09:04:19+00:00,25,24:21,away,Brumbies,80,8,1,,,,,,,,,,,,,,
super_rugby_2026_western_force_vs_brumbies_65866098.json,sr:sport_event:65866098,2026-02-14T08:35:00+00:00,Super Rugby,sr:competition:422,Super Rugby 2026,sr:season:137092,2026,league,regular season,1,Super Rugby Pacific 2026,Western Force,sr:competitor:21995,WFO,Brumbies,sr:competitor:4179,BRU,HBF Park,Perth,Australia,"-31.945833, 115.87","Way, Jordan",,141,2270481644,ball_recycled,2026-02-14T09:04:27+00:00,25,24:29,away,Brumbies,79,14,1,,,,,,,,,,,,,,
super_rugby_2026_western_force_vs_brumbies_65866098.json,sr:sport_event:65866098,2026-02-14T08:35:00+00:00,Super Rugby,sr:competition:422,Super Rugby 2026,sr:season:137092,2026,league,regular season,1,Super Rugby Pacific 2026,Western Force,sr:competitor:21995,WFO,Brumbies,sr:competitor:4179,BRU,HBF Park,Perth,Australia,"-31.945833, 115.87","Way, Jordan",,142,2270481748,ball_kicked,2026-02-14T09:04:37+00:00,25,24:39,away,Brumbies,85,14,1,,,,,,,,,,,,,,
super_rugby_2026_western_force_vs_brumbies_65866098.json,sr:sport_event:65866098,2026-02-14T08:35:00+00:00,Super Rugby,sr:competition:422,Super Rugby 2026,sr:season:137092,2026,league,regular season,1,Super Rugby Pacific 2026,Western Force,sr:competitor:21995,WFO,Brumbies,sr:competitor:4179,BRU,HBF Park,Perth,Australia,"-31.945833, 115.87","Way, Jordan",,143,2270481784,ball_recycled,2026-02-14T09:04:39+00:00,25,24:41,home,Western Force,48,10,1,,,,,,,,,,,,,,
super_rugby_2026_western_force_vs_brumbies_65866098.json,sr:sport_event:65866098,2026-02-14T08:35:00+00:00,Super Rugby,sr:competition:422,Super Rugby 2026,sr:season:137092,2026,league,regular season,1,Super Rugby Pacific 2026,Western Force,sr:competitor:21995,WFO,Brumbies,sr:competitor:4179,BRU,HBF Park,Perth,Australia,"-31.945833, 115.87","Way, Jordan",,144,2270481802,ball_recycled,2026-02-14T09:04:41+00:00,25,24:43,home,Western Force,39,33,1,,,,,,,,,,,,,,
super_rugby_2026_western_force_vs_brumbies_65866098.json,sr:sport_event:65866098,2026-02-14T08:35:00+00:00,Super Rugby,sr:competition:422,Super Rugby 2026,sr:season:137092,2026,league,regular season,1,Super Rugby Pacific 2026,Western Force,sr:competitor:21995,WFO,Brumbies,sr:competitor:4179,BRU,HBF Park,Perth,Australia,"-31.945833, 115.87","Way, Jordan",,145,2270481844,ball_recycled,2026-02-14T09:04:45+00:00,25,24:46,home,Western Force,51,35,1,,,,,,,,,,,,,,
super_rugby_2026_western_force_vs_brumbies_65866098.json,sr:sport_event:65866098,2026-02-14T08:35:00+00:00,Super Rugby,sr:competition:422,Super Rugby 2026,sr:season:137092,2026,league,regular season,1,Super Rugby Pacific 2026,Western Force,sr:competitor:21995,WFO,Brumbies,sr:competitor:4179,BRU,HBF Park,Perth,Australia,"-31.945833, 115.87","Way, Jordan",,146,2270481894,ball_recycled,2026-02-14T09:04:51+00:00,25,24:53,home,Western Force,55,26,1,,,,,,,,,,,,,,
super_rugby_2026_western_force_vs_brumbies_65866098.json,sr:sport_event:65866098,2026-02-14T08:35:00+00:00,Super Rugby,sr:competition:422,Super Rugby 2026,sr:season:137092,2026,league,regular season,1,Super Rugby Pacific 2026,Western Force,sr:competitor:21995,WFO,Brumbies,sr:competitor:4179,BRU,HBF Park,Perth,Australia,"-31.945833, 115.87","Way, Jordan",,147,2270481926,ball_recycled,2026-02-14T09:04:56+00:00,25,24:58,home,Western Force,52,14,1,,,,,,,,,,,,,,
super_rugby_2026_western_force_vs_brumbies_65866098.json,sr:sport_event:65866098,2026-02-14T08:35:00+00:00,Super Rugby,sr:competition:422,Super Rugby 2026,sr:season:137092,2026,league,regular season,1,Super Rugby Pacific 2026,Western Force,sr:competitor:21995,WFO,Brumbies,sr:competitor:4179,BRU,HBF Park,Perth,Australia,"-31.945833, 115.87","Way, Jordan",,148,2270482018,ball_recycled,2026-02-14T09:05:04+00:00,26,25:05,home,Western Force,52,18,1,,,,,,,,,,,,,,
super_rugby_2026_western_force_vs_brumbies_65866098.json,sr:sport_event:65866098,2026-02-14T08:35:00+00:00,Super Rugby,sr:competition:422,Super Rugby 2026,sr:season:137092,2026,league,regular season,1,Super Rugby Pacific 2026,Western Force,sr:competitor:21995,WFO,Brumbies,sr:competitor:4179,BRU,HBF Park,Perth,Australia,"-31.945833, 115.87","Way, Jordan",,149,2270482210,ball_kicked,2026-02-14T09:05:17+00:00,26,25:18,home,Western Force,50,15,1,,,,,,,,,,,,,,
super_rugby_2026_western_force_vs_brumbies_65866098.json,sr:sport_event:65866098,2026-02-14T08:35:00+00:00,Super Rugby,sr:competition:422,Super Rugby 2026,sr:season:137092,2026,league,regular season,1,Super Rugby Pacific 2026,Western Force,sr:competitor:21995,WFO,Brumbies,sr:competitor:4179,BRU,HBF Park,Perth,Australia,"-31.945833, 115.87","Way, Jordan",,150,2270482230,turnover,2026-02-14T09:05:19+00:00,26,25:21,away,Brumbies,72,6,1,,,,,,,,,,,,,,
super_rugby_2026_western_force_vs_brumbies_65866098.json,sr:sport_event:65866098,2026-02-14T08:35:00+00:00,Super Rugby,sr:competition:422,Super Rugby 2026,sr:season:137092,2026,league,regular season,1,Super Rugby Pacific 2026,Western Force,sr:competitor:21995,WFO,Brumbies,sr:competitor:4179,BRU,HBF Park,Perth,Australia,"-31.945833, 115.87","Way, Jordan",,151,2270482312,ball_kicked,2026-02-14T09:05:26+00:00,26,25:27,away,Brumbies,76,21,1,,,,,,,,,,,,,,
super_rugby_2026_western_force_vs_brumbies_65866098.json,sr:sport_event:65866098,2026-02-14T08:35:00+00:00,Super Rugby,sr:competition:422,Super Rugby 2026,sr:season:137092,2026,league,regular season,1,Super Rugby Pacific 2026,Western Force,sr:competitor:21995,WFO,Brumbies,sr:competitor:4179,BRU,HBF Park,Perth,Australia,"-31.945833, 115.87","Way, Jordan",,152,2270482340,ball_kicked,2026-02-14T09:05:29+00:00,26,25:31,away,Brumbies,37,55,1,,,,,,,,,,,,,,
super_rugby_2026_western_force_vs_brumbies_65866098.json,sr:sport_event:65866098,2026-02-14T08:35:00+00:00,Super Rugby,sr:competition:422,Super Rugby 2026,sr:season:137092,2026,league,regular season,1,Super Rugby Pacific 2026,Western Force,sr:competitor:21995,WFO,Brumbies,sr:competitor:4179,BRU,HBF Park,Perth,Australia,"-31.945833, 115.87","Way, Jordan",,153,2270482354,ball_recycled,2026-02-14T09:05:31+00:00,26,25:33,home,Western Force,23,44,1,,,,,,,,,,,,,,
super_rugby_2026_western_force_vs_brumbies_65866098.json,sr:sport_event:65866098,2026-02-14T08:35:00+00:00,Super Rugby,sr:competition:422,Super Rugby 2026,sr:season:137092,2026,league,regular season,1,Super Rugby Pacific 2026,Western Force,sr:competitor:21995,WFO,Brumbies,sr:competitor:4179,BRU,HBF Park,Perth,Australia,"-31.945833, 115.87","Way, Jordan",,154,2270482418,ball_recycled,2026-02-14T09:05:36+00:00,26,25:38,home,Western Force,26,56,1,,,,,,,,,,,,,,
super_rugby_2026_western_force_vs_brumbies_65866098.json,sr:sport_event:65866098,2026-02-14T08:35:00+00:00,Super Rugby,sr:competition:422,Super Rugby 2026,sr:season:137092,2026,league,regular season,1,Super Rugby Pacific 2026,Western Force,sr:competitor:21995,WFO,Brumbies,sr:competitor:4179,BRU,HBF Park,Perth,Australia,"-31.945833, 115.87","Way, Jordan",,155,2270482454,penalty_awarded,2026-02-14T09:05:42+00:00,26,25:43,home,Western Force,23,51,1,,,,,,,,,,,,,,
super_rugby_2026_western_force_vs_brumbies_65866098.json,sr:sport_event:65866098,2026-02-14T08:35:00+00:00,Super Rugby,sr:competition:422,Super Rugby 2026,sr:season:137092,2026,league,regular season,1,Super Rugby Pacific 2026,Western Force,sr:competitor:21995,WFO,Brumbies,sr:competitor:4179,BRU,HBF Park,Perth,Australia,"-31.945833, 115.87","Way, Jordan",,156,2270482678,kick_to_touch,2026-02-14T09:06:01+00:00,27,26:03,home,Western Force,23,51,1,,,,,,,,,,,,,,
super_rugby_2026_western_force_vs_brumbies_65866098.json,sr:sport_event:65866098,2026-02-14T08:35:00+00:00,Super Rugby,sr:competition:422,Super Rugby 2026,sr:season:137092,2026,league,regular season,1,Super Rugby Pacific 2026,Western Force,sr:competitor:21995,WFO,Brumbies,sr:competitor:4179,BRU,HBF Park,Perth,Australia,"-31.945833, 115.87","Way, Jordan",,157,2270482744,line_out,2026-02-14T09:06:11+00:00,27,26:13,home,Western Force,47,71,1,,,,,,,,,,,,,,
super_rugby_2026_western_force_vs_brumbies_65866098.json,sr:sport_event:65866098,2026-02-14T08:35:00+00:00,Super Rugby,sr:competition:422,Super Rugby 2026,sr:season:137092,2026,league,regular season,1,Super Rugby Pacific 2026,Western Force,sr:competitor:21995,WFO,Brumbies,sr:competitor:4179,BRU,HBF Park,Perth,Australia,"-31.945833, 115.87","Way, Jordan",,158,2270482962,line_out_won,2026-02-14T09:06:30+00:00,27,26:32,home,Western Force,47,71,1,,,,,,,,,,,,,,
super_rugby_2026_western_force_vs_brumbies_65866098.json,sr:sport_event:65866098,2026-02-14T08:35:00+00:00,Super Rugby,sr:competition:422,Super Rugby 2026,sr:season:137092,2026,league,regular season,1,Super Rugby Pacific 2026,Western Force,sr:competitor:21995,WFO,Brumbies,sr:competitor:4179,BRU,HBF Park,Perth,Australia,"-31.945833, 115.87","Way, Jordan",,159,2270483042,ball_recycled,2026-02-14T09:06:36+00:00,27,26:38,home,Western Force,47,29,1,,,,,,,,,,,,,,
super_rugby_2026_western_force_vs_brumbies_65866098.json,sr:sport_event:65866098,2026-02-14T08:35:00+00:00,Super Rugby,sr:competition:422,Super Rugby 2026,sr:season:137092,2026,league,regular season,1,Super Rugby Pacific 2026,Western Force,sr:competitor:21995,WFO,Brumbies,sr:competitor:4179,BRU,HBF Park,Perth,Australia,"-31.945833, 115.87","Way, Jordan",,160,2270483102,ball_kicked,2026-02-14T09:06:41+00:00,27,26:43,home,Western Force,46,22,1,,,,,,,,,,,,,,
super_rugby_2026_western_force_vs_brumbies_65866098.json,sr:sport_event:65866098,2026-02-14T08:35:00+00:00,Super Rugby,sr:competition:422,Super Rugby 2026,sr:season:137092,2026,league,regular season,1,Super Rugby Pacific 2026,Western Force,sr:competitor:21995,WFO,Brumbies,sr:competitor:4179,BRU,HBF Park,Perth,Australia,"-31.945833, 115.87","Way, Jordan",,161,2270483162,ball_recycled,2026-02-14T09:06:46+00:00,27,26:47,away,Brumbies,56,26,1,,,,,,,,,,,,,,
super_rugby_2026_western_force_vs_brumbies_65866098.json,sr:sport_event:65866098,2026-02-14T08:35:00+00:00,Super Rugby,sr:competition:422,Super Rugby 2026,sr:season:137092,2026,league,regular season,1,Super Rugby Pacific 2026,Western Force,sr:competitor:21995,WFO,Brumbies,sr:competitor:4179,BRU,HBF Park,Perth,Australia,"-31.945833, 115.87","Way, Jordan",,162,2270483264,ball_recycled,2026-02-14T09:06:54+00:00,27,26:56,away,Brumbies,62,33,1,,,,,,,,,,,,,,
super_rugby_2026_western_force_vs_brumbies_65866098.json,sr:sport_event:65866098,2026-02-14T08:35:00+00:00,Super Rugby,sr:competition:422,Super Rugby 2026,sr:season:137092,2026,league,regular season,1,Super Rugby Pacific 2026,Western Force,sr:competitor:21995,WFO,Brumbies,sr:competitor:4179,BRU,HBF Park,Perth,Australia,"-31.945833, 115.87","Way, Jordan",,163,2270483292,turnover,2026-02-14T09:06:57+00:00,27,26:59,home,Western Force,63,40,1,,,,,,,,,,,,,,
super_rugby_2026_western_force_vs_brumbies_65866098.json,sr:sport_event:65866098,2026-02-14T08:35:00+00:00,Super Rugby,sr:competition:422,Super Rugby 2026,sr:season:137092,2026,league,regular season,1,Super Rugby Pacific 2026,Western Force,sr:competitor:21995,WFO,Brumbies,sr:competitor:4179,BRU,HBF Park,Perth,Australia,"-31.945833, 115.87","Way, Jordan",,164,2270483348,ball_kicked,2026-02-14T09:07:01+00:00,28,27:03,home,Western Force,70,43,1,,,,,,,,,,,,,,
super_rugby_2026_western_force_vs_brumbies_65866098.json,sr:sport_event:65866098,2026-02-14T08:35:00+00:00,Super Rugby,sr:competition:422,Super Rugby 2026,sr:season:137092,2026,league,regular season,1,Super Rugby Pacific 2026,Western Force,sr:competitor:21995,WFO,Brumbies,sr:competitor:4179,BRU,HBF Park,Perth,Australia,"-31.945833, 115.87","Way, Jordan",,165,2270483422,ball_recycled,2026-02-14T09:07:08+00:00,28,27:10,away,Brumbies,100,62,1,,,,,,,,,,,,,,
super_rugby_2026_western_force_vs_brumbies_65866098.json,sr:sport_event:65866098,2026-02-14T08:35:00+00:00,Super Rugby,sr:competition:422,Super Rugby 2026,sr:season:137092,2026,league,regular season,1,Super Rugby Pacific 2026,Western Force,sr:competitor:21995,WFO,Brumbies,sr:competitor:4179,BRU,HBF Park,Perth,Australia,"-31.945833, 115.87","Way, Jordan",,166,2270483504,ball_kicked,2026-02-14T09:07:16+00:00,28,27:18,away,Brumbies,93,44,1,,,,,,,,,,,,,,
super_rugby_2026_western_force_vs_brumbies_65866098.json,sr:sport_event:65866098,2026-02-14T08:35:00+00:00,Super Rugby,sr:competition:422,Super Rugby 2026,sr:season:137092,2026,league,regular season,1,Super Rugby Pacific 2026,Western Force,sr:competitor:21995,WFO,Brumbies,sr:competitor:4179,BRU,HBF Park,Perth,Australia,"-31.945833, 115.87","Way, Jordan",,167,2270483644,line_out,2026-02-14T09:07:25+00:00,28,27:26,away,Brumbies,77,72,1,,,,,,,,,,,,,,
super_rugby_2026_western_force_vs_brumbies_65866098.json,sr:sport_event:65866098,2026-02-14T08:35:00+00:00,Super Rugby,sr:competition:422,Super Rugby 2026,sr:season:137092,2026,league,regular season,1,Super Rugby Pacific 2026,Western Force,sr:competitor:21995,WFO,Brumbies,sr:competitor:4179,BRU,HBF Park,Perth,Australia,"-31.945833, 115.87","Way, Jordan",,168,2270483946,line_out_won,2026-02-14T09:07:49+00:00,28,27:50,away,Brumbies,77,72,1,,,,,,,,,,,,,,
super_rugby_2026_western_force_vs_brumbies_65866098.json,sr:sport_event:65866098,2026-02-14T08:35:00+00:00,Super Rugby,sr:competition:422,Super Rugby 2026,sr:season:137092,2026,league,regular season,1,Super Rugby Pacific 2026,Western Force,sr:competitor:21995,WFO,Brumbies,sr:competitor:4179,BRU,HBF Park,Perth,Australia,"-31.945833, 115.87","Way, Jordan",,169,2270483960,turnover,2026-02-14T09:07:51+00:00,28,27:53,home,Western Force,76,54,1,,,,,,,,,,,,,,
super_rugby_2026_western_force_vs_brumbies_65866098.json,sr:sport_event:65866098,2026-02-14T08:35:00+00:00,Super Rugby,sr:competition:422,Super Rugby 2026,sr:season:137092,2026,league,regular season,1,Super Rugby Pacific 2026,Western Force,sr:competitor:21995,WFO,Brumbies,sr:competitor:4179,BRU,HBF Park,Perth,Australia,"-31.945833, 115.87","Way, Jordan",,170,2270483982,ball_recycled,2026-02-14T09:07:53+00:00,28,27:55,home,Western Force,77,33,1,,,,,,,,,,,,,,
super_rugby_2026_western_force_vs_brumbies_65866098.json,sr:sport_event:65866098,2026-02-14T08:35:00+00:00,Super Rugby,sr:competition:422,Super Rugby 2026,sr:season:137092,2026,league,regular season,1,Super Rugby Pacific 2026,Western Force,sr:competitor:21995,WFO,Brumbies,sr:competitor:4179,BRU,HBF Park,Perth,Australia,"-31.945833, 115.87","Way, Jordan",,171,2270484050,ball_recycled,2026-02-14T09:07:59+00:00,28,28:00,home,Western Force,77,26,1,,,,,,,,,,,,,,
super_rugby_2026_western_force_vs_brumbies_65866098.json,sr:sport_event:65866098,2026-02-14T08:35:00+00:00,Super Rugby,sr:competition:422,Super Rugby 2026,sr:season:137092,2026,league,regular season,1,Super Rugby Pacific 2026,Western Force,sr:competitor:21995,WFO,Brumbies,sr:competitor:4179,BRU,HBF Park,Perth,Australia,"-31.945833, 115.87","Way, Jordan",,172,2270484100,ball_recycled,2026-02-14T09:08:04+00:00,29,28:06,home,Western Force,77,38,1,,,,,,,,,,,,,,
super_rugby_2026_western_force_vs_brumbies_65866098.json,sr:sport_event:65866098,2026-02-14T08:35:00+00:00,Super Rugby,sr:competition:422,Super Rugby 2026,sr:season:137092,2026,league,regular season,1,Super Rugby Pacific 2026,Western Force,sr:competitor:21995,WFO,Brumbies,sr:competitor:4179,BRU,HBF Park,Perth,Australia,"-31.945833, 115.87","Way, Jordan",,173,2270484200,ball_recycled,2026-02-14T09:08:13+00:00,29,28:15,home,Western Force,77,51,1,,,,,,,,,,,,,,
super_rugby_2026_western_force_vs_brumbies_65866098.json,sr:sport_event:65866098,2026-02-14T08:35:00+00:00,Super Rugby,sr:competition:422,Super Rugby 2026,sr:season:137092,2026,league,regular season,1,Super Rugby Pacific 2026,Western Force,sr:competitor:21995,WFO,Brumbies,sr:competitor:4179,BRU,HBF Park,Perth,Australia,"-31.945833, 115.87","Way, Jordan",,174,2270484246,ball_recycled,2026-02-14T09:08:16+00:00,29,28:18,home,Western Force,80,57,1,,,,,,,,,,,,,,
super_rugby_2026_western_force_vs_brumbies_65866098.json,sr:sport_event:65866098,2026-02-14T08:35:00+00:00,Super Rugby,sr:competition:422,Super Rugby 2026,sr:season:137092,2026,league,regular season,1,Super Rugby Pacific 2026,Western Force,sr:competitor:21995,WFO,Brumbies,sr:competitor:4179,BRU,HBF Park,Perth,Australia,"-31.945833, 115.87","Way, Jordan",,175,2270484288,ball_recycled,2026-02-14T09:08:21+00:00,29,28:23,home,Western Force,77,58,1,,,,,,,,,,,,,,
super_rugby_2026_western_force_vs_brumbies_65866098.json,sr:sport_event:65866098,2026-02-14T08:35:00+00:00,Super Rugby,sr:competition:422,Super Rugby 2026,sr:season:137092,2026,league,regular season,1,Super Rugby Pacific 2026,Western Force,sr:competitor:21995,WFO,Brumbies,sr:competitor:4179,BRU,HBF Park,Perth,Australia,"-31.945833, 115.87","Way, Jordan",,176,2270484336,ball_recycled,2026-02-14T09:08:27+00:00,29,28:29,home,Western Force,77,47,1,,,,,,,,,,,,,,
super_rugby_2026_western_force_vs_brumbies_65866098.json,sr:sport_event:65866098,2026-02-14T08:35:00+00:00,Super Rugby,sr:competition:422,Super Rugby 2026,sr:season:137092,2026,league,regular season,1,Super Rugby Pacific 2026,Western Force,sr:competitor:21995,WFO,Brumbies,sr:competitor:4179,BRU,HBF Park,Perth,Australia,"-31.945833, 115.87","Way, Jordan",,177,2270484400,ball_recycled,2026-02-14T09:08:34+00:00,29,28:36,home,Western Force,75,31,1,,,,,,,,,,,,,,
super_rugby_2026_western_force_vs_brumbies_65866098.json,sr:sport_event:65866098,2026-02-14T08:35:00+00:00,Super Rugby,sr:competition:422,Super Rugby 2026,sr:season:137092,2026,league,regular season,1,Super Rugby Pacific 2026,Western Force,sr:competitor:21995,WFO,Brumbies,sr:competitor:4179,BRU,HBF Park,Perth,Australia,"-31.945833, 115.87","Way, Jordan",,178,2270484518,ball_recycled,2026-02-14T09:08:44+00:00,29,28:46,home,Western Force,88,6,1,,,,,,,,,,,,,,
super_rugby_2026_western_force_vs_brumbies_65866098.json,sr:sport_event:65866098,2026-02-14T08:35:00+00:00,Super Rugby,sr:competition:422,Super Rugby 2026,sr:season:137092,2026,league,regular season,1,Super Rugby Pacific 2026,Western Force,sr:competitor:21995,WFO,Brumbies,sr:competitor:4179,BRU,HBF Park,Perth,Australia,"-31.945833, 115.87","Way, Jordan",,179,2270484564,ball_recycled,2026-02-14T09:08:49+00:00,29,28:51,home,Western Force,89,19,1,,,,,,,,,,,,,,
super_rugby_2026_western_force_vs_brumbies_65866098.json,sr:sport_event:65866098,2026-02-14T08:35:00+00:00,Super Rugby,sr:competition:422,Super Rugby 2026,sr:season:137092,2026,league,regular season,1,Super Rugby Pacific 2026,Western Force,sr:competitor:21995,WFO,Brumbies,sr:competitor:4179,BRU,HBF Park,Perth,Australia,"-31.945833, 115.87","Way, Jordan",,180,2270484628,ball_recycled,2026-02-14T09:08:57+00:00,29,28:58,home,Western Force,91,21,1,,,,,,,,,,,,,,
super_rugby_2026_western_force_vs_brumbies_65866098.json,sr:sport_event:65866098,2026-02-14T08:35:00+00:00,Super Rugby,sr:competition:422,Super Rugby 2026,sr:season:137092,2026,league,regular season,1,Super Rugby Pacific 2026,Western Force,sr:competitor:21995,WFO,Brumbies,sr:competitor:4179,BRU,HBF Park,Perth,Australia,"-31.945833, 115.87","Way, Jordan",,181,2270484688,ball_recycled,2026-02-14T09:09:03+00:00,30,29:05,home,Western Force,91,30,1,,,,,,,,,,,,,,
super_rugby_2026_western_force_vs_brumbies_65866098.json,sr:sport_event:65866098,2026-02-14T08:35:00+00:00,Super Rugby,sr:competition:422,Super Rugby 2026,sr:season:137092,2026,league,regular season,1,Super Rugby Pacific 2026,Western Force,sr:competitor:21995,WFO,Brumbies,sr:competitor:4179,BRU,HBF Park,Perth,Australia,"-31.945833, 115.87","Way, Jordan",,182,2270484736,ball_recycled,2026-02-14T09:09:08+00:00,30,29:09,home,Western Force,88,37,1,,,,,,,,,,,,,,
super_rugby_2026_western_force_vs_brumbies_65866098.json,sr:sport_event:65866098,2026-02-14T08:35:00+00:00,Super Rugby,sr:competition:422,Super Rugby 2026,sr:season:137092,2026,league,regular season,1,Super Rugby Pacific 2026,Western Force,sr:competitor:21995,WFO,Brumbies,sr:competitor:4179,BRU,HBF Park,Perth,Australia,"-31.945833, 115.87","Way, Jordan",,183,2270484802,penalty_awarded,2026-02-14T09:09:13+00:00,30,29:14,away,Brumbies,93,36,1,,,,,,,,,,,,,,
super_rugby_2026_western_force_vs_brumbies_65866098.json,sr:sport_event:65866098,2026-02-14T08:35:00+00:00,Super Rugby,sr:competition:422,Super Rugby 2026,sr:season:137092,2026,league,regular season,1,Super Rugby Pacific 2026,Western Force,sr:competitor:21995,WFO,Brumbies,sr:competitor:4179,BRU,HBF Park,Perth,Australia,"-31.945833, 115.87","Way, Jordan",,184,2270485176,tap_and_go,2026-02-14T09:09:48+00:00,30,29:50,away,Brumbies,93,36,1,,,,,,,,,,,,,,
super_rugby_2026_western_force_vs_brumbies_65866098.json,sr:sport_event:65866098,2026-02-14T08:35:00+00:00,Super Rugby,sr:competition:422,Super Rugby 2026,sr:season:137092,2026,league,regular season,1,Super Rugby Pacific 2026,Western Force,sr:competitor:21995,WFO,Brumbies,sr:competitor:4179,BRU,HBF Park,Perth,Australia,"-31.945833, 115.87","Way, Jordan",,185,2270485226,turnover,2026-02-14T09:09:52+00:00,30,29:53,home,Western Force,92,33,1,,,,,,,,,,,,,,
super_rugby_2026_western_force_vs_brumbies_65866098.json,sr:sport_event:65866098,2026-02-14T08:35:00+00:00,Super Rugby,sr:competition:422,Super Rugby 2026,sr:season:137092,2026,league,regular season,1,Super Rugby Pacific 2026,Western Force,sr:competitor:21995,WFO,Brumbies,sr:competitor:4179,BRU,HBF Park,Perth,Australia,"-31.945833, 115.87","Way, Jordan",,186,2270485240,ball_recycled,2026-02-14T09:09:53+00:00,30,29:55,home,Western Force,75,33,1,,,,,,,,,,,,,,
super_rugby_2026_western_force_vs_brumbies_65866098.json,sr:sport_event:65866098,2026-02-14T08:35:00+00:00,Super Rugby,sr:competition:422,Super Rugby 2026,sr:season:137092,2026,league,regular season,1,Super Rugby Pacific 2026,Western Force,sr:competitor:21995,WFO,Brumbies,sr:competitor:4179,BRU,HBF Park,Perth,Australia,"-31.945833, 115.87","Way, Jordan",,187,2270485380,ball_recycled,2026-02-14T09:10:06+00:00,31,30:08,home,Western Force,75,45,1,,,,,,,,,,,,,,
super_rugby_2026_western_force_vs_brumbies_65866098.json,sr:sport_event:65866098,2026-02-14T08:35:00+00:00,Super Rugby,sr:competition:422,Super Rugby 2026,sr:season:137092,2026,league,regular season,1,Super Rugby Pacific 2026,Western Force,sr:competitor:21995,WFO,Brumbies,sr:competitor:4179,BRU,HBF Park,Perth,Australia,"-31.945833, 115.87","Way, Jordan",,188,2270485414,ball_recycled,2026-02-14T09:10:10+00:00,31,30:11,home,Western Force,76,57,1,,,,,,,,,,,,,,
super_rugby_2026_western_force_vs_brumbies_65866098.json,sr:sport_event:65866098,2026-02-14T08:35:00+00:00,Super Rugby,sr:competition:422,Super Rugby 2026,sr:season:137092,2026,league,regular season,1,Super Rugby Pacific 2026,Western Force,sr:competitor:21995,WFO,Brumbies,sr:competitor:4179,BRU,HBF Park,Perth,Australia,"-31.945833, 115.87","Way, Jordan",,189,2270485478,ball_recycled,2026-02-14T09:10:16+00:00,31,30:17,home,Western Force,75,45,1,,,,,,,,,,,,,,
super_rugby_2026_western_force_vs_brumbies_65866098.json,sr:sport_event:65866098,2026-02-14T08:35:00+00:00,Super Rugby,sr:competition:422,Super Rugby 2026,sr:season:137092,2026,league,regular season,1,Super Rugby Pacific 2026,Western Force,sr:competitor:21995,WFO,Brumbies,sr:competitor:4179,BRU,HBF Park,Perth,Australia,"-31.945833, 115.87","Way, Jordan",,190,2270485534,ball_recycled,2026-02-14T09:10:23+00:00,31,30:24,home,Western Force,73,30,1,,,,,,,,,,,,,,
super_rugby_2026_western_force_vs_brumbies_65866098.json,sr:sport_event:65866098,2026-02-14T08:35:00+00:00,Super Rugby,sr:competition:422,Super Rugby 2026,sr:season:137092,2026,league,regular season,1,Super Rugby Pacific 2026,Western Force,sr:competitor:21995,WFO,Brumbies,sr:competitor:4179,BRU,HBF Park,Perth,Australia,"-31.945833, 115.87","Way, Jordan",,191,2270485634,turnover,2026-02-14T09:10:30+00:00,31,30:32,away,Brumbies,72,16,1,,,,,,,,,,,,,,
super_rugby_2026_western_force_vs_brumbies_65866098.json,sr:sport_event:65866098,2026-02-14T08:35:00+00:00,Super Rugby,sr:competition:422,Super Rugby 2026,sr:season:137092,2026,league,regular season,1,Super Rugby Pacific 2026,Western Force,sr:competitor:21995,WFO,Brumbies,sr:competitor:4179,BRU,HBF Park,Perth,Australia,"-31.945833, 115.87","Way, Jordan",,192,2270485692,scrum,2026-02-14T09:10:34+00:00,31,30:36,away,Brumbies,71,15,1,,,,,,,,,,,,,,
super_rugby_2026_western_force_vs_brumbies_65866098.json,sr:sport_event:65866098,2026-02-14T08:35:00+00:00,Super Rugby,sr:competition:422,Super Rugby 2026,sr:season:137092,2026,league,regular season,1,Super Rugby Pacific 2026,Western Force,sr:competitor:21995,WFO,Brumbies,sr:competitor:4179,BRU,HBF Park,Perth,Australia,"-31.945833, 115.87","Way, Jordan",,193,2270487106,scrum_won,2026-02-14T09:12:45+00:00,32,31:07,away,Brumbies,71,14,1,,,,,,,,,,,,,,
super_rugby_2026_western_force_vs_brumbies_65866098.json,sr:sport_event:65866098,2026-02-14T08:35:00+00:00,Super Rugby,sr:competition:422,Super Rugby 2026,sr:season:137092,2026,league,regular season,1,Super Rugby Pacific 2026,Western Force,sr:competitor:21995,WFO,Brumbies,sr:competitor:4179,BRU,HBF Park,Perth,Australia,"-31.945833, 115.87","Way, Jordan",,194,2270487202,ball_recycled,2026-02-14T09:12:53+00:00,32,31:16,away,Brumbies,56,60,1,,,,,,,,,,,,,,
super_rugby_2026_western_force_vs_brumbies_65866098.json,sr:sport_event:65866098,2026-02-14T08:35:00+00:00,Super Rugby,sr:competition:422,Super Rugby 2026,sr:season:137092,2026,league,regular season,1,Super Rugby Pacific 2026,Western Force,sr:competitor:21995,WFO,Brumbies,sr:competitor:4179,BRU,HBF Park,Perth,Australia,"-31.945833, 115.87","Way, Jordan",,195,2270487330,ball_recycled,2026-02-14T09:13:03+00:00,32,31:25,away,Brumbies,59,48,1,,,,,,,,,,,,,,
super_rugby_2026_western_force_vs_brumbies_65866098.json,sr:sport_event:65866098,2026-02-14T08:35:00+00:00,Super Rugby,sr:competition:422,Super Rugby 2026,sr:season:137092,2026,league,regular season,1,Super Rugby Pacific 2026,Western Force,sr:competitor:21995,WFO,Brumbies,sr:competitor:4179,BRU,HBF Park,Perth,Australia,"-31.945833, 115.87","Way, Jordan",,196,2270487466,ball_recycled,2026-02-14T09:13:14+00:00,32,31:37,away,Brumbies,55,45,1,,,,,,,,,,,,,,
super_rugby_2026_western_force_vs_brumbies_65866098.json,sr:sport_event:65866098,2026-02-14T08:35:00+00:00,Super Rugby,sr:competition:422,Super Rugby 2026,sr:season:137092,2026,league,regular season,1,Super Rugby Pacific 2026,Western Force,sr:competitor:21995,WFO,Brumbies,sr:competitor:4179,BRU,HBF Park,Perth,Australia,"-31.945833, 115.87","Way, Jordan",,197,2270487574,ball_recycled,2026-02-14T09:13:23+00:00,32,31:46,away,Brumbies,50,56,1,,,,,,,,,,,,,,
super_rugby_2026_western_force_vs_brumbies_65866098.json,sr:sport_event:65866098,2026-02-14T08:35:00+00:00,Super Rugby,sr:competition:422,Super Rugby 2026,sr:season:137092,2026,league,regular season,1,Super Rugby Pacific 2026,Western Force,sr:competitor:21995,WFO,Brumbies,sr:competitor:4179,BRU,HBF Park,Perth,Australia,"-31.945833, 115.87","Way, Jordan",,198,2270487694,ball_recycled,2026-02-14T09:13:34+00:00,32,31:57,away,Brumbies,54,27,1,,,,,,,,,,,,,,
super_rugby_2026_western_force_vs_brumbies_65866098.json,sr:sport_event:65866098,2026-02-14T08:35:00+00:00,Super Rugby,sr:competition:422,Super Rugby 2026,sr:season:137092,2026,league,regular season,1,Super Rugby Pacific 2026,Western Force,sr:competitor:21995,WFO,Brumbies,sr:competitor:4179,BRU,HBF Park,Perth,Australia,"-31.945833, 115.87","Way, Jordan",,199,2270487764,turnover,2026-02-14T09:13:41+00:00,33,32:04,home,Western Force,59,45,1,,,,,,,,,,,,,,
super_rugby_2026_western_force_vs_brumbies_65866098.json,sr:sport_event:65866098,2026-02-14T08:35:00+00:00,Super Rugby,sr:competition:422,Super Rugby 2026,sr:season:137092,2026,league,regular season,1,Super Rugby Pacific 2026,Western Force,sr:competitor:21995,WFO,Brumbies,sr:competitor:4179,BRU,HBF Park,Perth,Australia,"-31.945833, 115.87","Way, Jordan",,200,2270487812,scrum,2026-02-14T09:13:45+00:00,33,32:08,home,Western Force,58,37,1,,,,,,,,,,,,,,
super_rugby_2026_western_force_vs_brumbies_65866098.json,sr:sport_event:65866098,2026-02-14T08:35:00+00:00,Super Rugby,sr:competition:422,Super Rugby 2026,sr:season:137092,2026,league,regular season,1,Super Rugby Pacific 2026,Western Force,sr:competitor:21995,WFO,Brumbies,sr:competitor:4179,BRU,HBF Park,Perth,Australia,"-31.945833, 115.87","Way, Jordan",,201,2270488846,scrum_won,2026-02-14T09:15:23+00:00,33,32:39,away,Brumbies,60,35,1,,,,,,,,,,,,,,
super_rugby_2026_western_force_vs_brumbies_65866098.json,sr:sport_event:65866098,2026-02-14T08:35:00+00:00,Super Rugby,sr:competition:422,Super Rugby 2026,sr:season:137092,2026,league,regular season,1,Super Rugby Pacific 2026,Western Force,sr:competitor:21995,WFO,Brumbies,sr:competitor:4179,BRU,HBF Park,Perth,Australia,"-31.945833, 115.87","Way, Jordan",,202,2270488900,ball_kicked,2026-02-14T09:15:27+00:00,33,32:42,away,Brumbies,70,23,1,,,,,,,,,,,,,,
super_rugby_2026_western_force_vs_brumbies_65866098.json,sr:sport_event:65866098,2026-02-14T08:35:00+00:00,Super Rugby,sr:competition:422,Super Rugby 2026,sr:season:137092,2026,league,regular season,1,Super Rugby Pacific 2026,Western Force,sr:competitor:21995,WFO,Brumbies,sr:competitor:4179,BRU,HBF Park,Perth,Australia,"-31.945833, 115.87","Way, Jordan",,203,2270488930,ball_recycled,2026-02-14T09:15:29+00:00,33,32:44,home,Western Force,18,5,1,,,,,,,,,,,,,,
super_rugby_2026_western_force_vs_brumbies_65866098.json,sr:sport_event:65866098,2026-02-14T08:35:00+00:00,Super Rugby,sr:competition:422,Super Rugby 2026,sr:season:137092,2026,league,regular season,1,Super Rugby Pacific 2026,Western Force,sr:competitor:21995,WFO,Brumbies,sr:competitor:4179,BRU,HBF Park,Perth,Australia,"-31.945833, 115.87","Way, Jordan",,204,2270489434,penalty_awarded,2026-02-14T09:16:11+00:00,34,33:26,away,Brumbies,50,29,1,,,,,,,,,,,,,,
super_rugby_2026_western_force_vs_brumbies_65866098.json,sr:sport_event:65866098,2026-02-14T08:35:00+00:00,Super Rugby,sr:competition:422,Super Rugby 2026,sr:season:137092,2026,league,regular season,1,Super Rugby Pacific 2026,Western Force,sr:competitor:21995,WFO,Brumbies,sr:competitor:4179,BRU,HBF Park,Perth,Australia,"-31.945833, 115.87","Way, Jordan",,205,2270489440,kick_to_touch,2026-02-14T09:16:12+00:00,34,33:27,away,Brumbies,50,29,1,,,,,,,,,,,,,,
super_rugby_2026_western_force_vs_brumbies_65866098.json,sr:sport_event:65866098,2026-02-14T08:35:00+00:00,Super Rugby,sr:competition:422,Super Rugby 2026,sr:season:137092,2026,league,regular season,1,Super Rugby Pacific 2026,Western Force,sr:competitor:21995,WFO,Brumbies,sr:competitor:4179,BRU,HBF Park,Perth,Australia,"-31.945833, 115.87","Way, Jordan",,206,2270489462,line_out,2026-02-14T09:16:15+00:00,34,33:30,away,Brumbies,17,71,1,,,,,,,,,,,,,,
super_rugby_2026_western_force_vs_brumbies_65866098.json,sr:sport_event:65866098,2026-02-14T08:35:00+00:00,Super Rugby,sr:competition:422,Super Rugby 2026,sr:season:137092,2026,league,regular season,1,Super Rugby Pacific 2026,Western Force,sr:competitor:21995,WFO,Brumbies,sr:competitor:4179,BRU,HBF Park,Perth,Australia,"-31.945833, 115.87","Way, Jordan",,207,2270489590,substitution,2026-02-14T09:16:26+00:00,34,33:42,home,Western Force,,,1,,,,,,,,,,sr:player:2274007,"Champion de Crespigny, Nick",sr:player:2049947,"Harris, Will","[{""id"": ""sr:player:2274007"", ""name"": ""Champion de Crespigny, Nick"", ""type"": ""substituted_out""}, {""id"": ""sr:player:2049947"", ""name"": ""Harris, Will"", ""type"": ""substituted_in""}]"
super_rugby_2026_western_force_vs_brumbies_65866098.json,sr:sport_event:65866098,2026-02-14T08:35:00+00:00,Super Rugby,sr:competition:422,Super Rugby 2026,sr:season:137092,2026,league,regular season,1,Super Rugby Pacific 2026,Western Force,sr:competitor:21995,WFO,Brumbies,sr:competitor:4179,BRU,HBF Park,Perth,Australia,"-31.945833, 115.87","Way, Jordan",,208,2270489698,line_out_won,2026-02-14T09:16:38+00:00,34,33:54,away,Brumbies,17,56,1,,,,,,,,,,,,,,
super_rugby_2026_western_force_vs_brumbies_65866098.json,sr:sport_event:65866098,2026-02-14T08:35:00+00:00,Super Rugby,sr:competition:422,Super Rugby 2026,sr:season:137092,2026,league,regular season,1,Super Rugby Pacific 2026,Western Force,sr:competitor:21995,WFO,Brumbies,sr:competitor:4179,BRU,HBF Park,Perth,Australia,"-31.945833, 115.87","Way, Jordan",,209,2270489764,ball_recycled,2026-02-14T09:16:43+00:00,34,33:59,away,Brumbies,19,47,1,,,,,,,,,,,,,,
super_rugby_2026_western_force_vs_brumbies_65866098.json,sr:sport_event:65866098,2026-02-14T08:35:00+00:00,Super Rugby,sr:competition:422,Super Rugby 2026,sr:season:137092,2026,league,regular season,1,Super Rugby Pacific 2026,Western Force,sr:competitor:21995,WFO,Brumbies,sr:competitor:4179,BRU,HBF Park,Perth,Australia,"-31.945833, 115.87","Way, Jordan",,210,2270489842,ball_recycled,2026-02-14T09:16:47+00:00,35,34:03,away,Brumbies,21,39,1,,,,,,,,,,,,,,
super_rugby_2026_western_force_vs_brumbies_65866098.json,sr:sport_event:65866098,2026-02-14T08:35:00+00:00,Super Rugby,sr:competition:422,Super Rugby 2026,sr:season:137092,2026,league,regular season,1,Super Rugby Pacific 2026,Western Force,sr:competitor:21995,WFO,Brumbies,sr:competitor:4179,BRU,HBF Park,Perth,Australia,"-31.945833, 115.87","Way, Jordan",,211,2270489912,ball_recycled,2026-02-14T09:16:55+00:00,35,34:10,away,Brumbies,21,30,1,,,,,,,,,,,,,,
super_rugby_2026_western_force_vs_brumbies_65866098.json,sr:sport_event:65866098,2026-02-14T08:35:00+00:00,Super Rugby,sr:competition:422,Super Rugby 2026,sr:season:137092,2026,league,regular season,1,Super Rugby Pacific 2026,Western Force,sr:competitor:21995,WFO,Brumbies,sr:competitor:4179,BRU,HBF Park,Perth,Australia,"-31.945833, 115.87","Way, Jordan",,212,2270489964,ball_recycled,2026-02-14T09:16:59+00:00,35,34:15,away,Brumbies,18,26,1,,,,,,,,,,,,,,
super_rugby_2026_western_force_vs_brumbies_65866098.json,sr:sport_event:65866098,2026-02-14T08:35:00+00:00,Super Rugby,sr:competition:422,Super Rugby 2026,sr:season:137092,2026,league,regular season,1,Super Rugby Pacific 2026,Western Force,sr:competitor:21995,WFO,Brumbies,sr:competitor:4179,BRU,HBF Park,Perth,Australia,"-31.945833, 115.87","Way, Jordan",,213,2270490176,ball_recycled,2026-02-14T09:17:17+00:00,35,34:32,away,Brumbies,18,26,1,,,,,,,,,,,,,,
super_rugby_2026_western_force_vs_brumbies_65866098.json,sr:sport_event:65866098,2026-02-14T08:35:00+00:00,Super Rugby,sr:competition:422,Super Rugby 2026,sr:season:137092,2026,league,regular season,1,Super Rugby Pacific 2026,Western Force,sr:competitor:21995,WFO,Brumbies,sr:competitor:4179,BRU,HBF Park,Perth,Australia,"-31.945833, 115.87","Way, Jordan",,214,2270490372,ball_recycled,2026-02-14T09:17:37+00:00,35,34:53,away,Brumbies,6,22,1,,,,,,,,,,,,,,
super_rugby_2026_western_force_vs_brumbies_65866098.json,sr:sport_event:65866098,2026-02-14T08:35:00+00:00,Super Rugby,sr:competition:422,Super Rugby 2026,sr:season:137092,2026,league,regular season,1,Super Rugby Pacific 2026,Western Force,sr:competitor:21995,WFO,Brumbies,sr:competitor:4179,BRU,HBF Park,Perth,Australia,"-31.945833, 115.87","Way, Jordan",,215,2270490550,score_change,2026-02-14T09:17:52+00:00,36,35:08,away,Brumbies,6,22,1,,,10,12,try,,,sr:player:2528099,"Meredith, Declan",,,,,"[{""id"": ""sr:player:2528099"", ""name"": ""Meredith, Declan"", ""type"": ""scorer""}]"
super_rugby_2026_western_force_vs_brumbies_65866098.json,sr:sport_event:65866098,2026-02-14T08:35:00+00:00,Super Rugby,sr:competition:422,Super Rugby 2026,sr:season:137092,2026,league,regular season,1,Super Rugby Pacific 2026,Western Force,sr:competitor:21995,WFO,Brumbies,sr:competitor:4179,BRU,HBF Park,Perth,Australia,"-31.945833, 115.87","Way, Jordan",,216,2270491032,score_change,2026-02-14T09:18:38+00:00,36,35:54,away,Brumbies,55,35,1,,,10,14,conversion,,,sr:player:1082364,"Lonergan, Ryan",,,,,"[{""id"": ""sr:player:1082364"", ""name"": ""Lonergan, Ryan"", ""type"": ""scorer""}]"
super_rugby_2026_western_force_vs_brumbies_65866098.json,sr:sport_event:65866098,2026-02-14T08:35:00+00:00,Super Rugby,sr:competition:422,Super Rugby 2026,sr:season:137092,2026,league,regular season,1,Super Rugby Pacific 2026,Western Force,sr:competitor:21995,WFO,Brumbies,sr:competitor:4179,BRU,HBF Park,Perth,Australia,"-31.945833, 115.87","Way, Jordan",,217,2270491412,ball_kicked,2026-02-14T09:19:17+00:00,37,36:33,home,Western Force,55,33,1,,,,,,,,,,,,,,
super_rugby_2026_western_force_vs_brumbies_65866098.json,sr:sport_event:65866098,2026-02-14T08:35:00+00:00,Super Rugby,sr:competition:422,Super Rugby 2026,sr:season:137092,2026,league,regular season,1,Super Rugby Pacific 2026,Western Force,sr:competitor:21995,WFO,Brumbies,sr:competitor:4179,BRU,HBF Park,Perth,Australia,"-31.945833, 115.87","Way, Jordan",,218,2270491436,ball_recycled,2026-02-14T09:19:19+00:00,37,36:35,away,Brumbies,88,16,1,,,,,,,,,,,,,,
super_rugby_2026_western_force_vs_brumbies_65866098.json,sr:sport_event:65866098,2026-02-14T08:35:00+00:00,Super Rugby,sr:competition:422,Super Rugby 2026,sr:season:137092,2026,league,regular season,1,Super Rugby Pacific 2026,Western Force,sr:competitor:21995,WFO,Brumbies,sr:competitor:4179,BRU,HBF Park,Perth,Australia,"-31.945833, 115.87","Way, Jordan",,219,2270491530,ball_kicked,2026-02-14T09:19:27+00:00,37,36:42,away,Brumbies,89,13,1,,,,,,,,,,,,,,
super_rugby_2026_western_force_vs_brumbies_65866098.json,sr:sport_event:65866098,2026-02-14T08:35:00+00:00,Super Rugby,sr:competition:422,Super Rugby 2026,sr:season:137092,2026,league,regular season,1,Super Rugby Pacific 2026,Western Force,sr:competitor:21995,WFO,Brumbies,sr:competitor:4179,BRU,HBF Park,Perth,Australia,"-31.945833, 115.87","Way, Jordan",,220,2270491578,line_out,2026-02-14T09:19:31+00:00,37,36:47,home,Western Force,68,-2,1,,,,,,,,,,,,,,
super_rugby_2026_western_force_vs_brumbies_65866098.json,sr:sport_event:65866098,2026-02-14T08:35:00+00:00,Super Rugby,sr:competition:422,Super Rugby 2026,sr:season:137092,2026,league,regular season,1,Super Rugby Pacific 2026,Western Force,sr:competitor:21995,WFO,Brumbies,sr:competitor:4179,BRU,HBF Park,Perth,Australia,"-31.945833, 115.87","Way, Jordan",,221,2270491712,line_out_won,2026-02-14T09:19:45+00:00,38,37:01,home,Western Force,68,-2,1,,,,,,,,,,,,,,
super_rugby_2026_western_force_vs_brumbies_65866098.json,sr:sport_event:65866098,2026-02-14T08:35:00+00:00,Super Rugby,sr:competition:422,Super Rugby 2026,sr:season:137092,2026,league,regular season,1,Super Rugby Pacific 2026,Western Force,sr:competitor:21995,WFO,Brumbies,sr:competitor:4179,BRU,HBF Park,Perth,Australia,"-31.945833, 115.87","Way, Jordan",,222,2270491790,ball_recycled,2026-02-14T09:19:55+00:00,38,37:11,home,Western Force,64,33,1,,,,,,,,,,,,,,
super_rugby_2026_western_force_vs_brumbies_65866098.json,sr:sport_event:65866098,2026-02-14T08:35:00+00:00,Super Rugby,sr:competition:422,Super Rugby 2026,sr:season:137092,2026,league,regular season,1,Super Rugby Pacific 2026,Western Force,sr:competitor:21995,WFO,Brumbies,sr:competitor:4179,BRU,HBF Park,Perth,Australia,"-31.945833, 115.87","Way, Jordan",,223,2270491914,ball_recycled,2026-02-14T09:20:03+00:00,38,37:19,home,Western Force,66,51,1,,,,,,,,,,,,,,
super_rugby_2026_western_force_vs_brumbies_65866098.json,sr:sport_event:65866098,2026-02-14T08:35:00+00:00,Super Rugby,sr:competition:422,Super Rugby 2026,sr:season:137092,2026,league,regular season,1,Super Rugby Pacific 2026,Western Force,sr:competitor:21995,WFO,Brumbies,sr:competitor:4179,BRU,HBF Park,Perth,Australia,"-31.945833, 115.87","Way, Jordan",,224,2270491970,ball_recycled,2026-02-14T09:20:10+00:00,38,37:26,home,Western Force,68,40,1,,,,,,,,,,,,,,
super_rugby_2026_western_force_vs_brumbies_65866098.json,sr:sport_event:65866098,2026-02-14T08:35:00+00:00,Super Rugby,sr:competition:422,Super Rugby 2026,sr:season:137092,2026,league,regular season,1,Super Rugby Pacific 2026,Western Force,sr:competitor:21995,WFO,Brumbies,sr:competitor:4179,BRU,HBF Park,Perth,Australia,"-31.945833, 115.87","Way, Jordan",,225,2270492094,ball_recycled,2026-02-14T09:20:16+00:00,38,37:31,home,Western Force,67,29,1,,,,,,,,,,,,,,
super_rugby_2026_western_force_vs_brumbies_65866098.json,sr:sport_event:65866098,2026-02-14T08:35:00+00:00,Super Rugby,sr:competition:422,Super Rugby 2026,sr:season:137092,2026,league,regular season,1,Super Rugby Pacific 2026,Western Force,sr:competitor:21995,WFO,Brumbies,sr:competitor:4179,BRU,HBF Park,Perth,Australia,"-31.945833, 115.87","Way, Jordan",,226,2270492168,ball_recycled,2026-02-14T09:20:23+00:00,38,37:38,home,Western Force,67,41,1,,,,,,,,,,,,,,
super_rugby_2026_western_force_vs_brumbies_65866098.json,sr:sport_event:65866098,2026-02-14T08:35:00+00:00,Super Rugby,sr:competition:422,Super Rugby 2026,sr:season:137092,2026,league,regular season,1,Super Rugby Pacific 2026,Western Force,sr:competitor:21995,WFO,Brumbies,sr:competitor:4179,BRU,HBF Park,Perth,Australia,"-31.945833, 115.87","Way, Jordan",,227,2270492252,ball_recycled,2026-02-14T09:20:30+00:00,38,37:45,home,Western Force,50,16,1,,,,,,,,,,,,,,
super_rugby_2026_western_force_vs_brumbies_65866098.json,sr:sport_event:65866098,2026-02-14T08:35:00+00:00,Super Rugby,sr:competition:422,Super Rugby 2026,sr:season:137092,2026,league,regular season,1,Super Rugby Pacific 2026,Western Force,sr:competitor:21995,WFO,Brumbies,sr:competitor:4179,BRU,HBF Park,Perth,Australia,"-31.945833, 115.87","Way, Jordan",,228,2270492368,ball_recycled,2026-02-14T09:20:42+00:00,38,37:57,home,Western Force,50,20,1,,,,,,,,,,,,,,
super_rugby_2026_western_force_vs_brumbies_65866098.json,sr:sport_event:65866098,2026-02-14T08:35:00+00:00,Super Rugby,sr:competition:422,Super Rugby 2026,sr:season:137092,2026,league,regular season,1,Super Rugby Pacific 2026,Western Force,sr:competitor:21995,WFO,Brumbies,sr:competitor:4179,BRU,HBF Park,Perth,Australia,"-31.945833, 115.87","Way, Jordan",,229,2270492554,tap_and_go,2026-02-14T09:20:56+00:00,39,38:11,away,Brumbies,50,19,1,,,,,,,,,,,,,,
super_rugby_2026_western_force_vs_brumbies_65866098.json,sr:sport_event:65866098,2026-02-14T08:35:00+00:00,Super Rugby,sr:competition:422,Super Rugby 2026,sr:season:137092,2026,league,regular season,1,Super Rugby Pacific 2026,Western Force,sr:competitor:21995,WFO,Brumbies,sr:competitor:4179,BRU,HBF Park,Perth,Australia,"-31.945833, 115.87","Way, Jordan",,230,2270492586,ball_recycled,2026-02-14T09:21:00+00:00,39,38:15,away,Brumbies,40,36,1,,,,,,,,,,,,,,
super_rugby_2026_western_force_vs_brumbies_65866098.json,sr:sport_event:65866098,2026-02-14T08:35:00+00:00,Super Rugby,sr:competition:422,Super Rugby 2026,sr:season:137092,2026,league,regular season,1,Super Rugby Pacific 2026,Western Force,sr:competitor:21995,WFO,Brumbies,sr:competitor:4179,BRU,HBF Park,Perth,Australia,"-31.945833, 115.87","Way, Jordan",,231,2270492658,ball_recycled,2026-02-14T09:21:07+00:00,39,38:22,away,Brumbies,34,47,1,,,,,,,,,,,,,,
super_rugby_2026_western_force_vs_brumbies_65866098.json,sr:sport_event:65866098,2026-02-14T08:35:00+00:00,Super Rugby,sr:competition:422,Super Rugby 2026,sr:season:137092,2026,league,regular season,1,Super Rugby Pacific 2026,Western Force,sr:competitor:21995,WFO,Brumbies,sr:competitor:4179,BRU,HBF Park,Perth,Australia,"-31.945833, 115.87","Way, Jordan",,232,2270492828,line_out,2026-02-14T09:21:21+00:00,39,38:37,home,Western Force,14,71,1,,,,,,,,,,,,,,
super_rugby_2026_western_force_vs_brumbies_65866098.json,sr:sport_event:65866098,2026-02-14T08:35:00+00:00,Super Rugby,sr:competition:422,Super Rugby 2026,sr:season:137092,2026,league,regular season,1,Super Rugby Pacific 2026,Western Force,sr:competitor:21995,WFO,Brumbies,sr:competitor:4179,BRU,HBF Park,Perth,Australia,"-31.945833, 115.87","Way, Jordan",,233,2270493014,line_out_won,2026-02-14T09:21:35+00:00,39,38:50,home,Western Force,14,71,1,,,,,,,,,,,,,,
super_rugby_2026_western_force_vs_brumbies_65866098.json,sr:sport_event:65866098,2026-02-14T08:35:00+00:00,Super Rugby,sr:competition:422,Super Rugby 2026,sr:season:137092,2026,league,regular season,1,Super Rugby Pacific 2026,Western Force,sr:competitor:21995,WFO,Brumbies,sr:competitor:4179,BRU,HBF Park,Perth,Australia,"-31.945833, 115.87","Way, Jordan",,234,2270493092,ball_recycled,2026-02-14T09:21:42+00:00,39,38:57,home,Western Force,17,48,1,,,,,,,,,,,,,,
super_rugby_2026_western_force_vs_brumbies_65866098.json,sr:sport_event:65866098,2026-02-14T08:35:00+00:00,Super Rugby,sr:competition:422,Super Rugby 2026,sr:season:137092,2026,league,regular season,1,Super Rugby Pacific 2026,Western Force,sr:competitor:21995,WFO,Brumbies,sr:competitor:4179,BRU,HBF Park,Perth,Australia,"-31.945833, 115.87","Way, Jordan",,235,2270493164,ball_kicked,2026-02-14T09:21:48+00:00,40,39:04,home,Western Force,10,47,1,,,,,,,,,,,,,,
super_rugby_2026_western_force_vs_brumbies_65866098.json,sr:sport_event:65866098,2026-02-14T08:35:00+00:00,Super Rugby,sr:competition:422,Super Rugby 2026,sr:season:137092,2026,league,regular season,1,Super Rugby Pacific 2026,Western Force,sr:competitor:21995,WFO,Brumbies,sr:competitor:4179,BRU,HBF Park,Perth,Australia,"-31.945833, 115.87","Way, Jordan",,236,2270493200,line_out,2026-02-14T09:21:52+00:00,40,39:07,away,Brumbies,10,47,1,,,,,,,,,,,,,,
super_rugby_2026_western_force_vs_brumbies_65866098.json,sr:sport_event:65866098,2026-02-14T08:35:00+00:00,Super Rugby,sr:competition:422,Super Rugby 2026,sr:season:137092,2026,league,regular season,1,Super Rugby Pacific 2026,Western Force,sr:competitor:21995,WFO,Brumbies,sr:competitor:4179,BRU,HBF Park,Perth,Australia,"-31.945833, 115.87","Way, Jordan",,237,2270493214,line_out_won,2026-02-14T09:21:53+00:00,40,39:09,away,Brumbies,10,47,1,,,,,,,,,,,,,,
super_rugby_2026_western_force_vs_brumbies_65866098.json,sr:sport_event:65866098,2026-02-14T08:35:00+00:00,Super Rugby,sr:competition:422,Super Rugby 2026,sr:season:137092,2026,league,regular season,1,Super Rugby Pacific 2026,Western Force,sr:competitor:21995,WFO,Brumbies,sr:competitor:4179,BRU,HBF Park,Perth,Australia,"-31.945833, 115.87","Way, Jordan",,238,2270493264,ball_recycled,2026-02-14T09:21:56+00:00,40,39:11,away,Brumbies,40,36,1,,,,,,,,,,,,,,
super_rugby_2026_western_force_vs_brumbies_65866098.json,sr:sport_event:65866098,2026-02-14T08:35:00+00:00,Super Rugby,sr:competition:422,Super Rugby 2026,sr:season:137092,2026,league,regular season,1,Super Rugby Pacific 2026,Western Force,sr:competitor:21995,WFO,Brumbies,sr:competitor:4179,BRU,HBF Park,Perth,Australia,"-31.945833, 115.87","Way, Jordan",,239,2270493332,ball_recycled,2026-02-14T09:22:04+00:00,40,39:19,away,Brumbies,40,61,1,,,,,,,,,,,,,,
super_rugby_2026_western_force_vs_brumbies_65866098.json,sr:sport_event:65866098,2026-02-14T08:35:00+00:00,Super Rugby,sr:competition:422,Super Rugby 2026,sr:season:137092,2026,league,regular season,1,Super Rugby Pacific 2026,Western Force,sr:competitor:21995,WFO,Brumbies,sr:competitor:4179,BRU,HBF Park,Perth,Australia,"-31.945833, 115.87","Way, Jordan",,240,2270493392,ball_recycled,2026-02-14T09:22:10+00:00,40,39:25,away,Brumbies,40,47,1,,,,,,,,,,,,,,
super_rugby_2026_western_force_vs_brumbies_65866098.json,sr:sport_event:65866098,2026-02-14T08:35:00+00:00,Super Rugby,sr:competition:422,Super Rugby 2026,sr:season:137092,2026,league,regular season,1,Super Rugby Pacific 2026,Western Force,sr:competitor:21995,WFO,Brumbies,sr:competitor:4179,BRU,HBF Park,Perth,Australia,"-31.945833, 115.87","Way, Jordan",,241,2270493458,ball_recycled,2026-02-14T09:22:15+00:00,40,39:30,away,Brumbies,30,63,1,,,,,,,,,,,,,,
super_rugby_2026_western_force_vs_brumbies_65866098.json,sr:sport_event:65866098,2026-02-14T08:35:00+00:00,Super Rugby,sr:competition:422,Super Rugby 2026,sr:season:137092,2026,league,regular season,1,Super Rugby Pacific 2026,Western Force,sr:competitor:21995,WFO,Brumbies,sr:competitor:4179,BRU,HBF Park,Perth,Australia,"-31.945833, 115.87","Way, Jordan",,242,2270493474,ball_recycled,2026-02-14T09:22:17+00:00,40,39:33,away,Brumbies,22,55,1,,,,,,,,,,,,,,
super_rugby_2026_western_force_vs_brumbies_65866098.json,sr:sport_event:65866098,2026-02-14T08:35:00+00:00,Super Rugby,sr:competition:422,Super Rugby 2026,sr:season:137092,2026,league,regular season,1,Super Rugby Pacific 2026,Western Force,sr:competitor:21995,WFO,Brumbies,sr:competitor:4179,BRU,HBF Park,Perth,Australia,"-31.945833, 115.87","Way, Jordan",,243,2270493550,ball_recycled,2026-02-14T09:22:23+00:00,40,39:38,away,Brumbies,19,50,1,,,,,,,,,,,,,,
super_rugby_2026_western_force_vs_brumbies_65866098.json,sr:sport_event:65866098,2026-02-14T08:35:00+00:00,Super Rugby,sr:competition:422,Super Rugby 2026,sr:season:137092,2026,league,regular season,1,Super Rugby Pacific 2026,Western Force,sr:competitor:21995,WFO,Brumbies,sr:competitor:4179,BRU,HBF Park,Perth,Australia,"-31.945833, 115.87","Way, Jordan",,244,2270493594,turnover,2026-02-14T09:22:27+00:00,40,39:42,home,Western Force,21,46,1,,,,,,,,,,,,,,
super_rugby_2026_western_force_vs_brumbies_65866098.json,sr:sport_event:65866098,2026-02-14T08:35:00+00:00,Super Rugby,sr:competition:422,Super Rugby 2026,sr:season:137092,2026,league,regular season,1,Super Rugby Pacific 2026,Western Force,sr:competitor:21995,WFO,Brumbies,sr:competitor:4179,BRU,HBF Park,Perth,Australia,"-31.945833, 115.87","Way, Jordan",,245,2270493610,ball_kicked,2026-02-14T09:22:28+00:00,40,39:44,home,Western Force,23,38,1,,,,,,,,,,,,,,
super_rugby_2026_western_force_vs_brumbies_65866098.json,sr:sport_event:65866098,2026-02-14T08:35:00+00:00,Super Rugby,sr:competition:422,Super Rugby 2026,sr:season:137092,2026,league,regular season,1,Super Rugby Pacific 2026,Western Force,sr:competitor:21995,WFO,Brumbies,sr:competitor:4179,BRU,HBF Park,Perth,Australia,"-31.945833, 115.87","Way, Jordan",,246,2270493662,ball_recycled,2026-02-14T09:22:32+00:00,40,39:48,away,Brumbies,73,42,1,,,,,,,,,,,,,,
super_rugby_2026_western_force_vs_brumbies_65866098.json,sr:sport_event:65866098,2026-02-14T08:35:00+00:00,Super Rugby,sr:competition:422,Super Rugby 2026,sr:season:137092,2026,league,regular season,1,Super Rugby Pacific 2026,Western Force,sr:competitor:21995,WFO,Brumbies,sr:competitor:4179,BRU,HBF Park,Perth,Australia,"-31.945833, 115.87","Way, Jordan",,247,2270493782,ball_recycled,2026-02-14T09:22:38+00:00,40,39:54,away,Brumbies,72,11,1,,,,,,,,,,,,,,
super_rugby_2026_western_force_vs_brumbies_65866098.json,sr:sport_event:65866098,2026-02-14T08:35:00+00:00,Super Rugby,sr:competition:422,Super Rugby 2026,sr:season:137092,2026,league,regular season,1,Super Rugby Pacific 2026,Western Force,sr:competitor:21995,WFO,Brumbies,sr:competitor:4179,BRU,HBF Park,Perth,Australia,"-31.945833, 115.87","Way, Jordan",,248,2270493840,ball_recycled,2026-02-14T09:22:44+00:00,40,40:00,away,Brumbies,59,16,1,,,,,,,,,,,,,,
super_rugby_2026_western_force_vs_brumbies_65866098.json,sr:sport_event:65866098,2026-02-14T08:35:00+00:00,Super Rugby,sr:competition:422,Super Rugby 2026,sr:season:137092,2026,league,regular season,1,Super Rugby Pacific 2026,Western Force,sr:competitor:21995,WFO,Brumbies,sr:competitor:4179,BRU,HBF Park,Perth,Australia,"-31.945833, 115.87","Way, Jordan",,249,2270494212,kick_to_touch,2026-02-14T09:23:16+00:00,40,40:00,home,Western Force,62,18,1,,,,,,,,,,,,,,
super_rugby_2026_western_force_vs_brumbies_65866098.json,sr:sport_event:65866098,2026-02-14T08:35:00+00:00,Super Rugby,sr:competition:422,Super Rugby 2026,sr:season:137092,2026,league,regular season,1,Super Rugby Pacific 2026,Western Force,sr:competitor:21995,WFO,Brumbies,sr:competitor:4179,BRU,HBF Park,Perth,Australia,"-31.945833, 115.87","Way, Jordan",,250,2270494248,line_out,2026-02-14T09:23:20+00:00,40,40:00,home,Western Force,89,-2,1,,,,,,,,,,,,,,
super_rugby_2026_western_force_vs_brumbies_65866098.json,sr:sport_event:65866098,2026-02-14T08:35:00+00:00,Super Rugby,sr:competition:422,Super Rugby 2026,sr:season:137092,2026,league,regular season,1,Super Rugby Pacific 2026,Western Force,sr:competitor:21995,WFO,Brumbies,sr:competitor:4179,BRU,HBF Park,Perth,Australia,"-31.945833, 115.87","Way, Jordan",,251,2270494622,ball_recycled,2026-02-14T09:23:53+00:00,40,40:00,away,Brumbies,85,12,1,,,,,,,,,,,,,,
super_rugby_2026_western_force_vs_brumbies_65866098.json,sr:sport_event:65866098,2026-02-14T08:35:00+00:00,Super Rugby,sr:competition:422,Super Rugby 2026,sr:season:137092,2026,league,regular season,1,Super Rugby Pacific 2026,Western Force,sr:competitor:21995,WFO,Brumbies,sr:competitor:4179,BRU,HBF Park,Perth,Australia,"-31.945833, 115.87","Way, Jordan",,252,2270494696,period_score,2026-02-14T09:24:01+00:00,,,,,,,1,,,10,14,,,,,,,,,,
super_rugby_2026_western_force_vs_brumbies_65866098.json,sr:sport_event:65866098,2026-02-14T08:35:00+00:00,Super Rugby,sr:competition:422,Super Rugby 2026,sr:season:137092,2026,league,regular season,1,Super Rugby Pacific 2026,Western Force,sr:competitor:21995,WFO,Brumbies,sr:competitor:4179,BRU,HBF Park,Perth,Australia,"-31.945833, 115.87","Way, Jordan",,253,2270494698,break_start,2026-02-14T09:24:01+00:00,,,,,,,,,pause,,,,,,,,,,,,
super_rugby_2026_western_force_vs_brumbies_65866098.json,sr:sport_event:65866098,2026-02-14T08:35:00+00:00,Super Rugby,sr:competition:422,Super Rugby 2026,sr:season:137092,2026,league,regular season,1,Super Rugby Pacific 2026,Western Force,sr:competitor:21995,WFO,Brumbies,sr:competitor:4179,BRU,HBF Park,Perth,Australia,"-31.945833, 115.87","Way, Jordan",,254,2270508034,period_start,2026-02-14T09:44:46+00:00,,,,,,,2,2nd_half,,,,,,,,,,,,,
super_rugby_2026_western_force_vs_brumbies_65866098.json,sr:sport_event:65866098,2026-02-14T08:35:00+00:00,Super Rugby,sr:competition:422,Super Rugby 2026,sr:season:137092,2026,league,regular season,1,Super Rugby Pacific 2026,Western Force,sr:competitor:21995,WFO,Brumbies,sr:competitor:4179,BRU,HBF Park,Perth,Australia,"-31.945833, 115.87","Way, Jordan",,255,2270508064,ball_kicked,2026-02-14T09:44:48+00:00,41,40:02,home,Western Force,56,38,2,,,,,,,,,,,,,,
super_rugby_2026_western_force_vs_brumbies_65866098.json,sr:sport_event:65866098,2026-02-14T08:35:00+00:00,Super Rugby,sr:competition:422,Super Rugby 2026,sr:season:137092,2026,league,regular season,1,Super Rugby Pacific 2026,Western Force,sr:competitor:21995,WFO,Brumbies,sr:competitor:4179,BRU,HBF Park,Perth,Australia,"-31.945833, 115.87","Way, Jordan",,256,2270493926,penalty_awarded,2026-02-14T09:22:51+00:00,41,40:06,home,Western Force,60,17,2,,,,,,,,,,,,,,
super_rugby_2026_western_force_vs_brumbies_65866098.json,sr:sport_event:65866098,2026-02-14T08:35:00+00:00,Super Rugby,sr:competition:422,Super Rugby 2026,sr:season:137092,2026,league,regular season,1,Super Rugby Pacific 2026,Western Force,sr:competitor:21995,WFO,Brumbies,sr:competitor:4179,BRU,HBF Park,Perth,Australia,"-31.945833, 115.87","Way, Jordan",,257,2270508108,ball_recycled,2026-02-14T09:44:53+00:00,41,40:06,away,Brumbies,89,21,2,,,,,,,,,,,,,,
super_rugby_2026_western_force_vs_brumbies_65866098.json,sr:sport_event:65866098,2026-02-14T08:35:00+00:00,Super Rugby,sr:competition:422,Super Rugby 2026,sr:season:137092,2026,league,regular season,1,Super Rugby Pacific 2026,Western Force,sr:competitor:21995,WFO,Brumbies,sr:competitor:4179,BRU,HBF Park,Perth,Australia,"-31.945833, 115.87","Way, Jordan",,258,2270508220,ball_recycled,2026-02-14T09:44:56+00:00,41,40:09,away,Brumbies,89,16,2,,,,,,,,,,,,,,
super_rugby_2026_western_force_vs_brumbies_65866098.json,sr:sport_event:65866098,2026-02-14T08:35:00+00:00,Super Rugby,sr:competition:422,Super Rugby 2026,sr:season:137092,2026,league,regular season,1,Super Rugby Pacific 2026,Western Force,sr:competitor:21995,WFO,Brumbies,sr:competitor:4179,BRU,HBF Park,Perth,Australia,"-31.945833, 115.87","Way, Jordan",,259,2270508288,ball_kicked,2026-02-14T09:45:01+00:00,41,40:15,away,Brumbies,89,19,2,,,,,,,,,,,,,,
super_rugby_2026_western_force_vs_brumbies_65866098.json,sr:sport_event:65866098,2026-02-14T08:35:00+00:00,Super Rugby,sr:competition:422,Super Rugby 2026,sr:season:137092,2026,league,regular season,1,Super Rugby Pacific 2026,Western Force,sr:competitor:21995,WFO,Brumbies,sr:competitor:4179,BRU,HBF Park,Perth,Australia,"-31.945833, 115.87","Way, Jordan",,260,2270508420,line_out,2026-02-14T09:45:07+00:00,41,40:21,home,Western Force,73,-1,2,,,,,,,,,,,,,,
super_rugby_2026_western_force_vs_brumbies_65866098.json,sr:sport_event:65866098,2026-02-14T08:35:00+00:00,Super Rugby,sr:competition:422,Super Rugby 2026,sr:season:137092,2026,league,regular season,1,Super Rugby Pacific 2026,Western Force,sr:competitor:21995,WFO,Brumbies,sr:competitor:4179,BRU,HBF Park,Perth,Australia,"-31.945833, 115.87","Way, Jordan",,261,2270508674,line_out_won,2026-02-14T09:45:20+00:00,41,40:33,away,Brumbies,73,-1,2,,,,,,,,,,,,,,
super_rugby_2026_western_force_vs_brumbies_65866098.json,sr:sport_event:65866098,2026-02-14T08:35:00+00:00,Super Rugby,sr:competition:422,Super Rugby 2026,sr:season:137092,2026,league,regular season,1,Super Rugby Pacific 2026,Western Force,sr:competitor:21995,WFO,Brumbies,sr:competitor:4179,BRU,HBF Park,Perth,Australia,"-31.945833, 115.87","Way, Jordan",,262,2270508688,ball_recycled,2026-02-14T09:45:21+00:00,41,40:35,away,Brumbies,73,42,2,,,,,,,,,,,,,,
super_rugby_2026_western_force_vs_brumbies_65866098.json,sr:sport_event:65866098,2026-02-14T08:35:00+00:00,Super Rugby,sr:competition:422,Super Rugby 2026,sr:season:137092,2026,league,regular season,1,Super Rugby Pacific 2026,Western Force,sr:competitor:21995,WFO,Brumbies,sr:competitor:4179,BRU,HBF Park,Perth,Australia,"-31.945833, 115.87","Way, Jordan",,263,2270508750,ball_recycled,2026-02-14T09:45:25+00:00,41,40:38,away,Brumbies,55,66,2,,,,,,,,,,,,,,
super_rugby_2026_western_force_vs_brumbies_65866098.json,sr:sport_event:65866098,2026-02-14T08:35:00+00:00,Super Rugby,sr:competition:422,Super Rugby 2026,sr:season:137092,2026,league,regular season,1,Super Rugby Pacific 2026,Western Force,sr:competitor:21995,WFO,Brumbies,sr:competitor:4179,BRU,HBF Park,Perth,Australia,"-31.945833, 115.87","Way, Jordan",,264,2270508808,ball_recycled,2026-02-14T09:45:28+00:00,41,40:41,away,Brumbies,42,64,2,,,,,,,,,,,,,,
super_rugby_2026_western_force_vs_brumbies_65866098.json,sr:sport_event:65866098,2026-02-14T08:35:00+00:00,Super Rugby,sr:competition:422,Super Rugby 2026,sr:season:137092,2026,league,regular season,1,Super Rugby Pacific 2026,Western Force,sr:competitor:21995,WFO,Brumbies,sr:competitor:4179,BRU,HBF Park,Perth,Australia,"-31.945833, 115.87","Way, Jordan",,265,2270508918,ball_recycled,2026-02-14T09:45:36+00:00,41,40:50,away,Brumbies,42,58,2,,,,,,,,,,,,,,
super_rugby_2026_western_force_vs_brumbies_65866098.json,sr:sport_event:65866098,2026-02-14T08:35:00+00:00,Super Rugby,sr:competition:422,Super Rugby 2026,sr:season:137092,2026,league,regular season,1,Super Rugby Pacific 2026,Western Force,sr:competitor:21995,WFO,Brumbies,sr:competitor:4179,BRU,HBF Park,Perth,Australia,"-31.945833, 115.87","Way, Jordan",,266,2270509006,ball_recycled,2026-02-14T09:45:44+00:00,41,40:57,away,Brumbies,42,41,2,,,,,,,,,,,,,,
super_rugby_2026_western_force_vs_brumbies_65866098.json,sr:sport_event:65866098,2026-02-14T08:35:00+00:00,Super Rugby,sr:competition:422,Super Rugby 2026,sr:season:137092,2026,league,regular season,1,Super Rugby Pacific 2026,Western Force,sr:competitor:21995,WFO,Brumbies,sr:competitor:4179,BRU,HBF Park,Perth,Australia,"-31.945833, 115.87","Way, Jordan",,267,2270494598,line_out_won,2026-02-14T09:23:51+00:00,42,41:07,away,Brumbies,89,-2,2,,,,,,,,,,,,,,
super_rugby_2026_western_force_vs_brumbies_65866098.json,sr:sport_event:65866098,2026-02-14T08:35:00+00:00,Super Rugby,sr:competition:422,Super Rugby 2026,sr:season:137092,2026,league,regular season,1,Super Rugby Pacific 2026,Western Force,sr:competitor:21995,WFO,Brumbies,sr:competitor:4179,BRU,HBF Park,Perth,Australia,"-31.945833, 115.87","Way, Jordan",,268,2270509100,ball_recycled,2026-02-14T09:45:53+00:00,42,41:07,away,Brumbies,35,26,2,,,,,,,,,,,,,,
super_rugby_2026_western_force_vs_brumbies_65866098.json,sr:sport_event:65866098,2026-02-14T08:35:00+00:00,Super Rugby,sr:competition:422,Super Rugby 2026,sr:season:137092,2026,league,regular season,1,Super Rugby Pacific 2026,Western Force,sr:competitor:21995,WFO,Brumbies,sr:competitor:4179,BRU,HBF Park,Perth,Australia,"-31.945833, 115.87","Way, Jordan",,269,2270509164,penalty_awarded,2026-02-14T09:46:02+00:00,42,41:15,away,Brumbies,35,27,2,,,,,,,,,,,,,,
super_rugby_2026_western_force_vs_brumbies_65866098.json,sr:sport_event:65866098,2026-02-14T08:35:00+00:00,Super Rugby,sr:competition:422,Super Rugby 2026,sr:season:137092,2026,league,regular season,1,Super Rugby Pacific 2026,Western Force,sr:competitor:21995,WFO,Brumbies,sr:competitor:4179,BRU,HBF Park,Perth,Australia,"-31.945833, 115.87","Way, Jordan",,270,2270509276,kick_to_touch,2026-02-14T09:46:16+00:00,42,41:29,away,Brumbies,35,27,2,,,,,,,,,,,,,,
super_rugby_2026_western_force_vs_brumbies_65866098.json,sr:sport_event:65866098,2026-02-14T08:35:00+00:00,Super Rugby,sr:competition:422,Super Rugby 2026,sr:season:137092,2026,league,regular season,1,Super Rugby Pacific 2026,Western Force,sr:competitor:21995,WFO,Brumbies,sr:competitor:4179,BRU,HBF Park,Perth,Australia,"-31.945833, 115.87","Way, Jordan",,271,2270509392,line_out,2026-02-14T09:46:26+00:00,42,41:40,away,Brumbies,15,-1,2,,,,,,,,,,,,,,
super_rugby_2026_western_force_vs_brumbies_65866098.json,sr:sport_event:65866098,2026-02-14T08:35:00+00:00,Super Rugby,sr:competition:422,Super Rugby 2026,sr:season:137092,2026,league,regular season,1,Super Rugby Pacific 2026,Western Force,sr:competitor:21995,WFO,Brumbies,sr:competitor:4179,BRU,HBF Park,Perth,Australia,"-31.945833, 115.87","Way, Jordan",,272,2270509544,line_out_won,2026-02-14T09:46:43+00:00,42,41:56,away,Brumbies,15,-1,2,,,,,,,,,,,,,,
super_rugby_2026_western_force_vs_brumbies_65866098.json,sr:sport_event:65866098,2026-02-14T08:35:00+00:00,Super Rugby,sr:competition:422,Super Rugby 2026,sr:season:137092,2026,league,regular season,1,Super Rugby Pacific 2026,Western Force,sr:competitor:21995,WFO,Brumbies,sr:competitor:4179,BRU,HBF Park,Perth,Australia,"-31.945833, 115.87","Way, Jordan",,273,2270509630,ball_recycled,2026-02-14T09:46:48+00:00,43,42:01,away,Brumbies,15,-1,2,,,,,,,,,,,,,,
super_rugby_2026_western_force_vs_brumbies_65866098.json,sr:sport_event:65866098,2026-02-14T08:35:00+00:00,Super Rugby,sr:competition:422,Super Rugby 2026,sr:season:137092,2026,league,regular season,1,Super Rugby Pacific 2026,Western Force,sr:competitor:21995,WFO,Brumbies,sr:competitor:4179,BRU,HBF Park,Perth,Australia,"-31.945833, 115.87","Way, Jordan",,274,2270509770,ball_recycled,2026-02-14T09:46:59+00:00,43,42:12,away,Brumbies,9,33,2,,,,,,,,,,,,,,
super_rugby_2026_western_force_vs_brumbies_65866098.json,sr:sport_event:65866098,2026-02-14T08:35:00+00:00,Super Rugby,sr:competition:422,Super Rugby 2026,sr:season:137092,2026,league,regular season,1,Super Rugby Pacific 2026,Western Force,sr:competitor:21995,WFO,Brumbies,sr:competitor:4179,BRU,HBF Park,Perth,Australia,"-31.945833, 115.87","Way, Jordan",,275,2270509976,ball_recycled,2026-02-14T09:47:12+00:00,43,42:25,away,Brumbies,10,40,2,,,,,,,,,,,,,,
super_rugby_2026_western_force_vs_brumbies_65866098.json,sr:sport_event:65866098,2026-02-14T08:35:00+00:00,Super Rugby,sr:competition:422,Super Rugby 2026,sr:season:137092,2026,league,regular season,1,Super Rugby Pacific 2026,Western Force,sr:competitor:21995,WFO,Brumbies,sr:competitor:4179,BRU,HBF Park,Perth,Australia,"-31.945833, 115.87","Way, Jordan",,276,2270510120,ball_recycled,2026-02-14T09:47:22+00:00,43,42:36,away,Brumbies,9,46,2,,,,,,,,,,,,,,
super_rugby_2026_western_force_vs_brumbies_65866098.json,sr:sport_event:65866098,2026-02-14T08:35:00+00:00,Super Rugby,sr:competition:422,Super Rugby 2026,sr:season:137092,2026,league,regular season,1,Super Rugby Pacific 2026,Western Force,sr:competitor:21995,WFO,Brumbies,sr:competitor:4179,BRU,HBF Park,Perth,Australia,"-31.945833, 115.87","Way, Jordan",,277,2270510502,score_change,2026-02-14T09:47:50+00:00,44,43:04,away,Brumbies,9,46,2,,,10,19,try,,,sr:player:2131480,"van Nek, Rhys",,,,,"[{""id"": ""sr:player:2131480"", ""name"": ""van Nek, Rhys"", ""type"": ""scorer""}]"
super_rugby_2026_western_force_vs_brumbies_65866098.json,sr:sport_event:65866098,2026-02-14T08:35:00+00:00,Super Rugby,sr:competition:422,Super Rugby 2026,sr:season:137092,2026,league,regular season,1,Super Rugby Pacific 2026,Western Force,sr:competitor:21995,WFO,Brumbies,sr:competitor:4179,BRU,HBF Park,Perth,Australia,"-31.945833, 115.87","Way, Jordan",,278,2270511088,score_change,2026-02-14T09:48:42+00:00,44,43:55,away,Brumbies,55,35,2,,,10,21,conversion,,,sr:player:1082364,"Lonergan, Ryan",,,,,"[{""id"": ""sr:player:1082364"", ""name"": ""Lonergan, Ryan"", ""type"": ""scorer""}]"
super_rugby_2026_western_force_vs_brumbies_65866098.json,sr:sport_event:65866098,2026-02-14T08:35:00+00:00,Super Rugby,sr:competition:422,Super Rugby 2026,sr:season:137092,2026,league,regular season,1,Super Rugby Pacific 2026,Western Force,sr:competitor:21995,WFO,Brumbies,sr:competitor:4179,BRU,HBF Park,Perth,Australia,"-31.945833, 115.87","Way, Jordan",,279,2270511302,ball_kicked,2026-02-14T09:49:05+00:00,45,44:19,home,Western Force,55,38,2,,,,,,,,,,,,,,
super_rugby_2026_western_force_vs_brumbies_65866098.json,sr:sport_event:65866098,2026-02-14T08:35:00+00:00,Super Rugby,sr:competition:422,Super Rugby 2026,sr:season:137092,2026,league,regular season,1,Super Rugby Pacific 2026,Western Force,sr:competitor:21995,WFO,Brumbies,sr:competitor:4179,BRU,HBF Park,Perth,Australia,"-31.945833, 115.87","Way, Jordan",,280,2270511336,ball_recycled,2026-02-14T09:49:08+00:00,45,44:22,away,Brumbies,79,19,2,,,,,,,,,,,,,,
super_rugby_2026_western_force_vs_brumbies_65866098.json,sr:sport_event:65866098,2026-02-14T08:35:00+00:00,Super Rugby,sr:competition:422,Super Rugby 2026,sr:season:137092,2026,league,regular season,1,Super Rugby Pacific 2026,Western Force,sr:competitor:21995,WFO,Brumbies,sr:competitor:4179,BRU,HBF Park,Perth,Australia,"-31.945833, 115.87","Way, Jordan",,281,2270511450,ball_kicked,2026-02-14T09:49:20+00:00,45,44:33,away,Brumbies,85,22,2,,,,,,,,,,,,,,
super_rugby_2026_western_force_vs_brumbies_65866098.json,sr:sport_event:65866098,2026-02-14T08:35:00+00:00,Super Rugby,sr:competition:422,Super Rugby 2026,sr:season:137092,2026,league,regular season,1,Super Rugby Pacific 2026,Western Force,sr:competitor:21995,WFO,Brumbies,sr:competitor:4179,BRU,HBF Park,Perth,Australia,"-31.945833, 115.87","Way, Jordan",,282,2270511480,ball_recycled,2026-02-14T09:49:24+00:00,45,44:37,home,Western Force,50,18,2,,,,,,,,,,,,,,
super_rugby_2026_western_force_vs_brumbies_65866098.json,sr:sport_event:65866098,2026-02-14T08:35:00+00:00,Super Rugby,sr:competition:422,Super Rugby 2026,sr:season:137092,2026,league,regular season,1,Super Rugby Pacific 2026,Western Force,sr:competitor:21995,WFO,Brumbies,sr:competitor:4179,BRU,HBF Park,Perth,Australia,"-31.945833, 115.87","Way, Jordan",,283,2270511502,ball_recycled,2026-02-14T09:49:26+00:00,45,44:40,home,Western Force,58,13,2,,,,,,,,,,,,,,
super_rugby_2026_western_force_vs_brumbies_65866098.json,sr:sport_event:65866098,2026-02-14T08:35:00+00:00,Super Rugby,sr:competition:422,Super Rugby 2026,sr:season:137092,2026,league,regular season,1,Super Rugby Pacific 2026,Western Force,sr:competitor:21995,WFO,Brumbies,sr:competitor:4179,BRU,HBF Park,Perth,Australia,"-31.945833, 115.87","Way, Jordan",,284,2270511760,penalty_awarded,2026-02-14T09:49:57+00:00,46,45:10,away,Brumbies,51,16,2,,,,,,,,,,,,,,
super_rugby_2026_western_force_vs_brumbies_65866098.json,sr:sport_event:65866098,2026-02-14T08:35:00+00:00,Super Rugby,sr:competition:422,Super Rugby 2026,sr:season:137092,2026,league,regular season,1,Super Rugby Pacific 2026,Western Force,sr:competitor:21995,WFO,Brumbies,sr:competitor:4179,BRU,HBF Park,Perth,Australia,"-31.945833, 115.87","Way, Jordan",,285,2270511762,kick_to_touch,2026-02-14T09:49:57+00:00,46,45:11,away,Brumbies,51,16,2,,,,,,,,,,,,,,
super_rugby_2026_western_force_vs_brumbies_65866098.json,sr:sport_event:65866098,2026-02-14T08:35:00+00:00,Super Rugby,sr:competition:422,Super Rugby 2026,sr:season:137092,2026,league,regular season,1,Super Rugby Pacific 2026,Western Force,sr:competitor:21995,WFO,Brumbies,sr:competitor:4179,BRU,HBF Park,Perth,Australia,"-31.945833, 115.87","Way, Jordan",,286,2270511794,line_out,2026-02-14T09:50:01+00:00,46,45:14,away,Brumbies,22,-1,2,,,,,,,,,,,,,,
super_rugby_2026_western_force_vs_brumbies_65866098.json,sr:sport_event:65866098,2026-02-14T08:35:00+00:00,Super Rugby,sr:competition:422,Super Rugby 2026,sr:season:137092,2026,league,regular season,1,Super Rugby Pacific 2026,Western Force,sr:competitor:21995,WFO,Brumbies,sr:competitor:4179,BRU,HBF Park,Perth,Australia,"-31.945833, 115.87","Way, Jordan",,287,2270512140,line_out_won,2026-02-14T09:50:33+00:00,46,45:47,away,Brumbies,22,-1,2,,,,,,,,,,,,,,
super_rugby_2026_western_force_vs_brumbies_65866098.json,sr:sport_event:65866098,2026-02-14T08:35:00+00:00,Super Rugby,sr:competition:422,Super Rugby 2026,sr:season:137092,2026,league,regular season,1,Super Rugby Pacific 2026,Western Force,sr:competitor:21995,WFO,Brumbies,sr:competitor:4179,BRU,HBF Park,Perth,Australia,"-31.945833, 115.87","Way, Jordan",,288,2270512184,ball_recycled,2026-02-14T09:50:38+00:00,46,45:51,away,Brumbies,18,25,2,,,,,,,,,,,,,,
super_rugby_2026_western_force_vs_brumbies_65866098.json,sr:sport_event:65866098,2026-02-14T08:35:00+00:00,Super Rugby,sr:competition:422,Super Rugby 2026,sr:season:137092,2026,league,regular season,1,Super Rugby Pacific 2026,Western Force,sr:competitor:21995,WFO,Brumbies,sr:competitor:4179,BRU,HBF Park,Perth,Australia,"-31.945833, 115.87","Way, Jordan",,289,2270512302,ball_recycled,2026-02-14T09:50:46+00:00,46,45:59,away,Brumbies,15,36,2,,,,,,,,,,,,,,
super_rugby_2026_western_force_vs_brumbies_65866098.json,sr:sport_event:65866098,2026-02-14T08:35:00+00:00,Super Rugby,sr:competition:422,Super Rugby 2026,sr:season:137092,2026,league,regular season,1,Super Rugby Pacific 2026,Western Force,sr:competitor:21995,WFO,Brumbies,sr:competitor:4179,BRU,HBF Park,Perth,Australia,"-31.945833, 115.87","Way, Jordan",,290,2270512360,ball_recycled,2026-02-14T09:50:51+00:00,47,46:04,away,Brumbies,15,36,2,,,,,,,,,,,,,,
super_rugby_2026_western_force_vs_brumbies_65866098.json,sr:sport_event:65866098,2026-02-14T08:35:00+00:00,Super Rugby,sr:competition:422,Super Rugby 2026,sr:season:137092,2026,league,regular season,1,Super Rugby Pacific 2026,Western Force,sr:competitor:21995,WFO,Brumbies,sr:competitor:4179,BRU,HBF Park,Perth,Australia,"-31.945833, 115.87","Way, Jordan",,291,2270512392,ball_recycled,2026-02-14T09:50:56+00:00,47,46:10,away,Brumbies,10,49,2,,,,,,,,,,,,,,
super_rugby_2026_western_force_vs_brumbies_65866098.json,sr:sport_event:65866098,2026-02-14T08:35:00+00:00,Super Rugby,sr:competition:422,Super Rugby 2026,sr:season:137092,2026,league,regular season,1,Super Rugby Pacific 2026,Western Force,sr:competitor:21995,WFO,Brumbies,sr:competitor:4179,BRU,HBF Park,Perth,Australia,"-31.945833, 115.87","Way, Jordan",,292,2270512414,ball_recycled,2026-02-14T09:51:00+00:00,47,46:14,away,Brumbies,9,52,2,,,,,,,,,,,,,,
super_rugby_2026_western_force_vs_brumbies_65866098.json,sr:sport_event:65866098,2026-02-14T08:35:00+00:00,Super Rugby,sr:competition:422,Super Rugby 2026,sr:season:137092,2026,league,regular season,1,Super Rugby Pacific 2026,Western Force,sr:competitor:21995,WFO,Brumbies,sr:competitor:4179,BRU,HBF Park,Perth,Australia,"-31.945833, 115.87","Way, Jordan",,293,2270513266,denied_try,2026-02-14T09:52:21+00:00,47,46:44,away,Brumbies,,,2,,,,,,,,,,,,,,
super_rugby_2026_western_force_vs_brumbies_65866098.json,sr:sport_event:65866098,2026-02-14T08:35:00+00:00,Super Rugby,sr:competition:422,Super Rugby 2026,sr:season:137092,2026,league,regular season,1,Super Rugby Pacific 2026,Western Force,sr:competitor:21995,WFO,Brumbies,sr:competitor:4179,BRU,HBF Park,Perth,Australia,"-31.945833, 115.87","Way, Jordan",,294,2270513602,penalty_awarded,2026-02-14T09:53:04+00:00,48,47:31,away,Brumbies,14,51,2,,,,,,,,,,,,,,
super_rugby_2026_western_force_vs_brumbies_65866098.json,sr:sport_event:65866098,2026-02-14T08:35:00+00:00,Super Rugby,sr:competition:422,Super Rugby 2026,sr:season:137092,2026,league,regular season,1,Super Rugby Pacific 2026,Western Force,sr:competitor:21995,WFO,Brumbies,sr:competitor:4179,BRU,HBF Park,Perth,Australia,"-31.945833, 115.87","Way, Jordan",,295,2270513614,tap_and_go,2026-02-14T09:53:05+00:00,48,47:33,away,Brumbies,14,51,2,,,,,,,,,,,,,,
super_rugby_2026_western_force_vs_brumbies_65866098.json,sr:sport_event:65866098,2026-02-14T08:35:00+00:00,Super Rugby,sr:competition:422,Super Rugby 2026,sr:season:137092,2026,league,regular season,1,Super Rugby Pacific 2026,Western Force,sr:competitor:21995,WFO,Brumbies,sr:competitor:4179,BRU,HBF Park,Perth,Australia,"-31.945833, 115.87","Way, Jordan",,296,2270513638,ball_recycled,2026-02-14T09:53:08+00:00,48,47:35,away,Brumbies,14,51,2,,,,,,,,,,,,,,
super_rugby_2026_western_force_vs_brumbies_65866098.json,sr:sport_event:65866098,2026-02-14T08:35:00+00:00,Super Rugby,sr:competition:422,Super Rugby 2026,sr:season:137092,2026,league,regular season,1,Super Rugby Pacific 2026,Western Force,sr:competitor:21995,WFO,Brumbies,sr:competitor:4179,BRU,HBF Park,Perth,Australia,"-31.945833, 115.87","Way, Jordan",,297,2270513680,ball_recycled,2026-02-14T09:53:14+00:00,48,47:42,away,Brumbies,9,47,2,,,,,,,,,,,,,,
super_rugby_2026_western_force_vs_brumbies_65866098.json,sr:sport_event:65866098,2026-02-14T08:35:00+00:00,Super Rugby,sr:competition:422,Super Rugby 2026,sr:season:137092,2026,league,regular season,1,Super Rugby Pacific 2026,Western Force,sr:competitor:21995,WFO,Brumbies,sr:competitor:4179,BRU,HBF Park,Perth,Australia,"-31.945833, 115.87","Way, Jordan",,298,2270513768,ball_recycled,2026-02-14T09:53:25+00:00,48,47:52,away,Brumbies,9,44,2,,,,,,,,,,,,,,
super_rugby_2026_western_force_vs_brumbies_65866098.json,sr:sport_event:65866098,2026-02-14T08:35:00+00:00,Super Rugby,sr:competition:422,Super Rugby 2026,sr:season:137092,2026,league,regular season,1,Super Rugby Pacific 2026,Western Force,sr:competitor:21995,WFO,Brumbies,sr:competitor:4179,BRU,HBF Park,Perth,Australia,"-31.945833, 115.87","Way, Jordan",,299,2270513918,score_change,2026-02-14T09:53:41+00:00,49,48:09,away,Brumbies,1,37,2,,,10,26,try,,,sr:player:1082364,"Lonergan, Ryan",,,,,"[{""id"": ""sr:player:1082364"", ""name"": ""Lonergan, Ryan"", ""type"": ""scorer""}]"
super_rugby_2026_western_force_vs_brumbies_65866098.json,sr:sport_event:65866098,2026-02-14T08:35:00+00:00,Super Rugby,sr:competition:422,Super Rugby 2026,sr:season:137092,2026,league,regular season,1,Super Rugby Pacific 2026,Western Force,sr:competitor:21995,WFO,Brumbies,sr:competitor:4179,BRU,HBF Park,Perth,Australia,"-31.945833, 115.87","Way, Jordan",,300,2270514274,score_change,2026-02-14T09:54:22+00:00,49,48:49,away,Brumbies,55,35,2,,,10,28,conversion,,,sr:player:1082364,"Lonergan, Ryan",,,,,"[{""id"": ""sr:player:1082364"", ""name"": ""Lonergan, Ryan"", ""type"": ""scorer""}]"
super_rugby_2026_western_force_vs_brumbies_65866098.json,sr:sport_event:65866098,2026-02-14T08:35:00+00:00,Super Rugby,sr:competition:422,Super Rugby 2026,sr:season:137092,2026,league,regular season,1,Super Rugby Pacific 2026,Western Force,sr:competitor:21995,WFO,Brumbies,sr:competitor:4179,BRU,HBF Park,Perth,Australia,"-31.945833, 115.87","Way, Jordan",,301,2270514468,substitution,2026-02-14T09:54:39+00:00,50,49:07,away,Brumbies,,,2,,,,,,,,,,sr:player:494584,"Slipper, James",sr:player:2564641,"Schoupp, Blake","[{""id"": ""sr:player:494584"", ""name"": ""Slipper, James"", ""type"": ""substituted_out""}, {""id"": ""sr:player:2564641"", ""name"": ""Schoupp, Blake"", ""type"": ""substituted_in""}]"
super_rugby_2026_western_force_vs_brumbies_65866098.json,sr:sport_event:65866098,2026-02-14T08:35:00+00:00,Super Rugby,sr:competition:422,Super Rugby 2026,sr:season:137092,2026,league,regular season,1,Super Rugby Pacific 2026,Western Force,sr:competitor:21995,WFO,Brumbies,sr:competitor:4179,BRU,HBF Park,Perth,Australia,"-31.945833, 115.87","Way, Jordan",,302,2270514698,ball_kicked,2026-02-14T09:55:04+00:00,50,49:21,home,Western Force,55,38,2,,,,,,,,,,,,,,
super_rugby_2026_western_force_vs_brumbies_65866098.json,sr:sport_event:65866098,2026-02-14T08:35:00+00:00,Super Rugby,sr:competition:422,Super Rugby 2026,sr:season:137092,2026,league,regular season,1,Super Rugby Pacific 2026,Western Force,sr:competitor:21995,WFO,Brumbies,sr:competitor:4179,BRU,HBF Park,Perth,Australia,"-31.945833, 115.87","Way, Jordan",,303,2270514792,ball_kicked,2026-02-14T09:55:14+00:00,50,49:31,away,Brumbies,72,55,2,,,,,,,,,,,,,,
super_rugby_2026_western_force_vs_brumbies_65866098.json,sr:sport_event:65866098,2026-02-14T08:35:00+00:00,Super Rugby,sr:competition:422,Super Rugby 2026,sr:season:137092,2026,league,regular season,1,Super Rugby Pacific 2026,Western Force,sr:competitor:21995,WFO,Brumbies,sr:competitor:4179,BRU,HBF Park,Perth,Australia,"-31.945833, 115.87","Way, Jordan",,304,2270514860,ball_recycled,2026-02-14T09:55:20+00:00,50,49:37,home,Western Force,48,44,2,,,,,,,,,,,,,,
super_rugby_2026_western_force_vs_brumbies_65866098.json,sr:sport_event:65866098,2026-02-14T08:35:00+00:00,Super Rugby,sr:competition:422,Super Rugby 2026,sr:season:137092,2026,league,regular season,1,Super Rugby Pacific 2026,Western Force,sr:competitor:21995,WFO,Brumbies,sr:competitor:4179,BRU,HBF Park,Perth,Australia,"-31.945833, 115.87","Way, Jordan",,305,2270514932,ball_recycled,2026-02-14T09:55:28+00:00,50,49:44,home,Western Force,70,8,2,,,,,,,,,,,,,,
super_rugby_2026_western_force_vs_brumbies_65866098.json,sr:sport_event:65866098,2026-02-14T08:35:00+00:00,Super Rugby,sr:competition:422,Super Rugby 2026,sr:season:137092,2026,league,regular season,1,Super Rugby Pacific 2026,Western Force,sr:competitor:21995,WFO,Brumbies,sr:competitor:4179,BRU,HBF Park,Perth,Australia,"-31.945833, 115.87","Way, Jordan",,306,2270515000,ball_recycled,2026-02-14T09:55:33+00:00,50,49:49,home,Western Force,70,19,2,,,,,,,,,,,,,,
super_rugby_2026_western_force_vs_brumbies_65866098.json,sr:sport_event:65866098,2026-02-14T08:35:00+00:00,Super Rugby,sr:competition:422,Super Rugby 2026,sr:season:137092,2026,league,regular season,1,Super Rugby Pacific 2026,Western Force,sr:competitor:21995,WFO,Brumbies,sr:competitor:4179,BRU,HBF Park,Perth,Australia,"-31.945833, 115.87","Way, Jordan",,307,2270515196,ball_recycled,2026-02-14T09:55:50+00:00,51,50:06,home,Western Force,70,62,2,,,,,,,,,,,,,,
super_rugby_2026_western_force_vs_brumbies_65866098.json,sr:sport_event:65866098,2026-02-14T08:35:00+00:00,Super Rugby,sr:competition:422,Super Rugby 2026,sr:season:137092,2026,league,regular season,1,Super Rugby Pacific 2026,Western Force,sr:competitor:21995,WFO,Brumbies,sr:competitor:4179,BRU,HBF Park,Perth,Australia,"-31.945833, 115.87","Way, Jordan",,308,2270515292,ball_recycled,2026-02-14T09:56:01+00:00,51,50:18,home,Western Force,60,12,2,,,,,,,,,,,,,,
super_rugby_2026_western_force_vs_brumbies_65866098.json,sr:sport_event:65866098,2026-02-14T08:35:00+00:00,Super Rugby,sr:competition:422,Super Rugby 2026,sr:season:137092,2026,league,regular season,1,Super Rugby Pacific 2026,Western Force,sr:competitor:21995,WFO,Brumbies,sr:competitor:4179,BRU,HBF Park,Perth,Australia,"-31.945833, 115.87","Way, Jordan",,309,2270515394,ball_recycled,2026-02-14T09:56:12+00:00,51,50:28,home,Western Force,60,24,2,,,,,,,,,,,,,,
super_rugby_2026_western_force_vs_brumbies_65866098.json,sr:sport_event:65866098,2026-02-14T08:35:00+00:00,Super Rugby,sr:competition:422,Super Rugby 2026,sr:season:137092,2026,league,regular season,1,Super Rugby Pacific 2026,Western Force,sr:competitor:21995,WFO,Brumbies,sr:competitor:4179,BRU,HBF Park,Perth,Australia,"-31.945833, 115.87","Way, Jordan",,310,2270515456,penalty_awarded,2026-02-14T09:56:18+00:00,51,50:34,home,Western Force,63,27,2,,,,,,,,,,,,,,
super_rugby_2026_western_force_vs_brumbies_65866098.json,sr:sport_event:65866098,2026-02-14T08:35:00+00:00,Super Rugby,sr:competition:422,Super Rugby 2026,sr:season:137092,2026,league,regular season,1,Super Rugby Pacific 2026,Western Force,sr:competitor:21995,WFO,Brumbies,sr:competitor:4179,BRU,HBF Park,Perth,Australia,"-31.945833, 115.87","Way, Jordan",,311,2270515528,kick_to_touch,2026-02-14T09:56:29+00:00,51,50:45,home,Western Force,63,27,2,,,,,,,,,,,,,,
super_rugby_2026_western_force_vs_brumbies_65866098.json,sr:sport_event:65866098,2026-02-14T08:35:00+00:00,Super Rugby,sr:competition:422,Super Rugby 2026,sr:season:137092,2026,league,regular season,1,Super Rugby Pacific 2026,Western Force,sr:competitor:21995,WFO,Brumbies,sr:competitor:4179,BRU,HBF Park,Perth,Australia,"-31.945833, 115.87","Way, Jordan",,312,2270515552,line_out,2026-02-14T09:56:33+00:00,51,50:49,home,Western Force,92,-1,2,,,,,,,,,,,,,,
super_rugby_2026_western_force_vs_brumbies_65866098.json,sr:sport_event:65866098,2026-02-14T08:35:00+00:00,Super Rugby,sr:competition:422,Super Rugby 2026,sr:season:137092,2026,league,regular season,1,Super Rugby Pacific 2026,Western Force,sr:competitor:21995,WFO,Brumbies,sr:competitor:4179,BRU,HBF Park,Perth,Australia,"-31.945833, 115.87","Way, Jordan",,313,2270515662,substitution,2026-02-14T09:56:45+00:00,52,51:01,home,Western Force,,,2,,,,,,,,,,sr:player:1120453,"Stewart, Hamish",sr:player:462674,"Beale, Kurtley","[{""id"": ""sr:player:1120453"", ""name"": ""Stewart, Hamish"", ""type"": ""substituted_out""}, {""id"": ""sr:player:462674"", ""name"": ""Beale, Kurtley"", ""type"": ""substituted_in""}]"
super_rugby_2026_western_force_vs_brumbies_65866098.json,sr:sport_event:65866098,2026-02-14T08:35:00+00:00,Super Rugby,sr:competition:422,Super Rugby 2026,sr:season:137092,2026,league,regular season,1,Super Rugby Pacific 2026,Western Force,sr:competitor:21995,WFO,Brumbies,sr:competitor:4179,BRU,HBF Park,Perth,Australia,"-31.945833, 115.87","Way, Jordan",,314,2270515824,substitution,2026-02-14T09:57:05+00:00,52,51:21,home,Western Force,,,2,,,,,,,,,,sr:player:762300,"Robertson, Tom",sr:player:589952,"Fa'agase, Sef","[{""id"": ""sr:player:762300"", ""name"": ""Robertson, Tom"", ""type"": ""substituted_out""}, {""id"": ""sr:player:589952"", ""name"": ""Fa'agase, Sef"", ""type"": ""substituted_in""}]"
super_rugby_2026_western_force_vs_brumbies_65866098.json,sr:sport_event:65866098,2026-02-14T08:35:00+00:00,Super Rugby,sr:competition:422,Super Rugby 2026,sr:season:137092,2026,league,regular season,1,Super Rugby Pacific 2026,Western Force,sr:competitor:21995,WFO,Brumbies,sr:competitor:4179,BRU,HBF Park,Perth,Australia,"-31.945833, 115.87","Way, Jordan",,315,2270515858,line_out_won,2026-02-14T09:57:09+00:00,52,51:26,home,Western Force,91,17,2,,,,,,,,,,,,,,
super_rugby_2026_western_force_vs_brumbies_65866098.json,sr:sport_event:65866098,2026-02-14T08:35:00+00:00,Super Rugby,sr:competition:422,Super Rugby 2026,sr:season:137092,2026,league,regular season,1,Super Rugby Pacific 2026,Western Force,sr:competitor:21995,WFO,Brumbies,sr:competitor:4179,BRU,HBF Park,Perth,Australia,"-31.945833, 115.87","Way, Jordan",,316,2270515884,turnover,2026-02-14T09:57:12+00:00,52,51:29,away,Brumbies,89,33,2,,,,,,,,,,,,,,
super_rugby_2026_western_force_vs_brumbies_65866098.json,sr:sport_event:65866098,2026-02-14T08:35:00+00:00,Super Rugby,sr:competition:422,Super Rugby 2026,sr:season:137092,2026,league,regular season,1,Super Rugby Pacific 2026,Western Force,sr:competitor:21995,WFO,Brumbies,sr:competitor:4179,BRU,HBF Park,Perth,Australia,"-31.945833, 115.87","Way, Jordan",,317,2270515910,ball_kicked,2026-02-14T09:57:14+00:00,52,51:31,away,Brumbies,87,36,2,,,,,,,,,,,,,,
super_rugby_2026_western_force_vs_brumbies_65866098.json,sr:sport_event:65866098,2026-02-14T08:35:00+00:00,Super Rugby,sr:competition:422,Super Rugby 2026,sr:season:137092,2026,league,regular season,1,Super Rugby Pacific 2026,Western Force,sr:competitor:21995,WFO,Brumbies,sr:competitor:4179,BRU,HBF Park,Perth,Australia,"-31.945833, 115.87","Way, Jordan",,318,2270515940,ball_recycled,2026-02-14T09:57:17+00:00,52,51:34,home,Western Force,38,29,2,,,,,,,,,,,,,,
super_rugby_2026_western_force_vs_brumbies_65866098.json,sr:sport_event:65866098,2026-02-14T08:35:00+00:00,Super Rugby,sr:competition:422,Super Rugby 2026,sr:season:137092,2026,league,regular season,1,Super Rugby Pacific 2026,Western Force,sr:competitor:21995,WFO,Brumbies,sr:competitor:4179,BRU,HBF Park,Perth,Australia,"-31.945833, 115.87","Way, Jordan",,319,2270516012,ball_recycled,2026-02-14T09:57:28+00:00,52,51:44,home,Western Force,40,27,2,,,,,,,,,,,,,,
super_rugby_2026_western_force_vs_brumbies_65866098.json,sr:sport_event:65866098,2026-02-14T08:35:00+00:00,Super Rugby,sr:competition:422,Super Rugby 2026,sr:season:137092,2026,league,regular season,1,Super Rugby Pacific 2026,Western Force,sr:competitor:21995,WFO,Brumbies,sr:competitor:4179,BRU,HBF Park,Perth,Australia,"-31.945833, 115.87","Way, Jordan",,320,2270516054,substitution,2026-02-14T09:57:34+00:00,52,51:51,home,Western Force,,,2,,,,,,,,,,sr:player:1256810,"Johnson-Holmes, Harry",sr:player:3154204,"Epenisa, Misinale","[{""id"": ""sr:player:1256810"", ""name"": ""Johnson-Holmes, Harry"", ""type"": ""substituted_out""}, {""id"": ""sr:player:3154204"", ""name"": ""Epenisa, Misinale"", ""type"": ""substituted_in""}]"
super_rugby_2026_western_force_vs_brumbies_65866098.json,sr:sport_event:65866098,2026-02-14T08:35:00+00:00,Super Rugby,sr:competition:422,Super Rugby 2026,sr:season:137092,2026,league,regular season,1,Super Rugby Pacific 2026,Western Force,sr:competitor:21995,WFO,Brumbies,sr:competitor:4179,BRU,HBF Park,Perth,Australia,"-31.945833, 115.87","Way, Jordan",,321,2270516126,ball_recycled,2026-02-14T09:57:41+00:00,52,51:57,home,Western Force,39,44,2,,,,,,,,,,,,,,
super_rugby_2026_western_force_vs_brumbies_65866098.json,sr:sport_event:65866098,2026-02-14T08:35:00+00:00,Super Rugby,sr:competition:422,Super Rugby 2026,sr:season:137092,2026,league,regular season,1,Super Rugby Pacific 2026,Western Force,sr:competitor:21995,WFO,Brumbies,sr:competitor:4179,BRU,HBF Park,Perth,Australia,"-31.945833, 115.87","Way, Jordan",,322,2270516212,ball_recycled,2026-02-14T09:57:52+00:00,53,52:08,home,Western Force,66,65,2,,,,,,,,,,,,,,
super_rugby_2026_western_force_vs_brumbies_65866098.json,sr:sport_event:65866098,2026-02-14T08:35:00+00:00,Super Rugby,sr:competition:422,Super Rugby 2026,sr:season:137092,2026,league,regular season,1,Super Rugby Pacific 2026,Western Force,sr:competitor:21995,WFO,Brumbies,sr:competitor:4179,BRU,HBF Park,Perth,Australia,"-31.945833, 115.87","Way, Jordan",,323,2270516242,ball_kicked,2026-02-14T09:57:57+00:00,53,52:14,home,Western Force,73,51,2,,,,,,,,,,,,,,
super_rugby_2026_western_force_vs_brumbies_65866098.json,sr:sport_event:65866098,2026-02-14T08:35:00+00:00,Super Rugby,sr:competition:422,Super Rugby 2026,sr:season:137092,2026,league,regular season,1,Super Rugby Pacific 2026,Western Force,sr:competitor:21995,WFO,Brumbies,sr:competitor:4179,BRU,HBF Park,Perth,Australia,"-31.945833, 115.87","Way, Jordan",,324,2270516292,score_change,2026-02-14T09:58:05+00:00,53,52:21,home,Western Force,73,51,2,,,15,28,try,,,sr:player:1001529,"Molina, Franco",,,,,"[{""id"": ""sr:player:1001529"", ""name"": ""Molina, Franco"", ""type"": ""scorer""}]"
super_rugby_2026_western_force_vs_brumbies_65866098.json,sr:sport_event:65866098,2026-02-14T08:35:00+00:00,Super Rugby,sr:competition:422,Super Rugby 2026,sr:season:137092,2026,league,regular season,1,Super Rugby Pacific 2026,Western Force,sr:competitor:21995,WFO,Brumbies,sr:competitor:4179,BRU,HBF Park,Perth,Australia,"-31.945833, 115.87","Way, Jordan",,325,2270516952,score_change,2026-02-14T09:59:00+00:00,54,53:17,home,Western Force,55,35,2,,,17,28,conversion,,,sr:player:2049955,"Donaldson, Ben",,,,,"[{""id"": ""sr:player:2049955"", ""name"": ""Donaldson, Ben"", ""type"": ""scorer""}]"
super_rugby_2026_western_force_vs_brumbies_65866098.json,sr:sport_event:65866098,2026-02-14T08:35:00+00:00,Super Rugby,sr:competition:422,Super Rugby 2026,sr:season:137092,2026,league,regular season,1,Super Rugby Pacific 2026,Western Force,sr:competitor:21995,WFO,Brumbies,sr:competitor:4179,BRU,HBF Park,Perth,Australia,"-31.945833, 115.87","Way, Jordan",,326,2270517108,substitution,2026-02-14T09:59:18+00:00,54,53:35,home,Western Force,,,2,,,,,,,,,,sr:player:1001529,"Molina, Franco",sr:player:1059079,"Swain, Darcy","[{""id"": ""sr:player:1001529"", ""name"": ""Molina, Franco"", ""type"": ""substituted_out""}, {""id"": ""sr:player:1059079"", ""name"": ""Swain, Darcy"", ""type"": ""substituted_in""}]"
super_rugby_2026_western_force_vs_brumbies_65866098.json,sr:sport_event:65866098,2026-02-14T08:35:00+00:00,Super Rugby,sr:competition:422,Super Rugby 2026,sr:season:137092,2026,league,regular season,1,Super Rugby Pacific 2026,Western Force,sr:competitor:21995,WFO,Brumbies,sr:competitor:4179,BRU,HBF Park,Perth,Australia,"-31.945833, 115.87","Way, Jordan",,327,2270517242,ball_kicked,2026-02-14T09:59:37+00:00,54,53:54,away,Brumbies,55,37,2,,,,,,,,,,,,,,
super_rugby_2026_western_force_vs_brumbies_65866098.json,sr:sport_event:65866098,2026-02-14T08:35:00+00:00,Super Rugby,sr:competition:422,Super Rugby 2026,sr:season:137092,2026,league,regular season,1,Super Rugby Pacific 2026,Western Force,sr:competitor:21995,WFO,Brumbies,sr:competitor:4179,BRU,HBF Park,Perth,Australia,"-31.945833, 115.87","Way, Jordan",,328,2270517260,ball_recycled,2026-02-14T09:59:39+00:00,54,53:56,home,Western Force,38,60,2,,,,,,,,,,,,,,
super_rugby_2026_western_force_vs_brumbies_65866098.json,sr:sport_event:65866098,2026-02-14T08:35:00+00:00,Super Rugby,sr:competition:422,Super Rugby 2026,sr:season:137092,2026,league,regular season,1,Super Rugby Pacific 2026,Western Force,sr:competitor:21995,WFO,Brumbies,sr:competitor:4179,BRU,HBF Park,Perth,Australia,"-31.945833, 115.87","Way, Jordan",,329,2270517360,ball_kicked,2026-02-14T09:59:53+00:00,55,54:10,home,Western Force,35,57,2,,,,,,,,,,,,,,
super_rugby_2026_western_force_vs_brumbies_65866098.json,sr:sport_event:65866098,2026-02-14T08:35:00+00:00,Super Rugby,sr:competition:422,Super Rugby 2026,sr:season:137092,2026,league,regular season,1,Super Rugby Pacific 2026,Western Force,sr:competitor:21995,WFO,Brumbies,sr:competitor:4179,BRU,HBF Park,Perth,Australia,"-31.945833, 115.87","Way, Jordan",,330,2270517370,ball_recycled,2026-02-14T09:59:55+00:00,55,54:12,away,Brumbies,59,64,2,,,,,,,,,,,,,,
super_rugby_2026_western_force_vs_brumbies_65866098.json,sr:sport_event:65866098,2026-02-14T08:35:00+00:00,Super Rugby,sr:competition:422,Super Rugby 2026,sr:season:137092,2026,league,regular season,1,Super Rugby Pacific 2026,Western Force,sr:competitor:21995,WFO,Brumbies,sr:competitor:4179,BRU,HBF Park,Perth,Australia,"-31.945833, 115.87","Way, Jordan",,331,2270517486,ball_recycled,2026-02-14T10:00:04+00:00,55,54:20,away,Brumbies,63,40,2,,,,,,,,,,,,,,
super_rugby_2026_western_force_vs_brumbies_65866098.json,sr:sport_event:65866098,2026-02-14T08:35:00+00:00,Super Rugby,sr:competition:422,Super Rugby 2026,sr:season:137092,2026,league,regular season,1,Super Rugby Pacific 2026,Western Force,sr:competitor:21995,WFO,Brumbies,sr:competitor:4179,BRU,HBF Park,Perth,Australia,"-31.945833, 115.87","Way, Jordan",,332,2270517592,ball_recycled,2026-02-14T10:00:08+00:00,55,54:24,away,Brumbies,50,18,2,,,,,,,,,,,,,,
super_rugby_2026_western_force_vs_brumbies_65866098.json,sr:sport_event:65866098,2026-02-14T08:35:00+00:00,Super Rugby,sr:competition:422,Super Rugby 2026,sr:season:137092,2026,league,regular season,1,Super Rugby Pacific 2026,Western Force,sr:competitor:21995,WFO,Brumbies,sr:competitor:4179,BRU,HBF Park,Perth,Australia,"-31.945833, 115.87","Way, Jordan",,333,2270517718,ball_recycled,2026-02-14T10:00:15+00:00,55,54:32,away,Brumbies,51,23,2,,,,,,,,,,,,,,
super_rugby_2026_western_force_vs_brumbies_65866098.json,sr:sport_event:65866098,2026-02-14T08:35:00+00:00,Super Rugby,sr:competition:422,Super Rugby 2026,sr:season:137092,2026,league,regular season,1,Super Rugby Pacific 2026,Western Force,sr:competitor:21995,WFO,Brumbies,sr:competitor:4179,BRU,HBF Park,Perth,Australia,"-31.945833, 115.87","Way, Jordan",,334,2270517818,ball_recycled,2026-02-14T10:00:22+00:00,55,54:39,away,Brumbies,50,51,2,,,,,,,,,,,,,,
super_rugby_2026_western_force_vs_brumbies_65866098.json,sr:sport_event:65866098,2026-02-14T08:35:00+00:00,Super Rugby,sr:competition:422,Super Rugby 2026,sr:season:137092,2026,league,regular season,1,Super Rugby Pacific 2026,Western Force,sr:competitor:21995,WFO,Brumbies,sr:competitor:4179,BRU,HBF Park,Perth,Australia,"-31.945833, 115.87","Way, Jordan",,335,2270517882,turnover,2026-02-14T10:00:26+00:00,55,54:42,home,Western Force,48,53,2,,,,,,,,,,,,,,
super_rugby_2026_western_force_vs_brumbies_65866098.json,sr:sport_event:65866098,2026-02-14T08:35:00+00:00,Super Rugby,sr:competition:422,Super Rugby 2026,sr:season:137092,2026,league,regular season,1,Super Rugby Pacific 2026,Western Force,sr:competitor:21995,WFO,Brumbies,sr:competitor:4179,BRU,HBF Park,Perth,Australia,"-31.945833, 115.87","Way, Jordan",,336,2270518056,substitution,2026-02-14T10:00:40+00:00,55,54:56,home,Western Force,,,2,,,,,,,,,,sr:player:1057397,"Paenga-Amosa, Brandon",sr:player:1261712,"Oviedo, Leonel","[{""id"": ""sr:player:1057397"", ""name"": ""Paenga-Amosa, Brandon"", ""type"": ""substituted_out""}, {""id"": ""sr:player:1261712"", ""name"": ""Oviedo, Leonel"", ""type"": ""substituted_in""}]"
super_rugby_2026_western_force_vs_brumbies_65866098.json,sr:sport_event:65866098,2026-02-14T08:35:00+00:00,Super Rugby,sr:competition:422,Super Rugby 2026,sr:season:137092,2026,league,regular season,1,Super Rugby Pacific 2026,Western Force,sr:competitor:21995,WFO,Brumbies,sr:competitor:4179,BRU,HBF Park,Perth,Australia,"-31.945833, 115.87","Way, Jordan",,337,2270518444,scrum,2026-02-14T10:01:13+00:00,56,55:21,home,Western Force,47,54,2,,,,,,,,,,,,,,
super_rugby_2026_western_force_vs_brumbies_65866098.json,sr:sport_event:65866098,2026-02-14T08:35:00+00:00,Super Rugby,sr:competition:422,Super Rugby 2026,sr:season:137092,2026,league,regular season,1,Super Rugby Pacific 2026,Western Force,sr:competitor:21995,WFO,Brumbies,sr:competitor:4179,BRU,HBF Park,Perth,Australia,"-31.945833, 115.87","Way, Jordan",,338,2270518568,substitution,2026-02-14T10:01:25+00:00,56,55:32,home,Western Force,,,2,,,,,,,,,,sr:player:2594397,"Hastie, Nathan",sr:player:1989673,"Robertson, Henry","[{""id"": ""sr:player:2594397"", ""name"": ""Hastie, Nathan"", ""type"": ""substituted_out""}, {""id"": ""sr:player:1989673"", ""name"": ""Robertson, Henry"", ""type"": ""substituted_in""}]"
super_rugby_2026_western_force_vs_brumbies_65866098.json,sr:sport_event:65866098,2026-02-14T08:35:00+00:00,Super Rugby,sr:competition:422,Super Rugby 2026,sr:season:137092,2026,league,regular season,1,Super Rugby Pacific 2026,Western Force,sr:competitor:21995,WFO,Brumbies,sr:competitor:4179,BRU,HBF Park,Perth,Australia,"-31.945833, 115.87","Way, Jordan",,339,2270518974,scrum_won,2026-02-14T10:01:57+00:00,57,56:05,home,Western Force,47,55,2,,,,,,,,,,,,,,
super_rugby_2026_western_force_vs_brumbies_65866098.json,sr:sport_event:65866098,2026-02-14T08:35:00+00:00,Super Rugby,sr:competition:422,Super Rugby 2026,sr:season:137092,2026,league,regular season,1,Super Rugby Pacific 2026,Western Force,sr:competitor:21995,WFO,Brumbies,sr:competitor:4179,BRU,HBF Park,Perth,Australia,"-31.945833, 115.87","Way, Jordan",,340,2270519030,ball_recycled,2026-02-14T10:02:02+00:00,57,56:09,home,Western Force,59,45,2,,,,,,,,,,,,,,
super_rugby_2026_western_force_vs_brumbies_65866098.json,sr:sport_event:65866098,2026-02-14T08:35:00+00:00,Super Rugby,sr:competition:422,Super Rugby 2026,sr:season:137092,2026,league,regular season,1,Super Rugby Pacific 2026,Western Force,sr:competitor:21995,WFO,Brumbies,sr:competitor:4179,BRU,HBF Park,Perth,Australia,"-31.945833, 115.87","Way, Jordan",,341,2270519150,ball_recycled,2026-02-14T10:02:11+00:00,57,56:18,home,Western Force,76,8,2,,,,,,,,,,,,,,
super_rugby_2026_western_force_vs_brumbies_65866098.json,sr:sport_event:65866098,2026-02-14T08:35:00+00:00,Super Rugby,sr:competition:422,Super Rugby 2026,sr:season:137092,2026,league,regular season,1,Super Rugby Pacific 2026,Western Force,sr:competitor:21995,WFO,Brumbies,sr:competitor:4179,BRU,HBF Park,Perth,Australia,"-31.945833, 115.87","Way, Jordan",,342,2270519192,ball_recycled,2026-02-14T10:02:16+00:00,57,56:23,home,Western Force,76,21,2,,,,,,,,,,,,,,
super_rugby_2026_western_force_vs_brumbies_65866098.json,sr:sport_event:65866098,2026-02-14T08:35:00+00:00,Super Rugby,sr:competition:422,Super Rugby 2026,sr:season:137092,2026,league,regular season,1,Super Rugby Pacific 2026,Western Force,sr:competitor:21995,WFO,Brumbies,sr:competitor:4179,BRU,HBF Park,Perth,Australia,"-31.945833, 115.87","Way, Jordan",,343,2270519252,ball_recycled,2026-02-14T10:02:22+00:00,57,56:30,home,Western Force,76,31,2,,,,,,,,,,,,,,
super_rugby_2026_western_force_vs_brumbies_65866098.json,sr:sport_event:65866098,2026-02-14T08:35:00+00:00,Super Rugby,sr:competition:422,Super Rugby 2026,sr:season:137092,2026,league,regular season,1,Super Rugby Pacific 2026,Western Force,sr:competitor:21995,WFO,Brumbies,sr:competitor:4179,BRU,HBF Park,Perth,Australia,"-31.945833, 115.87","Way, Jordan",,344,2270519324,ball_recycled,2026-02-14T10:02:32+00:00,57,56:40,home,Western Force,77,22,2,,,,,,,,,,,,,,
super_rugby_2026_western_force_vs_brumbies_65866098.json,sr:sport_event:65866098,2026-02-14T08:35:00+00:00,Super Rugby,sr:competition:422,Super Rugby 2026,sr:season:137092,2026,league,regular season,1,Super Rugby Pacific 2026,Western Force,sr:competitor:21995,WFO,Brumbies,sr:competitor:4179,BRU,HBF Park,Perth,Australia,"-31.945833, 115.87","Way, Jordan",,345,2270519378,turnover,2026-02-14T10:02:37+00:00,57,56:44,away,Brumbies,87,24,2,,,,,,,,,,,,,,
super_rugby_2026_western_force_vs_brumbies_65866098.json,sr:sport_event:65866098,2026-02-14T08:35:00+00:00,Super Rugby,sr:competition:422,Super Rugby 2026,sr:season:137092,2026,league,regular season,1,Super Rugby Pacific 2026,Western Force,sr:competitor:21995,WFO,Brumbies,sr:competitor:4179,BRU,HBF Park,Perth,Australia,"-31.945833, 115.87","Way, Jordan",,346,2270519412,penalty_awarded,2026-02-14T10:02:41+00:00,57,56:48,away,Brumbies,87,27,2,,,,,,,,,,,,,,
super_rugby_2026_western_force_vs_brumbies_65866098.json,sr:sport_event:65866098,2026-02-14T08:35:00+00:00,Super Rugby,sr:competition:422,Super Rugby 2026,sr:season:137092,2026,league,regular season,1,Super Rugby Pacific 2026,Western Force,sr:competitor:21995,WFO,Brumbies,sr:competitor:4179,BRU,HBF Park,Perth,Australia,"-31.945833, 115.87","Way, Jordan",,347,2270519674,kick_to_touch,2026-02-14T10:03:00+00:00,58,57:07,away,Brumbies,87,27,2,,,,,,,,,,,,,,
super_rugby_2026_western_force_vs_brumbies_65866098.json,sr:sport_event:65866098,2026-02-14T08:35:00+00:00,Super Rugby,sr:competition:422,Super Rugby 2026,sr:season:137092,2026,league,regular season,1,Super Rugby Pacific 2026,Western Force,sr:competitor:21995,WFO,Brumbies,sr:competitor:4179,BRU,HBF Park,Perth,Australia,"-31.945833, 115.87","Way, Jordan",,348,2270519746,line_out,2026-02-14T10:03:07+00:00,58,57:15,away,Brumbies,51,-1,2,,,,,,,,,,,,,,
super_rugby_2026_western_force_vs_brumbies_65866098.json,sr:sport_event:65866098,2026-02-14T08:35:00+00:00,Super Rugby,sr:competition:422,Super Rugby 2026,sr:season:137092,2026,league,regular season,1,Super Rugby Pacific 2026,Western Force,sr:competitor:21995,WFO,Brumbies,sr:competitor:4179,BRU,HBF Park,Perth,Australia,"-31.945833, 115.87","Way, Jordan",,349,2270520004,line_out_won,2026-02-14T10:03:28+00:00,58,57:36,away,Brumbies,51,-1,2,,,,,,,,,,,,,,
super_rugby_2026_western_force_vs_brumbies_65866098.json,sr:sport_event:65866098,2026-02-14T08:35:00+00:00,Super Rugby,sr:competition:422,Super Rugby 2026,sr:season:137092,2026,league,regular season,1,Super Rugby Pacific 2026,Western Force,sr:competitor:21995,WFO,Brumbies,sr:competitor:4179,BRU,HBF Park,Perth,Australia,"-31.945833, 115.87","Way, Jordan",,350,2270520100,ball_recycled,2026-02-14T10:03:35+00:00,58,57:42,away,Brumbies,60,47,2,,,,,,,,,,,,,,
super_rugby_2026_western_force_vs_brumbies_65866098.json,sr:sport_event:65866098,2026-02-14T08:35:00+00:00,Super Rugby,sr:competition:422,Super Rugby 2026,sr:season:137092,2026,league,regular season,1,Super Rugby Pacific 2026,Western Force,sr:competitor:21995,WFO,Brumbies,sr:competitor:4179,BRU,HBF Park,Perth,Australia,"-31.945833, 115.87","Way, Jordan",,351,2270520242,ball_recycled,2026-02-14T10:03:49+00:00,58,57:56,away,Brumbies,48,67,2,,,,,,,,,,,,,,
super_rugby_2026_western_force_vs_brumbies_65866098.json,sr:sport_event:65866098,2026-02-14T08:35:00+00:00,Super Rugby,sr:competition:422,Super Rugby 2026,sr:season:137092,2026,league,regular season,1,Super Rugby Pacific 2026,Western Force,sr:competitor:21995,WFO,Brumbies,sr:competitor:4179,BRU,HBF Park,Perth,Australia,"-31.945833, 115.87","Way, Jordan",,352,2270520262,ball_recycled,2026-02-14T10:03:51+00:00,58,57:58,away,Brumbies,30,62,2,,,,,,,,,,,,,,
super_rugby_2026_western_force_vs_brumbies_65866098.json,sr:sport_event:65866098,2026-02-14T08:35:00+00:00,Super Rugby,sr:competition:422,Super Rugby 2026,sr:season:137092,2026,league,regular season,1,Super Rugby Pacific 2026,Western Force,sr:competitor:21995,WFO,Brumbies,sr:competitor:4179,BRU,HBF Park,Perth,Australia,"-31.945833, 115.87","Way, Jordan",,353,2270520364,score_change,2026-02-14T10:03:59+00:00,59,58:06,away,Brumbies,30,62,2,,,17,33,try,,,sr:player:2528099,"Meredith, Declan",,,,,"[{""id"": ""sr:player:2528099"", ""name"": ""Meredith, Declan"", ""type"": ""scorer""}]"
super_rugby_2026_western_force_vs_brumbies_65866098.json,sr:sport_event:65866098,2026-02-14T08:35:00+00:00,Super Rugby,sr:competition:422,Super Rugby 2026,sr:season:137092,2026,league,regular season,1,Super Rugby Pacific 2026,Western Force,sr:competitor:21995,WFO,Brumbies,sr:competitor:4179,BRU,HBF Park,Perth,Australia,"-31.945833, 115.87","Way, Jordan",,354,2270521134,score_change,2026-02-14T10:04:57+00:00,60,59:04,away,Brumbies,55,35,2,,,17,35,conversion,,,sr:player:1082364,"Lonergan, Ryan",,,,,"[{""id"": ""sr:player:1082364"", ""name"": ""Lonergan, Ryan"", ""type"": ""scorer""}]"
super_rugby_2026_western_force_vs_brumbies_65866098.json,sr:sport_event:65866098,2026-02-14T08:35:00+00:00,Super Rugby,sr:competition:422,Super Rugby 2026,sr:season:137092,2026,league,regular season,1,Super Rugby Pacific 2026,Western Force,sr:competitor:21995,WFO,Brumbies,sr:competitor:4179,BRU,HBF Park,Perth,Australia,"-31.945833, 115.87","Way, Jordan",,355,2270521490,ball_kicked,2026-02-14T10:05:27+00:00,60,59:34,home,Western Force,55,37,2,,,,,,,,,,,,,,
super_rugby_2026_western_force_vs_brumbies_65866098.json,sr:sport_event:65866098,2026-02-14T08:35:00+00:00,Super Rugby,sr:competition:422,Super Rugby 2026,sr:season:137092,2026,league,regular season,1,Super Rugby Pacific 2026,Western Force,sr:competitor:21995,WFO,Brumbies,sr:competitor:4179,BRU,HBF Park,Perth,Australia,"-31.945833, 115.87","Way, Jordan",,356,2270521518,ball_recycled,2026-02-14T10:05:29+00:00,60,59:37,away,Brumbies,84,68,2,,,,,,,,,,,,,,
super_rugby_2026_western_force_vs_brumbies_65866098.json,sr:sport_event:65866098,2026-02-14T08:35:00+00:00,Super Rugby,sr:competition:422,Super Rugby 2026,sr:season:137092,2026,league,regular season,1,Super Rugby Pacific 2026,Western Force,sr:competitor:21995,WFO,Brumbies,sr:competitor:4179,BRU,HBF Park,Perth,Australia,"-31.945833, 115.87","Way, Jordan",,357,2270521594,substitution,2026-02-14T10:05:34+00:00,60,59:41,away,Brumbies,,,2,,,,,,,,,,sr:player:2285789,"Pollard, Billy",sr:player:2798455,"Bowron, Liam","[{""id"": ""sr:player:2285789"", ""name"": ""Pollard, Billy"", ""type"": ""substituted_out""}, {""id"": ""sr:player:2798455"", ""name"": ""Bowron, Liam"", ""type"": ""substituted_in""}]"
super_rugby_2026_western_force_vs_brumbies_65866098.json,sr:sport_event:65866098,2026-02-14T08:35:00+00:00,Super Rugby,sr:competition:422,Super Rugby 2026,sr:season:137092,2026,league,regular season,1,Super Rugby Pacific 2026,Western Force,sr:competitor:21995,WFO,Brumbies,sr:competitor:4179,BRU,HBF Park,Perth,Australia,"-31.945833, 115.87","Way, Jordan",,358,2270521714,ball_kicked,2026-02-14T10:05:42+00:00,60,59:49,away,Brumbies,87,62,2,,,,,,,,,,,,,,
super_rugby_2026_western_force_vs_brumbies_65866098.json,sr:sport_event:65866098,2026-02-14T08:35:00+00:00,Super Rugby,sr:competition:422,Super Rugby 2026,sr:season:137092,2026,league,regular season,1,Super Rugby Pacific 2026,Western Force,sr:competitor:21995,WFO,Brumbies,sr:competitor:4179,BRU,HBF Park,Perth,Australia,"-31.945833, 115.87","Way, Jordan",,359,2270521736,ball_recycled,2026-02-14T10:05:44+00:00,60,59:52,home,Western Force,56,65,2,,,,,,,,,,,,,,
super_rugby_2026_western_force_vs_brumbies_65866098.json,sr:sport_event:65866098,2026-02-14T08:35:00+00:00,Super Rugby,sr:competition:422,Super Rugby 2026,sr:season:137092,2026,league,regular season,1,Super Rugby Pacific 2026,Western Force,sr:competitor:21995,WFO,Brumbies,sr:competitor:4179,BRU,HBF Park,Perth,Australia,"-31.945833, 115.87","Way, Jordan",,360,2270521882,penalty_awarded,2026-02-14T10:05:52+00:00,60,59:59,away,Brumbies,54,65,2,,,,,,,,,,,,,,
super_rugby_2026_western_force_vs_brumbies_65866098.json,sr:sport_event:65866098,2026-02-14T08:35:00+00:00,Super Rugby,sr:competition:422,Super Rugby 2026,sr:season:137092,2026,league,regular season,1,Super Rugby Pacific 2026,Western Force,sr:competitor:21995,WFO,Brumbies,sr:competitor:4179,BRU,HBF Park,Perth,Australia,"-31.945833, 115.87","Way, Jordan",,361,2270521976,substitution,2026-02-14T10:06:00+00:00,61,60:08,away,Brumbies,,,2,,,,,,,,,,sr:player:2285793,"Scott, Rory",sr:player:2285791,"Reimer, Luke","[{""id"": ""sr:player:2285793"", ""name"": ""Scott, Rory"", ""type"": ""substituted_out""}, {""id"": ""sr:player:2285791"", ""name"": ""Reimer, Luke"", ""type"": ""substituted_in""}]"
super_rugby_2026_western_force_vs_brumbies_65866098.json,sr:sport_event:65866098,2026-02-14T08:35:00+00:00,Super Rugby,sr:competition:422,Super Rugby 2026,sr:season:137092,2026,league,regular season,1,Super Rugby Pacific 2026,Western Force,sr:competitor:21995,WFO,Brumbies,sr:competitor:4179,BRU,HBF Park,Perth,Australia,"-31.945833, 115.87","Way, Jordan",,362,2270522162,substitution,2026-02-14T10:06:15+00:00,61,60:22,away,Brumbies,,,2,,,,,,,,,,sr:player:2131480,"van Nek, Rhys",sr:player:2911273,"Alatini, Tevita","[{""id"": ""sr:player:2131480"", ""name"": ""van Nek, Rhys"", ""type"": ""substituted_out""}, {""id"": ""sr:player:2911273"", ""name"": ""Alatini, Tevita"", ""type"": ""substituted_in""}]"
super_rugby_2026_western_force_vs_brumbies_65866098.json,sr:sport_event:65866098,2026-02-14T08:35:00+00:00,Super Rugby,sr:competition:422,Super Rugby 2026,sr:season:137092,2026,league,regular season,1,Super Rugby Pacific 2026,Western Force,sr:competitor:21995,WFO,Brumbies,sr:competitor:4179,BRU,HBF Park,Perth,Australia,"-31.945833, 115.87","Way, Jordan",,363,2270523916,substitution,2026-02-14T10:08:36+00:00,61,60:27,away,Brumbies,,,2,,,,,,,,,,sr:player:2731206,"Shaw, Lachlan",sr:player:3114930,"MacPherson, Toby","[{""id"": ""sr:player:2731206"", ""name"": ""Shaw, Lachlan"", ""type"": ""substituted_out""}, {""id"": ""sr:player:3114930"", ""name"": ""MacPherson, Toby"", ""type"": ""substituted_in""}]"
super_rugby_2026_western_force_vs_brumbies_65866098.json,sr:sport_event:65866098,2026-02-14T08:35:00+00:00,Super Rugby,sr:competition:422,Super Rugby 2026,sr:season:137092,2026,league,regular season,1,Super Rugby Pacific 2026,Western Force,sr:competitor:21995,WFO,Brumbies,sr:competitor:4179,BRU,HBF Park,Perth,Australia,"-31.945833, 115.87","Way, Jordan",,364,2270524380,line_out,2026-02-14T10:09:13+00:00,61,60:49,away,Brumbies,27,74,2,,,,,,,,,,,,,,
super_rugby_2026_western_force_vs_brumbies_65866098.json,sr:sport_event:65866098,2026-02-14T08:35:00+00:00,Super Rugby,sr:competition:422,Super Rugby 2026,sr:season:137092,2026,league,regular season,1,Super Rugby Pacific 2026,Western Force,sr:competitor:21995,WFO,Brumbies,sr:competitor:4179,BRU,HBF Park,Perth,Australia,"-31.945833, 115.87","Way, Jordan",,365,2270524406,line_out_won,2026-02-14T10:09:15+00:00,61,60:51,away,Brumbies,27,74,2,,,,,,,,,,,,,,
super_rugby_2026_western_force_vs_brumbies_65866098.json,sr:sport_event:65866098,2026-02-14T08:35:00+00:00,Super Rugby,sr:competition:422,Super Rugby 2026,sr:season:137092,2026,league,regular season,1,Super Rugby Pacific 2026,Western Force,sr:competitor:21995,WFO,Brumbies,sr:competitor:4179,BRU,HBF Park,Perth,Australia,"-31.945833, 115.87","Way, Jordan",,366,2270524454,tap_and_go,2026-02-14T10:09:19+00:00,61,60:55,away,Brumbies,22,53,2,,,,,,,,,,,,,,
super_rugby_2026_western_force_vs_brumbies_65866098.json,sr:sport_event:65866098,2026-02-14T08:35:00+00:00,Super Rugby,sr:competition:422,Super Rugby 2026,sr:season:137092,2026,league,regular season,1,Super Rugby Pacific 2026,Western Force,sr:competitor:21995,WFO,Brumbies,sr:competitor:4179,BRU,HBF Park,Perth,Australia,"-31.945833, 115.87","Way, Jordan",,367,2270524538,ball_recycled,2026-02-14T10:09:23+00:00,61,60:58,away,Brumbies,22,50,2,,,,,,,,,,,,,,
super_rugby_2026_western_force_vs_brumbies_65866098.json,sr:sport_event:65866098,2026-02-14T08:35:00+00:00,Super Rugby,sr:competition:422,Super Rugby 2026,sr:season:137092,2026,league,regular season,1,Super Rugby Pacific 2026,Western Force,sr:competitor:21995,WFO,Brumbies,sr:competitor:4179,BRU,HBF Park,Perth,Australia,"-31.945833, 115.87","Way, Jordan",,368,2270524610,ball_recycled,2026-02-14T10:09:30+00:00,62,61:05,away,Brumbies,21,62,2,,,,,,,,,,,,,,
super_rugby_2026_western_force_vs_brumbies_65866098.json,sr:sport_event:65866098,2026-02-14T08:35:00+00:00,Super Rugby,sr:competition:422,Super Rugby 2026,sr:season:137092,2026,league,regular season,1,Super Rugby Pacific 2026,Western Force,sr:competitor:21995,WFO,Brumbies,sr:competitor:4179,BRU,HBF Park,Perth,Australia,"-31.945833, 115.87","Way, Jordan",,369,2270524736,substitution,2026-02-14T10:09:40+00:00,62,61:16,away,Brumbies,,,2,,,,,,,,,,sr:player:2528099,"Meredith, Declan",sr:player:2291327,"Edmed, Tane","[{""id"": ""sr:player:2528099"", ""name"": ""Meredith, Declan"", ""type"": ""substituted_out""}, {""id"": ""sr:player:2291327"", ""name"": ""Edmed, Tane"", ""type"": ""substituted_in""}]"
super_rugby_2026_western_force_vs_brumbies_65866098.json,sr:sport_event:65866098,2026-02-14T08:35:00+00:00,Super Rugby,sr:competition:422,Super Rugby 2026,sr:season:137092,2026,league,regular season,1,Super Rugby Pacific 2026,Western Force,sr:competitor:21995,WFO,Brumbies,sr:competitor:4179,BRU,HBF Park,Perth,Australia,"-31.945833, 115.87","Way, Jordan",,370,2270524802,line_out,2026-02-14T10:09:46+00:00,62,61:22,home,Western Force,26,72,2,,,,,,,,,,,,,,
super_rugby_2026_western_force_vs_brumbies_65866098.json,sr:sport_event:65866098,2026-02-14T08:35:00+00:00,Super Rugby,sr:competition:422,Super Rugby 2026,sr:season:137092,2026,league,regular season,1,Super Rugby Pacific 2026,Western Force,sr:competitor:21995,WFO,Brumbies,sr:competitor:4179,BRU,HBF Park,Perth,Australia,"-31.945833, 115.87","Way, Jordan",,371,2270524998,line_out_won,2026-02-14T10:10:00+00:00,62,61:36,home,Western Force,26,72,2,,,,,,,,,,,,,,
super_rugby_2026_western_force_vs_brumbies_65866098.json,sr:sport_event:65866098,2026-02-14T08:35:00+00:00,Super Rugby,sr:competition:422,Super Rugby 2026,sr:season:137092,2026,league,regular season,1,Super Rugby Pacific 2026,Western Force,sr:competitor:21995,WFO,Brumbies,sr:competitor:4179,BRU,HBF Park,Perth,Australia,"-31.945833, 115.87","Way, Jordan",,372,2270525066,turnover,2026-02-14T10:10:04+00:00,62,61:40,away,Brumbies,19,58,2,,,,,,,,,,,,,,
super_rugby_2026_western_force_vs_brumbies_65866098.json,sr:sport_event:65866098,2026-02-14T08:35:00+00:00,Super Rugby,sr:competition:422,Super Rugby 2026,sr:season:137092,2026,league,regular season,1,Super Rugby Pacific 2026,Western Force,sr:competitor:21995,WFO,Brumbies,sr:competitor:4179,BRU,HBF Park,Perth,Australia,"-31.945833, 115.87","Way, Jordan",,373,2270525132,ball_recycled,2026-02-14T10:10:08+00:00,62,61:44,away,Brumbies,14,55,2,,,,,,,,,,,,,,
super_rugby_2026_western_force_vs_brumbies_65866098.json,sr:sport_event:65866098,2026-02-14T08:35:00+00:00,Super Rugby,sr:competition:422,Super Rugby 2026,sr:season:137092,2026,league,regular season,1,Super Rugby Pacific 2026,Western Force,sr:competitor:21995,WFO,Brumbies,sr:competitor:4179,BRU,HBF Park,Perth,Australia,"-31.945833, 115.87","Way, Jordan",,374,2270525156,ball_recycled,2026-02-14T10:10:10+00:00,62,61:46,away,Brumbies,14,55,2,,,,,,,,,,,,,,
super_rugby_2026_western_force_vs_brumbies_65866098.json,sr:sport_event:65866098,2026-02-14T08:35:00+00:00,Super Rugby,sr:competition:422,Super Rugby 2026,sr:season:137092,2026,league,regular season,1,Super Rugby Pacific 2026,Western Force,sr:competitor:21995,WFO,Brumbies,sr:competitor:4179,BRU,HBF Park,Perth,Australia,"-31.945833, 115.87","Way, Jordan",,375,2270525240,turnover,2026-02-14T10:10:18+00:00,62,61:54,home,Western Force,14,55,2,,,,,,,,,,,,,,
super_rugby_2026_western_force_vs_brumbies_65866098.json,sr:sport_event:65866098,2026-02-14T08:35:00+00:00,Super Rugby,sr:competition:422,Super Rugby 2026,sr:season:137092,2026,league,regular season,1,Super Rugby Pacific 2026,Western Force,sr:competitor:21995,WFO,Brumbies,sr:competitor:4179,BRU,HBF Park,Perth,Australia,"-31.945833, 115.87","Way, Jordan",,376,2270525288,ball_kicked,2026-02-14T10:10:22+00:00,62,61:58,home,Western Force,17,53,2,,,,,,,,,,,,,,
super_rugby_2026_western_force_vs_brumbies_65866098.json,sr:sport_event:65866098,2026-02-14T08:35:00+00:00,Super Rugby,sr:competition:422,Super Rugby 2026,sr:season:137092,2026,league,regular season,1,Super Rugby Pacific 2026,Western Force,sr:competitor:21995,WFO,Brumbies,sr:competitor:4179,BRU,HBF Park,Perth,Australia,"-31.945833, 115.87","Way, Jordan",,377,2270525346,line_out,2026-02-14T10:10:26+00:00,63,62:01,away,Brumbies,62,73,2,,,,,,,,,,,,,,
super_rugby_2026_western_force_vs_brumbies_65866098.json,sr:sport_event:65866098,2026-02-14T08:35:00+00:00,Super Rugby,sr:competition:422,Super Rugby 2026,sr:season:137092,2026,league,regular season,1,Super Rugby Pacific 2026,Western Force,sr:competitor:21995,WFO,Brumbies,sr:competitor:4179,BRU,HBF Park,Perth,Australia,"-31.945833, 115.87","Way, Jordan",,378,2270525692,line_out_won,2026-02-14T10:10:56+00:00,63,62:32,away,Brumbies,62,73,2,,,,,,,,,,,,,,
super_rugby_2026_western_force_vs_brumbies_65866098.json,sr:sport_event:65866098,2026-02-14T08:35:00+00:00,Super Rugby,sr:competition:422,Super Rugby 2026,sr:season:137092,2026,league,regular season,1,Super Rugby Pacific 2026,Western Force,sr:competitor:21995,WFO,Brumbies,sr:competitor:4179,BRU,HBF Park,Perth,Australia,"-31.945833, 115.87","Way, Jordan",,379,2270525714,ball_recycled,2026-02-14T10:10:58+00:00,63,62:34,away,Brumbies,62,44,2,,,,,,,,,,,,,,
super_rugby_2026_western_force_vs_brumbies_65866098.json,sr:sport_event:65866098,2026-02-14T08:35:00+00:00,Super Rugby,sr:competition:422,Super Rugby 2026,sr:season:137092,2026,league,regular season,1,Super Rugby Pacific 2026,Western Force,sr:competitor:21995,WFO,Brumbies,sr:competitor:4179,BRU,HBF Park,Perth,Australia,"-31.945833, 115.87","Way, Jordan",,380,2270525754,ball_recycled,2026-02-14T10:11:02+00:00,63,62:38,away,Brumbies,62,46,2,,,,,,,,,,,,,,
super_rugby_2026_western_force_vs_brumbies_65866098.json,sr:sport_event:65866098,2026-02-14T08:35:00+00:00,Super Rugby,sr:competition:422,Super Rugby 2026,sr:season:137092,2026,league,regular season,1,Super Rugby Pacific 2026,Western Force,sr:competitor:21995,WFO,Brumbies,sr:competitor:4179,BRU,HBF Park,Perth,Australia,"-31.945833, 115.87","Way, Jordan",,381,2270525862,ball_kicked,2026-02-14T10:11:11+00:00,63,62:47,away,Brumbies,59,44,2,,,,,,,,,,,,,,
super_rugby_2026_western_force_vs_brumbies_65866098.json,sr:sport_event:65866098,2026-02-14T08:35:00+00:00,Super Rugby,sr:competition:422,Super Rugby 2026,sr:season:137092,2026,league,regular season,1,Super Rugby Pacific 2026,Western Force,sr:competitor:21995,WFO,Brumbies,sr:competitor:4179,BRU,HBF Park,Perth,Australia,"-31.945833, 115.87","Way, Jordan",,382,2270525944,ball_kicked,2026-02-14T10:11:19+00:00,63,62:55,away,Brumbies,31,34,2,,,,,,,,,,,,,,
super_rugby_2026_western_force_vs_brumbies_65866098.json,sr:sport_event:65866098,2026-02-14T08:35:00+00:00,Super Rugby,sr:competition:422,Super Rugby 2026,sr:season:137092,2026,league,regular season,1,Super Rugby Pacific 2026,Western Force,sr:competitor:21995,WFO,Brumbies,sr:competitor:4179,BRU,HBF Park,Perth,Australia,"-31.945833, 115.87","Way, Jordan",,383,2270526376,denied_try,2026-02-14T10:11:54+00:00,64,63:02,away,Brumbies,,,2,,,,,,,,,,,,,,
super_rugby_2026_western_force_vs_brumbies_65866098.json,sr:sport_event:65866098,2026-02-14T08:35:00+00:00,Super Rugby,sr:competition:422,Super Rugby 2026,sr:season:137092,2026,league,regular season,1,Super Rugby Pacific 2026,Western Force,sr:competitor:21995,WFO,Brumbies,sr:competitor:4179,BRU,HBF Park,Perth,Australia,"-31.945833, 115.87","Way, Jordan",,384,2270526690,ball_kicked,2026-02-14T10:12:15+00:00,64,63:20,home,Western Force,25,43,2,,,,,,,,,,,,,,
super_rugby_2026_western_force_vs_brumbies_65866098.json,sr:sport_event:65866098,2026-02-14T08:35:00+00:00,Super Rugby,sr:competition:422,Super Rugby 2026,sr:season:137092,2026,league,regular season,1,Super Rugby Pacific 2026,Western Force,sr:competitor:21995,WFO,Brumbies,sr:competitor:4179,BRU,HBF Park,Perth,Australia,"-31.945833, 115.87","Way, Jordan",,385,2270526710,ball_recycled,2026-02-14T10:12:17+00:00,64,63:21,away,Brumbies,60,49,2,,,,,,,,,,,,,,
super_rugby_2026_western_force_vs_brumbies_65866098.json,sr:sport_event:65866098,2026-02-14T08:35:00+00:00,Super Rugby,sr:competition:422,Super Rugby 2026,sr:season:137092,2026,league,regular season,1,Super Rugby Pacific 2026,Western Force,sr:competitor:21995,WFO,Brumbies,sr:competitor:4179,BRU,HBF Park,Perth,Australia,"-31.945833, 115.87","Way, Jordan",,386,2270526754,ball_recycled,2026-02-14T10:12:21+00:00,64,63:26,away,Brumbies,46,49,2,,,,,,,,,,,,,,
super_rugby_2026_western_force_vs_brumbies_65866098.json,sr:sport_event:65866098,2026-02-14T08:35:00+00:00,Super Rugby,sr:competition:422,Super Rugby 2026,sr:season:137092,2026,league,regular season,1,Super Rugby Pacific 2026,Western Force,sr:competitor:21995,WFO,Brumbies,sr:competitor:4179,BRU,HBF Park,Perth,Australia,"-31.945833, 115.87","Way, Jordan",,387,2270526910,ball_recycled,2026-02-14T10:12:33+00:00,64,63:38,away,Brumbies,47,12,2,,,,,,,,,,,,,,
super_rugby_2026_western_force_vs_brumbies_65866098.json,sr:sport_event:65866098,2026-02-14T08:35:00+00:00,Super Rugby,sr:competition:422,Super Rugby 2026,sr:season:137092,2026,league,regular season,1,Super Rugby Pacific 2026,Western Force,sr:competitor:21995,WFO,Brumbies,sr:competitor:4179,BRU,HBF Park,Perth,Australia,"-31.945833, 115.87","Way, Jordan",,388,2270526954,ball_recycled,2026-02-14T10:12:38+00:00,64,63:43,away,Brumbies,48,26,2,,,,,,,,,,,,,,
super_rugby_2026_western_force_vs_brumbies_65866098.json,sr:sport_event:65866098,2026-02-14T08:35:00+00:00,Super Rugby,sr:competition:422,Super Rugby 2026,sr:season:137092,2026,league,regular season,1,Super Rugby Pacific 2026,Western Force,sr:competitor:21995,WFO,Brumbies,sr:competitor:4179,BRU,HBF Park,Perth,Australia,"-31.945833, 115.87","Way, Jordan",,389,2270527020,ball_recycled,2026-02-14T10:12:43+00:00,64,63:48,away,Brumbies,47,10,2,,,,,,,,,,,,,,
super_rugby_2026_western_force_vs_brumbies_65866098.json,sr:sport_event:65866098,2026-02-14T08:35:00+00:00,Super Rugby,sr:competition:422,Super Rugby 2026,sr:season:137092,2026,league,regular season,1,Super Rugby Pacific 2026,Western Force,sr:competitor:21995,WFO,Brumbies,sr:competitor:4179,BRU,HBF Park,Perth,Australia,"-31.945833, 115.87","Way, Jordan",,390,2270527088,ball_recycled,2026-02-14T10:12:48+00:00,64,63:53,away,Brumbies,50,23,2,,,,,,,,,,,,,,
super_rugby_2026_western_force_vs_brumbies_65866098.json,sr:sport_event:65866098,2026-02-14T08:35:00+00:00,Super Rugby,sr:competition:422,Super Rugby 2026,sr:season:137092,2026,league,regular season,1,Super Rugby Pacific 2026,Western Force,sr:competitor:21995,WFO,Brumbies,sr:competitor:4179,BRU,HBF Park,Perth,Australia,"-31.945833, 115.87","Way, Jordan",,391,2270527212,ball_kicked,2026-02-14T10:12:59+00:00,65,64:04,away,Brumbies,51,25,2,,,,,,,,,,,,,,
super_rugby_2026_western_force_vs_brumbies_65866098.json,sr:sport_event:65866098,2026-02-14T08:35:00+00:00,Super Rugby,sr:competition:422,Super Rugby 2026,sr:season:137092,2026,league,regular season,1,Super Rugby Pacific 2026,Western Force,sr:competitor:21995,WFO,Brumbies,sr:competitor:4179,BRU,HBF Park,Perth,Australia,"-31.945833, 115.87","Way, Jordan",,392,2270527332,ball_kicked,2026-02-14T10:13:09+00:00,65,64:14,away,Brumbies,25,8,2,,,,,,,,,,,,,,
super_rugby_2026_western_force_vs_brumbies_65866098.json,sr:sport_event:65866098,2026-02-14T08:35:00+00:00,Super Rugby,sr:competition:422,Super Rugby 2026,sr:season:137092,2026,league,regular season,1,Super Rugby Pacific 2026,Western Force,sr:competitor:21995,WFO,Brumbies,sr:competitor:4179,BRU,HBF Park,Perth,Australia,"-31.945833, 115.87","Way, Jordan",,393,2270527440,ball_recycled,2026-02-14T10:13:16+00:00,65,64:21,away,Brumbies,84,23,2,,,,,,,,,,,,,,
super_rugby_2026_western_force_vs_brumbies_65866098.json,sr:sport_event:65866098,2026-02-14T08:35:00+00:00,Super Rugby,sr:competition:422,Super Rugby 2026,sr:season:137092,2026,league,regular season,1,Super Rugby Pacific 2026,Western Force,sr:competitor:21995,WFO,Brumbies,sr:competitor:4179,BRU,HBF Park,Perth,Australia,"-31.945833, 115.87","Way, Jordan",,394,2270527460,ball_kicked,2026-02-14T10:13:18+00:00,65,64:23,away,Brumbies,72,19,2,,,,,,,,,,,,,,
super_rugby_2026_western_force_vs_brumbies_65866098.json,sr:sport_event:65866098,2026-02-14T08:35:00+00:00,Super Rugby,sr:competition:422,Super Rugby 2026,sr:season:137092,2026,league,regular season,1,Super Rugby Pacific 2026,Western Force,sr:competitor:21995,WFO,Brumbies,sr:competitor:4179,BRU,HBF Park,Perth,Australia,"-31.945833, 115.87","Way, Jordan",,395,2270527552,ball_kicked,2026-02-14T10:13:24+00:00,65,64:29,home,Western Force,17,26,2,,,,,,,,,,,,,,
super_rugby_2026_western_force_vs_brumbies_65866098.json,sr:sport_event:65866098,2026-02-14T08:35:00+00:00,Super Rugby,sr:competition:422,Super Rugby 2026,sr:season:137092,2026,league,regular season,1,Super Rugby Pacific 2026,Western Force,sr:competitor:21995,WFO,Brumbies,sr:competitor:4179,BRU,HBF Park,Perth,Australia,"-31.945833, 115.87","Way, Jordan",,396,2270527650,line_out,2026-02-14T10:13:30+00:00,65,64:35,away,Brumbies,62,-1,2,,,,,,,,,,,,,,
super_rugby_2026_western_force_vs_brumbies_65866098.json,sr:sport_event:65866098,2026-02-14T08:35:00+00:00,Super Rugby,sr:competition:422,Super Rugby 2026,sr:season:137092,2026,league,regular season,1,Super Rugby Pacific 2026,Western Force,sr:competitor:21995,WFO,Brumbies,sr:competitor:4179,BRU,HBF Park,Perth,Australia,"-31.945833, 115.87","Way, Jordan",,397,2270527894,substitution,2026-02-14T10:13:52+00:00,65,64:57,home,Western Force,,,2,,,,,,,,,,sr:player:2743279,"Palu, David",sr:player:2602223,"Burey, Max","[{""id"": ""sr:player:2743279"", ""name"": ""Palu, David"", ""type"": ""substituted_out""}, {""id"": ""sr:player:2602223"", ""name"": ""Burey, Max"", ""type"": ""substituted_in""}]"
super_rugby_2026_western_force_vs_brumbies_65866098.json,sr:sport_event:65866098,2026-02-14T08:35:00+00:00,Super Rugby,sr:competition:422,Super Rugby 2026,sr:season:137092,2026,league,regular season,1,Super Rugby Pacific 2026,Western Force,sr:competitor:21995,WFO,Brumbies,sr:competitor:4179,BRU,HBF Park,Perth,Australia,"-31.945833, 115.87","Way, Jordan",,398,2270527998,line_out_won,2026-02-14T10:14:00+00:00,66,65:05,away,Brumbies,60,15,2,,,,,,,,,,,,,,
super_rugby_2026_western_force_vs_brumbies_65866098.json,sr:sport_event:65866098,2026-02-14T08:35:00+00:00,Super Rugby,sr:competition:422,Super Rugby 2026,sr:season:137092,2026,league,regular season,1,Super Rugby Pacific 2026,Western Force,sr:competitor:21995,WFO,Brumbies,sr:competitor:4179,BRU,HBF Park,Perth,Australia,"-31.945833, 115.87","Way, Jordan",,399,2270528048,turnover,2026-02-14T10:14:04+00:00,66,65:09,home,Western Force,70,16,2,,,,,,,,,,,,,,
super_rugby_2026_western_force_vs_brumbies_65866098.json,sr:sport_event:65866098,2026-02-14T08:35:00+00:00,Super Rugby,sr:competition:422,Super Rugby 2026,sr:season:137092,2026,league,regular season,1,Super Rugby Pacific 2026,Western Force,sr:competitor:21995,WFO,Brumbies,sr:competitor:4179,BRU,HBF Park,Perth,Australia,"-31.945833, 115.87","Way, Jordan",,400,2270528198,ball_recycled,2026-02-14T10:14:15+00:00,66,65:19,home,Western Force,76,62,2,,,,,,,,,,,,,,
super_rugby_2026_western_force_vs_brumbies_65866098.json,sr:sport_event:65866098,2026-02-14T08:35:00+00:00,Super Rugby,sr:competition:422,Super Rugby 2026,sr:season:137092,2026,league,regular season,1,Super Rugby Pacific 2026,Western Force,sr:competitor:21995,WFO,Brumbies,sr:competitor:4179,BRU,HBF Park,Perth,Australia,"-31.945833, 115.87","Way, Jordan",,401,2270528246,turnover,2026-02-14T10:14:21+00:00,66,65:26,away,Brumbies,72,61,2,,,,,,,,,,,,,,
super_rugby_2026_western_force_vs_brumbies_65866098.json,sr:sport_event:65866098,2026-02-14T08:35:00+00:00,Super Rugby,sr:competition:422,Super Rugby 2026,sr:season:137092,2026,league,regular season,1,Super Rugby Pacific 2026,Western Force,sr:competitor:21995,WFO,Brumbies,sr:competitor:4179,BRU,HBF Park,Perth,Australia,"-31.945833, 115.87","Way, Jordan",,402,2270528508,ball_kicked,2026-02-14T10:14:35+00:00,66,65:39,away,Brumbies,73,58,2,,,,,,,,,,,,,,
super_rugby_2026_western_force_vs_brumbies_65866098.json,sr:sport_event:65866098,2026-02-14T08:35:00+00:00,Super Rugby,sr:competition:422,Super Rugby 2026,sr:season:137092,2026,league,regular season,1,Super Rugby Pacific 2026,Western Force,sr:competitor:21995,WFO,Brumbies,sr:competitor:4179,BRU,HBF Park,Perth,Australia,"-31.945833, 115.87","Way, Jordan",,403,2270528576,substitution,2026-02-14T10:14:41+00:00,66,65:46,away,Brumbies,,,2,,,,,,,,,,sr:player:1082364,"Lonergan, Ryan",sr:player:2528105,"Thorn, Klayton","[{""id"": ""sr:player:1082364"", ""name"": ""Lonergan, Ryan"", ""type"": ""substituted_out""}, {""id"": ""sr:player:2528105"", ""name"": ""Thorn, Klayton"", ""type"": ""substituted_in""}]"
super_rugby_2026_western_force_vs_brumbies_65866098.json,sr:sport_event:65866098,2026-02-14T08:35:00+00:00,Super Rugby,sr:competition:422,Super Rugby 2026,sr:season:137092,2026,league,regular season,1,Super Rugby Pacific 2026,Western Force,sr:competitor:21995,WFO,Brumbies,sr:competitor:4179,BRU,HBF Park,Perth,Australia,"-31.945833, 115.87","Way, Jordan",,404,2270528610,line_out,2026-02-14T10:14:47+00:00,66,65:52,home,Western Force,75,72,2,,,,,,,,,,,,,,
super_rugby_2026_western_force_vs_brumbies_65866098.json,sr:sport_event:65866098,2026-02-14T08:35:00+00:00,Super Rugby,sr:competition:422,Super Rugby 2026,sr:season:137092,2026,league,regular season,1,Super Rugby Pacific 2026,Western Force,sr:competitor:21995,WFO,Brumbies,sr:competitor:4179,BRU,HBF Park,Perth,Australia,"-31.945833, 115.87","Way, Jordan",,405,2270528872,line_out_won,2026-02-14T10:15:06+00:00,67,66:11,home,Western Force,75,72,2,,,,,,,,,,,,,,
super_rugby_2026_western_force_vs_brumbies_65866098.json,sr:sport_event:65866098,2026-02-14T08:35:00+00:00,Super Rugby,sr:competition:422,Super Rugby 2026,sr:season:137092,2026,league,regular season,1,Super Rugby Pacific 2026,Western Force,sr:competitor:21995,WFO,Brumbies,sr:competitor:4179,BRU,HBF Park,Perth,Australia,"-31.945833, 115.87","Way, Jordan",,406,2270529052,ball_recycled,2026-02-14T10:15:12+00:00,67,66:17,home,Western Force,75,52,2,,,,,,,,,,,,,,
super_rugby_2026_western_force_vs_brumbies_65866098.json,sr:sport_event:65866098,2026-02-14T08:35:00+00:00,Super Rugby,sr:competition:422,Super Rugby 2026,sr:season:137092,2026,league,regular season,1,Super Rugby Pacific 2026,Western Force,sr:competitor:21995,WFO,Brumbies,sr:competitor:4179,BRU,HBF Park,Perth,Australia,"-31.945833, 115.87","Way, Jordan",,407,2270529122,ball_recycled,2026-02-14T10:15:17+00:00,67,66:22,home,Western Force,76,55,2,,,,,,,,,,,,,,
super_rugby_2026_western_force_vs_brumbies_65866098.json,sr:sport_event:65866098,2026-02-14T08:35:00+00:00,Super Rugby,sr:competition:422,Super Rugby 2026,sr:season:137092,2026,league,regular season,1,Super Rugby Pacific 2026,Western Force,sr:competitor:21995,WFO,Brumbies,sr:competitor:4179,BRU,HBF Park,Perth,Australia,"-31.945833, 115.87","Way, Jordan",,408,2270529190,ball_recycled,2026-02-14T10:15:24+00:00,67,66:29,home,Western Force,76,47,2,,,,,,,,,,,,,,
super_rugby_2026_western_force_vs_brumbies_65866098.json,sr:sport_event:65866098,2026-02-14T08:35:00+00:00,Super Rugby,sr:competition:422,Super Rugby 2026,sr:season:137092,2026,league,regular season,1,Super Rugby Pacific 2026,Western Force,sr:competitor:21995,WFO,Brumbies,sr:competitor:4179,BRU,HBF Park,Perth,Australia,"-31.945833, 115.87","Way, Jordan",,409,2270529288,ball_recycled,2026-02-14T10:15:30+00:00,67,66:35,home,Western Force,76,37,2,,,,,,,,,,,,,,
super_rugby_2026_western_force_vs_brumbies_65866098.json,sr:sport_event:65866098,2026-02-14T08:35:00+00:00,Super Rugby,sr:competition:422,Super Rugby 2026,sr:season:137092,2026,league,regular season,1,Super Rugby Pacific 2026,Western Force,sr:competitor:21995,WFO,Brumbies,sr:competitor:4179,BRU,HBF Park,Perth,Australia,"-31.945833, 115.87","Way, Jordan",,410,2270529368,ball_recycled,2026-02-14T10:15:36+00:00,67,66:41,home,Western Force,77,12,2,,,,,,,,,,,,,,
super_rugby_2026_western_force_vs_brumbies_65866098.json,sr:sport_event:65866098,2026-02-14T08:35:00+00:00,Super Rugby,sr:competition:422,Super Rugby 2026,sr:season:137092,2026,league,regular season,1,Super Rugby Pacific 2026,Western Force,sr:competitor:21995,WFO,Brumbies,sr:competitor:4179,BRU,HBF Park,Perth,Australia,"-31.945833, 115.87","Way, Jordan",,411,2270529480,ball_recycled,2026-02-14T10:15:44+00:00,67,66:49,home,Western Force,79,26,2,,,,,,,,,,,,,,
super_rugby_2026_western_force_vs_brumbies_65866098.json,sr:sport_event:65866098,2026-02-14T08:35:00+00:00,Super Rugby,sr:competition:422,Super Rugby 2026,sr:season:137092,2026,league,regular season,1,Super Rugby Pacific 2026,Western Force,sr:competitor:21995,WFO,Brumbies,sr:competitor:4179,BRU,HBF Park,Perth,Australia,"-31.945833, 115.87","Way, Jordan",,412,2270529560,ball_recycled,2026-02-14T10:15:52+00:00,67,66:57,home,Western Force,80,28,2,,,,,,,,,,,,,,
super_rugby_2026_western_force_vs_brumbies_65866098.json,sr:sport_event:65866098,2026-02-14T08:35:00+00:00,Super Rugby,sr:competition:422,Super Rugby 2026,sr:season:137092,2026,league,regular season,1,Super Rugby Pacific 2026,Western Force,sr:competitor:21995,WFO,Brumbies,sr:competitor:4179,BRU,HBF Park,Perth,Australia,"-31.945833, 115.87","Way, Jordan",,413,2270529654,turnover,2026-02-14T10:16:03+00:00,68,67:08,away,Brumbies,70,9,2,,,,,,,,,,,,,,
super_rugby_2026_western_force_vs_brumbies_65866098.json,sr:sport_event:65866098,2026-02-14T08:35:00+00:00,Super Rugby,sr:competition:422,Super Rugby 2026,sr:season:137092,2026,league,regular season,1,Super Rugby Pacific 2026,Western Force,sr:competitor:21995,WFO,Brumbies,sr:competitor:4179,BRU,HBF Park,Perth,Australia,"-31.945833, 115.87","Way, Jordan",,414,2270529776,score_change,2026-02-14T10:16:13+00:00,68,67:18,away,Brumbies,70,9,2,,,17,40,try,,,sr:player:2528107,"Toole, Corey",,,,,"[{""id"": ""sr:player:2528107"", ""name"": ""Toole, Corey"", ""type"": ""scorer""}]"
super_rugby_2026_western_force_vs_brumbies_65866098.json,sr:sport_event:65866098,2026-02-14T08:35:00+00:00,Super Rugby,sr:competition:422,Super Rugby 2026,sr:season:137092,2026,league,regular season,1,Super Rugby Pacific 2026,Western Force,sr:competitor:21995,WFO,Brumbies,sr:competitor:4179,BRU,HBF Park,Perth,Australia,"-31.945833, 115.87","Way, Jordan",,415,2270530362,score_change,2026-02-14T10:17:03+00:00,69,68:08,away,Brumbies,55,35,2,,,17,42,conversion,,,sr:player:2291327,"Edmed, Tane",,,,,"[{""id"": ""sr:player:2291327"", ""name"": ""Edmed, Tane"", ""type"": ""scorer""}]"
super_rugby_2026_western_force_vs_brumbies_65866098.json,sr:sport_event:65866098,2026-02-14T08:35:00+00:00,Super Rugby,sr:competition:422,Super Rugby 2026,sr:season:137092,2026,league,regular season,1,Super Rugby Pacific 2026,Western Force,sr:competitor:21995,WFO,Brumbies,sr:competitor:4179,BRU,HBF Park,Perth,Australia,"-31.945833, 115.87","Way, Jordan",,416,2270530798,ball_kicked,2026-02-14T10:17:43+00:00,69,68:47,home,Western Force,55,37,2,,,,,,,,,,,,,,
super_rugby_2026_western_force_vs_brumbies_65866098.json,sr:sport_event:65866098,2026-02-14T08:35:00+00:00,Super Rugby,sr:competition:422,Super Rugby 2026,sr:season:137092,2026,league,regular season,1,Super Rugby Pacific 2026,Western Force,sr:competitor:21995,WFO,Brumbies,sr:competitor:4179,BRU,HBF Park,Perth,Australia,"-31.945833, 115.87","Way, Jordan",,417,2270530874,scrum,2026-02-14T10:17:50+00:00,69,68:54,away,Brumbies,56,40,2,,,,,,,,,,,,,,
super_rugby_2026_western_force_vs_brumbies_65866098.json,sr:sport_event:65866098,2026-02-14T08:35:00+00:00,Super Rugby,sr:competition:422,Super Rugby 2026,sr:season:137092,2026,league,regular season,1,Super Rugby Pacific 2026,Western Force,sr:competitor:21995,WFO,Brumbies,sr:competitor:4179,BRU,HBF Park,Perth,Australia,"-31.945833, 115.87","Way, Jordan",,418,2270531370,scrum_won,2026-02-14T10:18:36+00:00,70,69:41,home,Western Force,56,40,2,,,,,,,,,,,,,,
super_rugby_2026_western_force_vs_brumbies_65866098.json,sr:sport_event:65866098,2026-02-14T08:35:00+00:00,Super Rugby,sr:competition:422,Super Rugby 2026,sr:season:137092,2026,league,regular season,1,Super Rugby Pacific 2026,Western Force,sr:competitor:21995,WFO,Brumbies,sr:competitor:4179,BRU,HBF Park,Perth,Australia,"-31.945833, 115.87","Way, Jordan",,419,2270531436,tap_and_go,2026-02-14T10:18:40+00:00,70,69:45,home,Western Force,56,40,2,,,,,,,,,,,,,,
super_rugby_2026_western_force_vs_brumbies_65866098.json,sr:sport_event:65866098,2026-02-14T08:35:00+00:00,Super Rugby,sr:competition:422,Super Rugby 2026,sr:season:137092,2026,league,regular season,1,Super Rugby Pacific 2026,Western Force,sr:competitor:21995,WFO,Brumbies,sr:competitor:4179,BRU,HBF Park,Perth,Australia,"-31.945833, 115.87","Way, Jordan",,420,2270531490,ball_recycled,2026-02-14T10:18:46+00:00,70,69:51,home,Western Force,62,54,2,,,,,,,,,,,,,,
super_rugby_2026_western_force_vs_brumbies_65866098.json,sr:sport_event:65866098,2026-02-14T08:35:00+00:00,Super Rugby,sr:competition:422,Super Rugby 2026,sr:season:137092,2026,league,regular season,1,Super Rugby Pacific 2026,Western Force,sr:competitor:21995,WFO,Brumbies,sr:competitor:4179,BRU,HBF Park,Perth,Australia,"-31.945833, 115.87","Way, Jordan",,421,2270531584,ball_recycled,2026-02-14T10:18:54+00:00,70,69:59,home,Western Force,58,38,2,,,,,,,,,,,,,,
super_rugby_2026_western_force_vs_brumbies_65866098.json,sr:sport_event:65866098,2026-02-14T08:35:00+00:00,Super Rugby,sr:competition:422,Super Rugby 2026,sr:season:137092,2026,league,regular season,1,Super Rugby Pacific 2026,Western Force,sr:competitor:21995,WFO,Brumbies,sr:competitor:4179,BRU,HBF Park,Perth,Australia,"-31.945833, 115.87","Way, Jordan",,422,2270531692,ball_recycled,2026-02-14T10:19:05+00:00,71,70:10,home,Western Force,67,63,2,,,,,,,,,,,,,,
super_rugby_2026_western_force_vs_brumbies_65866098.json,sr:sport_event:65866098,2026-02-14T08:35:00+00:00,Super Rugby,sr:competition:422,Super Rugby 2026,sr:season:137092,2026,league,regular season,1,Super Rugby Pacific 2026,Western Force,sr:competitor:21995,WFO,Brumbies,sr:competitor:4179,BRU,HBF Park,Perth,Australia,"-31.945833, 115.87","Way, Jordan",,423,2270532034,substitution,2026-02-14T10:19:41+00:00,71,70:46,away,Brumbies,,,2,,,,,,,,,,sr:player:2534291,"Feliuai, David",sr:player:2285795,"Creighton, Hudson","[{""id"": ""sr:player:2534291"", ""name"": ""Feliuai, David"", ""type"": ""substituted_out""}, {""id"": ""sr:player:2285795"", ""name"": ""Creighton, Hudson"", ""type"": ""substituted_in""}]"
super_rugby_2026_western_force_vs_brumbies_65866098.json,sr:sport_event:65866098,2026-02-14T08:35:00+00:00,Super Rugby,sr:competition:422,Super Rugby 2026,sr:season:137092,2026,league,regular season,1,Super Rugby Pacific 2026,Western Force,sr:competitor:21995,WFO,Brumbies,sr:competitor:4179,BRU,HBF Park,Perth,Australia,"-31.945833, 115.87","Way, Jordan",,424,2270532078,line_out,2026-02-14T10:19:45+00:00,71,70:50,away,Brumbies,75,-2,2,,,,,,,,,,,,,,
super_rugby_2026_western_force_vs_brumbies_65866098.json,sr:sport_event:65866098,2026-02-14T08:35:00+00:00,Super Rugby,sr:competition:422,Super Rugby 2026,sr:season:137092,2026,league,regular season,1,Super Rugby Pacific 2026,Western Force,sr:competitor:21995,WFO,Brumbies,sr:competitor:4179,BRU,HBF Park,Perth,Australia,"-31.945833, 115.87","Way, Jordan",,425,2270532536,ball_kicked,2026-02-14T10:20:22+00:00,71,70:59,away,Brumbies,70,23,2,,,,,,,,,,,,,,
super_rugby_2026_western_force_vs_brumbies_65866098.json,sr:sport_event:65866098,2026-02-14T08:35:00+00:00,Super Rugby,sr:competition:422,Super Rugby 2026,sr:season:137092,2026,league,regular season,1,Super Rugby Pacific 2026,Western Force,sr:competitor:21995,WFO,Brumbies,sr:competitor:4179,BRU,HBF Park,Perth,Australia,"-31.945833, 115.87","Way, Jordan",,426,2270532556,ball_recycled,2026-02-14T10:20:24+00:00,72,71:01,home,Western Force,40,54,2,,,,,,,,,,,,,,
super_rugby_2026_western_force_vs_brumbies_65866098.json,sr:sport_event:65866098,2026-02-14T08:35:00+00:00,Super Rugby,sr:competition:422,Super Rugby 2026,sr:season:137092,2026,league,regular season,1,Super Rugby Pacific 2026,Western Force,sr:competitor:21995,WFO,Brumbies,sr:competitor:4179,BRU,HBF Park,Perth,Australia,"-31.945833, 115.87","Way, Jordan",,427,2270532586,ball_recycled,2026-02-14T10:20:27+00:00,72,71:03,home,Western Force,47,45,2,,,,,,,,,,,,,,
super_rugby_2026_western_force_vs_brumbies_65866098.json,sr:sport_event:65866098,2026-02-14T08:35:00+00:00,Super Rugby,sr:competition:422,Super Rugby 2026,sr:season:137092,2026,league,regular season,1,Super Rugby Pacific 2026,Western Force,sr:competitor:21995,WFO,Brumbies,sr:competitor:4179,BRU,HBF Park,Perth,Australia,"-31.945833, 115.87","Way, Jordan",,428,2270532272,line_out_won,2026-02-14T10:20:00+00:00,72,71:04,away,Brumbies,75,-2,2,,,,,,,,,,,,,,
super_rugby_2026_western_force_vs_brumbies_65866098.json,sr:sport_event:65866098,2026-02-14T08:35:00+00:00,Super Rugby,sr:competition:422,Super Rugby 2026,sr:season:137092,2026,league,regular season,1,Super Rugby Pacific 2026,Western Force,sr:competitor:21995,WFO,Brumbies,sr:competitor:4179,BRU,HBF Park,Perth,Australia,"-31.945833, 115.87","Way, Jordan",,429,2270532278,ball_recycled,2026-02-14T10:20:01+00:00,72,71:06,away,Brumbies,71,23,2,,,,,,,,,,,,,,
super_rugby_2026_western_force_vs_brumbies_65866098.json,sr:sport_event:65866098,2026-02-14T08:35:00+00:00,Super Rugby,sr:competition:422,Super Rugby 2026,sr:season:137092,2026,league,regular season,1,Super Rugby Pacific 2026,Western Force,sr:competitor:21995,WFO,Brumbies,sr:competitor:4179,BRU,HBF Park,Perth,Australia,"-31.945833, 115.87","Way, Jordan",,430,2270532638,ball_recycled,2026-02-14T10:20:32+00:00,72,71:09,home,Western Force,44,58,2,,,,,,,,,,,,,,
super_rugby_2026_western_force_vs_brumbies_65866098.json,sr:sport_event:65866098,2026-02-14T08:35:00+00:00,Super Rugby,sr:competition:422,Super Rugby 2026,sr:season:137092,2026,league,regular season,1,Super Rugby Pacific 2026,Western Force,sr:competitor:21995,WFO,Brumbies,sr:competitor:4179,BRU,HBF Park,Perth,Australia,"-31.945833, 115.87","Way, Jordan",,431,2270532710,ball_recycled,2026-02-14T10:20:36+00:00,72,71:12,home,Western Force,58,64,2,,,,,,,,,,,,,,
super_rugby_2026_western_force_vs_brumbies_65866098.json,sr:sport_event:65866098,2026-02-14T08:35:00+00:00,Super Rugby,sr:competition:422,Super Rugby 2026,sr:season:137092,2026,league,regular season,1,Super Rugby Pacific 2026,Western Force,sr:competitor:21995,WFO,Brumbies,sr:competitor:4179,BRU,HBF Park,Perth,Australia,"-31.945833, 115.87","Way, Jordan",,432,2270532734,ball_recycled,2026-02-14T10:20:41+00:00,72,71:18,home,Western Force,55,55,2,,,,,,,,,,,,,,
super_rugby_2026_western_force_vs_brumbies_65866098.json,sr:sport_event:65866098,2026-02-14T08:35:00+00:00,Super Rugby,sr:competition:422,Super Rugby 2026,sr:season:137092,2026,league,regular season,1,Super Rugby Pacific 2026,Western Force,sr:competitor:21995,WFO,Brumbies,sr:competitor:4179,BRU,HBF Park,Perth,Australia,"-31.945833, 115.87","Way, Jordan",,433,2270532826,ball_recycled,2026-02-14T10:20:49+00:00,72,71:26,home,Western Force,52,47,2,,,,,,,,,,,,,,
super_rugby_2026_western_force_vs_brumbies_65866098.json,sr:sport_event:65866098,2026-02-14T08:35:00+00:00,Super Rugby,sr:competition:422,Super Rugby 2026,sr:season:137092,2026,league,regular season,1,Super Rugby Pacific 2026,Western Force,sr:competitor:21995,WFO,Brumbies,sr:competitor:4179,BRU,HBF Park,Perth,Australia,"-31.945833, 115.87","Way, Jordan",,434,2270532896,ball_recycled,2026-02-14T10:20:56+00:00,72,71:32,home,Western Force,47,30,2,,,,,,,,,,,,,,
super_rugby_2026_western_force_vs_brumbies_65866098.json,sr:sport_event:65866098,2026-02-14T08:35:00+00:00,Super Rugby,sr:competition:422,Super Rugby 2026,sr:season:137092,2026,league,regular season,1,Super Rugby Pacific 2026,Western Force,sr:competitor:21995,WFO,Brumbies,sr:competitor:4179,BRU,HBF Park,Perth,Australia,"-31.945833, 115.87","Way, Jordan",,435,2270532928,ball_recycled,2026-02-14T10:20:58+00:00,72,71:35,home,Western Force,48,23,2,,,,,,,,,,,,,,
super_rugby_2026_western_force_vs_brumbies_65866098.json,sr:sport_event:65866098,2026-02-14T08:35:00+00:00,Super Rugby,sr:competition:422,Super Rugby 2026,sr:season:137092,2026,league,regular season,1,Super Rugby Pacific 2026,Western Force,sr:competitor:21995,WFO,Brumbies,sr:competitor:4179,BRU,HBF Park,Perth,Australia,"-31.945833, 115.87","Way, Jordan",,436,2270532974,turnover,2026-02-14T10:21:02+00:00,72,71:39,away,Brumbies,48,28,2,,,,,,,,,,,,,,
super_rugby_2026_western_force_vs_brumbies_65866098.json,sr:sport_event:65866098,2026-02-14T08:35:00+00:00,Super Rugby,sr:competition:422,Super Rugby 2026,sr:season:137092,2026,league,regular season,1,Super Rugby Pacific 2026,Western Force,sr:competitor:21995,WFO,Brumbies,sr:competitor:4179,BRU,HBF Park,Perth,Australia,"-31.945833, 115.87","Way, Jordan",,437,2270533010,scrum,2026-02-14T10:21:05+00:00,72,71:42,away,Brumbies,48,30,2,,,,,,,,,,,,,,
super_rugby_2026_western_force_vs_brumbies_65866098.json,sr:sport_event:65866098,2026-02-14T08:35:00+00:00,Super Rugby,sr:competition:422,Super Rugby 2026,sr:season:137092,2026,league,regular season,1,Super Rugby Pacific 2026,Western Force,sr:competitor:21995,WFO,Brumbies,sr:competitor:4179,BRU,HBF Park,Perth,Australia,"-31.945833, 115.87","Way, Jordan",,438,2270533626,scrum_won,2026-02-14T10:22:01+00:00,73,72:38,home,Western Force,48,32,2,,,,,,,,,,,,,,
super_rugby_2026_western_force_vs_brumbies_65866098.json,sr:sport_event:65866098,2026-02-14T08:35:00+00:00,Super Rugby,sr:competition:422,Super Rugby 2026,sr:season:137092,2026,league,regular season,1,Super Rugby Pacific 2026,Western Force,sr:competitor:21995,WFO,Brumbies,sr:competitor:4179,BRU,HBF Park,Perth,Australia,"-31.945833, 115.87","Way, Jordan",,439,2270533628,penalty_awarded,2026-02-14T10:22:01+00:00,73,72:38,home,Western Force,48,32,2,,,,,,,,,,,,,,
super_rugby_2026_western_force_vs_brumbies_65866098.json,sr:sport_event:65866098,2026-02-14T08:35:00+00:00,Super Rugby,sr:competition:422,Super Rugby 2026,sr:season:137092,2026,league,regular season,1,Super Rugby Pacific 2026,Western Force,sr:competitor:21995,WFO,Brumbies,sr:competitor:4179,BRU,HBF Park,Perth,Australia,"-31.945833, 115.87","Way, Jordan",,440,2270533728,kick_to_touch,2026-02-14T10:22:09+00:00,73,72:46,home,Western Force,48,32,2,,,,,,,,,,,,,,
super_rugby_2026_western_force_vs_brumbies_65866098.json,sr:sport_event:65866098,2026-02-14T08:35:00+00:00,Super Rugby,sr:competition:422,Super Rugby 2026,sr:season:137092,2026,league,regular season,1,Super Rugby Pacific 2026,Western Force,sr:competitor:21995,WFO,Brumbies,sr:competitor:4179,BRU,HBF Park,Perth,Australia,"-31.945833, 115.87","Way, Jordan",,441,2270533876,line_out,2026-02-14T10:22:23+00:00,73,73:00,home,Western Force,89,-2,2,,,,,,,,,,,,,,
super_rugby_2026_western_force_vs_brumbies_65866098.json,sr:sport_event:65866098,2026-02-14T08:35:00+00:00,Super Rugby,sr:competition:422,Super Rugby 2026,sr:season:137092,2026,league,regular season,1,Super Rugby Pacific 2026,Western Force,sr:competitor:21995,WFO,Brumbies,sr:competitor:4179,BRU,HBF Park,Perth,Australia,"-31.945833, 115.87","Way, Jordan",,442,2270534166,line_out_won,2026-02-14T10:22:47+00:00,74,73:24,home,Western Force,89,-2,2,,,,,,,,,,,,,,
super_rugby_2026_western_force_vs_brumbies_65866098.json,sr:sport_event:65866098,2026-02-14T08:35:00+00:00,Super Rugby,sr:competition:422,Super Rugby 2026,sr:season:137092,2026,league,regular season,1,Super Rugby Pacific 2026,Western Force,sr:competitor:21995,WFO,Brumbies,sr:competitor:4179,BRU,HBF Park,Perth,Australia,"-31.945833, 115.87","Way, Jordan",,443,2270534212,ball_recycled,2026-02-14T10:22:52+00:00,74,73:29,home,Western Force,84,34,2,,,,,,,,,,,,,,
super_rugby_2026_western_force_vs_brumbies_65866098.json,sr:sport_event:65866098,2026-02-14T08:35:00+00:00,Super Rugby,sr:competition:422,Super Rugby 2026,sr:season:137092,2026,league,regular season,1,Super Rugby Pacific 2026,Western Force,sr:competitor:21995,WFO,Brumbies,sr:competitor:4179,BRU,HBF Park,Perth,Australia,"-31.945833, 115.87","Way, Jordan",,444,2270534242,ball_recycled,2026-02-14T10:22:58+00:00,74,73:35,home,Western Force,91,46,2,,,,,,,,,,,,,,
super_rugby_2026_western_force_vs_brumbies_65866098.json,sr:sport_event:65866098,2026-02-14T08:35:00+00:00,Super Rugby,sr:competition:422,Super Rugby 2026,sr:season:137092,2026,league,regular season,1,Super Rugby Pacific 2026,Western Force,sr:competitor:21995,WFO,Brumbies,sr:competitor:4179,BRU,HBF Park,Perth,Australia,"-31.945833, 115.87","Way, Jordan",,445,2270534300,ball_recycled,2026-02-14T10:23:03+00:00,74,73:40,home,Western Force,89,51,2,,,,,,,,,,,,,,
super_rugby_2026_western_force_vs_brumbies_65866098.json,sr:sport_event:65866098,2026-02-14T08:35:00+00:00,Super Rugby,sr:competition:422,Super Rugby 2026,sr:season:137092,2026,league,regular season,1,Super Rugby Pacific 2026,Western Force,sr:competitor:21995,WFO,Brumbies,sr:competitor:4179,BRU,HBF Park,Perth,Australia,"-31.945833, 115.87","Way, Jordan",,446,2270534370,ball_recycled,2026-02-14T10:23:09+00:00,74,73:46,home,Western Force,91,47,2,,,,,,,,,,,,,,
super_rugby_2026_western_force_vs_brumbies_65866098.json,sr:sport_event:65866098,2026-02-14T08:35:00+00:00,Super Rugby,sr:competition:422,Super Rugby 2026,sr:season:137092,2026,league,regular season,1,Super Rugby Pacific 2026,Western Force,sr:competitor:21995,WFO,Brumbies,sr:competitor:4179,BRU,HBF Park,Perth,Australia,"-31.945833, 115.87","Way, Jordan",,447,2270534418,ball_recycled,2026-02-14T10:23:15+00:00,74,73:51,home,Western Force,91,37,2,,,,,,,,,,,,,,
super_rugby_2026_western_force_vs_brumbies_65866098.json,sr:sport_event:65866098,2026-02-14T08:35:00+00:00,Super Rugby,sr:competition:422,Super Rugby 2026,sr:season:137092,2026,league,regular season,1,Super Rugby Pacific 2026,Western Force,sr:competitor:21995,WFO,Brumbies,sr:competitor:4179,BRU,HBF Park,Perth,Australia,"-31.945833, 115.87","Way, Jordan",,448,2270534482,turnover,2026-02-14T10:23:20+00:00,74,73:57,away,Brumbies,81,50,2,,,,,,,,,,,,,,
super_rugby_2026_western_force_vs_brumbies_65866098.json,sr:sport_event:65866098,2026-02-14T08:35:00+00:00,Super Rugby,sr:competition:422,Super Rugby 2026,sr:season:137092,2026,league,regular season,1,Super Rugby Pacific 2026,Western Force,sr:competitor:21995,WFO,Brumbies,sr:competitor:4179,BRU,HBF Park,Perth,Australia,"-31.945833, 115.87","Way, Jordan",,449,2270534522,ball_recycled,2026-02-14T10:23:24+00:00,75,74:01,away,Brumbies,46,57,2,,,,,,,,,,,,,,
super_rugby_2026_western_force_vs_brumbies_65866098.json,sr:sport_event:65866098,2026-02-14T08:35:00+00:00,Super Rugby,sr:competition:422,Super Rugby 2026,sr:season:137092,2026,league,regular season,1,Super Rugby Pacific 2026,Western Force,sr:competitor:21995,WFO,Brumbies,sr:competitor:4179,BRU,HBF Park,Perth,Australia,"-31.945833, 115.87","Way, Jordan",,450,2270534576,turnover,2026-02-14T10:23:29+00:00,75,74:06,home,Western Force,25,61,2,,,,,,,,,,,,,,
super_rugby_2026_western_force_vs_brumbies_65866098.json,sr:sport_event:65866098,2026-02-14T08:35:00+00:00,Super Rugby,sr:competition:422,Super Rugby 2026,sr:season:137092,2026,league,regular season,1,Super Rugby Pacific 2026,Western Force,sr:competitor:21995,WFO,Brumbies,sr:competitor:4179,BRU,HBF Park,Perth,Australia,"-31.945833, 115.87","Way, Jordan",,451,2270534698,ball_kicked,2026-02-14T10:23:38+00:00,75,74:15,home,Western Force,19,56,2,,,,,,,,,,,,,,
super_rugby_2026_western_force_vs_brumbies_65866098.json,sr:sport_event:65866098,2026-02-14T08:35:00+00:00,Super Rugby,sr:competition:422,Super Rugby 2026,sr:season:137092,2026,league,regular season,1,Super Rugby Pacific 2026,Western Force,sr:competitor:21995,WFO,Brumbies,sr:competitor:4179,BRU,HBF Park,Perth,Australia,"-31.945833, 115.87","Way, Jordan",,452,2270534742,line_out,2026-02-14T10:23:42+00:00,75,74:19,away,Brumbies,40,72,2,,,,,,,,,,,,,,
super_rugby_2026_western_force_vs_brumbies_65866098.json,sr:sport_event:65866098,2026-02-14T08:35:00+00:00,Super Rugby,sr:competition:422,Super Rugby 2026,sr:season:137092,2026,league,regular season,1,Super Rugby Pacific 2026,Western Force,sr:competitor:21995,WFO,Brumbies,sr:competitor:4179,BRU,HBF Park,Perth,Australia,"-31.945833, 115.87","Way, Jordan",,453,2270535012,line_out_won,2026-02-14T10:24:06+00:00,75,74:42,away,Brumbies,40,72,2,,,,,,,,,,,,,,
super_rugby_2026_western_force_vs_brumbies_65866098.json,sr:sport_event:65866098,2026-02-14T08:35:00+00:00,Super Rugby,sr:competition:422,Super Rugby 2026,sr:season:137092,2026,league,regular season,1,Super Rugby Pacific 2026,Western Force,sr:competitor:21995,WFO,Brumbies,sr:competitor:4179,BRU,HBF Park,Perth,Australia,"-31.945833, 115.87","Way, Jordan",,454,2270535034,ball_recycled,2026-02-14T10:24:08+00:00,75,74:45,away,Brumbies,44,56,2,,,,,,,,,,,,,,
super_rugby_2026_western_force_vs_brumbies_65866098.json,sr:sport_event:65866098,2026-02-14T08:35:00+00:00,Super Rugby,sr:competition:422,Super Rugby 2026,sr:season:137092,2026,league,regular season,1,Super Rugby Pacific 2026,Western Force,sr:competitor:21995,WFO,Brumbies,sr:competitor:4179,BRU,HBF Park,Perth,Australia,"-31.945833, 115.87","Way, Jordan",,455,2270535100,ball_recycled,2026-02-14T10:24:15+00:00,75,74:52,away,Brumbies,44,49,2,,,,,,,,,,,,,,
super_rugby_2026_western_force_vs_brumbies_65866098.json,sr:sport_event:65866098,2026-02-14T08:35:00+00:00,Super Rugby,sr:competition:422,Super Rugby 2026,sr:season:137092,2026,league,regular season,1,Super Rugby Pacific 2026,Western Force,sr:competitor:21995,WFO,Brumbies,sr:competitor:4179,BRU,HBF Park,Perth,Australia,"-31.945833, 115.87","Way, Jordan",,456,2270535184,ball_recycled,2026-02-14T10:24:20+00:00,75,74:57,away,Brumbies,42,43,2,,,,,,,,,,,,,,
super_rugby_2026_western_force_vs_brumbies_65866098.json,sr:sport_event:65866098,2026-02-14T08:35:00+00:00,Super Rugby,sr:competition:422,Super Rugby 2026,sr:season:137092,2026,league,regular season,1,Super Rugby Pacific 2026,Western Force,sr:competitor:21995,WFO,Brumbies,sr:competitor:4179,BRU,HBF Park,Perth,Australia,"-31.945833, 115.87","Way, Jordan",,457,2270535252,ball_recycled,2026-02-14T10:24:26+00:00,76,75:02,away,Brumbies,38,25,2,,,,,,,,,,,,,,
super_rugby_2026_western_force_vs_brumbies_65866098.json,sr:sport_event:65866098,2026-02-14T08:35:00+00:00,Super Rugby,sr:competition:422,Super Rugby 2026,sr:season:137092,2026,league,regular season,1,Super Rugby Pacific 2026,Western Force,sr:competitor:21995,WFO,Brumbies,sr:competitor:4179,BRU,HBF Park,Perth,Australia,"-31.945833, 115.87","Way, Jordan",,458,2270535294,ball_recycled,2026-02-14T10:24:32+00:00,76,75:09,away,Brumbies,37,32,2,,,,,,,,,,,,,,
super_rugby_2026_western_force_vs_brumbies_65866098.json,sr:sport_event:65866098,2026-02-14T08:35:00+00:00,Super Rugby,sr:competition:422,Super Rugby 2026,sr:season:137092,2026,league,regular season,1,Super Rugby Pacific 2026,Western Force,sr:competitor:21995,WFO,Brumbies,sr:competitor:4179,BRU,HBF Park,Perth,Australia,"-31.945833, 115.87","Way, Jordan",,459,2270535368,ball_recycled,2026-02-14T10:24:39+00:00,76,75:16,away,Brumbies,38,40,2,,,,,,,,,,,,,,
super_rugby_2026_western_force_vs_brumbies_65866098.json,sr:sport_event:65866098,2026-02-14T08:35:00+00:00,Super Rugby,sr:competition:422,Super Rugby 2026,sr:season:137092,2026,league,regular season,1,Super Rugby Pacific 2026,Western Force,sr:competitor:21995,WFO,Brumbies,sr:competitor:4179,BRU,HBF Park,Perth,Australia,"-31.945833, 115.87","Way, Jordan",,460,2270535440,ball_recycled,2026-02-14T10:24:46+00:00,76,75:22,away,Brumbies,38,50,2,,,,,,,,,,,,,,
super_rugby_2026_western_force_vs_brumbies_65866098.json,sr:sport_event:65866098,2026-02-14T08:35:00+00:00,Super Rugby,sr:competition:422,Super Rugby 2026,sr:season:137092,2026,league,regular season,1,Super Rugby Pacific 2026,Western Force,sr:competitor:21995,WFO,Brumbies,sr:competitor:4179,BRU,HBF Park,Perth,Australia,"-31.945833, 115.87","Way, Jordan",,461,2270535624,tap_and_go,2026-02-14T10:24:56+00:00,76,75:32,home,Western Force,38,52,2,,,,,,,,,,,,,,
super_rugby_2026_western_force_vs_brumbies_65866098.json,sr:sport_event:65866098,2026-02-14T08:35:00+00:00,Super Rugby,sr:competition:422,Super Rugby 2026,sr:season:137092,2026,league,regular season,1,Super Rugby Pacific 2026,Western Force,sr:competitor:21995,WFO,Brumbies,sr:competitor:4179,BRU,HBF Park,Perth,Australia,"-31.945833, 115.87","Way, Jordan",,462,2270535654,ball_kicked,2026-02-14T10:24:59+00:00,76,75:36,home,Western Force,51,47,2,,,,,,,,,,,,,,
super_rugby_2026_western_force_vs_brumbies_65866098.json,sr:sport_event:65866098,2026-02-14T08:35:00+00:00,Super Rugby,sr:competition:422,Super Rugby 2026,sr:season:137092,2026,league,regular season,1,Super Rugby Pacific 2026,Western Force,sr:competitor:21995,WFO,Brumbies,sr:competitor:4179,BRU,HBF Park,Perth,Australia,"-31.945833, 115.87","Way, Jordan",,463,2270535934,yellow_card,2026-02-14T10:25:27+00:00,77,76:03,away,Brumbies,,,2,,,,,,sr:player:2911273,"Alatini, Tevita",,,,,,,
super_rugby_2026_western_force_vs_brumbies_65866098.json,sr:sport_event:65866098,2026-02-14T08:35:00+00:00,Super Rugby,sr:competition:422,Super Rugby 2026,sr:season:137092,2026,league,regular season,1,Super Rugby Pacific 2026,Western Force,sr:competitor:21995,WFO,Brumbies,sr:competitor:4179,BRU,HBF Park,Perth,Australia,"-31.945833, 115.87","Way, Jordan",,464,2270535960,penalty_awarded,2026-02-14T10:25:29+00:00,77,76:06,home,Western Force,51,47,2,,,,,,,,,,,,,,
super_rugby_2026_western_force_vs_brumbies_65866098.json,sr:sport_event:65866098,2026-02-14T08:35:00+00:00,Super Rugby,sr:competition:422,Super Rugby 2026,sr:season:137092,2026,league,regular season,1,Super Rugby Pacific 2026,Western Force,sr:competitor:21995,WFO,Brumbies,sr:competitor:4179,BRU,HBF Park,Perth,Australia,"-31.945833, 115.87","Way, Jordan",,465,2270535974,kick_to_touch,2026-02-14T10:25:30+00:00,77,76:06,home,Western Force,51,47,2,,,,,,,,,,,,,,
super_rugby_2026_western_force_vs_brumbies_65866098.json,sr:sport_event:65866098,2026-02-14T08:35:00+00:00,Super Rugby,sr:competition:422,Super Rugby 2026,sr:season:137092,2026,league,regular season,1,Super Rugby Pacific 2026,Western Force,sr:competitor:21995,WFO,Brumbies,sr:competitor:4179,BRU,HBF Park,Perth,Australia,"-31.945833, 115.87","Way, Jordan",,466,2270536132,line_out,2026-02-14T10:25:41+00:00,77,76:17,home,Western Force,91,-1,2,,,,,,,,,,,,,,
super_rugby_2026_western_force_vs_brumbies_65866098.json,sr:sport_event:65866098,2026-02-14T08:35:00+00:00,Super Rugby,sr:competition:422,Super Rugby 2026,sr:season:137092,2026,league,regular season,1,Super Rugby Pacific 2026,Western Force,sr:competitor:21995,WFO,Brumbies,sr:competitor:4179,BRU,HBF Park,Perth,Australia,"-31.945833, 115.87","Way, Jordan",,467,2270536412,line_out_won,2026-02-14T10:26:05+00:00,77,76:42,home,Western Force,91,-1,2,,,,,,,,,,,,,,
super_rugby_2026_western_force_vs_brumbies_65866098.json,sr:sport_event:65866098,2026-02-14T08:35:00+00:00,Super Rugby,sr:competition:422,Super Rugby 2026,sr:season:137092,2026,league,regular season,1,Super Rugby Pacific 2026,Western Force,sr:competitor:21995,WFO,Brumbies,sr:competitor:4179,BRU,HBF Park,Perth,Australia,"-31.945833, 115.87","Way, Jordan",,468,2270536486,ball_recycled,2026-02-14T10:26:12+00:00,77,76:50,home,Western Force,95,19,2,,,,,,,,,,,,,,
super_rugby_2026_western_force_vs_brumbies_65866098.json,sr:sport_event:65866098,2026-02-14T08:35:00+00:00,Super Rugby,sr:competition:422,Super Rugby 2026,sr:season:137092,2026,league,regular season,1,Super Rugby Pacific 2026,Western Force,sr:competitor:21995,WFO,Brumbies,sr:competitor:4179,BRU,HBF Park,Perth,Australia,"-31.945833, 115.87","Way, Jordan",,469,2270536590,score_change,2026-02-14T10:26:25+00:00,78,77:02,home,Western Force,95,19,2,,,22,42,try,,,sr:player:2007741,"Tizzano, Carlo",,,,,"[{""id"": ""sr:player:2007741"", ""name"": ""Tizzano, Carlo"", ""type"": ""scorer""}]"
super_rugby_2026_western_force_vs_brumbies_65866098.json,sr:sport_event:65866098,2026-02-14T08:35:00+00:00,Super Rugby,sr:competition:422,Super Rugby 2026,sr:season:137092,2026,league,regular season,1,Super Rugby Pacific 2026,Western Force,sr:competitor:21995,WFO,Brumbies,sr:competitor:4179,BRU,HBF Park,Perth,Australia,"-31.945833, 115.87","Way, Jordan",,470,2270536958,score_change,2026-02-14T10:27:03+00:00,78,77:41,home,Western Force,55,35,2,,,24,42,conversion,,,sr:player:2049955,"Donaldson, Ben",,,,,"[{""id"": ""sr:player:2049955"", ""name"": ""Donaldson, Ben"", ""type"": ""scorer""}]"
super_rugby_2026_western_force_vs_brumbies_65866098.json,sr:sport_event:65866098,2026-02-14T08:35:00+00:00,Super Rugby,sr:competition:422,Super Rugby 2026,sr:season:137092,2026,league,regular season,1,Super Rugby Pacific 2026,Western Force,sr:competitor:21995,WFO,Brumbies,sr:competitor:4179,BRU,HBF Park,Perth,Australia,"-31.945833, 115.87","Way, Jordan",,471,2270537334,ball_kicked,2026-02-14T10:27:39+00:00,78,77:52,away,Brumbies,55,37,2,,,,,,,,,,,,,,
super_rugby_2026_western_force_vs_brumbies_65866098.json,sr:sport_event:65866098,2026-02-14T08:35:00+00:00,Super Rugby,sr:competition:422,Super Rugby 2026,sr:season:137092,2026,league,regular season,1,Super Rugby Pacific 2026,Western Force,sr:competitor:21995,WFO,Brumbies,sr:competitor:4179,BRU,HBF Park,Perth,Australia,"-31.945833, 115.87","Way, Jordan",,472,2270537376,ball_recycled,2026-02-14T10:27:44+00:00,78,77:58,home,Western Force,27,62,2,,,,,,,,,,,,,,
super_rugby_2026_western_force_vs_brumbies_65866098.json,sr:sport_event:65866098,2026-02-14T08:35:00+00:00,Super Rugby,sr:competition:422,Super Rugby 2026,sr:season:137092,2026,league,regular season,1,Super Rugby Pacific 2026,Western Force,sr:competitor:21995,WFO,Brumbies,sr:competitor:4179,BRU,HBF Park,Perth,Australia,"-31.945833, 115.87","Way, Jordan",,473,2270537432,penalty_awarded,2026-02-14T10:27:49+00:00,79,78:03,away,Brumbies,34,58,2,,,,,,,,,,,,,,
super_rugby_2026_western_force_vs_brumbies_65866098.json,sr:sport_event:65866098,2026-02-14T08:35:00+00:00,Super Rugby,sr:competition:422,Super Rugby 2026,sr:season:137092,2026,league,regular season,1,Super Rugby Pacific 2026,Western Force,sr:competitor:21995,WFO,Brumbies,sr:competitor:4179,BRU,HBF Park,Perth,Australia,"-31.945833, 115.87","Way, Jordan",,474,2270537464,tap_and_go,2026-02-14T10:27:52+00:00,79,78:05,away,Brumbies,34,58,2,,,,,,,,,,,,,,
super_rugby_2026_western_force_vs_brumbies_65866098.json,sr:sport_event:65866098,2026-02-14T08:35:00+00:00,Super Rugby,sr:competition:422,Super Rugby 2026,sr:season:137092,2026,league,regular season,1,Super Rugby Pacific 2026,Western Force,sr:competitor:21995,WFO,Brumbies,sr:competitor:4179,BRU,HBF Park,Perth,Australia,"-31.945833, 115.87","Way, Jordan",,475,2270537622,score_change,2026-02-14T10:28:03+00:00,79,78:16,away,Brumbies,34,58,2,,,24,47,try,,,sr:player:2528093,"Cale, Charlie",,,,,"[{""id"": ""sr:player:2528093"", ""name"": ""Cale, Charlie"", ""type"": ""scorer""}]"
super_rugby_2026_western_force_vs_brumbies_65866098.json,sr:sport_event:65866098,2026-02-14T08:35:00+00:00,Super Rugby,sr:competition:422,Super Rugby 2026,sr:season:137092,2026,league,regular season,1,Super Rugby Pacific 2026,Western Force,sr:competitor:21995,WFO,Brumbies,sr:competitor:4179,BRU,HBF Park,Perth,Australia,"-31.945833, 115.87","Way, Jordan",,476,2270538782,score_change,2026-02-14T10:28:53+00:00,80,79:07,away,Brumbies,55,35,2,,,24,49,conversion,,,sr:player:2291327,"Edmed, Tane",,,,,"[{""id"": ""sr:player:2291327"", ""name"": ""Edmed, Tane"", ""type"": ""scorer""}]"
super_rugby_2026_western_force_vs_brumbies_65866098.json,sr:sport_event:65866098,2026-02-14T08:35:00+00:00,Super Rugby,sr:competition:422,Super Rugby 2026,sr:season:137092,2026,league,regular season,1,Super Rugby Pacific 2026,Western Force,sr:competitor:21995,WFO,Brumbies,sr:competitor:4179,BRU,HBF Park,Perth,Australia,"-31.945833, 115.87","Way, Jordan",,477,2270539028,ball_kicked,2026-02-14T10:29:12+00:00,80,79:25,home,Western Force,56,37,2,,,,,,,,,,,,,,
super_rugby_2026_western_force_vs_brumbies_65866098.json,sr:sport_event:65866098,2026-02-14T08:35:00+00:00,Super Rugby,sr:competition:422,Super Rugby 2026,sr:season:137092,2026,league,regular season,1,Super Rugby Pacific 2026,Western Force,sr:competitor:21995,WFO,Brumbies,sr:competitor:4179,BRU,HBF Park,Perth,Australia,"-31.945833, 115.87","Way, Jordan",,478,2270539060,ball_recycled,2026-02-14T10:29:14+00:00,80,79:27,away,Brumbies,67,47,2,,,,,,,,,,,,,,
super_rugby_2026_western_force_vs_brumbies_65866098.json,sr:sport_event:65866098,2026-02-14T08:35:00+00:00,Super Rugby,sr:competition:422,Super Rugby 2026,sr:season:137092,2026,league,regular season,1,Super Rugby Pacific 2026,Western Force,sr:competitor:21995,WFO,Brumbies,sr:competitor:4179,BRU,HBF Park,Perth,Australia,"-31.945833, 115.87","Way, Jordan",,479,2270539128,ball_recycled,2026-02-14T10:29:21+00:00,80,79:35,away,Brumbies,68,52,2,,,,,,,,,,,,,,
super_rugby_2026_western_force_vs_brumbies_65866098.json,sr:sport_event:65866098,2026-02-14T08:35:00+00:00,Super Rugby,sr:competition:422,Super Rugby 2026,sr:season:137092,2026,league,regular season,1,Super Rugby Pacific 2026,Western Force,sr:competitor:21995,WFO,Brumbies,sr:competitor:4179,BRU,HBF Park,Perth,Australia,"-31.945833, 115.87","Way, Jordan",,480,2270539224,ball_recycled,2026-02-14T10:29:28+00:00,80,79:42,away,Brumbies,68,59,2,,,,,,,,,,,,,,
super_rugby_2026_western_force_vs_brumbies_65866098.json,sr:sport_event:65866098,2026-02-14T08:35:00+00:00,Super Rugby,sr:competition:422,Super Rugby 2026,sr:season:137092,2026,league,regular season,1,Super Rugby Pacific 2026,Western Force,sr:competitor:21995,WFO,Brumbies,sr:competitor:4179,BRU,HBF Park,Perth,Australia,"-31.945833, 115.87","Way, Jordan",,481,2270539326,ball_recycled,2026-02-14T10:29:35+00:00,80,79:49,away,Brumbies,71,53,2,,,,,,,,,,,,,,
super_rugby_2026_western_force_vs_brumbies_65866098.json,sr:sport_event:65866098,2026-02-14T08:35:00+00:00,Super Rugby,sr:competition:422,Super Rugby 2026,sr:season:137092,2026,league,regular season,1,Super Rugby Pacific 2026,Western Force,sr:competitor:21995,WFO,Brumbies,sr:competitor:4179,BRU,HBF Park,Perth,Australia,"-31.945833, 115.87","Way, Jordan",,482,2270539400,ball_recycled,2026-02-14T10:29:44+00:00,80,79:57,away,Brumbies,71,62,2,,,,,,,,,,,,,,
super_rugby_2026_western_force_vs_brumbies_65866098.json,sr:sport_event:65866098,2026-02-14T08:35:00+00:00,Super Rugby,sr:competition:422,Super Rugby 2026,sr:season:137092,2026,league,regular season,1,Super Rugby Pacific 2026,Western Force,sr:competitor:21995,WFO,Brumbies,sr:competitor:4179,BRU,HBF Park,Perth,Australia,"-31.945833, 115.87","Way, Jordan",,483,2270539458,ball_recycled,2026-02-14T10:29:52+00:00,80,80:00,away,Brumbies,71,56,2,,,,,,,,,,,,,,
super_rugby_2026_western_force_vs_brumbies_65866098.json,sr:sport_event:65866098,2026-02-14T08:35:00+00:00,Super Rugby,sr:competition:422,Super Rugby 2026,sr:season:137092,2026,league,regular season,1,Super Rugby Pacific 2026,Western Force,sr:competitor:21995,WFO,Brumbies,sr:competitor:4179,BRU,HBF Park,Perth,Australia,"-31.945833, 115.87","Way, Jordan",,484,2270539788,ball_kicked,2026-02-14T10:30:15+00:00,80,80:00,away,Brumbies,31,44,2,,,,,,,,,,,,,,
super_rugby_2026_western_force_vs_brumbies_65866098.json,sr:sport_event:65866098,2026-02-14T08:35:00+00:00,Super Rugby,sr:competition:422,Super Rugby 2026,sr:season:137092,2026,league,regular season,1,Super Rugby Pacific 2026,Western Force,sr:competitor:21995,WFO,Brumbies,sr:competitor:4179,BRU,HBF Park,Perth,Australia,"-31.945833, 115.87","Way, Jordan",,485,2270539872,ball_recycled,2026-02-14T10:30:17+00:00,80,80:00,away,Brumbies,18,65,2,,,,,,,,,,,,,,
super_rugby_2026_western_force_vs_brumbies_65866098.json,sr:sport_event:65866098,2026-02-14T08:35:00+00:00,Super Rugby,sr:competition:422,Super Rugby 2026,sr:season:137092,2026,league,regular season,1,Super Rugby Pacific 2026,Western Force,sr:competitor:21995,WFO,Brumbies,sr:competitor:4179,BRU,HBF Park,Perth,Australia,"-31.945833, 115.87","Way, Jordan",,486,2270540002,ball_recycled,2026-02-14T10:30:21+00:00,80,80:00,away,Brumbies,17,61,2,,,,,,,,,,,,,,
super_rugby_2026_western_force_vs_brumbies_65866098.json,sr:sport_event:65866098,2026-02-14T08:35:00+00:00,Super Rugby,sr:competition:422,Super Rugby 2026,sr:season:137092,2026,league,regular season,1,Super Rugby Pacific 2026,Western Force,sr:competitor:21995,WFO,Brumbies,sr:competitor:4179,BRU,HBF Park,Perth,Australia,"-31.945833, 115.87","Way, Jordan",,487,2270540136,ball_recycled,2026-02-14T10:30:29+00:00,80,80:00,away,Brumbies,18,52,2,,,,,,,,,,,,,,
super_rugby_2026_western_force_vs_brumbies_65866098.json,sr:sport_event:65866098,2026-02-14T08:35:00+00:00,Super Rugby,sr:competition:422,Super Rugby 2026,sr:season:137092,2026,league,regular season,1,Super Rugby Pacific 2026,Western Force,sr:competitor:21995,WFO,Brumbies,sr:competitor:4179,BRU,HBF Park,Perth,Australia,"-31.945833, 115.87","Way, Jordan",,488,2270540242,ball_recycled,2026-02-14T10:30:34+00:00,80,80:00,away,Brumbies,15,58,2,,,,,,,,,,,,,,
super_rugby_2026_western_force_vs_brumbies_65866098.json,sr:sport_event:65866098,2026-02-14T08:35:00+00:00,Super Rugby,sr:competition:422,Super Rugby 2026,sr:season:137092,2026,league,regular season,1,Super Rugby Pacific 2026,Western Force,sr:competitor:21995,WFO,Brumbies,sr:competitor:4179,BRU,HBF Park,Perth,Australia,"-31.945833, 115.87","Way, Jordan",,489,2270540434,ball_recycled,2026-02-14T10:30:45+00:00,80,80:00,away,Brumbies,15,58,2,,,,,,,,,,,,,,
super_rugby_2026_western_force_vs_brumbies_65866098.json,sr:sport_event:65866098,2026-02-14T08:35:00+00:00,Super Rugby,sr:competition:422,Super Rugby 2026,sr:season:137092,2026,league,regular season,1,Super Rugby Pacific 2026,Western Force,sr:competitor:21995,WFO,Brumbies,sr:competitor:4179,BRU,HBF Park,Perth,Australia,"-31.945833, 115.87","Way, Jordan",,490,2270540574,ball_recycled,2026-02-14T10:30:56+00:00,80,80:00,away,Brumbies,9,11,2,,,,,,,,,,,,,,
super_rugby_2026_western_force_vs_brumbies_65866098.json,sr:sport_event:65866098,2026-02-14T08:35:00+00:00,Super Rugby,sr:competition:422,Super Rugby 2026,sr:season:137092,2026,league,regular season,1,Super Rugby Pacific 2026,Western Force,sr:competitor:21995,WFO,Brumbies,sr:competitor:4179,BRU,HBF Park,Perth,Australia,"-31.945833, 115.87","Way, Jordan",,491,2270540792,score_change,2026-02-14T10:31:13+00:00,80,80:00,away,Brumbies,9,11,2,,,24,54,try,,,sr:player:2285797,"Sapsford, Ollie",,,,,"[{""id"": ""sr:player:2285797"", ""name"": ""Sapsford, Ollie"", ""type"": ""scorer""}]"
super_rugby_2026_western_force_vs_brumbies_65866098.json,sr:sport_event:65866098,2026-02-14T08:35:00+00:00,Super Rugby,sr:competition:422,Super Rugby 2026,sr:season:137092,2026,league,regular season,1,Super Rugby Pacific 2026,Western Force,sr:competitor:21995,WFO,Brumbies,sr:competitor:4179,BRU,HBF Park,Perth,Australia,"-31.945833, 115.87","Way, Jordan",,492,2270541586,score_change,2026-02-14T10:32:07+00:00,80,80:00,away,Brumbies,55,35,2,,,24,56,conversion,,,sr:player:2291327,"Edmed, Tane",,,,,"[{""id"": ""sr:player:2291327"", ""name"": ""Edmed, Tane"", ""type"": ""scorer""}]"
super_rugby_2026_western_force_vs_brumbies_65866098.json,sr:sport_event:65866098,2026-02-14T08:35:00+00:00,Super Rugby,sr:competition:422,Super Rugby 2026,sr:season:137092,2026,league,regular season,1,Super Rugby Pacific 2026,Western Force,sr:competitor:21995,WFO,Brumbies,sr:competitor:4179,BRU,HBF Park,Perth,Australia,"-31.945833, 115.87","Way, Jordan",,493,2270539516,turnover,2026-02-14T10:29:58+00:00,81,80:12,home,Western Force,72,58,,,,,,,,,,,,,,,
super_rugby_2026_western_force_vs_brumbies_65866098.json,sr:sport_event:65866098,2026-02-14T08:35:00+00:00,Super Rugby,sr:competition:422,Super Rugby 2026,sr:season:137092,2026,league,regular season,1,Super Rugby Pacific 2026,Western Force,sr:competitor:21995,WFO,Brumbies,sr:competitor:4179,BRU,HBF Park,Perth,Australia,"-31.945833, 115.87","Way, Jordan",,494,2270539636,turnover,2026-02-14T10:30:05+00:00,81,80:19,away,Brumbies,59,43,,,,,,,,,,,,,,,
super_rugby_2026_western_force_vs_brumbies_65866098.json,sr:sport_event:65866098,2026-02-14T08:35:00+00:00,Super Rugby,sr:competition:422,Super Rugby 2026,sr:season:137092,2026,league,regular season,1,Super Rugby Pacific 2026,Western Force,sr:competitor:21995,WFO,Brumbies,sr:competitor:4179,BRU,HBF Park,Perth,Australia,"-31.945833, 115.87","Way, Jordan",,495,2270541690,match_ended,2026-02-14T10:32:12+00:00,,80:00,,,,,,,,,,,,,,,,,,,
