source_json,match_id,match_start_time,competition,competition_id,season,season_id,season_year,stage_type,stage_phase,round,group,home_team,home_team_id,home_abbreviation,away_team,away_team_id,away_abbreviation,venue,venue_city,venue_country,venue_map_coordinates,referee,referee_nationality,event_order,event_id,event_type,event_timestamp,match_time_minute,match_clock,competitor,team,x,y,period,period_name,break_name,home_score,away_score,method,player_id,player_name,scorer_id,scorer_name,substituted_out_id,substituted_out_name,substituted_in_id,substituted_in_name,players_json
super_rugby_2026_crusaders_vs_brumbies_65866108.json,sr:sport_event:65866108,2026-02-22T02:35:00+00:00,Super Rugby,sr:competition:422,Super Rugby 2026,sr:season:137092,2026,league,regular season,2,Super Rugby Pacific 2026,Crusaders,sr:competitor:4181,CRU,Brumbies,sr:competitor:4179,BRU,Christchurch Stadium,Christchurch,New Zealand,"-43.5437, 172.6041","O'Keeffe, Ben",New Zealand,1,2278109794,match_started,2026-02-22T02:38:14+00:00,,,,,,,,,,,,,,,,,,,,,
super_rugby_2026_crusaders_vs_brumbies_65866108.json,sr:sport_event:65866108,2026-02-22T02:35:00+00:00,Super Rugby,sr:competition:422,Super Rugby 2026,sr:season:137092,2026,league,regular season,2,Super Rugby Pacific 2026,Crusaders,sr:competitor:4181,CRU,Brumbies,sr:competitor:4179,BRU,Christchurch Stadium,Christchurch,New Zealand,"-43.5437, 172.6041","O'Keeffe, Ben",New Zealand,2,2278109792,period_start,2026-02-22T02:38:14+00:00,,,,,,,1,1st_half,,,,,,,,,,,,,
super_rugby_2026_crusaders_vs_brumbies_65866108.json,sr:sport_event:65866108,2026-02-22T02:35:00+00:00,Super Rugby,sr:competition:422,Super Rugby 2026,sr:season:137092,2026,league,regular season,2,Super Rugby Pacific 2026,Crusaders,sr:competitor:4181,CRU,Brumbies,sr:competitor:4179,BRU,Christchurch Stadium,Christchurch,New Zealand,"-43.5437, 172.6041","O'Keeffe, Ben",New Zealand,3,2278109812,ball_kicked,2026-02-22T02:38:16+00:00,1,0:02,away,Brumbies,21,18,1,,,,,,,,,,,,,,
super_rugby_2026_crusaders_vs_brumbies_65866108.json,sr:sport_event:65866108,2026-02-22T02:35:00+00:00,Super Rugby,sr:competition:422,Super Rugby 2026,sr:season:137092,2026,league,regular season,2,Super Rugby Pacific 2026,Crusaders,sr:competitor:4181,CRU,Brumbies,sr:competitor:4179,BRU,Christchurch Stadium,Christchurch,New Zealand,"-43.5437, 172.6041","O'Keeffe, Ben",New Zealand,4,2278110100,ball_kicked,2026-02-22T02:38:39+00:00,1,0:25,home,Crusaders,42,-2,1,,,,,,,,,,,,,,
super_rugby_2026_crusaders_vs_brumbies_65866108.json,sr:sport_event:65866108,2026-02-22T02:35:00+00:00,Super Rugby,sr:competition:422,Super Rugby 2026,sr:season:137092,2026,league,regular season,2,Super Rugby Pacific 2026,Crusaders,sr:competitor:4181,CRU,Brumbies,sr:competitor:4179,BRU,Christchurch Stadium,Christchurch,New Zealand,"-43.5437, 172.6041","O'Keeffe, Ben",New Zealand,5,2278110130,line_out,2026-02-22T02:38:42+00:00,1,0:28,away,Brumbies,42,-2,1,,,,,,,,,,,,,,
super_rugby_2026_crusaders_vs_brumbies_65866108.json,sr:sport_event:65866108,2026-02-22T02:35:00+00:00,Super Rugby,sr:competition:422,Super Rugby 2026,sr:season:137092,2026,league,regular season,2,Super Rugby Pacific 2026,Crusaders,sr:competitor:4181,CRU,Brumbies,sr:competitor:4179,BRU,Christchurch Stadium,Christchurch,New Zealand,"-43.5437, 172.6041","O'Keeffe, Ben",New Zealand,6,2278110402,line_out_won,2026-02-22T02:39:07+00:00,1,0:52,home,Crusaders,42,-2,1,,,,,,,,,,,,,,
super_rugby_2026_crusaders_vs_brumbies_65866108.json,sr:sport_event:65866108,2026-02-22T02:35:00+00:00,Super Rugby,sr:competition:422,Super Rugby 2026,sr:season:137092,2026,league,regular season,2,Super Rugby Pacific 2026,Crusaders,sr:competitor:4181,CRU,Brumbies,sr:competitor:4179,BRU,Christchurch Stadium,Christchurch,New Zealand,"-43.5437, 172.6041","O'Keeffe, Ben",New Zealand,7,2278110480,ball_recycled,2026-02-22T02:39:12+00:00,1,0:58,home,Crusaders,18,16,1,,,,,,,,,,,,,,
super_rugby_2026_crusaders_vs_brumbies_65866108.json,sr:sport_event:65866108,2026-02-22T02:35:00+00:00,Super Rugby,sr:competition:422,Super Rugby 2026,sr:season:137092,2026,league,regular season,2,Super Rugby Pacific 2026,Crusaders,sr:competitor:4181,CRU,Brumbies,sr:competitor:4179,BRU,Christchurch Stadium,Christchurch,New Zealand,"-43.5437, 172.6041","O'Keeffe, Ben",New Zealand,8,2278110592,ball_recycled,2026-02-22T02:39:22+00:00,2,1:07,home,Crusaders,18,16,1,,,,,,,,,,,,,,
super_rugby_2026_crusaders_vs_brumbies_65866108.json,sr:sport_event:65866108,2026-02-22T02:35:00+00:00,Super Rugby,sr:competition:422,Super Rugby 2026,sr:season:137092,2026,league,regular season,2,Super Rugby Pacific 2026,Crusaders,sr:competitor:4181,CRU,Brumbies,sr:competitor:4179,BRU,Christchurch Stadium,Christchurch,New Zealand,"-43.5437, 172.6041","O'Keeffe, Ben",New Zealand,9,2278110654,ball_kicked,2026-02-22T02:39:28+00:00,2,1:14,home,Crusaders,31,-3,1,,,,,,,,,,,,,,
super_rugby_2026_crusaders_vs_brumbies_65866108.json,sr:sport_event:65866108,2026-02-22T02:35:00+00:00,Super Rugby,sr:competition:422,Super Rugby 2026,sr:season:137092,2026,league,regular season,2,Super Rugby Pacific 2026,Crusaders,sr:competitor:4181,CRU,Brumbies,sr:competitor:4179,BRU,Christchurch Stadium,Christchurch,New Zealand,"-43.5437, 172.6041","O'Keeffe, Ben",New Zealand,10,2278110698,line_out,2026-02-22T02:39:30+00:00,2,1:15,away,Brumbies,31,-3,1,,,,,,,,,,,,,,
super_rugby_2026_crusaders_vs_brumbies_65866108.json,sr:sport_event:65866108,2026-02-22T02:35:00+00:00,Super Rugby,sr:competition:422,Super Rugby 2026,sr:season:137092,2026,league,regular season,2,Super Rugby Pacific 2026,Crusaders,sr:competitor:4181,CRU,Brumbies,sr:competitor:4179,BRU,Christchurch Stadium,Christchurch,New Zealand,"-43.5437, 172.6041","O'Keeffe, Ben",New Zealand,11,2278110882,line_out_won,2026-02-22T02:39:47+00:00,2,1:33,away,Brumbies,31,-3,1,,,,,,,,,,,,,,
super_rugby_2026_crusaders_vs_brumbies_65866108.json,sr:sport_event:65866108,2026-02-22T02:35:00+00:00,Super Rugby,sr:competition:422,Super Rugby 2026,sr:season:137092,2026,league,regular season,2,Super Rugby Pacific 2026,Crusaders,sr:competitor:4181,CRU,Brumbies,sr:competitor:4179,BRU,Christchurch Stadium,Christchurch,New Zealand,"-43.5437, 172.6041","O'Keeffe, Ben",New Zealand,12,2278111046,penalty_awarded,2026-02-22T02:40:04+00:00,2,1:50,away,Brumbies,30,22,1,,,,,,,,,,,,,,
super_rugby_2026_crusaders_vs_brumbies_65866108.json,sr:sport_event:65866108,2026-02-22T02:35:00+00:00,Super Rugby,sr:competition:422,Super Rugby 2026,sr:season:137092,2026,league,regular season,2,Super Rugby Pacific 2026,Crusaders,sr:competitor:4181,CRU,Brumbies,sr:competitor:4179,BRU,Christchurch Stadium,Christchurch,New Zealand,"-43.5437, 172.6041","O'Keeffe, Ben",New Zealand,13,2278111204,kick_to_touch,2026-02-22T02:40:17+00:00,3,2:03,away,Brumbies,30,22,1,,,,,,,,,,,,,,
super_rugby_2026_crusaders_vs_brumbies_65866108.json,sr:sport_event:65866108,2026-02-22T02:35:00+00:00,Super Rugby,sr:competition:422,Super Rugby 2026,sr:season:137092,2026,league,regular season,2,Super Rugby Pacific 2026,Crusaders,sr:competitor:4181,CRU,Brumbies,sr:competitor:4179,BRU,Christchurch Stadium,Christchurch,New Zealand,"-43.5437, 172.6041","O'Keeffe, Ben",New Zealand,14,2278111250,line_out,2026-02-22T02:40:23+00:00,3,2:09,away,Brumbies,14,-2,1,,,,,,,,,,,,,,
super_rugby_2026_crusaders_vs_brumbies_65866108.json,sr:sport_event:65866108,2026-02-22T02:35:00+00:00,Super Rugby,sr:competition:422,Super Rugby 2026,sr:season:137092,2026,league,regular season,2,Super Rugby Pacific 2026,Crusaders,sr:competitor:4181,CRU,Brumbies,sr:competitor:4179,BRU,Christchurch Stadium,Christchurch,New Zealand,"-43.5437, 172.6041","O'Keeffe, Ben",New Zealand,15,2278111412,line_out_won,2026-02-22T02:40:37+00:00,3,2:23,away,Brumbies,14,-2,1,,,,,,,,,,,,,,
super_rugby_2026_crusaders_vs_brumbies_65866108.json,sr:sport_event:65866108,2026-02-22T02:35:00+00:00,Super Rugby,sr:competition:422,Super Rugby 2026,sr:season:137092,2026,league,regular season,2,Super Rugby Pacific 2026,Crusaders,sr:competitor:4181,CRU,Brumbies,sr:competitor:4179,BRU,Christchurch Stadium,Christchurch,New Zealand,"-43.5437, 172.6041","O'Keeffe, Ben",New Zealand,16,2278111432,turnover,2026-02-22T02:40:39+00:00,3,2:24,home,Crusaders,17,16,1,,,,,,,,,,,,,,
super_rugby_2026_crusaders_vs_brumbies_65866108.json,sr:sport_event:65866108,2026-02-22T02:35:00+00:00,Super Rugby,sr:competition:422,Super Rugby 2026,sr:season:137092,2026,league,regular season,2,Super Rugby Pacific 2026,Crusaders,sr:competitor:4181,CRU,Brumbies,sr:competitor:4179,BRU,Christchurch Stadium,Christchurch,New Zealand,"-43.5437, 172.6041","O'Keeffe, Ben",New Zealand,17,2278111610,ball_recycled,2026-02-22T02:40:57+00:00,3,2:43,home,Crusaders,34,52,1,,,,,,,,,,,,,,
super_rugby_2026_crusaders_vs_brumbies_65866108.json,sr:sport_event:65866108,2026-02-22T02:35:00+00:00,Super Rugby,sr:competition:422,Super Rugby 2026,sr:season:137092,2026,league,regular season,2,Super Rugby Pacific 2026,Crusaders,sr:competitor:4181,CRU,Brumbies,sr:competitor:4179,BRU,Christchurch Stadium,Christchurch,New Zealand,"-43.5437, 172.6041","O'Keeffe, Ben",New Zealand,18,2278111736,penalty_awarded,2026-02-22T02:41:10+00:00,3,2:56,away,Brumbies,37,19,1,,,,,,,,,,,,,,
super_rugby_2026_crusaders_vs_brumbies_65866108.json,sr:sport_event:65866108,2026-02-22T02:35:00+00:00,Super Rugby,sr:competition:422,Super Rugby 2026,sr:season:137092,2026,league,regular season,2,Super Rugby Pacific 2026,Crusaders,sr:competitor:4181,CRU,Brumbies,sr:competitor:4179,BRU,Christchurch Stadium,Christchurch,New Zealand,"-43.5437, 172.6041","O'Keeffe, Ben",New Zealand,19,2278112856,ball_kicked,2026-02-22T02:42:31+00:00,5,4:16,home,Crusaders,54,44,1,,,,,,,,,,,,,,
super_rugby_2026_crusaders_vs_brumbies_65866108.json,sr:sport_event:65866108,2026-02-22T02:35:00+00:00,Super Rugby,sr:competition:422,Super Rugby 2026,sr:season:137092,2026,league,regular season,2,Super Rugby Pacific 2026,Crusaders,sr:competitor:4181,CRU,Brumbies,sr:competitor:4179,BRU,Christchurch Stadium,Christchurch,New Zealand,"-43.5437, 172.6041","O'Keeffe, Ben",New Zealand,20,2278112918,ball_recycled,2026-02-22T02:42:35+00:00,5,4:20,away,Brumbies,54,44,1,,,,,,,,,,,,,,
super_rugby_2026_crusaders_vs_brumbies_65866108.json,sr:sport_event:65866108,2026-02-22T02:35:00+00:00,Super Rugby,sr:competition:422,Super Rugby 2026,sr:season:137092,2026,league,regular season,2,Super Rugby Pacific 2026,Crusaders,sr:competitor:4181,CRU,Brumbies,sr:competitor:4179,BRU,Christchurch Stadium,Christchurch,New Zealand,"-43.5437, 172.6041","O'Keeffe, Ben",New Zealand,21,2278113012,ball_recycled,2026-02-22T02:42:41+00:00,5,4:26,away,Brumbies,39,21,1,,,,,,,,,,,,,,
super_rugby_2026_crusaders_vs_brumbies_65866108.json,sr:sport_event:65866108,2026-02-22T02:35:00+00:00,Super Rugby,sr:competition:422,Super Rugby 2026,sr:season:137092,2026,league,regular season,2,Super Rugby Pacific 2026,Crusaders,sr:competitor:4181,CRU,Brumbies,sr:competitor:4179,BRU,Christchurch Stadium,Christchurch,New Zealand,"-43.5437, 172.6041","O'Keeffe, Ben",New Zealand,22,2278113096,ball_recycled,2026-02-22T02:42:49+00:00,5,4:35,away,Brumbies,39,21,1,,,,,,,,,,,,,,
super_rugby_2026_crusaders_vs_brumbies_65866108.json,sr:sport_event:65866108,2026-02-22T02:35:00+00:00,Super Rugby,sr:competition:422,Super Rugby 2026,sr:season:137092,2026,league,regular season,2,Super Rugby Pacific 2026,Crusaders,sr:competitor:4181,CRU,Brumbies,sr:competitor:4179,BRU,Christchurch Stadium,Christchurch,New Zealand,"-43.5437, 172.6041","O'Keeffe, Ben",New Zealand,23,2278113200,line_out,2026-02-22T02:43:00+00:00,5,4:45,home,Crusaders,40,72,1,,,,,,,,,,,,,,
super_rugby_2026_crusaders_vs_brumbies_65866108.json,sr:sport_event:65866108,2026-02-22T02:35:00+00:00,Super Rugby,sr:competition:422,Super Rugby 2026,sr:season:137092,2026,league,regular season,2,Super Rugby Pacific 2026,Crusaders,sr:competitor:4181,CRU,Brumbies,sr:competitor:4179,BRU,Christchurch Stadium,Christchurch,New Zealand,"-43.5437, 172.6041","O'Keeffe, Ben",New Zealand,24,2278113604,line_out_won,2026-02-22T02:43:27+00:00,6,5:12,home,Crusaders,40,72,1,,,,,,,,,,,,,,
super_rugby_2026_crusaders_vs_brumbies_65866108.json,sr:sport_event:65866108,2026-02-22T02:35:00+00:00,Super Rugby,sr:competition:422,Super Rugby 2026,sr:season:137092,2026,league,regular season,2,Super Rugby Pacific 2026,Crusaders,sr:competitor:4181,CRU,Brumbies,sr:competitor:4179,BRU,Christchurch Stadium,Christchurch,New Zealand,"-43.5437, 172.6041","O'Keeffe, Ben",New Zealand,25,2278113756,penalty_awarded,2026-02-22T02:43:39+00:00,6,5:25,away,Brumbies,50,55,1,,,,,,,,,,,,,,
super_rugby_2026_crusaders_vs_brumbies_65866108.json,sr:sport_event:65866108,2026-02-22T02:35:00+00:00,Super Rugby,sr:competition:422,Super Rugby 2026,sr:season:137092,2026,league,regular season,2,Super Rugby Pacific 2026,Crusaders,sr:competitor:4181,CRU,Brumbies,sr:competitor:4179,BRU,Christchurch Stadium,Christchurch,New Zealand,"-43.5437, 172.6041","O'Keeffe, Ben",New Zealand,26,2278114082,kick_to_touch,2026-02-22T02:44:00+00:00,6,5:46,away,Brumbies,50,55,1,,,,,,,,,,,,,,
super_rugby_2026_crusaders_vs_brumbies_65866108.json,sr:sport_event:65866108,2026-02-22T02:35:00+00:00,Super Rugby,sr:competition:422,Super Rugby 2026,sr:season:137092,2026,league,regular season,2,Super Rugby Pacific 2026,Crusaders,sr:competitor:4181,CRU,Brumbies,sr:competitor:4179,BRU,Christchurch Stadium,Christchurch,New Zealand,"-43.5437, 172.6041","O'Keeffe, Ben",New Zealand,27,2278114104,line_out,2026-02-22T02:44:03+00:00,6,5:48,away,Brumbies,17,72,1,,,,,,,,,,,,,,
super_rugby_2026_crusaders_vs_brumbies_65866108.json,sr:sport_event:65866108,2026-02-22T02:35:00+00:00,Super Rugby,sr:competition:422,Super Rugby 2026,sr:season:137092,2026,league,regular season,2,Super Rugby Pacific 2026,Crusaders,sr:competitor:4181,CRU,Brumbies,sr:competitor:4179,BRU,Christchurch Stadium,Christchurch,New Zealand,"-43.5437, 172.6041","O'Keeffe, Ben",New Zealand,28,2278114300,line_out_won,2026-02-22T02:44:21+00:00,7,6:06,away,Brumbies,17,72,1,,,,,,,,,,,,,,
super_rugby_2026_crusaders_vs_brumbies_65866108.json,sr:sport_event:65866108,2026-02-22T02:35:00+00:00,Super Rugby,sr:competition:422,Super Rugby 2026,sr:season:137092,2026,league,regular season,2,Super Rugby Pacific 2026,Crusaders,sr:competitor:4181,CRU,Brumbies,sr:competitor:4179,BRU,Christchurch Stadium,Christchurch,New Zealand,"-43.5437, 172.6041","O'Keeffe, Ben",New Zealand,29,2278114362,ball_recycled,2026-02-22T02:44:27+00:00,7,6:13,away,Brumbies,18,51,1,,,,,,,,,,,,,,
super_rugby_2026_crusaders_vs_brumbies_65866108.json,sr:sport_event:65866108,2026-02-22T02:35:00+00:00,Super Rugby,sr:competition:422,Super Rugby 2026,sr:season:137092,2026,league,regular season,2,Super Rugby Pacific 2026,Crusaders,sr:competitor:4181,CRU,Brumbies,sr:competitor:4179,BRU,Christchurch Stadium,Christchurch,New Zealand,"-43.5437, 172.6041","O'Keeffe, Ben",New Zealand,30,2278114500,ball_recycled,2026-02-22T02:44:40+00:00,7,6:25,away,Brumbies,18,51,1,,,,,,,,,,,,,,
super_rugby_2026_crusaders_vs_brumbies_65866108.json,sr:sport_event:65866108,2026-02-22T02:35:00+00:00,Super Rugby,sr:competition:422,Super Rugby 2026,sr:season:137092,2026,league,regular season,2,Super Rugby Pacific 2026,Crusaders,sr:competitor:4181,CRU,Brumbies,sr:competitor:4179,BRU,Christchurch Stadium,Christchurch,New Zealand,"-43.5437, 172.6041","O'Keeffe, Ben",New Zealand,31,2278114876,scrum,2026-02-22T02:45:10+00:00,7,6:56,home,Crusaders,29,40,1,,,,,,,,,,,,,,
super_rugby_2026_crusaders_vs_brumbies_65866108.json,sr:sport_event:65866108,2026-02-22T02:35:00+00:00,Super Rugby,sr:competition:422,Super Rugby 2026,sr:season:137092,2026,league,regular season,2,Super Rugby Pacific 2026,Crusaders,sr:competitor:4181,CRU,Brumbies,sr:competitor:4179,BRU,Christchurch Stadium,Christchurch,New Zealand,"-43.5437, 172.6041","O'Keeffe, Ben",New Zealand,32,2278115674,scrum_won,2026-02-22T02:46:01+00:00,8,7:46,home,Crusaders,29,40,1,,,,,,,,,,,,,,
super_rugby_2026_crusaders_vs_brumbies_65866108.json,sr:sport_event:65866108,2026-02-22T02:35:00+00:00,Super Rugby,sr:competition:422,Super Rugby 2026,sr:season:137092,2026,league,regular season,2,Super Rugby Pacific 2026,Crusaders,sr:competitor:4181,CRU,Brumbies,sr:competitor:4179,BRU,Christchurch Stadium,Christchurch,New Zealand,"-43.5437, 172.6041","O'Keeffe, Ben",New Zealand,33,2278115698,ball_recycled,2026-02-22T02:46:04+00:00,8,7:49,home,Crusaders,37,17,1,,,,,,,,,,,,,,
super_rugby_2026_crusaders_vs_brumbies_65866108.json,sr:sport_event:65866108,2026-02-22T02:35:00+00:00,Super Rugby,sr:competition:422,Super Rugby 2026,sr:season:137092,2026,league,regular season,2,Super Rugby Pacific 2026,Crusaders,sr:competitor:4181,CRU,Brumbies,sr:competitor:4179,BRU,Christchurch Stadium,Christchurch,New Zealand,"-43.5437, 172.6041","O'Keeffe, Ben",New Zealand,34,2278115876,line_out,2026-02-22T02:46:20+00:00,9,8:06,home,Crusaders,87,-1,1,,,,,,,,,,,,,,
super_rugby_2026_crusaders_vs_brumbies_65866108.json,sr:sport_event:65866108,2026-02-22T02:35:00+00:00,Super Rugby,sr:competition:422,Super Rugby 2026,sr:season:137092,2026,league,regular season,2,Super Rugby Pacific 2026,Crusaders,sr:competitor:4181,CRU,Brumbies,sr:competitor:4179,BRU,Christchurch Stadium,Christchurch,New Zealand,"-43.5437, 172.6041","O'Keeffe, Ben",New Zealand,35,2278116046,line_out_won,2026-02-22T02:46:38+00:00,9,8:24,home,Crusaders,87,-1,1,,,,,,,,,,,,,,
super_rugby_2026_crusaders_vs_brumbies_65866108.json,sr:sport_event:65866108,2026-02-22T02:35:00+00:00,Super Rugby,sr:competition:422,Super Rugby 2026,sr:season:137092,2026,league,regular season,2,Super Rugby Pacific 2026,Crusaders,sr:competitor:4181,CRU,Brumbies,sr:competitor:4179,BRU,Christchurch Stadium,Christchurch,New Zealand,"-43.5437, 172.6041","O'Keeffe, Ben",New Zealand,36,2278116192,ball_recycled,2026-02-22T02:46:55+00:00,9,8:40,home,Crusaders,92,20,1,,,,,,,,,,,,,,
super_rugby_2026_crusaders_vs_brumbies_65866108.json,sr:sport_event:65866108,2026-02-22T02:35:00+00:00,Super Rugby,sr:competition:422,Super Rugby 2026,sr:season:137092,2026,league,regular season,2,Super Rugby Pacific 2026,Crusaders,sr:competitor:4181,CRU,Brumbies,sr:competitor:4179,BRU,Christchurch Stadium,Christchurch,New Zealand,"-43.5437, 172.6041","O'Keeffe, Ben",New Zealand,37,2278116366,score_change,2026-02-22T02:47:14+00:00,9,9:00,home,Crusaders,106,23,1,,,5,0,try,,,sr:player:763098,"Havili, David",,,,,"[{""id"": ""sr:player:763098"", ""name"": ""Havili, David"", ""type"": ""scorer""}]"
super_rugby_2026_crusaders_vs_brumbies_65866108.json,sr:sport_event:65866108,2026-02-22T02:35:00+00:00,Super Rugby,sr:competition:422,Super Rugby 2026,sr:season:137092,2026,league,regular season,2,Super Rugby Pacific 2026,Crusaders,sr:competitor:4181,CRU,Brumbies,sr:competitor:4179,BRU,Christchurch Stadium,Christchurch,New Zealand,"-43.5437, 172.6041","O'Keeffe, Ben",New Zealand,38,2278116702,score_change,2026-02-22T02:47:50+00:00,10,9:36,home,Crusaders,68,22,1,,,7,0,conversion,,,sr:player:2533071,"Kemara, Taha",,,,,"[{""id"": ""sr:player:2533071"", ""name"": ""Kemara, Taha"", ""type"": ""scorer""}]"
super_rugby_2026_crusaders_vs_brumbies_65866108.json,sr:sport_event:65866108,2026-02-22T02:35:00+00:00,Super Rugby,sr:competition:422,Super Rugby 2026,sr:season:137092,2026,league,regular season,2,Super Rugby Pacific 2026,Crusaders,sr:competitor:4181,CRU,Brumbies,sr:competitor:4179,BRU,Christchurch Stadium,Christchurch,New Zealand,"-43.5437, 172.6041","O'Keeffe, Ben",New Zealand,39,2278116970,ball_kicked,2026-02-22T02:48:24+00:00,11,10:10,away,Brumbies,22,19,1,,,,,,,,,,,,,,
super_rugby_2026_crusaders_vs_brumbies_65866108.json,sr:sport_event:65866108,2026-02-22T02:35:00+00:00,Super Rugby,sr:competition:422,Super Rugby 2026,sr:season:137092,2026,league,regular season,2,Super Rugby Pacific 2026,Crusaders,sr:competitor:4181,CRU,Brumbies,sr:competitor:4179,BRU,Christchurch Stadium,Christchurch,New Zealand,"-43.5437, 172.6041","O'Keeffe, Ben",New Zealand,40,2278116996,ball_recycled,2026-02-22T02:48:28+00:00,11,10:14,home,Crusaders,22,23,1,,,,,,,,,,,,,,
super_rugby_2026_crusaders_vs_brumbies_65866108.json,sr:sport_event:65866108,2026-02-22T02:35:00+00:00,Super Rugby,sr:competition:422,Super Rugby 2026,sr:season:137092,2026,league,regular season,2,Super Rugby Pacific 2026,Crusaders,sr:competitor:4181,CRU,Brumbies,sr:competitor:4179,BRU,Christchurch Stadium,Christchurch,New Zealand,"-43.5437, 172.6041","O'Keeffe, Ben",New Zealand,41,2278117074,ball_recycled,2026-02-22T02:48:35+00:00,11,10:21,home,Crusaders,25,45,1,,,,,,,,,,,,,,
super_rugby_2026_crusaders_vs_brumbies_65866108.json,sr:sport_event:65866108,2026-02-22T02:35:00+00:00,Super Rugby,sr:competition:422,Super Rugby 2026,sr:season:137092,2026,league,regular season,2,Super Rugby Pacific 2026,Crusaders,sr:competitor:4181,CRU,Brumbies,sr:competitor:4179,BRU,Christchurch Stadium,Christchurch,New Zealand,"-43.5437, 172.6041","O'Keeffe, Ben",New Zealand,42,2278117150,ball_kicked,2026-02-22T02:48:43+00:00,11,10:29,home,Crusaders,40,56,1,,,,,,,,,,,,,,
super_rugby_2026_crusaders_vs_brumbies_65866108.json,sr:sport_event:65866108,2026-02-22T02:35:00+00:00,Super Rugby,sr:competition:422,Super Rugby 2026,sr:season:137092,2026,league,regular season,2,Super Rugby Pacific 2026,Crusaders,sr:competitor:4181,CRU,Brumbies,sr:competitor:4179,BRU,Christchurch Stadium,Christchurch,New Zealand,"-43.5437, 172.6041","O'Keeffe, Ben",New Zealand,43,2278117178,ball_recycled,2026-02-22T02:48:46+00:00,11,10:32,away,Brumbies,40,56,1,,,,,,,,,,,,,,
super_rugby_2026_crusaders_vs_brumbies_65866108.json,sr:sport_event:65866108,2026-02-22T02:35:00+00:00,Super Rugby,sr:competition:422,Super Rugby 2026,sr:season:137092,2026,league,regular season,2,Super Rugby Pacific 2026,Crusaders,sr:competitor:4181,CRU,Brumbies,sr:competitor:4179,BRU,Christchurch Stadium,Christchurch,New Zealand,"-43.5437, 172.6041","O'Keeffe, Ben",New Zealand,44,2278117276,scrum,2026-02-22T02:48:56+00:00,11,10:42,away,Brumbies,40,56,1,,,,,,,,,,,,,,
super_rugby_2026_crusaders_vs_brumbies_65866108.json,sr:sport_event:65866108,2026-02-22T02:35:00+00:00,Super Rugby,sr:competition:422,Super Rugby 2026,sr:season:137092,2026,league,regular season,2,Super Rugby Pacific 2026,Crusaders,sr:competitor:4181,CRU,Brumbies,sr:competitor:4179,BRU,Christchurch Stadium,Christchurch,New Zealand,"-43.5437, 172.6041","O'Keeffe, Ben",New Zealand,45,2278117624,scrum_won,2026-02-22T02:49:40+00:00,12,11:25,away,Brumbies,40,56,1,,,,,,,,,,,,,,
super_rugby_2026_crusaders_vs_brumbies_65866108.json,sr:sport_event:65866108,2026-02-22T02:35:00+00:00,Super Rugby,sr:competition:422,Super Rugby 2026,sr:season:137092,2026,league,regular season,2,Super Rugby Pacific 2026,Crusaders,sr:competitor:4181,CRU,Brumbies,sr:competitor:4179,BRU,Christchurch Stadium,Christchurch,New Zealand,"-43.5437, 172.6041","O'Keeffe, Ben",New Zealand,46,2278117628,tap_and_go,2026-02-22T02:49:41+00:00,12,11:27,away,Brumbies,40,56,1,,,,,,,,,,,,,,
super_rugby_2026_crusaders_vs_brumbies_65866108.json,sr:sport_event:65866108,2026-02-22T02:35:00+00:00,Super Rugby,sr:competition:422,Super Rugby 2026,sr:season:137092,2026,league,regular season,2,Super Rugby Pacific 2026,Crusaders,sr:competitor:4181,CRU,Brumbies,sr:competitor:4179,BRU,Christchurch Stadium,Christchurch,New Zealand,"-43.5437, 172.6041","O'Keeffe, Ben",New Zealand,47,2278117652,ball_recycled,2026-02-22T02:49:43+00:00,12,11:28,away,Brumbies,34,37,1,,,,,,,,,,,,,,
super_rugby_2026_crusaders_vs_brumbies_65866108.json,sr:sport_event:65866108,2026-02-22T02:35:00+00:00,Super Rugby,sr:competition:422,Super Rugby 2026,sr:season:137092,2026,league,regular season,2,Super Rugby Pacific 2026,Crusaders,sr:competitor:4181,CRU,Brumbies,sr:competitor:4179,BRU,Christchurch Stadium,Christchurch,New Zealand,"-43.5437, 172.6041","O'Keeffe, Ben",New Zealand,48,2278117744,ball_recycled,2026-02-22T02:49:55+00:00,12,11:40,away,Brumbies,23,19,1,,,,,,,,,,,,,,
super_rugby_2026_crusaders_vs_brumbies_65866108.json,sr:sport_event:65866108,2026-02-22T02:35:00+00:00,Super Rugby,sr:competition:422,Super Rugby 2026,sr:season:137092,2026,league,regular season,2,Super Rugby Pacific 2026,Crusaders,sr:competitor:4181,CRU,Brumbies,sr:competitor:4179,BRU,Christchurch Stadium,Christchurch,New Zealand,"-43.5437, 172.6041","O'Keeffe, Ben",New Zealand,49,2278117854,ball_recycled,2026-02-22T02:50:08+00:00,12,11:53,away,Brumbies,22,30,1,,,,,,,,,,,,,,
super_rugby_2026_crusaders_vs_brumbies_65866108.json,sr:sport_event:65866108,2026-02-22T02:35:00+00:00,Super Rugby,sr:competition:422,Super Rugby 2026,sr:season:137092,2026,league,regular season,2,Super Rugby Pacific 2026,Crusaders,sr:competitor:4181,CRU,Brumbies,sr:competitor:4179,BRU,Christchurch Stadium,Christchurch,New Zealand,"-43.5437, 172.6041","O'Keeffe, Ben",New Zealand,50,2278117936,ball_recycled,2026-02-22T02:50:19+00:00,13,12:04,away,Brumbies,35,47,1,,,,,,,,,,,,,,
super_rugby_2026_crusaders_vs_brumbies_65866108.json,sr:sport_event:65866108,2026-02-22T02:35:00+00:00,Super Rugby,sr:competition:422,Super Rugby 2026,sr:season:137092,2026,league,regular season,2,Super Rugby Pacific 2026,Crusaders,sr:competitor:4181,CRU,Brumbies,sr:competitor:4179,BRU,Christchurch Stadium,Christchurch,New Zealand,"-43.5437, 172.6041","O'Keeffe, Ben",New Zealand,51,2278117972,ball_recycled,2026-02-22T02:50:24+00:00,13,12:09,away,Brumbies,35,47,1,,,,,,,,,,,,,,
super_rugby_2026_crusaders_vs_brumbies_65866108.json,sr:sport_event:65866108,2026-02-22T02:35:00+00:00,Super Rugby,sr:competition:422,Super Rugby 2026,sr:season:137092,2026,league,regular season,2,Super Rugby Pacific 2026,Crusaders,sr:competitor:4181,CRU,Brumbies,sr:competitor:4179,BRU,Christchurch Stadium,Christchurch,New Zealand,"-43.5437, 172.6041","O'Keeffe, Ben",New Zealand,52,2278118078,ball_recycled,2026-02-22T02:50:34+00:00,13,12:19,away,Brumbies,37,23,1,,,,,,,,,,,,,,
super_rugby_2026_crusaders_vs_brumbies_65866108.json,sr:sport_event:65866108,2026-02-22T02:35:00+00:00,Super Rugby,sr:competition:422,Super Rugby 2026,sr:season:137092,2026,league,regular season,2,Super Rugby Pacific 2026,Crusaders,sr:competitor:4181,CRU,Brumbies,sr:competitor:4179,BRU,Christchurch Stadium,Christchurch,New Zealand,"-43.5437, 172.6041","O'Keeffe, Ben",New Zealand,53,2278118192,ball_recycled,2026-02-22T02:50:44+00:00,13,12:29,away,Brumbies,30,41,1,,,,,,,,,,,,,,
super_rugby_2026_crusaders_vs_brumbies_65866108.json,sr:sport_event:65866108,2026-02-22T02:35:00+00:00,Super Rugby,sr:competition:422,Super Rugby 2026,sr:season:137092,2026,league,regular season,2,Super Rugby Pacific 2026,Crusaders,sr:competitor:4181,CRU,Brumbies,sr:competitor:4179,BRU,Christchurch Stadium,Christchurch,New Zealand,"-43.5437, 172.6041","O'Keeffe, Ben",New Zealand,54,2278118278,penalty_awarded,2026-02-22T02:50:53+00:00,13,12:38,away,Brumbies,35,39,1,,,,,,,,,,,,,,
super_rugby_2026_crusaders_vs_brumbies_65866108.json,sr:sport_event:65866108,2026-02-22T02:35:00+00:00,Super Rugby,sr:competition:422,Super Rugby 2026,sr:season:137092,2026,league,regular season,2,Super Rugby Pacific 2026,Crusaders,sr:competitor:4181,CRU,Brumbies,sr:competitor:4179,BRU,Christchurch Stadium,Christchurch,New Zealand,"-43.5437, 172.6041","O'Keeffe, Ben",New Zealand,55,2278118462,kick_to_touch,2026-02-22T02:51:17+00:00,14,13:02,away,Brumbies,35,39,1,,,,,,,,,,,,,,
super_rugby_2026_crusaders_vs_brumbies_65866108.json,sr:sport_event:65866108,2026-02-22T02:35:00+00:00,Super Rugby,sr:competition:422,Super Rugby 2026,sr:season:137092,2026,league,regular season,2,Super Rugby Pacific 2026,Crusaders,sr:competitor:4181,CRU,Brumbies,sr:competitor:4179,BRU,Christchurch Stadium,Christchurch,New Zealand,"-43.5437, 172.6041","O'Keeffe, Ben",New Zealand,56,2278118478,line_out,2026-02-22T02:51:20+00:00,14,13:05,away,Brumbies,19,-3,1,,,,,,,,,,,,,,
super_rugby_2026_crusaders_vs_brumbies_65866108.json,sr:sport_event:65866108,2026-02-22T02:35:00+00:00,Super Rugby,sr:competition:422,Super Rugby 2026,sr:season:137092,2026,league,regular season,2,Super Rugby Pacific 2026,Crusaders,sr:competitor:4181,CRU,Brumbies,sr:competitor:4179,BRU,Christchurch Stadium,Christchurch,New Zealand,"-43.5437, 172.6041","O'Keeffe, Ben",New Zealand,57,2278118608,line_out_won,2026-02-22T02:51:38+00:00,14,13:24,away,Brumbies,19,-3,1,,,,,,,,,,,,,,
super_rugby_2026_crusaders_vs_brumbies_65866108.json,sr:sport_event:65866108,2026-02-22T02:35:00+00:00,Super Rugby,sr:competition:422,Super Rugby 2026,sr:season:137092,2026,league,regular season,2,Super Rugby Pacific 2026,Crusaders,sr:competitor:4181,CRU,Brumbies,sr:competitor:4179,BRU,Christchurch Stadium,Christchurch,New Zealand,"-43.5437, 172.6041","O'Keeffe, Ben",New Zealand,58,2278118646,ball_recycled,2026-02-22T02:51:44+00:00,14,13:30,away,Brumbies,18,14,1,,,,,,,,,,,,,,
super_rugby_2026_crusaders_vs_brumbies_65866108.json,sr:sport_event:65866108,2026-02-22T02:35:00+00:00,Super Rugby,sr:competition:422,Super Rugby 2026,sr:season:137092,2026,league,regular season,2,Super Rugby Pacific 2026,Crusaders,sr:competitor:4181,CRU,Brumbies,sr:competitor:4179,BRU,Christchurch Stadium,Christchurch,New Zealand,"-43.5437, 172.6041","O'Keeffe, Ben",New Zealand,59,2278118688,ball_recycled,2026-02-22T02:51:49+00:00,14,13:35,away,Brumbies,17,25,1,,,,,,,,,,,,,,
super_rugby_2026_crusaders_vs_brumbies_65866108.json,sr:sport_event:65866108,2026-02-22T02:35:00+00:00,Super Rugby,sr:competition:422,Super Rugby 2026,sr:season:137092,2026,league,regular season,2,Super Rugby Pacific 2026,Crusaders,sr:competitor:4181,CRU,Brumbies,sr:competitor:4179,BRU,Christchurch Stadium,Christchurch,New Zealand,"-43.5437, 172.6041","O'Keeffe, Ben",New Zealand,60,2278118736,ball_recycled,2026-02-22T02:51:56+00:00,14,13:42,away,Brumbies,17,25,1,,,,,,,,,,,,,,
super_rugby_2026_crusaders_vs_brumbies_65866108.json,sr:sport_event:65866108,2026-02-22T02:35:00+00:00,Super Rugby,sr:competition:422,Super Rugby 2026,sr:season:137092,2026,league,regular season,2,Super Rugby Pacific 2026,Crusaders,sr:competitor:4181,CRU,Brumbies,sr:competitor:4179,BRU,Christchurch Stadium,Christchurch,New Zealand,"-43.5437, 172.6041","O'Keeffe, Ben",New Zealand,61,2278118810,turnover,2026-02-22T02:52:04+00:00,14,13:50,home,Crusaders,17,44,1,,,,,,,,,,,,,,
super_rugby_2026_crusaders_vs_brumbies_65866108.json,sr:sport_event:65866108,2026-02-22T02:35:00+00:00,Super Rugby,sr:competition:422,Super Rugby 2026,sr:season:137092,2026,league,regular season,2,Super Rugby Pacific 2026,Crusaders,sr:competitor:4181,CRU,Brumbies,sr:competitor:4179,BRU,Christchurch Stadium,Christchurch,New Zealand,"-43.5437, 172.6041","O'Keeffe, Ben",New Zealand,62,2278118912,ball_kicked,2026-02-22T02:52:19+00:00,15,14:05,home,Crusaders,88,39,1,,,,,,,,,,,,,,
super_rugby_2026_crusaders_vs_brumbies_65866108.json,sr:sport_event:65866108,2026-02-22T02:35:00+00:00,Super Rugby,sr:competition:422,Super Rugby 2026,sr:season:137092,2026,league,regular season,2,Super Rugby Pacific 2026,Crusaders,sr:competitor:4181,CRU,Brumbies,sr:competitor:4179,BRU,Christchurch Stadium,Christchurch,New Zealand,"-43.5437, 172.6041","O'Keeffe, Ben",New Zealand,63,2278119106,ball_kicked,2026-02-22T02:52:40+00:00,15,14:26,away,Brumbies,39,-1,1,,,,,,,,,,,,,,
super_rugby_2026_crusaders_vs_brumbies_65866108.json,sr:sport_event:65866108,2026-02-22T02:35:00+00:00,Super Rugby,sr:competition:422,Super Rugby 2026,sr:season:137092,2026,league,regular season,2,Super Rugby Pacific 2026,Crusaders,sr:competitor:4181,CRU,Brumbies,sr:competitor:4179,BRU,Christchurch Stadium,Christchurch,New Zealand,"-43.5437, 172.6041","O'Keeffe, Ben",New Zealand,64,2278119108,line_out,2026-02-22T02:52:41+00:00,15,14:27,home,Crusaders,39,-1,1,,,,,,,,,,,,,,
super_rugby_2026_crusaders_vs_brumbies_65866108.json,sr:sport_event:65866108,2026-02-22T02:35:00+00:00,Super Rugby,sr:competition:422,Super Rugby 2026,sr:season:137092,2026,league,regular season,2,Super Rugby Pacific 2026,Crusaders,sr:competitor:4181,CRU,Brumbies,sr:competitor:4179,BRU,Christchurch Stadium,Christchurch,New Zealand,"-43.5437, 172.6041","O'Keeffe, Ben",New Zealand,65,2278119358,scrum,2026-02-22T02:53:13+00:00,15,14:59,away,Brumbies,39,-1,1,,,,,,,,,,,,,,
super_rugby_2026_crusaders_vs_brumbies_65866108.json,sr:sport_event:65866108,2026-02-22T02:35:00+00:00,Super Rugby,sr:competition:422,Super Rugby 2026,sr:season:137092,2026,league,regular season,2,Super Rugby Pacific 2026,Crusaders,sr:competitor:4181,CRU,Brumbies,sr:competitor:4179,BRU,Christchurch Stadium,Christchurch,New Zealand,"-43.5437, 172.6041","O'Keeffe, Ben",New Zealand,66,2278119716,scrum_won,2026-02-22T02:53:56+00:00,16,15:42,away,Brumbies,39,-1,1,,,,,,,,,,,,,,
super_rugby_2026_crusaders_vs_brumbies_65866108.json,sr:sport_event:65866108,2026-02-22T02:35:00+00:00,Super Rugby,sr:competition:422,Super Rugby 2026,sr:season:137092,2026,league,regular season,2,Super Rugby Pacific 2026,Crusaders,sr:competitor:4181,CRU,Brumbies,sr:competitor:4179,BRU,Christchurch Stadium,Christchurch,New Zealand,"-43.5437, 172.6041","O'Keeffe, Ben",New Zealand,67,2278119734,ball_recycled,2026-02-22T02:53:58+00:00,16,15:44,away,Brumbies,33,35,1,,,,,,,,,,,,,,
super_rugby_2026_crusaders_vs_brumbies_65866108.json,sr:sport_event:65866108,2026-02-22T02:35:00+00:00,Super Rugby,sr:competition:422,Super Rugby 2026,sr:season:137092,2026,league,regular season,2,Super Rugby Pacific 2026,Crusaders,sr:competitor:4181,CRU,Brumbies,sr:competitor:4179,BRU,Christchurch Stadium,Christchurch,New Zealand,"-43.5437, 172.6041","O'Keeffe, Ben",New Zealand,68,2278119806,ball_recycled,2026-02-22T02:54:10+00:00,16,15:56,away,Brumbies,29,49,1,,,,,,,,,,,,,,
super_rugby_2026_crusaders_vs_brumbies_65866108.json,sr:sport_event:65866108,2026-02-22T02:35:00+00:00,Super Rugby,sr:competition:422,Super Rugby 2026,sr:season:137092,2026,league,regular season,2,Super Rugby Pacific 2026,Crusaders,sr:competitor:4181,CRU,Brumbies,sr:competitor:4179,BRU,Christchurch Stadium,Christchurch,New Zealand,"-43.5437, 172.6041","O'Keeffe, Ben",New Zealand,69,2278119870,ball_kicked,2026-02-22T02:54:16+00:00,17,16:02,away,Brumbies,17,55,1,,,,,,,,,,,,,,
super_rugby_2026_crusaders_vs_brumbies_65866108.json,sr:sport_event:65866108,2026-02-22T02:35:00+00:00,Super Rugby,sr:competition:422,Super Rugby 2026,sr:season:137092,2026,league,regular season,2,Super Rugby Pacific 2026,Crusaders,sr:competitor:4181,CRU,Brumbies,sr:competitor:4179,BRU,Christchurch Stadium,Christchurch,New Zealand,"-43.5437, 172.6041","O'Keeffe, Ben",New Zealand,70,2278120240,ball_kicked,2026-02-22T02:54:57+00:00,17,16:43,home,Crusaders,34,48,1,,,,,,,,,,,,,,
super_rugby_2026_crusaders_vs_brumbies_65866108.json,sr:sport_event:65866108,2026-02-22T02:35:00+00:00,Super Rugby,sr:competition:422,Super Rugby 2026,sr:season:137092,2026,league,regular season,2,Super Rugby Pacific 2026,Crusaders,sr:competitor:4181,CRU,Brumbies,sr:competitor:4179,BRU,Christchurch Stadium,Christchurch,New Zealand,"-43.5437, 172.6041","O'Keeffe, Ben",New Zealand,71,2278120266,turnover,2026-02-22T02:55:00+00:00,17,16:46,home,Crusaders,34,48,1,,,,,,,,,,,,,,
super_rugby_2026_crusaders_vs_brumbies_65866108.json,sr:sport_event:65866108,2026-02-22T02:35:00+00:00,Super Rugby,sr:competition:422,Super Rugby 2026,sr:season:137092,2026,league,regular season,2,Super Rugby Pacific 2026,Crusaders,sr:competitor:4181,CRU,Brumbies,sr:competitor:4179,BRU,Christchurch Stadium,Christchurch,New Zealand,"-43.5437, 172.6041","O'Keeffe, Ben",New Zealand,72,2278120272,ball_recycled,2026-02-22T02:55:01+00:00,17,16:47,home,Crusaders,34,48,1,,,,,,,,,,,,,,
super_rugby_2026_crusaders_vs_brumbies_65866108.json,sr:sport_event:65866108,2026-02-22T02:35:00+00:00,Super Rugby,sr:competition:422,Super Rugby 2026,sr:season:137092,2026,league,regular season,2,Super Rugby Pacific 2026,Crusaders,sr:competitor:4181,CRU,Brumbies,sr:competitor:4179,BRU,Christchurch Stadium,Christchurch,New Zealand,"-43.5437, 172.6041","O'Keeffe, Ben",New Zealand,73,2278120442,ball_kicked,2026-02-22T02:55:23+00:00,18,17:09,home,Crusaders,37,57,1,,,,,,,,,,,,,,
super_rugby_2026_crusaders_vs_brumbies_65866108.json,sr:sport_event:65866108,2026-02-22T02:35:00+00:00,Super Rugby,sr:competition:422,Super Rugby 2026,sr:season:137092,2026,league,regular season,2,Super Rugby Pacific 2026,Crusaders,sr:competitor:4181,CRU,Brumbies,sr:competitor:4179,BRU,Christchurch Stadium,Christchurch,New Zealand,"-43.5437, 172.6041","O'Keeffe, Ben",New Zealand,74,2278120498,line_out,2026-02-22T02:55:31+00:00,18,17:17,home,Crusaders,34,72,1,,,,,,,,,,,,,,
super_rugby_2026_crusaders_vs_brumbies_65866108.json,sr:sport_event:65866108,2026-02-22T02:35:00+00:00,Super Rugby,sr:competition:422,Super Rugby 2026,sr:season:137092,2026,league,regular season,2,Super Rugby Pacific 2026,Crusaders,sr:competitor:4181,CRU,Brumbies,sr:competitor:4179,BRU,Christchurch Stadium,Christchurch,New Zealand,"-43.5437, 172.6041","O'Keeffe, Ben",New Zealand,75,2278120500,line_out_won,2026-02-22T02:55:33+00:00,18,17:19,home,Crusaders,34,72,1,,,,,,,,,,,,,,
super_rugby_2026_crusaders_vs_brumbies_65866108.json,sr:sport_event:65866108,2026-02-22T02:35:00+00:00,Super Rugby,sr:competition:422,Super Rugby 2026,sr:season:137092,2026,league,regular season,2,Super Rugby Pacific 2026,Crusaders,sr:competitor:4181,CRU,Brumbies,sr:competitor:4179,BRU,Christchurch Stadium,Christchurch,New Zealand,"-43.5437, 172.6041","O'Keeffe, Ben",New Zealand,76,2278120564,turnover,2026-02-22T02:55:39+00:00,18,17:25,away,Brumbies,30,22,1,,,,,,,,,,,,,,
super_rugby_2026_crusaders_vs_brumbies_65866108.json,sr:sport_event:65866108,2026-02-22T02:35:00+00:00,Super Rugby,sr:competition:422,Super Rugby 2026,sr:season:137092,2026,league,regular season,2,Super Rugby Pacific 2026,Crusaders,sr:competitor:4181,CRU,Brumbies,sr:competitor:4179,BRU,Christchurch Stadium,Christchurch,New Zealand,"-43.5437, 172.6041","O'Keeffe, Ben",New Zealand,77,2278120682,ball_recycled,2026-02-22T02:55:57+00:00,18,17:43,away,Brumbies,30,23,1,,,,,,,,,,,,,,
super_rugby_2026_crusaders_vs_brumbies_65866108.json,sr:sport_event:65866108,2026-02-22T02:35:00+00:00,Super Rugby,sr:competition:422,Super Rugby 2026,sr:season:137092,2026,league,regular season,2,Super Rugby Pacific 2026,Crusaders,sr:competitor:4181,CRU,Brumbies,sr:competitor:4179,BRU,Christchurch Stadium,Christchurch,New Zealand,"-43.5437, 172.6041","O'Keeffe, Ben",New Zealand,78,2278120716,ball_recycled,2026-02-22T02:56:03+00:00,18,17:49,away,Brumbies,30,23,1,,,,,,,,,,,,,,
super_rugby_2026_crusaders_vs_brumbies_65866108.json,sr:sport_event:65866108,2026-02-22T02:35:00+00:00,Super Rugby,sr:competition:422,Super Rugby 2026,sr:season:137092,2026,league,regular season,2,Super Rugby Pacific 2026,Crusaders,sr:competitor:4181,CRU,Brumbies,sr:competitor:4179,BRU,Christchurch Stadium,Christchurch,New Zealand,"-43.5437, 172.6041","O'Keeffe, Ben",New Zealand,79,2278120786,ball_recycled,2026-02-22T02:56:11+00:00,18,17:57,away,Brumbies,30,23,1,,,,,,,,,,,,,,
super_rugby_2026_crusaders_vs_brumbies_65866108.json,sr:sport_event:65866108,2026-02-22T02:35:00+00:00,Super Rugby,sr:competition:422,Super Rugby 2026,sr:season:137092,2026,league,regular season,2,Super Rugby Pacific 2026,Crusaders,sr:competitor:4181,CRU,Brumbies,sr:competitor:4179,BRU,Christchurch Stadium,Christchurch,New Zealand,"-43.5437, 172.6041","O'Keeffe, Ben",New Zealand,80,2278120912,ball_recycled,2026-02-22T02:56:23+00:00,19,18:09,away,Brumbies,31,42,1,,,,,,,,,,,,,,
super_rugby_2026_crusaders_vs_brumbies_65866108.json,sr:sport_event:65866108,2026-02-22T02:35:00+00:00,Super Rugby,sr:competition:422,Super Rugby 2026,sr:season:137092,2026,league,regular season,2,Super Rugby Pacific 2026,Crusaders,sr:competitor:4181,CRU,Brumbies,sr:competitor:4179,BRU,Christchurch Stadium,Christchurch,New Zealand,"-43.5437, 172.6041","O'Keeffe, Ben",New Zealand,81,2278121038,ball_recycled,2026-02-22T02:56:40+00:00,19,18:26,away,Brumbies,21,61,1,,,,,,,,,,,,,,
super_rugby_2026_crusaders_vs_brumbies_65866108.json,sr:sport_event:65866108,2026-02-22T02:35:00+00:00,Super Rugby,sr:competition:422,Super Rugby 2026,sr:season:137092,2026,league,regular season,2,Super Rugby Pacific 2026,Crusaders,sr:competitor:4181,CRU,Brumbies,sr:competitor:4179,BRU,Christchurch Stadium,Christchurch,New Zealand,"-43.5437, 172.6041","O'Keeffe, Ben",New Zealand,82,2278121158,ball_recycled,2026-02-22T02:56:54+00:00,19,18:41,away,Brumbies,31,48,1,,,,,,,,,,,,,,
super_rugby_2026_crusaders_vs_brumbies_65866108.json,sr:sport_event:65866108,2026-02-22T02:35:00+00:00,Super Rugby,sr:competition:422,Super Rugby 2026,sr:season:137092,2026,league,regular season,2,Super Rugby Pacific 2026,Crusaders,sr:competitor:4181,CRU,Brumbies,sr:competitor:4179,BRU,Christchurch Stadium,Christchurch,New Zealand,"-43.5437, 172.6041","O'Keeffe, Ben",New Zealand,83,2278121254,score_change,2026-02-22T02:57:04+00:00,19,18:51,away,Brumbies,4,49,1,,,7,5,try,,,sr:player:766780,"Muirhead, Andy",,,,,"[{""id"": ""sr:player:766780"", ""name"": ""Muirhead, Andy"", ""type"": ""scorer""}]"
super_rugby_2026_crusaders_vs_brumbies_65866108.json,sr:sport_event:65866108,2026-02-22T02:35:00+00:00,Super Rugby,sr:competition:422,Super Rugby 2026,sr:season:137092,2026,league,regular season,2,Super Rugby Pacific 2026,Crusaders,sr:competitor:4181,CRU,Brumbies,sr:competitor:4179,BRU,Christchurch Stadium,Christchurch,New Zealand,"-43.5437, 172.6041","O'Keeffe, Ben",New Zealand,84,2278121702,score_change,2026-02-22T02:57:56+00:00,20,19:43,away,Brumbies,38,46,1,,,7,7,conversion,,,sr:player:1082364,"Lonergan, Ryan",,,,,"[{""id"": ""sr:player:1082364"", ""name"": ""Lonergan, Ryan"", ""type"": ""scorer""}]"
super_rugby_2026_crusaders_vs_brumbies_65866108.json,sr:sport_event:65866108,2026-02-22T02:35:00+00:00,Super Rugby,sr:competition:422,Super Rugby 2026,sr:season:137092,2026,league,regular season,2,Super Rugby Pacific 2026,Crusaders,sr:competitor:4181,CRU,Brumbies,sr:competitor:4179,BRU,Christchurch Stadium,Christchurch,New Zealand,"-43.5437, 172.6041","O'Keeffe, Ben",New Zealand,85,2278122074,ball_kicked,2026-02-22T02:58:39+00:00,21,20:14,home,Crusaders,73,47,1,,,,,,,,,,,,,,
super_rugby_2026_crusaders_vs_brumbies_65866108.json,sr:sport_event:65866108,2026-02-22T02:35:00+00:00,Super Rugby,sr:competition:422,Super Rugby 2026,sr:season:137092,2026,league,regular season,2,Super Rugby Pacific 2026,Crusaders,sr:competitor:4181,CRU,Brumbies,sr:competitor:4179,BRU,Christchurch Stadium,Christchurch,New Zealand,"-43.5437, 172.6041","O'Keeffe, Ben",New Zealand,86,2278122168,ball_kicked,2026-02-22T02:58:50+00:00,21,20:25,away,Brumbies,38,57,1,,,,,,,,,,,,,,
super_rugby_2026_crusaders_vs_brumbies_65866108.json,sr:sport_event:65866108,2026-02-22T02:35:00+00:00,Super Rugby,sr:competition:422,Super Rugby 2026,sr:season:137092,2026,league,regular season,2,Super Rugby Pacific 2026,Crusaders,sr:competitor:4181,CRU,Brumbies,sr:competitor:4179,BRU,Christchurch Stadium,Christchurch,New Zealand,"-43.5437, 172.6041","O'Keeffe, Ben",New Zealand,87,2278122302,substitution,2026-02-22T02:59:02+00:00,21,20:37,away,Brumbies,,,1,,,,,,,,,,sr:player:2285797,"Sapsford, Ollie",sr:player:2285795,"Creighton, Hudson","[{""id"": ""sr:player:2285797"", ""name"": ""Sapsford, Ollie"", ""type"": ""substituted_out""}, {""id"": ""sr:player:2285795"", ""name"": ""Creighton, Hudson"", ""type"": ""substituted_in""}]"
super_rugby_2026_crusaders_vs_brumbies_65866108.json,sr:sport_event:65866108,2026-02-22T02:35:00+00:00,Super Rugby,sr:competition:422,Super Rugby 2026,sr:season:137092,2026,league,regular season,2,Super Rugby Pacific 2026,Crusaders,sr:competitor:4181,CRU,Brumbies,sr:competitor:4179,BRU,Christchurch Stadium,Christchurch,New Zealand,"-43.5437, 172.6041","O'Keeffe, Ben",New Zealand,88,2278122374,ball_recycled,2026-02-22T02:59:10+00:00,21,20:45,home,Crusaders,51,44,1,,,,,,,,,,,,,,
super_rugby_2026_crusaders_vs_brumbies_65866108.json,sr:sport_event:65866108,2026-02-22T02:35:00+00:00,Super Rugby,sr:competition:422,Super Rugby 2026,sr:season:137092,2026,league,regular season,2,Super Rugby Pacific 2026,Crusaders,sr:competitor:4181,CRU,Brumbies,sr:competitor:4179,BRU,Christchurch Stadium,Christchurch,New Zealand,"-43.5437, 172.6041","O'Keeffe, Ben",New Zealand,89,2278122518,ball_recycled,2026-02-22T02:59:26+00:00,21,21:00,home,Crusaders,40,53,1,,,,,,,,,,,,,,
super_rugby_2026_crusaders_vs_brumbies_65866108.json,sr:sport_event:65866108,2026-02-22T02:35:00+00:00,Super Rugby,sr:competition:422,Super Rugby 2026,sr:season:137092,2026,league,regular season,2,Super Rugby Pacific 2026,Crusaders,sr:competitor:4181,CRU,Brumbies,sr:competitor:4179,BRU,Christchurch Stadium,Christchurch,New Zealand,"-43.5437, 172.6041","O'Keeffe, Ben",New Zealand,90,2278122650,ball_kicked,2026-02-22T02:59:41+00:00,22,21:16,home,Crusaders,80,53,1,,,,,,,,,,,,,,
super_rugby_2026_crusaders_vs_brumbies_65866108.json,sr:sport_event:65866108,2026-02-22T02:35:00+00:00,Super Rugby,sr:competition:422,Super Rugby 2026,sr:season:137092,2026,league,regular season,2,Super Rugby Pacific 2026,Crusaders,sr:competitor:4181,CRU,Brumbies,sr:competitor:4179,BRU,Christchurch Stadium,Christchurch,New Zealand,"-43.5437, 172.6041","O'Keeffe, Ben",New Zealand,91,2278122716,penalty_awarded,2026-02-22T02:59:51+00:00,22,21:26,away,Brumbies,59,52,1,,,,,,,,,,,,,,
super_rugby_2026_crusaders_vs_brumbies_65866108.json,sr:sport_event:65866108,2026-02-22T02:35:00+00:00,Super Rugby,sr:competition:422,Super Rugby 2026,sr:season:137092,2026,league,regular season,2,Super Rugby Pacific 2026,Crusaders,sr:competitor:4181,CRU,Brumbies,sr:competitor:4179,BRU,Christchurch Stadium,Christchurch,New Zealand,"-43.5437, 172.6041","O'Keeffe, Ben",New Zealand,92,2278122894,kick_to_touch,2026-02-22T03:00:08+00:00,22,21:43,away,Brumbies,59,52,1,,,,,,,,,,,,,,
super_rugby_2026_crusaders_vs_brumbies_65866108.json,sr:sport_event:65866108,2026-02-22T02:35:00+00:00,Super Rugby,sr:competition:422,Super Rugby 2026,sr:season:137092,2026,league,regular season,2,Super Rugby Pacific 2026,Crusaders,sr:competitor:4181,CRU,Brumbies,sr:competitor:4179,BRU,Christchurch Stadium,Christchurch,New Zealand,"-43.5437, 172.6041","O'Keeffe, Ben",New Zealand,93,2278122990,line_out,2026-02-22T03:00:14+00:00,22,21:49,away,Brumbies,26,72,1,,,,,,,,,,,,,,
super_rugby_2026_crusaders_vs_brumbies_65866108.json,sr:sport_event:65866108,2026-02-22T02:35:00+00:00,Super Rugby,sr:competition:422,Super Rugby 2026,sr:season:137092,2026,league,regular season,2,Super Rugby Pacific 2026,Crusaders,sr:competitor:4181,CRU,Brumbies,sr:competitor:4179,BRU,Christchurch Stadium,Christchurch,New Zealand,"-43.5437, 172.6041","O'Keeffe, Ben",New Zealand,94,2278123220,line_out_won,2026-02-22T03:00:40+00:00,23,22:14,home,Crusaders,26,72,1,,,,,,,,,,,,,,
super_rugby_2026_crusaders_vs_brumbies_65866108.json,sr:sport_event:65866108,2026-02-22T02:35:00+00:00,Super Rugby,sr:competition:422,Super Rugby 2026,sr:season:137092,2026,league,regular season,2,Super Rugby Pacific 2026,Crusaders,sr:competitor:4181,CRU,Brumbies,sr:competitor:4179,BRU,Christchurch Stadium,Christchurch,New Zealand,"-43.5437, 172.6041","O'Keeffe, Ben",New Zealand,95,2278123258,substitution,2026-02-22T03:00:44+00:00,23,22:19,away,Brumbies,,,1,,,,,,,,,,sr:player:2285795,"Creighton, Hudson",sr:player:2285797,"Sapsford, Ollie","[{""id"": ""sr:player:2285795"", ""name"": ""Creighton, Hudson"", ""type"": ""substituted_out""}, {""id"": ""sr:player:2285797"", ""name"": ""Sapsford, Ollie"", ""type"": ""substituted_in""}]"
super_rugby_2026_crusaders_vs_brumbies_65866108.json,sr:sport_event:65866108,2026-02-22T02:35:00+00:00,Super Rugby,sr:competition:422,Super Rugby 2026,sr:season:137092,2026,league,regular season,2,Super Rugby Pacific 2026,Crusaders,sr:competitor:4181,CRU,Brumbies,sr:competitor:4179,BRU,Christchurch Stadium,Christchurch,New Zealand,"-43.5437, 172.6041","O'Keeffe, Ben",New Zealand,96,2278123274,ball_recycled,2026-02-22T03:00:47+00:00,23,22:22,home,Crusaders,33,59,1,,,,,,,,,,,,,,
super_rugby_2026_crusaders_vs_brumbies_65866108.json,sr:sport_event:65866108,2026-02-22T02:35:00+00:00,Super Rugby,sr:competition:422,Super Rugby 2026,sr:season:137092,2026,league,regular season,2,Super Rugby Pacific 2026,Crusaders,sr:competitor:4181,CRU,Brumbies,sr:competitor:4179,BRU,Christchurch Stadium,Christchurch,New Zealand,"-43.5437, 172.6041","O'Keeffe, Ben",New Zealand,97,2278123540,ball_recycled,2026-02-22T03:01:19+00:00,23,22:53,home,Crusaders,35,38,1,,,,,,,,,,,,,,
super_rugby_2026_crusaders_vs_brumbies_65866108.json,sr:sport_event:65866108,2026-02-22T02:35:00+00:00,Super Rugby,sr:competition:422,Super Rugby 2026,sr:season:137092,2026,league,regular season,2,Super Rugby Pacific 2026,Crusaders,sr:competitor:4181,CRU,Brumbies,sr:competitor:4179,BRU,Christchurch Stadium,Christchurch,New Zealand,"-43.5437, 172.6041","O'Keeffe, Ben",New Zealand,98,2278123564,ball_recycled,2026-02-22T03:01:22+00:00,23,22:56,home,Crusaders,35,38,1,,,,,,,,,,,,,,
super_rugby_2026_crusaders_vs_brumbies_65866108.json,sr:sport_event:65866108,2026-02-22T02:35:00+00:00,Super Rugby,sr:competition:422,Super Rugby 2026,sr:season:137092,2026,league,regular season,2,Super Rugby Pacific 2026,Crusaders,sr:competitor:4181,CRU,Brumbies,sr:competitor:4179,BRU,Christchurch Stadium,Christchurch,New Zealand,"-43.5437, 172.6041","O'Keeffe, Ben",New Zealand,99,2278123598,ball_kicked,2026-02-22T03:01:27+00:00,24,23:02,home,Crusaders,60,51,1,,,,,,,,,,,,,,
super_rugby_2026_crusaders_vs_brumbies_65866108.json,sr:sport_event:65866108,2026-02-22T02:35:00+00:00,Super Rugby,sr:competition:422,Super Rugby 2026,sr:season:137092,2026,league,regular season,2,Super Rugby Pacific 2026,Crusaders,sr:competitor:4181,CRU,Brumbies,sr:competitor:4179,BRU,Christchurch Stadium,Christchurch,New Zealand,"-43.5437, 172.6041","O'Keeffe, Ben",New Zealand,100,2278123748,score_change,2026-02-22T03:01:41+00:00,24,23:15,home,Crusaders,110,33,1,,,12,7,try,,,sr:player:2344949,"Bell, George",,,,,"[{""id"": ""sr:player:2344949"", ""name"": ""Bell, George"", ""type"": ""scorer""}]"
super_rugby_2026_crusaders_vs_brumbies_65866108.json,sr:sport_event:65866108,2026-02-22T02:35:00+00:00,Super Rugby,sr:competition:422,Super Rugby 2026,sr:season:137092,2026,league,regular season,2,Super Rugby Pacific 2026,Crusaders,sr:competitor:4181,CRU,Brumbies,sr:competitor:4179,BRU,Christchurch Stadium,Christchurch,New Zealand,"-43.5437, 172.6041","O'Keeffe, Ben",New Zealand,101,2278124110,score_change,2026-02-22T03:02:21+00:00,24,23:55,home,Crusaders,55,35,1,,,14,7,conversion,,,sr:player:2533071,"Kemara, Taha",,,,,"[{""id"": ""sr:player:2533071"", ""name"": ""Kemara, Taha"", ""type"": ""scorer""}]"
super_rugby_2026_crusaders_vs_brumbies_65866108.json,sr:sport_event:65866108,2026-02-22T02:35:00+00:00,Super Rugby,sr:competition:422,Super Rugby 2026,sr:season:137092,2026,league,regular season,2,Super Rugby Pacific 2026,Crusaders,sr:competitor:4181,CRU,Brumbies,sr:competitor:4179,BRU,Christchurch Stadium,Christchurch,New Zealand,"-43.5437, 172.6041","O'Keeffe, Ben",New Zealand,102,2278124444,ball_kicked,2026-02-22T03:02:58+00:00,25,24:31,away,Brumbies,27,9,1,,,,,,,,,,,,,,
super_rugby_2026_crusaders_vs_brumbies_65866108.json,sr:sport_event:65866108,2026-02-22T02:35:00+00:00,Super Rugby,sr:competition:422,Super Rugby 2026,sr:season:137092,2026,league,regular season,2,Super Rugby Pacific 2026,Crusaders,sr:competitor:4181,CRU,Brumbies,sr:competitor:4179,BRU,Christchurch Stadium,Christchurch,New Zealand,"-43.5437, 172.6041","O'Keeffe, Ben",New Zealand,103,2278124528,ball_recycled,2026-02-22T03:03:07+00:00,25,24:41,home,Crusaders,37,23,1,,,,,,,,,,,,,,
super_rugby_2026_crusaders_vs_brumbies_65866108.json,sr:sport_event:65866108,2026-02-22T02:35:00+00:00,Super Rugby,sr:competition:422,Super Rugby 2026,sr:season:137092,2026,league,regular season,2,Super Rugby Pacific 2026,Crusaders,sr:competitor:4181,CRU,Brumbies,sr:competitor:4179,BRU,Christchurch Stadium,Christchurch,New Zealand,"-43.5437, 172.6041","O'Keeffe, Ben",New Zealand,104,2278124652,ball_kicked,2026-02-22T03:03:21+00:00,25,24:54,home,Crusaders,37,23,1,,,,,,,,,,,,,,
super_rugby_2026_crusaders_vs_brumbies_65866108.json,sr:sport_event:65866108,2026-02-22T02:35:00+00:00,Super Rugby,sr:competition:422,Super Rugby 2026,sr:season:137092,2026,league,regular season,2,Super Rugby Pacific 2026,Crusaders,sr:competitor:4181,CRU,Brumbies,sr:competitor:4179,BRU,Christchurch Stadium,Christchurch,New Zealand,"-43.5437, 172.6041","O'Keeffe, Ben",New Zealand,105,2278124712,line_out,2026-02-22T03:03:27+00:00,25,25:00,away,Brumbies,51,-2,1,,,,,,,,,,,,,,
super_rugby_2026_crusaders_vs_brumbies_65866108.json,sr:sport_event:65866108,2026-02-22T02:35:00+00:00,Super Rugby,sr:competition:422,Super Rugby 2026,sr:season:137092,2026,league,regular season,2,Super Rugby Pacific 2026,Crusaders,sr:competitor:4181,CRU,Brumbies,sr:competitor:4179,BRU,Christchurch Stadium,Christchurch,New Zealand,"-43.5437, 172.6041","O'Keeffe, Ben",New Zealand,106,2278124898,line_out_won,2026-02-22T03:03:48+00:00,26,25:22,away,Brumbies,51,-2,1,,,,,,,,,,,,,,
super_rugby_2026_crusaders_vs_brumbies_65866108.json,sr:sport_event:65866108,2026-02-22T02:35:00+00:00,Super Rugby,sr:competition:422,Super Rugby 2026,sr:season:137092,2026,league,regular season,2,Super Rugby Pacific 2026,Crusaders,sr:competitor:4181,CRU,Brumbies,sr:competitor:4179,BRU,Christchurch Stadium,Christchurch,New Zealand,"-43.5437, 172.6041","O'Keeffe, Ben",New Zealand,107,2278125034,ball_recycled,2026-02-22T03:03:54+00:00,26,25:28,away,Brumbies,58,28,1,,,,,,,,,,,,,,
super_rugby_2026_crusaders_vs_brumbies_65866108.json,sr:sport_event:65866108,2026-02-22T02:35:00+00:00,Super Rugby,sr:competition:422,Super Rugby 2026,sr:season:137092,2026,league,regular season,2,Super Rugby Pacific 2026,Crusaders,sr:competitor:4181,CRU,Brumbies,sr:competitor:4179,BRU,Christchurch Stadium,Christchurch,New Zealand,"-43.5437, 172.6041","O'Keeffe, Ben",New Zealand,108,2278125110,ball_recycled,2026-02-22T03:04:03+00:00,26,25:37,away,Brumbies,58,28,1,,,,,,,,,,,,,,
super_rugby_2026_crusaders_vs_brumbies_65866108.json,sr:sport_event:65866108,2026-02-22T02:35:00+00:00,Super Rugby,sr:competition:422,Super Rugby 2026,sr:season:137092,2026,league,regular season,2,Super Rugby Pacific 2026,Crusaders,sr:competitor:4181,CRU,Brumbies,sr:competitor:4179,BRU,Christchurch Stadium,Christchurch,New Zealand,"-43.5437, 172.6041","O'Keeffe, Ben",New Zealand,109,2278125232,ball_recycled,2026-02-22T03:04:14+00:00,26,25:47,away,Brumbies,60,45,1,,,,,,,,,,,,,,
super_rugby_2026_crusaders_vs_brumbies_65866108.json,sr:sport_event:65866108,2026-02-22T02:35:00+00:00,Super Rugby,sr:competition:422,Super Rugby 2026,sr:season:137092,2026,league,regular season,2,Super Rugby Pacific 2026,Crusaders,sr:competitor:4181,CRU,Brumbies,sr:competitor:4179,BRU,Christchurch Stadium,Christchurch,New Zealand,"-43.5437, 172.6041","O'Keeffe, Ben",New Zealand,110,2278125350,ball_recycled,2026-02-22T03:04:26+00:00,26,25:59,away,Brumbies,50,46,1,,,,,,,,,,,,,,
super_rugby_2026_crusaders_vs_brumbies_65866108.json,sr:sport_event:65866108,2026-02-22T02:35:00+00:00,Super Rugby,sr:competition:422,Super Rugby 2026,sr:season:137092,2026,league,regular season,2,Super Rugby Pacific 2026,Crusaders,sr:competitor:4181,CRU,Brumbies,sr:competitor:4179,BRU,Christchurch Stadium,Christchurch,New Zealand,"-43.5437, 172.6041","O'Keeffe, Ben",New Zealand,111,2278125482,ball_kicked,2026-02-22T03:04:40+00:00,27,26:14,away,Brumbies,51,29,1,,,,,,,,,,,,,,
super_rugby_2026_crusaders_vs_brumbies_65866108.json,sr:sport_event:65866108,2026-02-22T02:35:00+00:00,Super Rugby,sr:competition:422,Super Rugby 2026,sr:season:137092,2026,league,regular season,2,Super Rugby Pacific 2026,Crusaders,sr:competitor:4181,CRU,Brumbies,sr:competitor:4179,BRU,Christchurch Stadium,Christchurch,New Zealand,"-43.5437, 172.6041","O'Keeffe, Ben",New Zealand,112,2278125832,ball_kicked,2026-02-22T03:05:09+00:00,27,26:42,home,Crusaders,39,21,1,,,,,,,,,,,,,,
super_rugby_2026_crusaders_vs_brumbies_65866108.json,sr:sport_event:65866108,2026-02-22T02:35:00+00:00,Super Rugby,sr:competition:422,Super Rugby 2026,sr:season:137092,2026,league,regular season,2,Super Rugby Pacific 2026,Crusaders,sr:competitor:4181,CRU,Brumbies,sr:competitor:4179,BRU,Christchurch Stadium,Christchurch,New Zealand,"-43.5437, 172.6041","O'Keeffe, Ben",New Zealand,113,2278126024,ball_recycled,2026-02-22T03:05:29+00:00,28,27:03,home,Crusaders,33,30,1,,,,,,,,,,,,,,
super_rugby_2026_crusaders_vs_brumbies_65866108.json,sr:sport_event:65866108,2026-02-22T02:35:00+00:00,Super Rugby,sr:competition:422,Super Rugby 2026,sr:season:137092,2026,league,regular season,2,Super Rugby Pacific 2026,Crusaders,sr:competitor:4181,CRU,Brumbies,sr:competitor:4179,BRU,Christchurch Stadium,Christchurch,New Zealand,"-43.5437, 172.6041","O'Keeffe, Ben",New Zealand,114,2278126248,ball_recycled,2026-02-22T03:05:47+00:00,28,27:21,home,Crusaders,39,36,1,,,,,,,,,,,,,,
super_rugby_2026_crusaders_vs_brumbies_65866108.json,sr:sport_event:65866108,2026-02-22T02:35:00+00:00,Super Rugby,sr:competition:422,Super Rugby 2026,sr:season:137092,2026,league,regular season,2,Super Rugby Pacific 2026,Crusaders,sr:competitor:4181,CRU,Brumbies,sr:competitor:4179,BRU,Christchurch Stadium,Christchurch,New Zealand,"-43.5437, 172.6041","O'Keeffe, Ben",New Zealand,115,2278126298,ball_kicked,2026-02-22T03:05:53+00:00,28,27:27,home,Crusaders,62,12,1,,,,,,,,,,,,,,
super_rugby_2026_crusaders_vs_brumbies_65866108.json,sr:sport_event:65866108,2026-02-22T02:35:00+00:00,Super Rugby,sr:competition:422,Super Rugby 2026,sr:season:137092,2026,league,regular season,2,Super Rugby Pacific 2026,Crusaders,sr:competitor:4181,CRU,Brumbies,sr:competitor:4179,BRU,Christchurch Stadium,Christchurch,New Zealand,"-43.5437, 172.6041","O'Keeffe, Ben",New Zealand,116,2278126330,ball_recycled,2026-02-22T03:05:56+00:00,28,27:30,away,Brumbies,62,12,1,,,,,,,,,,,,,,
super_rugby_2026_crusaders_vs_brumbies_65866108.json,sr:sport_event:65866108,2026-02-22T02:35:00+00:00,Super Rugby,sr:competition:422,Super Rugby 2026,sr:season:137092,2026,league,regular season,2,Super Rugby Pacific 2026,Crusaders,sr:competitor:4181,CRU,Brumbies,sr:competitor:4179,BRU,Christchurch Stadium,Christchurch,New Zealand,"-43.5437, 172.6041","O'Keeffe, Ben",New Zealand,117,2278126420,ball_recycled,2026-02-22T03:06:07+00:00,28,27:40,away,Brumbies,60,18,1,,,,,,,,,,,,,,
super_rugby_2026_crusaders_vs_brumbies_65866108.json,sr:sport_event:65866108,2026-02-22T02:35:00+00:00,Super Rugby,sr:competition:422,Super Rugby 2026,sr:season:137092,2026,league,regular season,2,Super Rugby Pacific 2026,Crusaders,sr:competitor:4181,CRU,Brumbies,sr:competitor:4179,BRU,Christchurch Stadium,Christchurch,New Zealand,"-43.5437, 172.6041","O'Keeffe, Ben",New Zealand,118,2278126484,ball_kicked,2026-02-22T03:06:14+00:00,28,27:47,away,Brumbies,35,73,1,,,,,,,,,,,,,,
super_rugby_2026_crusaders_vs_brumbies_65866108.json,sr:sport_event:65866108,2026-02-22T02:35:00+00:00,Super Rugby,sr:competition:422,Super Rugby 2026,sr:season:137092,2026,league,regular season,2,Super Rugby Pacific 2026,Crusaders,sr:competitor:4181,CRU,Brumbies,sr:competitor:4179,BRU,Christchurch Stadium,Christchurch,New Zealand,"-43.5437, 172.6041","O'Keeffe, Ben",New Zealand,119,2278126500,line_out,2026-02-22T03:06:16+00:00,28,27:50,home,Crusaders,35,73,1,,,,,,,,,,,,,,
super_rugby_2026_crusaders_vs_brumbies_65866108.json,sr:sport_event:65866108,2026-02-22T02:35:00+00:00,Super Rugby,sr:competition:422,Super Rugby 2026,sr:season:137092,2026,league,regular season,2,Super Rugby Pacific 2026,Crusaders,sr:competitor:4181,CRU,Brumbies,sr:competitor:4179,BRU,Christchurch Stadium,Christchurch,New Zealand,"-43.5437, 172.6041","O'Keeffe, Ben",New Zealand,120,2278126820,line_out_won,2026-02-22T03:06:52+00:00,29,28:15,home,Crusaders,35,73,1,,,,,,,,,,,,,,
super_rugby_2026_crusaders_vs_brumbies_65866108.json,sr:sport_event:65866108,2026-02-22T02:35:00+00:00,Super Rugby,sr:competition:422,Super Rugby 2026,sr:season:137092,2026,league,regular season,2,Super Rugby Pacific 2026,Crusaders,sr:competitor:4181,CRU,Brumbies,sr:competitor:4179,BRU,Christchurch Stadium,Christchurch,New Zealand,"-43.5437, 172.6041","O'Keeffe, Ben",New Zealand,121,2278126908,substitution,2026-02-22T03:07:02+00:00,29,28:25,home,Crusaders,,,1,,,,,,,,,,sr:player:2287819,"Brewis, Finlay",sr:player:2106824,"Williams, Tamaiti","[{""id"": ""sr:player:2287819"", ""name"": ""Brewis, Finlay"", ""type"": ""substituted_out""}, {""id"": ""sr:player:2106824"", ""name"": ""Williams, Tamaiti"", ""type"": ""substituted_in""}]"
super_rugby_2026_crusaders_vs_brumbies_65866108.json,sr:sport_event:65866108,2026-02-22T02:35:00+00:00,Super Rugby,sr:competition:422,Super Rugby 2026,sr:season:137092,2026,league,regular season,2,Super Rugby Pacific 2026,Crusaders,sr:competitor:4181,CRU,Brumbies,sr:competitor:4179,BRU,Christchurch Stadium,Christchurch,New Zealand,"-43.5437, 172.6041","O'Keeffe, Ben",New Zealand,122,2278126952,turnover,2026-02-22T03:07:06+00:00,29,28:28,away,Brumbies,37,55,1,,,,,,,,,,,,,,
super_rugby_2026_crusaders_vs_brumbies_65866108.json,sr:sport_event:65866108,2026-02-22T02:35:00+00:00,Super Rugby,sr:competition:422,Super Rugby 2026,sr:season:137092,2026,league,regular season,2,Super Rugby Pacific 2026,Crusaders,sr:competitor:4181,CRU,Brumbies,sr:competitor:4179,BRU,Christchurch Stadium,Christchurch,New Zealand,"-43.5437, 172.6041","O'Keeffe, Ben",New Zealand,123,2278126992,tap_and_go,2026-02-22T03:07:11+00:00,29,28:34,away,Brumbies,38,55,1,,,,,,,,,,,,,,
super_rugby_2026_crusaders_vs_brumbies_65866108.json,sr:sport_event:65866108,2026-02-22T02:35:00+00:00,Super Rugby,sr:competition:422,Super Rugby 2026,sr:season:137092,2026,league,regular season,2,Super Rugby Pacific 2026,Crusaders,sr:competitor:4181,CRU,Brumbies,sr:competitor:4179,BRU,Christchurch Stadium,Christchurch,New Zealand,"-43.5437, 172.6041","O'Keeffe, Ben",New Zealand,124,2278127022,ball_recycled,2026-02-22T03:07:14+00:00,29,28:36,away,Brumbies,35,51,1,,,,,,,,,,,,,,
super_rugby_2026_crusaders_vs_brumbies_65866108.json,sr:sport_event:65866108,2026-02-22T02:35:00+00:00,Super Rugby,sr:competition:422,Super Rugby 2026,sr:season:137092,2026,league,regular season,2,Super Rugby Pacific 2026,Crusaders,sr:competitor:4181,CRU,Brumbies,sr:competitor:4179,BRU,Christchurch Stadium,Christchurch,New Zealand,"-43.5437, 172.6041","O'Keeffe, Ben",New Zealand,125,2278127068,ball_recycled,2026-02-22T03:07:19+00:00,29,28:42,away,Brumbies,38,41,1,,,,,,,,,,,,,,
super_rugby_2026_crusaders_vs_brumbies_65866108.json,sr:sport_event:65866108,2026-02-22T02:35:00+00:00,Super Rugby,sr:competition:422,Super Rugby 2026,sr:season:137092,2026,league,regular season,2,Super Rugby Pacific 2026,Crusaders,sr:competitor:4181,CRU,Brumbies,sr:competitor:4179,BRU,Christchurch Stadium,Christchurch,New Zealand,"-43.5437, 172.6041","O'Keeffe, Ben",New Zealand,126,2278127148,ball_recycled,2026-02-22T03:07:26+00:00,29,28:48,away,Brumbies,38,25,1,,,,,,,,,,,,,,
super_rugby_2026_crusaders_vs_brumbies_65866108.json,sr:sport_event:65866108,2026-02-22T02:35:00+00:00,Super Rugby,sr:competition:422,Super Rugby 2026,sr:season:137092,2026,league,regular season,2,Super Rugby Pacific 2026,Crusaders,sr:competitor:4181,CRU,Brumbies,sr:competitor:4179,BRU,Christchurch Stadium,Christchurch,New Zealand,"-43.5437, 172.6041","O'Keeffe, Ben",New Zealand,127,2278127220,ball_recycled,2026-02-22T03:07:32+00:00,29,28:54,away,Brumbies,38,25,1,,,,,,,,,,,,,,
super_rugby_2026_crusaders_vs_brumbies_65866108.json,sr:sport_event:65866108,2026-02-22T02:35:00+00:00,Super Rugby,sr:competition:422,Super Rugby 2026,sr:season:137092,2026,league,regular season,2,Super Rugby Pacific 2026,Crusaders,sr:competitor:4181,CRU,Brumbies,sr:competitor:4179,BRU,Christchurch Stadium,Christchurch,New Zealand,"-43.5437, 172.6041","O'Keeffe, Ben",New Zealand,128,2278127322,ball_recycled,2026-02-22T03:07:45+00:00,30,29:07,away,Brumbies,-3,56,1,,,,,,,,,,,,,,
super_rugby_2026_crusaders_vs_brumbies_65866108.json,sr:sport_event:65866108,2026-02-22T02:35:00+00:00,Super Rugby,sr:competition:422,Super Rugby 2026,sr:season:137092,2026,league,regular season,2,Super Rugby Pacific 2026,Crusaders,sr:competitor:4181,CRU,Brumbies,sr:competitor:4179,BRU,Christchurch Stadium,Christchurch,New Zealand,"-43.5437, 172.6041","O'Keeffe, Ben",New Zealand,129,2278127448,score_change,2026-02-22T03:07:56+00:00,30,29:18,away,Brumbies,-3,56,1,,,14,12,try,,,sr:player:494584,"Slipper, James",,,,,"[{""id"": ""sr:player:494584"", ""name"": ""Slipper, James"", ""type"": ""scorer""}]"
super_rugby_2026_crusaders_vs_brumbies_65866108.json,sr:sport_event:65866108,2026-02-22T02:35:00+00:00,Super Rugby,sr:competition:422,Super Rugby 2026,sr:season:137092,2026,league,regular season,2,Super Rugby Pacific 2026,Crusaders,sr:competitor:4181,CRU,Brumbies,sr:competitor:4179,BRU,Christchurch Stadium,Christchurch,New Zealand,"-43.5437, 172.6041","O'Keeffe, Ben",New Zealand,130,2278127986,score_change,2026-02-22T03:08:49+00:00,31,30:12,away,Brumbies,33,54,1,,,14,14,conversion,,,sr:player:1082364,"Lonergan, Ryan",,,,,"[{""id"": ""sr:player:1082364"", ""name"": ""Lonergan, Ryan"", ""type"": ""scorer""}]"
super_rugby_2026_crusaders_vs_brumbies_65866108.json,sr:sport_event:65866108,2026-02-22T02:35:00+00:00,Super Rugby,sr:competition:422,Super Rugby 2026,sr:season:137092,2026,league,regular season,2,Super Rugby Pacific 2026,Crusaders,sr:competitor:4181,CRU,Brumbies,sr:competitor:4179,BRU,Christchurch Stadium,Christchurch,New Zealand,"-43.5437, 172.6041","O'Keeffe, Ben",New Zealand,131,2278128192,ball_kicked,2026-02-22T03:09:11+00:00,31,30:33,home,Crusaders,88,45,1,,,,,,,,,,,,,,
super_rugby_2026_crusaders_vs_brumbies_65866108.json,sr:sport_event:65866108,2026-02-22T02:35:00+00:00,Super Rugby,sr:competition:422,Super Rugby 2026,sr:season:137092,2026,league,regular season,2,Super Rugby Pacific 2026,Crusaders,sr:competitor:4181,CRU,Brumbies,sr:competitor:4179,BRU,Christchurch Stadium,Christchurch,New Zealand,"-43.5437, 172.6041","O'Keeffe, Ben",New Zealand,132,2278128238,ball_kicked,2026-02-22T03:09:17+00:00,31,30:39,away,Brumbies,22,37,1,,,,,,,,,,,,,,
super_rugby_2026_crusaders_vs_brumbies_65866108.json,sr:sport_event:65866108,2026-02-22T02:35:00+00:00,Super Rugby,sr:competition:422,Super Rugby 2026,sr:season:137092,2026,league,regular season,2,Super Rugby Pacific 2026,Crusaders,sr:competitor:4181,CRU,Brumbies,sr:competitor:4179,BRU,Christchurch Stadium,Christchurch,New Zealand,"-43.5437, 172.6041","O'Keeffe, Ben",New Zealand,133,2278128350,turnover,2026-02-22T03:09:30+00:00,31,30:52,away,Brumbies,52,37,1,,,,,,,,,,,,,,
super_rugby_2026_crusaders_vs_brumbies_65866108.json,sr:sport_event:65866108,2026-02-22T02:35:00+00:00,Super Rugby,sr:competition:422,Super Rugby 2026,sr:season:137092,2026,league,regular season,2,Super Rugby Pacific 2026,Crusaders,sr:competitor:4181,CRU,Brumbies,sr:competitor:4179,BRU,Christchurch Stadium,Christchurch,New Zealand,"-43.5437, 172.6041","O'Keeffe, Ben",New Zealand,134,2278128356,ball_recycled,2026-02-22T03:09:31+00:00,31,30:54,away,Brumbies,52,37,1,,,,,,,,,,,,,,
super_rugby_2026_crusaders_vs_brumbies_65866108.json,sr:sport_event:65866108,2026-02-22T02:35:00+00:00,Super Rugby,sr:competition:422,Super Rugby 2026,sr:season:137092,2026,league,regular season,2,Super Rugby Pacific 2026,Crusaders,sr:competitor:4181,CRU,Brumbies,sr:competitor:4179,BRU,Christchurch Stadium,Christchurch,New Zealand,"-43.5437, 172.6041","O'Keeffe, Ben",New Zealand,135,2278128412,ball_recycled,2026-02-22T03:09:37+00:00,31,31:00,away,Brumbies,52,37,1,,,,,,,,,,,,,,
super_rugby_2026_crusaders_vs_brumbies_65866108.json,sr:sport_event:65866108,2026-02-22T02:35:00+00:00,Super Rugby,sr:competition:422,Super Rugby 2026,sr:season:137092,2026,league,regular season,2,Super Rugby Pacific 2026,Crusaders,sr:competitor:4181,CRU,Brumbies,sr:competitor:4179,BRU,Christchurch Stadium,Christchurch,New Zealand,"-43.5437, 172.6041","O'Keeffe, Ben",New Zealand,136,2278128566,ball_kicked,2026-02-22T03:09:49+00:00,32,31:12,away,Brumbies,18,25,1,,,,,,,,,,,,,,
super_rugby_2026_crusaders_vs_brumbies_65866108.json,sr:sport_event:65866108,2026-02-22T02:35:00+00:00,Super Rugby,sr:competition:422,Super Rugby 2026,sr:season:137092,2026,league,regular season,2,Super Rugby Pacific 2026,Crusaders,sr:competitor:4181,CRU,Brumbies,sr:competitor:4179,BRU,Christchurch Stadium,Christchurch,New Zealand,"-43.5437, 172.6041","O'Keeffe, Ben",New Zealand,137,2278128656,line_out,2026-02-22T03:09:59+00:00,32,31:22,away,Brumbies,40,-3,1,,,,,,,,,,,,,,
super_rugby_2026_crusaders_vs_brumbies_65866108.json,sr:sport_event:65866108,2026-02-22T02:35:00+00:00,Super Rugby,sr:competition:422,Super Rugby 2026,sr:season:137092,2026,league,regular season,2,Super Rugby Pacific 2026,Crusaders,sr:competitor:4181,CRU,Brumbies,sr:competitor:4179,BRU,Christchurch Stadium,Christchurch,New Zealand,"-43.5437, 172.6041","O'Keeffe, Ben",New Zealand,138,2278128904,line_out_won,2026-02-22T03:10:24+00:00,32,31:47,away,Brumbies,40,-3,1,,,,,,,,,,,,,,
super_rugby_2026_crusaders_vs_brumbies_65866108.json,sr:sport_event:65866108,2026-02-22T02:35:00+00:00,Super Rugby,sr:competition:422,Super Rugby 2026,sr:season:137092,2026,league,regular season,2,Super Rugby Pacific 2026,Crusaders,sr:competitor:4181,CRU,Brumbies,sr:competitor:4179,BRU,Christchurch Stadium,Christchurch,New Zealand,"-43.5437, 172.6041","O'Keeffe, Ben",New Zealand,139,2278128958,ball_recycled,2026-02-22T03:10:30+00:00,32,31:54,away,Brumbies,22,40,1,,,,,,,,,,,,,,
super_rugby_2026_crusaders_vs_brumbies_65866108.json,sr:sport_event:65866108,2026-02-22T02:35:00+00:00,Super Rugby,sr:competition:422,Super Rugby 2026,sr:season:137092,2026,league,regular season,2,Super Rugby Pacific 2026,Crusaders,sr:competitor:4181,CRU,Brumbies,sr:competitor:4179,BRU,Christchurch Stadium,Christchurch,New Zealand,"-43.5437, 172.6041","O'Keeffe, Ben",New Zealand,140,2278129014,ball_recycled,2026-02-22T03:10:36+00:00,32,32:00,away,Brumbies,19,41,1,,,,,,,,,,,,,,
super_rugby_2026_crusaders_vs_brumbies_65866108.json,sr:sport_event:65866108,2026-02-22T02:35:00+00:00,Super Rugby,sr:competition:422,Super Rugby 2026,sr:season:137092,2026,league,regular season,2,Super Rugby Pacific 2026,Crusaders,sr:competitor:4181,CRU,Brumbies,sr:competitor:4179,BRU,Christchurch Stadium,Christchurch,New Zealand,"-43.5437, 172.6041","O'Keeffe, Ben",New Zealand,141,2278129116,ball_recycled,2026-02-22T03:10:46+00:00,33,32:09,away,Brumbies,19,50,1,,,,,,,,,,,,,,
super_rugby_2026_crusaders_vs_brumbies_65866108.json,sr:sport_event:65866108,2026-02-22T02:35:00+00:00,Super Rugby,sr:competition:422,Super Rugby 2026,sr:season:137092,2026,league,regular season,2,Super Rugby Pacific 2026,Crusaders,sr:competitor:4181,CRU,Brumbies,sr:competitor:4179,BRU,Christchurch Stadium,Christchurch,New Zealand,"-43.5437, 172.6041","O'Keeffe, Ben",New Zealand,142,2278129178,ball_recycled,2026-02-22T03:10:54+00:00,33,32:17,away,Brumbies,19,50,1,,,,,,,,,,,,,,
super_rugby_2026_crusaders_vs_brumbies_65866108.json,sr:sport_event:65866108,2026-02-22T02:35:00+00:00,Super Rugby,sr:competition:422,Super Rugby 2026,sr:season:137092,2026,league,regular season,2,Super Rugby Pacific 2026,Crusaders,sr:competitor:4181,CRU,Brumbies,sr:competitor:4179,BRU,Christchurch Stadium,Christchurch,New Zealand,"-43.5437, 172.6041","O'Keeffe, Ben",New Zealand,143,2278129326,ball_recycled,2026-02-22T03:11:05+00:00,33,32:28,away,Brumbies,23,32,1,,,,,,,,,,,,,,
super_rugby_2026_crusaders_vs_brumbies_65866108.json,sr:sport_event:65866108,2026-02-22T02:35:00+00:00,Super Rugby,sr:competition:422,Super Rugby 2026,sr:season:137092,2026,league,regular season,2,Super Rugby Pacific 2026,Crusaders,sr:competitor:4181,CRU,Brumbies,sr:competitor:4179,BRU,Christchurch Stadium,Christchurch,New Zealand,"-43.5437, 172.6041","O'Keeffe, Ben",New Zealand,144,2278129380,ball_recycled,2026-02-22T03:11:13+00:00,33,32:36,away,Brumbies,23,32,1,,,,,,,,,,,,,,
super_rugby_2026_crusaders_vs_brumbies_65866108.json,sr:sport_event:65866108,2026-02-22T02:35:00+00:00,Super Rugby,sr:competition:422,Super Rugby 2026,sr:season:137092,2026,league,regular season,2,Super Rugby Pacific 2026,Crusaders,sr:competitor:4181,CRU,Brumbies,sr:competitor:4179,BRU,Christchurch Stadium,Christchurch,New Zealand,"-43.5437, 172.6041","O'Keeffe, Ben",New Zealand,145,2278129584,penalty_awarded,2026-02-22T03:11:35+00:00,33,32:58,away,Brumbies,18,51,1,,,,,,,,,,,,,,
super_rugby_2026_crusaders_vs_brumbies_65866108.json,sr:sport_event:65866108,2026-02-22T02:35:00+00:00,Super Rugby,sr:competition:422,Super Rugby 2026,sr:season:137092,2026,league,regular season,2,Super Rugby Pacific 2026,Crusaders,sr:competitor:4181,CRU,Brumbies,sr:competitor:4179,BRU,Christchurch Stadium,Christchurch,New Zealand,"-43.5437, 172.6041","O'Keeffe, Ben",New Zealand,146,2278129938,kick_to_touch,2026-02-22T03:12:20+00:00,34,33:19,away,Brumbies,18,51,1,,,,,,,,,,,,,,
super_rugby_2026_crusaders_vs_brumbies_65866108.json,sr:sport_event:65866108,2026-02-22T02:35:00+00:00,Super Rugby,sr:competition:422,Super Rugby 2026,sr:season:137092,2026,league,regular season,2,Super Rugby Pacific 2026,Crusaders,sr:competitor:4181,CRU,Brumbies,sr:competitor:4179,BRU,Christchurch Stadium,Christchurch,New Zealand,"-43.5437, 172.6041","O'Keeffe, Ben",New Zealand,147,2278129974,line_out,2026-02-22T03:12:24+00:00,34,33:23,away,Brumbies,13,72,1,,,,,,,,,,,,,,
super_rugby_2026_crusaders_vs_brumbies_65866108.json,sr:sport_event:65866108,2026-02-22T02:35:00+00:00,Super Rugby,sr:competition:422,Super Rugby 2026,sr:season:137092,2026,league,regular season,2,Super Rugby Pacific 2026,Crusaders,sr:competitor:4181,CRU,Brumbies,sr:competitor:4179,BRU,Christchurch Stadium,Christchurch,New Zealand,"-43.5437, 172.6041","O'Keeffe, Ben",New Zealand,148,2278130064,ball_recycled,2026-02-22T03:12:35+00:00,34,33:34,away,Brumbies,13,72,1,,,,,,,,,,,,,,
super_rugby_2026_crusaders_vs_brumbies_65866108.json,sr:sport_event:65866108,2026-02-22T02:35:00+00:00,Super Rugby,sr:competition:422,Super Rugby 2026,sr:season:137092,2026,league,regular season,2,Super Rugby Pacific 2026,Crusaders,sr:competitor:4181,CRU,Brumbies,sr:competitor:4179,BRU,Christchurch Stadium,Christchurch,New Zealand,"-43.5437, 172.6041","O'Keeffe, Ben",New Zealand,149,2278130096,line_out_won,2026-02-22T03:12:39+00:00,34,33:38,away,Brumbies,13,72,1,,,,,,,,,,,,,,
super_rugby_2026_crusaders_vs_brumbies_65866108.json,sr:sport_event:65866108,2026-02-22T02:35:00+00:00,Super Rugby,sr:competition:422,Super Rugby 2026,sr:season:137092,2026,league,regular season,2,Super Rugby Pacific 2026,Crusaders,sr:competitor:4181,CRU,Brumbies,sr:competitor:4179,BRU,Christchurch Stadium,Christchurch,New Zealand,"-43.5437, 172.6041","O'Keeffe, Ben",New Zealand,150,2278130270,ball_recycled,2026-02-22T03:12:54+00:00,34,33:53,away,Brumbies,7,51,1,,,,,,,,,,,,,,
super_rugby_2026_crusaders_vs_brumbies_65866108.json,sr:sport_event:65866108,2026-02-22T02:35:00+00:00,Super Rugby,sr:competition:422,Super Rugby 2026,sr:season:137092,2026,league,regular season,2,Super Rugby Pacific 2026,Crusaders,sr:competitor:4181,CRU,Brumbies,sr:competitor:4179,BRU,Christchurch Stadium,Christchurch,New Zealand,"-43.5437, 172.6041","O'Keeffe, Ben",New Zealand,151,2278130330,ball_recycled,2026-02-22T03:13:00+00:00,34,33:59,away,Brumbies,7,51,1,,,,,,,,,,,,,,
super_rugby_2026_crusaders_vs_brumbies_65866108.json,sr:sport_event:65866108,2026-02-22T02:35:00+00:00,Super Rugby,sr:competition:422,Super Rugby 2026,sr:season:137092,2026,league,regular season,2,Super Rugby Pacific 2026,Crusaders,sr:competitor:4181,CRU,Brumbies,sr:competitor:4179,BRU,Christchurch Stadium,Christchurch,New Zealand,"-43.5437, 172.6041","O'Keeffe, Ben",New Zealand,152,2278130498,ball_recycled,2026-02-22T03:13:22+00:00,35,34:20,away,Brumbies,7,51,1,,,,,,,,,,,,,,
super_rugby_2026_crusaders_vs_brumbies_65866108.json,sr:sport_event:65866108,2026-02-22T02:35:00+00:00,Super Rugby,sr:competition:422,Super Rugby 2026,sr:season:137092,2026,league,regular season,2,Super Rugby Pacific 2026,Crusaders,sr:competitor:4181,CRU,Brumbies,sr:competitor:4179,BRU,Christchurch Stadium,Christchurch,New Zealand,"-43.5437, 172.6041","O'Keeffe, Ben",New Zealand,153,2278130656,ball_recycled,2026-02-22T03:13:46+00:00,35,34:44,away,Brumbies,9,46,1,,,,,,,,,,,,,,
super_rugby_2026_crusaders_vs_brumbies_65866108.json,sr:sport_event:65866108,2026-02-22T02:35:00+00:00,Super Rugby,sr:competition:422,Super Rugby 2026,sr:season:137092,2026,league,regular season,2,Super Rugby Pacific 2026,Crusaders,sr:competitor:4181,CRU,Brumbies,sr:competitor:4179,BRU,Christchurch Stadium,Christchurch,New Zealand,"-43.5437, 172.6041","O'Keeffe, Ben",New Zealand,154,2278130764,ball_recycled,2026-02-22T03:13:58+00:00,35,34:56,away,Brumbies,9,46,1,,,,,,,,,,,,,,
super_rugby_2026_crusaders_vs_brumbies_65866108.json,sr:sport_event:65866108,2026-02-22T02:35:00+00:00,Super Rugby,sr:competition:422,Super Rugby 2026,sr:season:137092,2026,league,regular season,2,Super Rugby Pacific 2026,Crusaders,sr:competitor:4181,CRU,Brumbies,sr:competitor:4179,BRU,Christchurch Stadium,Christchurch,New Zealand,"-43.5437, 172.6041","O'Keeffe, Ben",New Zealand,155,2278130878,ball_recycled,2026-02-22T03:14:08+00:00,36,35:06,away,Brumbies,9,46,1,,,,,,,,,,,,,,
super_rugby_2026_crusaders_vs_brumbies_65866108.json,sr:sport_event:65866108,2026-02-22T02:35:00+00:00,Super Rugby,sr:competition:422,Super Rugby 2026,sr:season:137092,2026,league,regular season,2,Super Rugby Pacific 2026,Crusaders,sr:competitor:4181,CRU,Brumbies,sr:competitor:4179,BRU,Christchurch Stadium,Christchurch,New Zealand,"-43.5437, 172.6041","O'Keeffe, Ben",New Zealand,156,2278130948,ball_recycled,2026-02-22T03:14:16+00:00,36,35:14,away,Brumbies,9,46,1,,,,,,,,,,,,,,
super_rugby_2026_crusaders_vs_brumbies_65866108.json,sr:sport_event:65866108,2026-02-22T02:35:00+00:00,Super Rugby,sr:competition:422,Super Rugby 2026,sr:season:137092,2026,league,regular season,2,Super Rugby Pacific 2026,Crusaders,sr:competitor:4181,CRU,Brumbies,sr:competitor:4179,BRU,Christchurch Stadium,Christchurch,New Zealand,"-43.5437, 172.6041","O'Keeffe, Ben",New Zealand,157,2278131020,ball_recycled,2026-02-22T03:14:26+00:00,36,35:24,away,Brumbies,9,46,1,,,,,,,,,,,,,,
super_rugby_2026_crusaders_vs_brumbies_65866108.json,sr:sport_event:65866108,2026-02-22T02:35:00+00:00,Super Rugby,sr:competition:422,Super Rugby 2026,sr:season:137092,2026,league,regular season,2,Super Rugby Pacific 2026,Crusaders,sr:competitor:4181,CRU,Brumbies,sr:competitor:4179,BRU,Christchurch Stadium,Christchurch,New Zealand,"-43.5437, 172.6041","O'Keeffe, Ben",New Zealand,158,2278131132,penalty_awarded,2026-02-22T03:14:39+00:00,36,35:37,away,Brumbies,11,47,1,,,,,,,,,,,,,,
super_rugby_2026_crusaders_vs_brumbies_65866108.json,sr:sport_event:65866108,2026-02-22T02:35:00+00:00,Super Rugby,sr:competition:422,Super Rugby 2026,sr:season:137092,2026,league,regular season,2,Super Rugby Pacific 2026,Crusaders,sr:competitor:4181,CRU,Brumbies,sr:competitor:4179,BRU,Christchurch Stadium,Christchurch,New Zealand,"-43.5437, 172.6041","O'Keeffe, Ben",New Zealand,159,2278131266,yellow_card,2026-02-22T03:14:56+00:00,36,35:54,home,Crusaders,,,1,,,,,,sr:player:2800877,"Shalfoon, Antonio",,,,,,,
super_rugby_2026_crusaders_vs_brumbies_65866108.json,sr:sport_event:65866108,2026-02-22T02:35:00+00:00,Super Rugby,sr:competition:422,Super Rugby 2026,sr:season:137092,2026,league,regular season,2,Super Rugby Pacific 2026,Crusaders,sr:competitor:4181,CRU,Brumbies,sr:competitor:4179,BRU,Christchurch Stadium,Christchurch,New Zealand,"-43.5437, 172.6041","O'Keeffe, Ben",New Zealand,160,2278131398,scrum,2026-02-22T03:15:11+00:00,36,35:59,away,Brumbies,11,47,1,,,,,,,,,,,,,,
super_rugby_2026_crusaders_vs_brumbies_65866108.json,sr:sport_event:65866108,2026-02-22T02:35:00+00:00,Super Rugby,sr:competition:422,Super Rugby 2026,sr:season:137092,2026,league,regular season,2,Super Rugby Pacific 2026,Crusaders,sr:competitor:4181,CRU,Brumbies,sr:competitor:4179,BRU,Christchurch Stadium,Christchurch,New Zealand,"-43.5437, 172.6041","O'Keeffe, Ben",New Zealand,161,2278132270,scrum_won,2026-02-22T03:16:04+00:00,37,36:40,away,Brumbies,11,47,1,,,,,,,,,,,,,,
super_rugby_2026_crusaders_vs_brumbies_65866108.json,sr:sport_event:65866108,2026-02-22T02:35:00+00:00,Super Rugby,sr:competition:422,Super Rugby 2026,sr:season:137092,2026,league,regular season,2,Super Rugby Pacific 2026,Crusaders,sr:competitor:4181,CRU,Brumbies,sr:competitor:4179,BRU,Christchurch Stadium,Christchurch,New Zealand,"-43.5437, 172.6041","O'Keeffe, Ben",New Zealand,162,2278132418,score_change,2026-02-22T03:16:17+00:00,37,36:53,away,Brumbies,1,50,1,,,14,19,try,,,sr:player:2528093,"Cale, Charlie",,,,,"[{""id"": ""sr:player:2528093"", ""name"": ""Cale, Charlie"", ""type"": ""scorer""}]"
super_rugby_2026_crusaders_vs_brumbies_65866108.json,sr:sport_event:65866108,2026-02-22T02:35:00+00:00,Super Rugby,sr:competition:422,Super Rugby 2026,sr:season:137092,2026,league,regular season,2,Super Rugby Pacific 2026,Crusaders,sr:competitor:4181,CRU,Brumbies,sr:competitor:4179,BRU,Christchurch Stadium,Christchurch,New Zealand,"-43.5437, 172.6041","O'Keeffe, Ben",New Zealand,163,2278133176,ball_kicked,2026-02-22T03:17:43+00:00,39,38:19,home,Crusaders,88,25,1,,,,,,,,,,,,,,
super_rugby_2026_crusaders_vs_brumbies_65866108.json,sr:sport_event:65866108,2026-02-22T02:35:00+00:00,Super Rugby,sr:competition:422,Super Rugby 2026,sr:season:137092,2026,league,regular season,2,Super Rugby Pacific 2026,Crusaders,sr:competitor:4181,CRU,Brumbies,sr:competitor:4179,BRU,Christchurch Stadium,Christchurch,New Zealand,"-43.5437, 172.6041","O'Keeffe, Ben",New Zealand,164,2278133304,ball_recycled,2026-02-22T03:17:54+00:00,39,38:30,away,Brumbies,77,28,1,,,,,,,,,,,,,,
super_rugby_2026_crusaders_vs_brumbies_65866108.json,sr:sport_event:65866108,2026-02-22T02:35:00+00:00,Super Rugby,sr:competition:422,Super Rugby 2026,sr:season:137092,2026,league,regular season,2,Super Rugby Pacific 2026,Crusaders,sr:competitor:4181,CRU,Brumbies,sr:competitor:4179,BRU,Christchurch Stadium,Christchurch,New Zealand,"-43.5437, 172.6041","O'Keeffe, Ben",New Zealand,165,2278133422,turnover,2026-02-22T03:18:08+00:00,39,38:44,home,Crusaders,33,56,1,,,,,,,,,,,,,,
super_rugby_2026_crusaders_vs_brumbies_65866108.json,sr:sport_event:65866108,2026-02-22T02:35:00+00:00,Super Rugby,sr:competition:422,Super Rugby 2026,sr:season:137092,2026,league,regular season,2,Super Rugby Pacific 2026,Crusaders,sr:competitor:4181,CRU,Brumbies,sr:competitor:4179,BRU,Christchurch Stadium,Christchurch,New Zealand,"-43.5437, 172.6041","O'Keeffe, Ben",New Zealand,166,2278133442,scrum,2026-02-22T03:18:10+00:00,39,38:46,home,Crusaders,33,56,1,,,,,,,,,,,,,,
super_rugby_2026_crusaders_vs_brumbies_65866108.json,sr:sport_event:65866108,2026-02-22T02:35:00+00:00,Super Rugby,sr:competition:422,Super Rugby 2026,sr:season:137092,2026,league,regular season,2,Super Rugby Pacific 2026,Crusaders,sr:competitor:4181,CRU,Brumbies,sr:competitor:4179,BRU,Christchurch Stadium,Christchurch,New Zealand,"-43.5437, 172.6041","O'Keeffe, Ben",New Zealand,167,2278133940,scrum_won,2026-02-22T03:19:09+00:00,40,39:45,home,Crusaders,33,56,1,,,,,,,,,,,,,,
super_rugby_2026_crusaders_vs_brumbies_65866108.json,sr:sport_event:65866108,2026-02-22T02:35:00+00:00,Super Rugby,sr:competition:422,Super Rugby 2026,sr:season:137092,2026,league,regular season,2,Super Rugby Pacific 2026,Crusaders,sr:competitor:4181,CRU,Brumbies,sr:competitor:4179,BRU,Christchurch Stadium,Christchurch,New Zealand,"-43.5437, 172.6041","O'Keeffe, Ben",New Zealand,168,2278133994,ball_recycled,2026-02-22T03:19:16+00:00,40,39:52,home,Crusaders,33,36,1,,,,,,,,,,,,,,
super_rugby_2026_crusaders_vs_brumbies_65866108.json,sr:sport_event:65866108,2026-02-22T02:35:00+00:00,Super Rugby,sr:competition:422,Super Rugby 2026,sr:season:137092,2026,league,regular season,2,Super Rugby Pacific 2026,Crusaders,sr:competitor:4181,CRU,Brumbies,sr:competitor:4179,BRU,Christchurch Stadium,Christchurch,New Zealand,"-43.5437, 172.6041","O'Keeffe, Ben",New Zealand,169,2278134038,ball_recycled,2026-02-22T03:19:21+00:00,40,39:57,home,Crusaders,40,49,1,,,,,,,,,,,,,,
super_rugby_2026_crusaders_vs_brumbies_65866108.json,sr:sport_event:65866108,2026-02-22T02:35:00+00:00,Super Rugby,sr:competition:422,Super Rugby 2026,sr:season:137092,2026,league,regular season,2,Super Rugby Pacific 2026,Crusaders,sr:competitor:4181,CRU,Brumbies,sr:competitor:4179,BRU,Christchurch Stadium,Christchurch,New Zealand,"-43.5437, 172.6041","O'Keeffe, Ben",New Zealand,170,2278134108,ball_recycled,2026-02-22T03:19:29+00:00,40,40:00,home,Crusaders,39,54,1,,,,,,,,,,,,,,
super_rugby_2026_crusaders_vs_brumbies_65866108.json,sr:sport_event:65866108,2026-02-22T02:35:00+00:00,Super Rugby,sr:competition:422,Super Rugby 2026,sr:season:137092,2026,league,regular season,2,Super Rugby Pacific 2026,Crusaders,sr:competitor:4181,CRU,Brumbies,sr:competitor:4179,BRU,Christchurch Stadium,Christchurch,New Zealand,"-43.5437, 172.6041","O'Keeffe, Ben",New Zealand,171,2278134224,period_score,2026-02-22T03:19:42+00:00,,,,,,,1,,,14,19,,,,,,,,,,
super_rugby_2026_crusaders_vs_brumbies_65866108.json,sr:sport_event:65866108,2026-02-22T02:35:00+00:00,Super Rugby,sr:competition:422,Super Rugby 2026,sr:season:137092,2026,league,regular season,2,Super Rugby Pacific 2026,Crusaders,sr:competitor:4181,CRU,Brumbies,sr:competitor:4179,BRU,Christchurch Stadium,Christchurch,New Zealand,"-43.5437, 172.6041","O'Keeffe, Ben",New Zealand,172,2278134226,break_start,2026-02-22T03:19:42+00:00,,,,,,,,,pause,,,,,,,,,,,,
super_rugby_2026_crusaders_vs_brumbies_65866108.json,sr:sport_event:65866108,2026-02-22T02:35:00+00:00,Super Rugby,sr:competition:422,Super Rugby 2026,sr:season:137092,2026,league,regular season,2,Super Rugby Pacific 2026,Crusaders,sr:competitor:4181,CRU,Brumbies,sr:competitor:4179,BRU,Christchurch Stadium,Christchurch,New Zealand,"-43.5437, 172.6041","O'Keeffe, Ben",New Zealand,173,2278141772,period_start,2026-02-22T03:35:23+00:00,,,,,,,2,2nd_half,,,,,,,,,,,,,
super_rugby_2026_crusaders_vs_brumbies_65866108.json,sr:sport_event:65866108,2026-02-22T02:35:00+00:00,Super Rugby,sr:competition:422,Super Rugby 2026,sr:season:137092,2026,league,regular season,2,Super Rugby Pacific 2026,Crusaders,sr:competitor:4181,CRU,Brumbies,sr:competitor:4179,BRU,Christchurch Stadium,Christchurch,New Zealand,"-43.5437, 172.6041","O'Keeffe, Ben",New Zealand,174,2278141800,ball_kicked,2026-02-22T03:35:29+00:00,41,40:06,home,Crusaders,76,49,2,,,,,,,,,,,,,,
super_rugby_2026_crusaders_vs_brumbies_65866108.json,sr:sport_event:65866108,2026-02-22T02:35:00+00:00,Super Rugby,sr:competition:422,Super Rugby 2026,sr:season:137092,2026,league,regular season,2,Super Rugby Pacific 2026,Crusaders,sr:competitor:4181,CRU,Brumbies,sr:competitor:4179,BRU,Christchurch Stadium,Christchurch,New Zealand,"-43.5437, 172.6041","O'Keeffe, Ben",New Zealand,175,2278141890,ball_recycled,2026-02-22T03:35:43+00:00,41,40:21,home,Crusaders,77,26,2,,,,,,,,,,,,,,
super_rugby_2026_crusaders_vs_brumbies_65866108.json,sr:sport_event:65866108,2026-02-22T02:35:00+00:00,Super Rugby,sr:competition:422,Super Rugby 2026,sr:season:137092,2026,league,regular season,2,Super Rugby Pacific 2026,Crusaders,sr:competitor:4181,CRU,Brumbies,sr:competitor:4179,BRU,Christchurch Stadium,Christchurch,New Zealand,"-43.5437, 172.6041","O'Keeffe, Ben",New Zealand,176,2278141972,ball_recycled,2026-02-22T03:35:55+00:00,41,40:33,home,Crusaders,75,48,2,,,,,,,,,,,,,,
super_rugby_2026_crusaders_vs_brumbies_65866108.json,sr:sport_event:65866108,2026-02-22T02:35:00+00:00,Super Rugby,sr:competition:422,Super Rugby 2026,sr:season:137092,2026,league,regular season,2,Super Rugby Pacific 2026,Crusaders,sr:competitor:4181,CRU,Brumbies,sr:competitor:4179,BRU,Christchurch Stadium,Christchurch,New Zealand,"-43.5437, 172.6041","O'Keeffe, Ben",New Zealand,177,2278142042,ball_recycled,2026-02-22T03:36:02+00:00,41,40:40,home,Crusaders,75,40,2,,,,,,,,,,,,,,
super_rugby_2026_crusaders_vs_brumbies_65866108.json,sr:sport_event:65866108,2026-02-22T02:35:00+00:00,Super Rugby,sr:competition:422,Super Rugby 2026,sr:season:137092,2026,league,regular season,2,Super Rugby Pacific 2026,Crusaders,sr:competitor:4181,CRU,Brumbies,sr:competitor:4179,BRU,Christchurch Stadium,Christchurch,New Zealand,"-43.5437, 172.6041","O'Keeffe, Ben",New Zealand,178,2278142106,ball_recycled,2026-02-22T03:36:17+00:00,41,40:55,home,Crusaders,77,25,2,,,,,,,,,,,,,,
super_rugby_2026_crusaders_vs_brumbies_65866108.json,sr:sport_event:65866108,2026-02-22T02:35:00+00:00,Super Rugby,sr:competition:422,Super Rugby 2026,sr:season:137092,2026,league,regular season,2,Super Rugby Pacific 2026,Crusaders,sr:competitor:4181,CRU,Brumbies,sr:competitor:4179,BRU,Christchurch Stadium,Christchurch,New Zealand,"-43.5437, 172.6041","O'Keeffe, Ben",New Zealand,179,2278142188,ball_recycled,2026-02-22T03:36:28+00:00,42,41:06,home,Crusaders,79,20,2,,,,,,,,,,,,,,
super_rugby_2026_crusaders_vs_brumbies_65866108.json,sr:sport_event:65866108,2026-02-22T02:35:00+00:00,Super Rugby,sr:competition:422,Super Rugby 2026,sr:season:137092,2026,league,regular season,2,Super Rugby Pacific 2026,Crusaders,sr:competitor:4181,CRU,Brumbies,sr:competitor:4179,BRU,Christchurch Stadium,Christchurch,New Zealand,"-43.5437, 172.6041","O'Keeffe, Ben",New Zealand,180,2278142224,ball_recycled,2026-02-22T03:36:35+00:00,42,41:13,home,Crusaders,79,20,2,,,,,,,,,,,,,,
super_rugby_2026_crusaders_vs_brumbies_65866108.json,sr:sport_event:65866108,2026-02-22T02:35:00+00:00,Super Rugby,sr:competition:422,Super Rugby 2026,sr:season:137092,2026,league,regular season,2,Super Rugby Pacific 2026,Crusaders,sr:competitor:4181,CRU,Brumbies,sr:competitor:4179,BRU,Christchurch Stadium,Christchurch,New Zealand,"-43.5437, 172.6041","O'Keeffe, Ben",New Zealand,181,2278142290,ball_recycled,2026-02-22T03:36:46+00:00,42,41:24,home,Crusaders,76,45,2,,,,,,,,,,,,,,
super_rugby_2026_crusaders_vs_brumbies_65866108.json,sr:sport_event:65866108,2026-02-22T02:35:00+00:00,Super Rugby,sr:competition:422,Super Rugby 2026,sr:season:137092,2026,league,regular season,2,Super Rugby Pacific 2026,Crusaders,sr:competitor:4181,CRU,Brumbies,sr:competitor:4179,BRU,Christchurch Stadium,Christchurch,New Zealand,"-43.5437, 172.6041","O'Keeffe, Ben",New Zealand,182,2278142332,turnover,2026-02-22T03:36:56+00:00,42,41:34,away,Brumbies,76,16,2,,,,,,,,,,,,,,
super_rugby_2026_crusaders_vs_brumbies_65866108.json,sr:sport_event:65866108,2026-02-22T02:35:00+00:00,Super Rugby,sr:competition:422,Super Rugby 2026,sr:season:137092,2026,league,regular season,2,Super Rugby Pacific 2026,Crusaders,sr:competitor:4181,CRU,Brumbies,sr:competitor:4179,BRU,Christchurch Stadium,Christchurch,New Zealand,"-43.5437, 172.6041","O'Keeffe, Ben",New Zealand,183,2278142360,scrum,2026-02-22T03:37:01+00:00,42,41:38,away,Brumbies,76,20,2,,,,,,,,,,,,,,
super_rugby_2026_crusaders_vs_brumbies_65866108.json,sr:sport_event:65866108,2026-02-22T02:35:00+00:00,Super Rugby,sr:competition:422,Super Rugby 2026,sr:season:137092,2026,league,regular season,2,Super Rugby Pacific 2026,Crusaders,sr:competitor:4181,CRU,Brumbies,sr:competitor:4179,BRU,Christchurch Stadium,Christchurch,New Zealand,"-43.5437, 172.6041","O'Keeffe, Ben",New Zealand,184,2278142684,scrum_won,2026-02-22T03:37:50+00:00,43,42:28,away,Brumbies,76,20,2,,,,,,,,,,,,,,
super_rugby_2026_crusaders_vs_brumbies_65866108.json,sr:sport_event:65866108,2026-02-22T02:35:00+00:00,Super Rugby,sr:competition:422,Super Rugby 2026,sr:season:137092,2026,league,regular season,2,Super Rugby Pacific 2026,Crusaders,sr:competitor:4181,CRU,Brumbies,sr:competitor:4179,BRU,Christchurch Stadium,Christchurch,New Zealand,"-43.5437, 172.6041","O'Keeffe, Ben",New Zealand,185,2278142742,ball_recycled,2026-02-22T03:37:59+00:00,43,42:37,away,Brumbies,60,44,2,,,,,,,,,,,,,,
super_rugby_2026_crusaders_vs_brumbies_65866108.json,sr:sport_event:65866108,2026-02-22T02:35:00+00:00,Super Rugby,sr:competition:422,Super Rugby 2026,sr:season:137092,2026,league,regular season,2,Super Rugby Pacific 2026,Crusaders,sr:competitor:4181,CRU,Brumbies,sr:competitor:4179,BRU,Christchurch Stadium,Christchurch,New Zealand,"-43.5437, 172.6041","O'Keeffe, Ben",New Zealand,186,2278142824,ball_recycled,2026-02-22T03:38:10+00:00,43,42:48,away,Brumbies,60,44,2,,,,,,,,,,,,,,
super_rugby_2026_crusaders_vs_brumbies_65866108.json,sr:sport_event:65866108,2026-02-22T02:35:00+00:00,Super Rugby,sr:competition:422,Super Rugby 2026,sr:season:137092,2026,league,regular season,2,Super Rugby Pacific 2026,Crusaders,sr:competitor:4181,CRU,Brumbies,sr:competitor:4179,BRU,Christchurch Stadium,Christchurch,New Zealand,"-43.5437, 172.6041","O'Keeffe, Ben",New Zealand,187,2278142830,ball_recycled,2026-02-22T03:38:10+00:00,43,42:48,away,Brumbies,60,44,2,,,,,,,,,,,,,,
super_rugby_2026_crusaders_vs_brumbies_65866108.json,sr:sport_event:65866108,2026-02-22T02:35:00+00:00,Super Rugby,sr:competition:422,Super Rugby 2026,sr:season:137092,2026,league,regular season,2,Super Rugby Pacific 2026,Crusaders,sr:competitor:4181,CRU,Brumbies,sr:competitor:4179,BRU,Christchurch Stadium,Christchurch,New Zealand,"-43.5437, 172.6041","O'Keeffe, Ben",New Zealand,188,2278142948,ball_recycled,2026-02-22T03:38:18+00:00,43,42:56,away,Brumbies,50,43,2,,,,,,,,,,,,,,
super_rugby_2026_crusaders_vs_brumbies_65866108.json,sr:sport_event:65866108,2026-02-22T02:35:00+00:00,Super Rugby,sr:competition:422,Super Rugby 2026,sr:season:137092,2026,league,regular season,2,Super Rugby Pacific 2026,Crusaders,sr:competitor:4181,CRU,Brumbies,sr:competitor:4179,BRU,Christchurch Stadium,Christchurch,New Zealand,"-43.5437, 172.6041","O'Keeffe, Ben",New Zealand,189,2278143030,ball_kicked,2026-02-22T03:38:30+00:00,44,43:09,away,Brumbies,30,22,2,,,,,,,,,,,,,,
super_rugby_2026_crusaders_vs_brumbies_65866108.json,sr:sport_event:65866108,2026-02-22T02:35:00+00:00,Super Rugby,sr:competition:422,Super Rugby 2026,sr:season:137092,2026,league,regular season,2,Super Rugby Pacific 2026,Crusaders,sr:competitor:4181,CRU,Brumbies,sr:competitor:4179,BRU,Christchurch Stadium,Christchurch,New Zealand,"-43.5437, 172.6041","O'Keeffe, Ben",New Zealand,190,2278143236,ball_recycled,2026-02-22T03:38:54+00:00,44,43:32,home,Crusaders,47,53,2,,,,,,,,,,,,,,
super_rugby_2026_crusaders_vs_brumbies_65866108.json,sr:sport_event:65866108,2026-02-22T02:35:00+00:00,Super Rugby,sr:competition:422,Super Rugby 2026,sr:season:137092,2026,league,regular season,2,Super Rugby Pacific 2026,Crusaders,sr:competitor:4181,CRU,Brumbies,sr:competitor:4179,BRU,Christchurch Stadium,Christchurch,New Zealand,"-43.5437, 172.6041","O'Keeffe, Ben",New Zealand,191,2278143306,ball_kicked,2026-02-22T03:39:03+00:00,44,43:41,home,Crusaders,87,50,2,,,,,,,,,,,,,,
super_rugby_2026_crusaders_vs_brumbies_65866108.json,sr:sport_event:65866108,2026-02-22T02:35:00+00:00,Super Rugby,sr:competition:422,Super Rugby 2026,sr:season:137092,2026,league,regular season,2,Super Rugby Pacific 2026,Crusaders,sr:competitor:4181,CRU,Brumbies,sr:competitor:4179,BRU,Christchurch Stadium,Christchurch,New Zealand,"-43.5437, 172.6041","O'Keeffe, Ben",New Zealand,192,2278143378,ball_kicked,2026-02-22T03:39:13+00:00,44,43:51,away,Brumbies,72,71,2,,,,,,,,,,,,,,
super_rugby_2026_crusaders_vs_brumbies_65866108.json,sr:sport_event:65866108,2026-02-22T02:35:00+00:00,Super Rugby,sr:competition:422,Super Rugby 2026,sr:season:137092,2026,league,regular season,2,Super Rugby Pacific 2026,Crusaders,sr:competitor:4181,CRU,Brumbies,sr:competitor:4179,BRU,Christchurch Stadium,Christchurch,New Zealand,"-43.5437, 172.6041","O'Keeffe, Ben",New Zealand,193,2278143382,line_out,2026-02-22T03:39:14+00:00,44,43:52,home,Crusaders,72,71,2,,,,,,,,,,,,,,
super_rugby_2026_crusaders_vs_brumbies_65866108.json,sr:sport_event:65866108,2026-02-22T02:35:00+00:00,Super Rugby,sr:competition:422,Super Rugby 2026,sr:season:137092,2026,league,regular season,2,Super Rugby Pacific 2026,Crusaders,sr:competitor:4181,CRU,Brumbies,sr:competitor:4179,BRU,Christchurch Stadium,Christchurch,New Zealand,"-43.5437, 172.6041","O'Keeffe, Ben",New Zealand,194,2278143624,substitution,2026-02-22T03:39:46+00:00,45,44:24,home,Crusaders,,,2,,,,,,,,,,sr:player:2106824,"Williams, Tamaiti",sr:player:2287819,"Brewis, Finlay","[{""id"": ""sr:player:2106824"", ""name"": ""Williams, Tamaiti"", ""type"": ""substituted_out""}, {""id"": ""sr:player:2287819"", ""name"": ""Brewis, Finlay"", ""type"": ""substituted_in""}]"
super_rugby_2026_crusaders_vs_brumbies_65866108.json,sr:sport_event:65866108,2026-02-22T02:35:00+00:00,Super Rugby,sr:competition:422,Super Rugby 2026,sr:season:137092,2026,league,regular season,2,Super Rugby Pacific 2026,Crusaders,sr:competitor:4181,CRU,Brumbies,sr:competitor:4179,BRU,Christchurch Stadium,Christchurch,New Zealand,"-43.5437, 172.6041","O'Keeffe, Ben",New Zealand,195,2278143648,line_out_won,2026-02-22T03:39:49+00:00,45,44:28,home,Crusaders,73,55,2,,,,,,,,,,,,,,
super_rugby_2026_crusaders_vs_brumbies_65866108.json,sr:sport_event:65866108,2026-02-22T02:35:00+00:00,Super Rugby,sr:competition:422,Super Rugby 2026,sr:season:137092,2026,league,regular season,2,Super Rugby Pacific 2026,Crusaders,sr:competitor:4181,CRU,Brumbies,sr:competitor:4179,BRU,Christchurch Stadium,Christchurch,New Zealand,"-43.5437, 172.6041","O'Keeffe, Ben",New Zealand,196,2278143654,turnover,2026-02-22T03:39:50+00:00,45,44:29,away,Brumbies,73,55,2,,,,,,,,,,,,,,
super_rugby_2026_crusaders_vs_brumbies_65866108.json,sr:sport_event:65866108,2026-02-22T02:35:00+00:00,Super Rugby,sr:competition:422,Super Rugby 2026,sr:season:137092,2026,league,regular season,2,Super Rugby Pacific 2026,Crusaders,sr:competitor:4181,CRU,Brumbies,sr:competitor:4179,BRU,Christchurch Stadium,Christchurch,New Zealand,"-43.5437, 172.6041","O'Keeffe, Ben",New Zealand,197,2278143814,ball_kicked,2026-02-22T03:40:12+00:00,45,44:50,away,Brumbies,73,55,2,,,,,,,,,,,,,,
super_rugby_2026_crusaders_vs_brumbies_65866108.json,sr:sport_event:65866108,2026-02-22T02:35:00+00:00,Super Rugby,sr:competition:422,Super Rugby 2026,sr:season:137092,2026,league,regular season,2,Super Rugby Pacific 2026,Crusaders,sr:competitor:4181,CRU,Brumbies,sr:competitor:4179,BRU,Christchurch Stadium,Christchurch,New Zealand,"-43.5437, 172.6041","O'Keeffe, Ben",New Zealand,198,2278143842,ball_kicked,2026-02-22T03:40:15+00:00,45,44:53,away,Brumbies,31,50,2,,,,,,,,,,,,,,
super_rugby_2026_crusaders_vs_brumbies_65866108.json,sr:sport_event:65866108,2026-02-22T02:35:00+00:00,Super Rugby,sr:competition:422,Super Rugby 2026,sr:season:137092,2026,league,regular season,2,Super Rugby Pacific 2026,Crusaders,sr:competitor:4181,CRU,Brumbies,sr:competitor:4179,BRU,Christchurch Stadium,Christchurch,New Zealand,"-43.5437, 172.6041","O'Keeffe, Ben",New Zealand,199,2278143906,ball_kicked,2026-02-22T03:40:21+00:00,45,44:59,home,Crusaders,80,21,2,,,,,,,,,,,,,,
super_rugby_2026_crusaders_vs_brumbies_65866108.json,sr:sport_event:65866108,2026-02-22T02:35:00+00:00,Super Rugby,sr:competition:422,Super Rugby 2026,sr:season:137092,2026,league,regular season,2,Super Rugby Pacific 2026,Crusaders,sr:competitor:4181,CRU,Brumbies,sr:competitor:4179,BRU,Christchurch Stadium,Christchurch,New Zealand,"-43.5437, 172.6041","O'Keeffe, Ben",New Zealand,200,2278143988,ball_recycled,2026-02-22T03:40:34+00:00,46,45:12,away,Brumbies,51,36,2,,,,,,,,,,,,,,
super_rugby_2026_crusaders_vs_brumbies_65866108.json,sr:sport_event:65866108,2026-02-22T02:35:00+00:00,Super Rugby,sr:competition:422,Super Rugby 2026,sr:season:137092,2026,league,regular season,2,Super Rugby Pacific 2026,Crusaders,sr:competitor:4181,CRU,Brumbies,sr:competitor:4179,BRU,Christchurch Stadium,Christchurch,New Zealand,"-43.5437, 172.6041","O'Keeffe, Ben",New Zealand,201,2278144044,ball_recycled,2026-02-22T03:40:39+00:00,46,45:17,away,Brumbies,50,24,2,,,,,,,,,,,,,,
super_rugby_2026_crusaders_vs_brumbies_65866108.json,sr:sport_event:65866108,2026-02-22T02:35:00+00:00,Super Rugby,sr:competition:422,Super Rugby 2026,sr:season:137092,2026,league,regular season,2,Super Rugby Pacific 2026,Crusaders,sr:competitor:4181,CRU,Brumbies,sr:competitor:4179,BRU,Christchurch Stadium,Christchurch,New Zealand,"-43.5437, 172.6041","O'Keeffe, Ben",New Zealand,202,2278144098,ball_kicked,2026-02-22T03:40:44+00:00,46,45:22,away,Brumbies,19,25,2,,,,,,,,,,,,,,
super_rugby_2026_crusaders_vs_brumbies_65866108.json,sr:sport_event:65866108,2026-02-22T02:35:00+00:00,Super Rugby,sr:competition:422,Super Rugby 2026,sr:season:137092,2026,league,regular season,2,Super Rugby Pacific 2026,Crusaders,sr:competitor:4181,CRU,Brumbies,sr:competitor:4179,BRU,Christchurch Stadium,Christchurch,New Zealand,"-43.5437, 172.6041","O'Keeffe, Ben",New Zealand,203,2278144166,ball_kicked,2026-02-22T03:40:51+00:00,46,45:29,home,Crusaders,84,-2,2,,,,,,,,,,,,,,
super_rugby_2026_crusaders_vs_brumbies_65866108.json,sr:sport_event:65866108,2026-02-22T02:35:00+00:00,Super Rugby,sr:competition:422,Super Rugby 2026,sr:season:137092,2026,league,regular season,2,Super Rugby Pacific 2026,Crusaders,sr:competitor:4181,CRU,Brumbies,sr:competitor:4179,BRU,Christchurch Stadium,Christchurch,New Zealand,"-43.5437, 172.6041","O'Keeffe, Ben",New Zealand,204,2278144178,line_out,2026-02-22T03:40:54+00:00,46,45:33,away,Brumbies,84,-2,2,,,,,,,,,,,,,,
super_rugby_2026_crusaders_vs_brumbies_65866108.json,sr:sport_event:65866108,2026-02-22T02:35:00+00:00,Super Rugby,sr:competition:422,Super Rugby 2026,sr:season:137092,2026,league,regular season,2,Super Rugby Pacific 2026,Crusaders,sr:competitor:4181,CRU,Brumbies,sr:competitor:4179,BRU,Christchurch Stadium,Christchurch,New Zealand,"-43.5437, 172.6041","O'Keeffe, Ben",New Zealand,205,2278144350,line_out_won,2026-02-22T03:41:19+00:00,46,45:57,away,Brumbies,84,-2,2,,,,,,,,,,,,,,
super_rugby_2026_crusaders_vs_brumbies_65866108.json,sr:sport_event:65866108,2026-02-22T02:35:00+00:00,Super Rugby,sr:competition:422,Super Rugby 2026,sr:season:137092,2026,league,regular season,2,Super Rugby Pacific 2026,Crusaders,sr:competitor:4181,CRU,Brumbies,sr:competitor:4179,BRU,Christchurch Stadium,Christchurch,New Zealand,"-43.5437, 172.6041","O'Keeffe, Ben",New Zealand,206,2278144384,ball_recycled,2026-02-22T03:41:26+00:00,47,46:04,away,Brumbies,72,10,2,,,,,,,,,,,,,,
super_rugby_2026_crusaders_vs_brumbies_65866108.json,sr:sport_event:65866108,2026-02-22T02:35:00+00:00,Super Rugby,sr:competition:422,Super Rugby 2026,sr:season:137092,2026,league,regular season,2,Super Rugby Pacific 2026,Crusaders,sr:competitor:4181,CRU,Brumbies,sr:competitor:4179,BRU,Christchurch Stadium,Christchurch,New Zealand,"-43.5437, 172.6041","O'Keeffe, Ben",New Zealand,207,2278144466,ball_recycled,2026-02-22T03:41:35+00:00,47,46:13,away,Brumbies,72,10,2,,,,,,,,,,,,,,
super_rugby_2026_crusaders_vs_brumbies_65866108.json,sr:sport_event:65866108,2026-02-22T02:35:00+00:00,Super Rugby,sr:competition:422,Super Rugby 2026,sr:season:137092,2026,league,regular season,2,Super Rugby Pacific 2026,Crusaders,sr:competitor:4181,CRU,Brumbies,sr:competitor:4179,BRU,Christchurch Stadium,Christchurch,New Zealand,"-43.5437, 172.6041","O'Keeffe, Ben",New Zealand,208,2278144570,ball_kicked,2026-02-22T03:41:48+00:00,47,46:26,away,Brumbies,38,42,2,,,,,,,,,,,,,,
super_rugby_2026_crusaders_vs_brumbies_65866108.json,sr:sport_event:65866108,2026-02-22T02:35:00+00:00,Super Rugby,sr:competition:422,Super Rugby 2026,sr:season:137092,2026,league,regular season,2,Super Rugby Pacific 2026,Crusaders,sr:competitor:4181,CRU,Brumbies,sr:competitor:4179,BRU,Christchurch Stadium,Christchurch,New Zealand,"-43.5437, 172.6041","O'Keeffe, Ben",New Zealand,209,2278144600,scrum,2026-02-22T03:41:53+00:00,47,46:31,away,Brumbies,38,42,2,,,,,,,,,,,,,,
super_rugby_2026_crusaders_vs_brumbies_65866108.json,sr:sport_event:65866108,2026-02-22T02:35:00+00:00,Super Rugby,sr:competition:422,Super Rugby 2026,sr:season:137092,2026,league,regular season,2,Super Rugby Pacific 2026,Crusaders,sr:competitor:4181,CRU,Brumbies,sr:competitor:4179,BRU,Christchurch Stadium,Christchurch,New Zealand,"-43.5437, 172.6041","O'Keeffe, Ben",New Zealand,210,2278144920,substitution,2026-02-22T03:42:29+00:00,48,47:07,home,Crusaders,,,2,,,,,,,,,,sr:player:1260220,"Ennor, Braydon",sr:player:1651651,"Fainga'anuku, Leicester","[{""id"": ""sr:player:1260220"", ""name"": ""Ennor, Braydon"", ""type"": ""substituted_out""}, {""id"": ""sr:player:1651651"", ""name"": ""Fainga'anuku, Leicester"", ""type"": ""substituted_in""}]"
super_rugby_2026_crusaders_vs_brumbies_65866108.json,sr:sport_event:65866108,2026-02-22T02:35:00+00:00,Super Rugby,sr:competition:422,Super Rugby 2026,sr:season:137092,2026,league,regular season,2,Super Rugby Pacific 2026,Crusaders,sr:competitor:4181,CRU,Brumbies,sr:competitor:4179,BRU,Christchurch Stadium,Christchurch,New Zealand,"-43.5437, 172.6041","O'Keeffe, Ben",New Zealand,211,2278145028,scrum_won,2026-02-22T03:42:45+00:00,48,47:23,away,Brumbies,34,40,2,,,,,,,,,,,,,,
super_rugby_2026_crusaders_vs_brumbies_65866108.json,sr:sport_event:65866108,2026-02-22T02:35:00+00:00,Super Rugby,sr:competition:422,Super Rugby 2026,sr:season:137092,2026,league,regular season,2,Super Rugby Pacific 2026,Crusaders,sr:competitor:4181,CRU,Brumbies,sr:competitor:4179,BRU,Christchurch Stadium,Christchurch,New Zealand,"-43.5437, 172.6041","O'Keeffe, Ben",New Zealand,212,2278145092,scrum,2026-02-22T03:42:56+00:00,48,47:34,home,Crusaders,52,39,2,,,,,,,,,,,,,,
super_rugby_2026_crusaders_vs_brumbies_65866108.json,sr:sport_event:65866108,2026-02-22T02:35:00+00:00,Super Rugby,sr:competition:422,Super Rugby 2026,sr:season:137092,2026,league,regular season,2,Super Rugby Pacific 2026,Crusaders,sr:competitor:4181,CRU,Brumbies,sr:competitor:4179,BRU,Christchurch Stadium,Christchurch,New Zealand,"-43.5437, 172.6041","O'Keeffe, Ben",New Zealand,213,2278145518,scrum_won,2026-02-22T03:44:00+00:00,49,48:38,home,Crusaders,52,39,2,,,,,,,,,,,,,,
super_rugby_2026_crusaders_vs_brumbies_65866108.json,sr:sport_event:65866108,2026-02-22T02:35:00+00:00,Super Rugby,sr:competition:422,Super Rugby 2026,sr:season:137092,2026,league,regular season,2,Super Rugby Pacific 2026,Crusaders,sr:competitor:4181,CRU,Brumbies,sr:competitor:4179,BRU,Christchurch Stadium,Christchurch,New Zealand,"-43.5437, 172.6041","O'Keeffe, Ben",New Zealand,214,2278145526,tap_and_go,2026-02-22T03:44:02+00:00,49,48:40,home,Crusaders,52,39,2,,,,,,,,,,,,,,
super_rugby_2026_crusaders_vs_brumbies_65866108.json,sr:sport_event:65866108,2026-02-22T02:35:00+00:00,Super Rugby,sr:competition:422,Super Rugby 2026,sr:season:137092,2026,league,regular season,2,Super Rugby Pacific 2026,Crusaders,sr:competitor:4181,CRU,Brumbies,sr:competitor:4179,BRU,Christchurch Stadium,Christchurch,New Zealand,"-43.5437, 172.6041","O'Keeffe, Ben",New Zealand,215,2278145594,turnover,2026-02-22T03:44:15+00:00,49,48:53,away,Brumbies,76,23,2,,,,,,,,,,,,,,
super_rugby_2026_crusaders_vs_brumbies_65866108.json,sr:sport_event:65866108,2026-02-22T02:35:00+00:00,Super Rugby,sr:competition:422,Super Rugby 2026,sr:season:137092,2026,league,regular season,2,Super Rugby Pacific 2026,Crusaders,sr:competitor:4181,CRU,Brumbies,sr:competitor:4179,BRU,Christchurch Stadium,Christchurch,New Zealand,"-43.5437, 172.6041","O'Keeffe, Ben",New Zealand,216,2278145630,penalty_awarded,2026-02-22T03:44:27+00:00,50,49:05,home,Crusaders,77,27,2,,,,,,,,,,,,,,
super_rugby_2026_crusaders_vs_brumbies_65866108.json,sr:sport_event:65866108,2026-02-22T02:35:00+00:00,Super Rugby,sr:competition:422,Super Rugby 2026,sr:season:137092,2026,league,regular season,2,Super Rugby Pacific 2026,Crusaders,sr:competitor:4181,CRU,Brumbies,sr:competitor:4179,BRU,Christchurch Stadium,Christchurch,New Zealand,"-43.5437, 172.6041","O'Keeffe, Ben",New Zealand,217,2278145642,yellow_card,2026-02-22T03:44:31+00:00,50,49:09,away,Brumbies,,,2,,,,,,sr:player:507552,"Neville, Cadeyrn",,,,,,,
super_rugby_2026_crusaders_vs_brumbies_65866108.json,sr:sport_event:65866108,2026-02-22T02:35:00+00:00,Super Rugby,sr:competition:422,Super Rugby 2026,sr:season:137092,2026,league,regular season,2,Super Rugby Pacific 2026,Crusaders,sr:competitor:4181,CRU,Brumbies,sr:competitor:4179,BRU,Christchurch Stadium,Christchurch,New Zealand,"-43.5437, 172.6041","O'Keeffe, Ben",New Zealand,218,2278145694,kick_to_touch,2026-02-22T03:44:40+00:00,50,49:18,home,Crusaders,62,27,2,,,,,,,,,,,,,,
super_rugby_2026_crusaders_vs_brumbies_65866108.json,sr:sport_event:65866108,2026-02-22T02:35:00+00:00,Super Rugby,sr:competition:422,Super Rugby 2026,sr:season:137092,2026,league,regular season,2,Super Rugby Pacific 2026,Crusaders,sr:competitor:4181,CRU,Brumbies,sr:competitor:4179,BRU,Christchurch Stadium,Christchurch,New Zealand,"-43.5437, 172.6041","O'Keeffe, Ben",New Zealand,219,2278145736,line_out,2026-02-22T03:44:45+00:00,50,49:23,home,Crusaders,89,72,2,,,,,,,,,,,,,,
super_rugby_2026_crusaders_vs_brumbies_65866108.json,sr:sport_event:65866108,2026-02-22T02:35:00+00:00,Super Rugby,sr:competition:422,Super Rugby 2026,sr:season:137092,2026,league,regular season,2,Super Rugby Pacific 2026,Crusaders,sr:competitor:4181,CRU,Brumbies,sr:competitor:4179,BRU,Christchurch Stadium,Christchurch,New Zealand,"-43.5437, 172.6041","O'Keeffe, Ben",New Zealand,220,2278145862,line_out_won,2026-02-22T03:45:14+00:00,50,49:51,away,Brumbies,89,72,2,,,,,,,,,,,,,,
super_rugby_2026_crusaders_vs_brumbies_65866108.json,sr:sport_event:65866108,2026-02-22T02:35:00+00:00,Super Rugby,sr:competition:422,Super Rugby 2026,sr:season:137092,2026,league,regular season,2,Super Rugby Pacific 2026,Crusaders,sr:competitor:4181,CRU,Brumbies,sr:competitor:4179,BRU,Christchurch Stadium,Christchurch,New Zealand,"-43.5437, 172.6041","O'Keeffe, Ben",New Zealand,221,2278145872,ball_recycled,2026-02-22T03:45:16+00:00,50,49:54,away,Brumbies,88,44,2,,,,,,,,,,,,,,
super_rugby_2026_crusaders_vs_brumbies_65866108.json,sr:sport_event:65866108,2026-02-22T02:35:00+00:00,Super Rugby,sr:competition:422,Super Rugby 2026,sr:season:137092,2026,league,regular season,2,Super Rugby Pacific 2026,Crusaders,sr:competitor:4181,CRU,Brumbies,sr:competitor:4179,BRU,Christchurch Stadium,Christchurch,New Zealand,"-43.5437, 172.6041","O'Keeffe, Ben",New Zealand,222,2278145886,ball_kicked,2026-02-22T03:45:21+00:00,50,49:59,away,Brumbies,63,19,2,,,,,,,,,,,,,,
super_rugby_2026_crusaders_vs_brumbies_65866108.json,sr:sport_event:65866108,2026-02-22T02:35:00+00:00,Super Rugby,sr:competition:422,Super Rugby 2026,sr:season:137092,2026,league,regular season,2,Super Rugby Pacific 2026,Crusaders,sr:competitor:4181,CRU,Brumbies,sr:competitor:4179,BRU,Christchurch Stadium,Christchurch,New Zealand,"-43.5437, 172.6041","O'Keeffe, Ben",New Zealand,223,2278145970,penalty_awarded,2026-02-22T03:45:34+00:00,51,50:11,away,Brumbies,64,23,2,,,,,,,,,,,,,,
super_rugby_2026_crusaders_vs_brumbies_65866108.json,sr:sport_event:65866108,2026-02-22T02:35:00+00:00,Super Rugby,sr:competition:422,Super Rugby 2026,sr:season:137092,2026,league,regular season,2,Super Rugby Pacific 2026,Crusaders,sr:competitor:4181,CRU,Brumbies,sr:competitor:4179,BRU,Christchurch Stadium,Christchurch,New Zealand,"-43.5437, 172.6041","O'Keeffe, Ben",New Zealand,224,2278146086,kick_to_touch,2026-02-22T03:45:45+00:00,51,50:22,away,Brumbies,64,23,2,,,,,,,,,,,,,,
super_rugby_2026_crusaders_vs_brumbies_65866108.json,sr:sport_event:65866108,2026-02-22T02:35:00+00:00,Super Rugby,sr:competition:422,Super Rugby 2026,sr:season:137092,2026,league,regular season,2,Super Rugby Pacific 2026,Crusaders,sr:competitor:4181,CRU,Brumbies,sr:competitor:4179,BRU,Christchurch Stadium,Christchurch,New Zealand,"-43.5437, 172.6041","O'Keeffe, Ben",New Zealand,225,2278146128,line_out,2026-02-22T03:45:52+00:00,51,50:30,away,Brumbies,30,-3,2,,,,,,,,,,,,,,
super_rugby_2026_crusaders_vs_brumbies_65866108.json,sr:sport_event:65866108,2026-02-22T02:35:00+00:00,Super Rugby,sr:competition:422,Super Rugby 2026,sr:season:137092,2026,league,regular season,2,Super Rugby Pacific 2026,Crusaders,sr:competitor:4181,CRU,Brumbies,sr:competitor:4179,BRU,Christchurch Stadium,Christchurch,New Zealand,"-43.5437, 172.6041","O'Keeffe, Ben",New Zealand,226,2278146394,line_out_won,2026-02-22T03:46:18+00:00,51,50:56,home,Crusaders,30,-3,2,,,,,,,,,,,,,,
super_rugby_2026_crusaders_vs_brumbies_65866108.json,sr:sport_event:65866108,2026-02-22T02:35:00+00:00,Super Rugby,sr:competition:422,Super Rugby 2026,sr:season:137092,2026,league,regular season,2,Super Rugby Pacific 2026,Crusaders,sr:competitor:4181,CRU,Brumbies,sr:competitor:4179,BRU,Christchurch Stadium,Christchurch,New Zealand,"-43.5437, 172.6041","O'Keeffe, Ben",New Zealand,227,2278146440,substitution,2026-02-22T03:46:25+00:00,52,51:03,home,Crusaders,,,2,,,,,,,,,,sr:player:2287819,"Brewis, Finlay",sr:player:2106824,"Williams, Tamaiti","[{""id"": ""sr:player:2287819"", ""name"": ""Brewis, Finlay"", ""type"": ""substituted_out""}, {""id"": ""sr:player:2106824"", ""name"": ""Williams, Tamaiti"", ""type"": ""substituted_in""}]"
super_rugby_2026_crusaders_vs_brumbies_65866108.json,sr:sport_event:65866108,2026-02-22T02:35:00+00:00,Super Rugby,sr:competition:422,Super Rugby 2026,sr:season:137092,2026,league,regular season,2,Super Rugby Pacific 2026,Crusaders,sr:competitor:4181,CRU,Brumbies,sr:competitor:4179,BRU,Christchurch Stadium,Christchurch,New Zealand,"-43.5437, 172.6041","O'Keeffe, Ben",New Zealand,228,2278146442,substitution,2026-02-22T03:46:26+00:00,52,51:03,home,Crusaders,,,2,,,,,,,,,,sr:player:2344949,"Bell, George",sr:player:503292,"Taylor, Codie","[{""id"": ""sr:player:2344949"", ""name"": ""Bell, George"", ""type"": ""substituted_out""}, {""id"": ""sr:player:503292"", ""name"": ""Taylor, Codie"", ""type"": ""substituted_in""}]"
super_rugby_2026_crusaders_vs_brumbies_65866108.json,sr:sport_event:65866108,2026-02-22T02:35:00+00:00,Super Rugby,sr:competition:422,Super Rugby 2026,sr:season:137092,2026,league,regular season,2,Super Rugby Pacific 2026,Crusaders,sr:competitor:4181,CRU,Brumbies,sr:competitor:4179,BRU,Christchurch Stadium,Christchurch,New Zealand,"-43.5437, 172.6041","O'Keeffe, Ben",New Zealand,229,2278146634,substitution,2026-02-22T03:46:55+00:00,52,51:32,home,Crusaders,,,2,,,,,,,,,,sr:player:2533069,"Hotham, Noah",sr:player:2618897,"Chapman, Louie","[{""id"": ""sr:player:2533069"", ""name"": ""Hotham, Noah"", ""type"": ""substituted_out""}, {""id"": ""sr:player:2618897"", ""name"": ""Chapman, Louie"", ""type"": ""substituted_in""}]"
super_rugby_2026_crusaders_vs_brumbies_65866108.json,sr:sport_event:65866108,2026-02-22T02:35:00+00:00,Super Rugby,sr:competition:422,Super Rugby 2026,sr:season:137092,2026,league,regular season,2,Super Rugby Pacific 2026,Crusaders,sr:competitor:4181,CRU,Brumbies,sr:competitor:4179,BRU,Christchurch Stadium,Christchurch,New Zealand,"-43.5437, 172.6041","O'Keeffe, Ben",New Zealand,230,2278146648,ball_recycled,2026-02-22T03:46:58+00:00,52,51:36,home,Crusaders,80,8,2,,,,,,,,,,,,,,
super_rugby_2026_crusaders_vs_brumbies_65866108.json,sr:sport_event:65866108,2026-02-22T02:35:00+00:00,Super Rugby,sr:competition:422,Super Rugby 2026,sr:season:137092,2026,league,regular season,2,Super Rugby Pacific 2026,Crusaders,sr:competitor:4181,CRU,Brumbies,sr:competitor:4179,BRU,Christchurch Stadium,Christchurch,New Zealand,"-43.5437, 172.6041","O'Keeffe, Ben",New Zealand,231,2278146652,ball_recycled,2026-02-22T03:46:58+00:00,52,51:36,home,Crusaders,80,8,2,,,,,,,,,,,,,,
super_rugby_2026_crusaders_vs_brumbies_65866108.json,sr:sport_event:65866108,2026-02-22T02:35:00+00:00,Super Rugby,sr:competition:422,Super Rugby 2026,sr:season:137092,2026,league,regular season,2,Super Rugby Pacific 2026,Crusaders,sr:competitor:4181,CRU,Brumbies,sr:competitor:4179,BRU,Christchurch Stadium,Christchurch,New Zealand,"-43.5437, 172.6041","O'Keeffe, Ben",New Zealand,232,2278146714,ball_recycled,2026-02-22T03:47:08+00:00,52,51:46,home,Crusaders,80,8,2,,,,,,,,,,,,,,
super_rugby_2026_crusaders_vs_brumbies_65866108.json,sr:sport_event:65866108,2026-02-22T02:35:00+00:00,Super Rugby,sr:competition:422,Super Rugby 2026,sr:season:137092,2026,league,regular season,2,Super Rugby Pacific 2026,Crusaders,sr:competitor:4181,CRU,Brumbies,sr:competitor:4179,BRU,Christchurch Stadium,Christchurch,New Zealand,"-43.5437, 172.6041","O'Keeffe, Ben",New Zealand,233,2278146810,ball_recycled,2026-02-22T03:47:26+00:00,53,52:03,home,Crusaders,93,11,2,,,,,,,,,,,,,,
super_rugby_2026_crusaders_vs_brumbies_65866108.json,sr:sport_event:65866108,2026-02-22T02:35:00+00:00,Super Rugby,sr:competition:422,Super Rugby 2026,sr:season:137092,2026,league,regular season,2,Super Rugby Pacific 2026,Crusaders,sr:competitor:4181,CRU,Brumbies,sr:competitor:4179,BRU,Christchurch Stadium,Christchurch,New Zealand,"-43.5437, 172.6041","O'Keeffe, Ben",New Zealand,234,2278146842,ball_recycled,2026-02-22T03:47:32+00:00,53,52:10,home,Crusaders,93,11,2,,,,,,,,,,,,,,
super_rugby_2026_crusaders_vs_brumbies_65866108.json,sr:sport_event:65866108,2026-02-22T02:35:00+00:00,Super Rugby,sr:competition:422,Super Rugby 2026,sr:season:137092,2026,league,regular season,2,Super Rugby Pacific 2026,Crusaders,sr:competitor:4181,CRU,Brumbies,sr:competitor:4179,BRU,Christchurch Stadium,Christchurch,New Zealand,"-43.5437, 172.6041","O'Keeffe, Ben",New Zealand,235,2278146862,ball_recycled,2026-02-22T03:47:38+00:00,53,52:15,home,Crusaders,93,11,2,,,,,,,,,,,,,,
super_rugby_2026_crusaders_vs_brumbies_65866108.json,sr:sport_event:65866108,2026-02-22T02:35:00+00:00,Super Rugby,sr:competition:422,Super Rugby 2026,sr:season:137092,2026,league,regular season,2,Super Rugby Pacific 2026,Crusaders,sr:competitor:4181,CRU,Brumbies,sr:competitor:4179,BRU,Christchurch Stadium,Christchurch,New Zealand,"-43.5437, 172.6041","O'Keeffe, Ben",New Zealand,236,2278146994,turnover,2026-02-22T03:47:58+00:00,53,52:36,away,Brumbies,105,21,2,,,,,,,,,,,,,,
super_rugby_2026_crusaders_vs_brumbies_65866108.json,sr:sport_event:65866108,2026-02-22T02:35:00+00:00,Super Rugby,sr:competition:422,Super Rugby 2026,sr:season:137092,2026,league,regular season,2,Super Rugby Pacific 2026,Crusaders,sr:competitor:4181,CRU,Brumbies,sr:competitor:4179,BRU,Christchurch Stadium,Christchurch,New Zealand,"-43.5437, 172.6041","O'Keeffe, Ben",New Zealand,237,2278147846,ball_kicked,2026-02-22T03:50:22+00:00,53,52:42,away,Brumbies,81,23,2,,,,,,,,,,,,,,
super_rugby_2026_crusaders_vs_brumbies_65866108.json,sr:sport_event:65866108,2026-02-22T02:35:00+00:00,Super Rugby,sr:competition:422,Super Rugby 2026,sr:season:137092,2026,league,regular season,2,Super Rugby Pacific 2026,Crusaders,sr:competitor:4181,CRU,Brumbies,sr:competitor:4179,BRU,Christchurch Stadium,Christchurch,New Zealand,"-43.5437, 172.6041","O'Keeffe, Ben",New Zealand,238,2278147852,ball_recycled,2026-02-22T03:50:22+00:00,53,52:42,home,Crusaders,81,23,2,,,,,,,,,,,,,,
super_rugby_2026_crusaders_vs_brumbies_65866108.json,sr:sport_event:65866108,2026-02-22T02:35:00+00:00,Super Rugby,sr:competition:422,Super Rugby 2026,sr:season:137092,2026,league,regular season,2,Super Rugby Pacific 2026,Crusaders,sr:competitor:4181,CRU,Brumbies,sr:competitor:4179,BRU,Christchurch Stadium,Christchurch,New Zealand,"-43.5437, 172.6041","O'Keeffe, Ben",New Zealand,239,2278147908,substitution,2026-02-22T03:50:34+00:00,53,52:54,away,Brumbies,,,2,,,,,,,,,,sr:player:494584,"Slipper, James",sr:player:2564641,"Schoupp, Blake","[{""id"": ""sr:player:494584"", ""name"": ""Slipper, James"", ""type"": ""substituted_out""}, {""id"": ""sr:player:2564641"", ""name"": ""Schoupp, Blake"", ""type"": ""substituted_in""}]"
super_rugby_2026_crusaders_vs_brumbies_65866108.json,sr:sport_event:65866108,2026-02-22T02:35:00+00:00,Super Rugby,sr:competition:422,Super Rugby 2026,sr:season:137092,2026,league,regular season,2,Super Rugby Pacific 2026,Crusaders,sr:competitor:4181,CRU,Brumbies,sr:competitor:4179,BRU,Christchurch Stadium,Christchurch,New Zealand,"-43.5437, 172.6041","O'Keeffe, Ben",New Zealand,240,2278147910,substitution,2026-02-22T03:50:34+00:00,53,52:54,away,Brumbies,,,2,,,,,,,,,,sr:player:2285793,"Scott, Rory",sr:player:2285791,"Reimer, Luke","[{""id"": ""sr:player:2285793"", ""name"": ""Scott, Rory"", ""type"": ""substituted_out""}, {""id"": ""sr:player:2285791"", ""name"": ""Reimer, Luke"", ""type"": ""substituted_in""}]"
super_rugby_2026_crusaders_vs_brumbies_65866108.json,sr:sport_event:65866108,2026-02-22T02:35:00+00:00,Super Rugby,sr:competition:422,Super Rugby 2026,sr:season:137092,2026,league,regular season,2,Super Rugby Pacific 2026,Crusaders,sr:competitor:4181,CRU,Brumbies,sr:competitor:4179,BRU,Christchurch Stadium,Christchurch,New Zealand,"-43.5437, 172.6041","O'Keeffe, Ben",New Zealand,241,2278147920,turnover,2026-02-22T03:50:36+00:00,53,52:56,away,Brumbies,77,32,2,,,,,,,,,,,,,,
super_rugby_2026_crusaders_vs_brumbies_65866108.json,sr:sport_event:65866108,2026-02-22T02:35:00+00:00,Super Rugby,sr:competition:422,Super Rugby 2026,sr:season:137092,2026,league,regular season,2,Super Rugby Pacific 2026,Crusaders,sr:competitor:4181,CRU,Brumbies,sr:competitor:4179,BRU,Christchurch Stadium,Christchurch,New Zealand,"-43.5437, 172.6041","O'Keeffe, Ben",New Zealand,242,2278147924,ball_recycled,2026-02-22T03:50:36+00:00,53,52:56,away,Brumbies,77,32,2,,,,,,,,,,,,,,
super_rugby_2026_crusaders_vs_brumbies_65866108.json,sr:sport_event:65866108,2026-02-22T02:35:00+00:00,Super Rugby,sr:competition:422,Super Rugby 2026,sr:season:137092,2026,league,regular season,2,Super Rugby Pacific 2026,Crusaders,sr:competitor:4181,CRU,Brumbies,sr:competitor:4179,BRU,Christchurch Stadium,Christchurch,New Zealand,"-43.5437, 172.6041","O'Keeffe, Ben",New Zealand,243,2278147936,ball_kicked,2026-02-22T03:50:39+00:00,53,52:59,away,Brumbies,35,19,2,,,,,,,,,,,,,,
super_rugby_2026_crusaders_vs_brumbies_65866108.json,sr:sport_event:65866108,2026-02-22T02:35:00+00:00,Super Rugby,sr:competition:422,Super Rugby 2026,sr:season:137092,2026,league,regular season,2,Super Rugby Pacific 2026,Crusaders,sr:competitor:4181,CRU,Brumbies,sr:competitor:4179,BRU,Christchurch Stadium,Christchurch,New Zealand,"-43.5437, 172.6041","O'Keeffe, Ben",New Zealand,244,2278147994,ball_kicked,2026-02-22T03:50:50+00:00,54,53:09,home,Crusaders,93,54,2,,,,,,,,,,,,,,
super_rugby_2026_crusaders_vs_brumbies_65866108.json,sr:sport_event:65866108,2026-02-22T02:35:00+00:00,Super Rugby,sr:competition:422,Super Rugby 2026,sr:season:137092,2026,league,regular season,2,Super Rugby Pacific 2026,Crusaders,sr:competitor:4181,CRU,Brumbies,sr:competitor:4179,BRU,Christchurch Stadium,Christchurch,New Zealand,"-43.5437, 172.6041","O'Keeffe, Ben",New Zealand,245,2278148032,line_out,2026-02-22T03:50:58+00:00,54,53:18,home,Crusaders,58,72,2,,,,,,,,,,,,,,
super_rugby_2026_crusaders_vs_brumbies_65866108.json,sr:sport_event:65866108,2026-02-22T02:35:00+00:00,Super Rugby,sr:competition:422,Super Rugby 2026,sr:season:137092,2026,league,regular season,2,Super Rugby Pacific 2026,Crusaders,sr:competitor:4181,CRU,Brumbies,sr:competitor:4179,BRU,Christchurch Stadium,Christchurch,New Zealand,"-43.5437, 172.6041","O'Keeffe, Ben",New Zealand,246,2278148146,line_out_won,2026-02-22T03:51:17+00:00,54,53:36,away,Brumbies,58,72,2,,,,,,,,,,,,,,
super_rugby_2026_crusaders_vs_brumbies_65866108.json,sr:sport_event:65866108,2026-02-22T02:35:00+00:00,Super Rugby,sr:competition:422,Super Rugby 2026,sr:season:137092,2026,league,regular season,2,Super Rugby Pacific 2026,Crusaders,sr:competitor:4181,CRU,Brumbies,sr:competitor:4179,BRU,Christchurch Stadium,Christchurch,New Zealand,"-43.5437, 172.6041","O'Keeffe, Ben",New Zealand,247,2278148168,ball_recycled,2026-02-22T03:51:20+00:00,54,53:39,away,Brumbies,48,42,2,,,,,,,,,,,,,,
super_rugby_2026_crusaders_vs_brumbies_65866108.json,sr:sport_event:65866108,2026-02-22T02:35:00+00:00,Super Rugby,sr:competition:422,Super Rugby 2026,sr:season:137092,2026,league,regular season,2,Super Rugby Pacific 2026,Crusaders,sr:competitor:4181,CRU,Brumbies,sr:competitor:4179,BRU,Christchurch Stadium,Christchurch,New Zealand,"-43.5437, 172.6041","O'Keeffe, Ben",New Zealand,248,2278148196,ball_kicked,2026-02-22T03:51:27+00:00,54,53:46,away,Brumbies,48,42,2,,,,,,,,,,,,,,
super_rugby_2026_crusaders_vs_brumbies_65866108.json,sr:sport_event:65866108,2026-02-22T02:35:00+00:00,Super Rugby,sr:competition:422,Super Rugby 2026,sr:season:137092,2026,league,regular season,2,Super Rugby Pacific 2026,Crusaders,sr:competitor:4181,CRU,Brumbies,sr:competitor:4179,BRU,Christchurch Stadium,Christchurch,New Zealand,"-43.5437, 172.6041","O'Keeffe, Ben",New Zealand,249,2278148240,score_change,2026-02-22T03:51:35+00:00,54,53:55,away,Brumbies,2,47,2,,,14,24,try,,,sr:player:2911277,"Pritchard, Kadin",,,,,"[{""id"": ""sr:player:2911277"", ""name"": ""Pritchard, Kadin"", ""type"": ""scorer""}]"
super_rugby_2026_crusaders_vs_brumbies_65866108.json,sr:sport_event:65866108,2026-02-22T02:35:00+00:00,Super Rugby,sr:competition:422,Super Rugby 2026,sr:season:137092,2026,league,regular season,2,Super Rugby Pacific 2026,Crusaders,sr:competitor:4181,CRU,Brumbies,sr:competitor:4179,BRU,Christchurch Stadium,Christchurch,New Zealand,"-43.5437, 172.6041","O'Keeffe, Ben",New Zealand,250,2278148722,ball_kicked,2026-02-22T03:52:55+00:00,56,55:15,home,Crusaders,88,54,2,,,,,,,,,,,,,,
super_rugby_2026_crusaders_vs_brumbies_65866108.json,sr:sport_event:65866108,2026-02-22T02:35:00+00:00,Super Rugby,sr:competition:422,Super Rugby 2026,sr:season:137092,2026,league,regular season,2,Super Rugby Pacific 2026,Crusaders,sr:competitor:4181,CRU,Brumbies,sr:competitor:4179,BRU,Christchurch Stadium,Christchurch,New Zealand,"-43.5437, 172.6041","O'Keeffe, Ben",New Zealand,251,2278148780,substitution,2026-02-22T03:53:10+00:00,56,55:30,home,Crusaders,,,2,,,,,,,,,,sr:player:2288669,"Lio-Willie, Christian",sr:player:2287825,"Kellow, Corey","[{""id"": ""sr:player:2288669"", ""name"": ""Lio-Willie, Christian"", ""type"": ""substituted_out""}, {""id"": ""sr:player:2287825"", ""name"": ""Kellow, Corey"", ""type"": ""substituted_in""}]"
super_rugby_2026_crusaders_vs_brumbies_65866108.json,sr:sport_event:65866108,2026-02-22T02:35:00+00:00,Super Rugby,sr:competition:422,Super Rugby 2026,sr:season:137092,2026,league,regular season,2,Super Rugby Pacific 2026,Crusaders,sr:competitor:4181,CRU,Brumbies,sr:competitor:4179,BRU,Christchurch Stadium,Christchurch,New Zealand,"-43.5437, 172.6041","O'Keeffe, Ben",New Zealand,252,2278148782,substitution,2026-02-22T03:53:10+00:00,56,55:30,home,Crusaders,,,2,,,,,,,,,,sr:player:2131492,"Newell, Fletcher",sr:player:2531911,"Calder, Seb","[{""id"": ""sr:player:2131492"", ""name"": ""Newell, Fletcher"", ""type"": ""substituted_out""}, {""id"": ""sr:player:2531911"", ""name"": ""Calder, Seb"", ""type"": ""substituted_in""}]"
super_rugby_2026_crusaders_vs_brumbies_65866108.json,sr:sport_event:65866108,2026-02-22T02:35:00+00:00,Super Rugby,sr:competition:422,Super Rugby 2026,sr:season:137092,2026,league,regular season,2,Super Rugby Pacific 2026,Crusaders,sr:competitor:4181,CRU,Brumbies,sr:competitor:4179,BRU,Christchurch Stadium,Christchurch,New Zealand,"-43.5437, 172.6041","O'Keeffe, Ben",New Zealand,253,2278148800,line_out,2026-02-22T03:53:13+00:00,56,55:32,home,Crusaders,67,72,2,,,,,,,,,,,,,,
super_rugby_2026_crusaders_vs_brumbies_65866108.json,sr:sport_event:65866108,2026-02-22T02:35:00+00:00,Super Rugby,sr:competition:422,Super Rugby 2026,sr:season:137092,2026,league,regular season,2,Super Rugby Pacific 2026,Crusaders,sr:competitor:4181,CRU,Brumbies,sr:competitor:4179,BRU,Christchurch Stadium,Christchurch,New Zealand,"-43.5437, 172.6041","O'Keeffe, Ben",New Zealand,254,2278148944,line_out_won,2026-02-22T03:53:37+00:00,56,55:57,home,Crusaders,67,72,2,,,,,,,,,,,,,,
super_rugby_2026_crusaders_vs_brumbies_65866108.json,sr:sport_event:65866108,2026-02-22T02:35:00+00:00,Super Rugby,sr:competition:422,Super Rugby 2026,sr:season:137092,2026,league,regular season,2,Super Rugby Pacific 2026,Crusaders,sr:competitor:4181,CRU,Brumbies,sr:competitor:4179,BRU,Christchurch Stadium,Christchurch,New Zealand,"-43.5437, 172.6041","O'Keeffe, Ben",New Zealand,255,2278148946,ball_recycled,2026-02-22T03:53:38+00:00,56,55:58,home,Crusaders,79,49,2,,,,,,,,,,,,,,
super_rugby_2026_crusaders_vs_brumbies_65866108.json,sr:sport_event:65866108,2026-02-22T02:35:00+00:00,Super Rugby,sr:competition:422,Super Rugby 2026,sr:season:137092,2026,league,regular season,2,Super Rugby Pacific 2026,Crusaders,sr:competitor:4181,CRU,Brumbies,sr:competitor:4179,BRU,Christchurch Stadium,Christchurch,New Zealand,"-43.5437, 172.6041","O'Keeffe, Ben",New Zealand,256,2278149072,substitution,2026-02-22T03:54:04+00:00,57,56:23,home,Crusaders,,,2,,,,,,,,,,sr:player:2800877,"Shalfoon, Antonio",sr:player:2735452,"Cahill, Tahlor","[{""id"": ""sr:player:2800877"", ""name"": ""Shalfoon, Antonio"", ""type"": ""substituted_out""}, {""id"": ""sr:player:2735452"", ""name"": ""Cahill, Tahlor"", ""type"": ""substituted_in""}]"
super_rugby_2026_crusaders_vs_brumbies_65866108.json,sr:sport_event:65866108,2026-02-22T02:35:00+00:00,Super Rugby,sr:competition:422,Super Rugby 2026,sr:season:137092,2026,league,regular season,2,Super Rugby Pacific 2026,Crusaders,sr:competitor:4181,CRU,Brumbies,sr:competitor:4179,BRU,Christchurch Stadium,Christchurch,New Zealand,"-43.5437, 172.6041","O'Keeffe, Ben",New Zealand,257,2278149096,score_change,2026-02-22T03:54:11+00:00,57,56:31,home,Crusaders,110,10,2,,,19,24,try,,,sr:player:1137945,"Reece, Sevu",,,,,"[{""id"": ""sr:player:1137945"", ""name"": ""Reece, Sevu"", ""type"": ""scorer""}]"
super_rugby_2026_crusaders_vs_brumbies_65866108.json,sr:sport_event:65866108,2026-02-22T02:35:00+00:00,Super Rugby,sr:competition:422,Super Rugby 2026,sr:season:137092,2026,league,regular season,2,Super Rugby Pacific 2026,Crusaders,sr:competitor:4181,CRU,Brumbies,sr:competitor:4179,BRU,Christchurch Stadium,Christchurch,New Zealand,"-43.5437, 172.6041","O'Keeffe, Ben",New Zealand,258,2278149398,ball_kicked,2026-02-22T03:55:37+00:00,58,57:57,away,Brumbies,22,51,2,,,,,,,,,,,,,,
super_rugby_2026_crusaders_vs_brumbies_65866108.json,sr:sport_event:65866108,2026-02-22T02:35:00+00:00,Super Rugby,sr:competition:422,Super Rugby 2026,sr:season:137092,2026,league,regular season,2,Super Rugby Pacific 2026,Crusaders,sr:competitor:4181,CRU,Brumbies,sr:competitor:4179,BRU,Christchurch Stadium,Christchurch,New Zealand,"-43.5437, 172.6041","O'Keeffe, Ben",New Zealand,259,2278149524,ball_recycled,2026-02-22T03:55:46+00:00,59,58:05,home,Crusaders,22,51,2,,,,,,,,,,,,,,
super_rugby_2026_crusaders_vs_brumbies_65866108.json,sr:sport_event:65866108,2026-02-22T02:35:00+00:00,Super Rugby,sr:competition:422,Super Rugby 2026,sr:season:137092,2026,league,regular season,2,Super Rugby Pacific 2026,Crusaders,sr:competitor:4181,CRU,Brumbies,sr:competitor:4179,BRU,Christchurch Stadium,Christchurch,New Zealand,"-43.5437, 172.6041","O'Keeffe, Ben",New Zealand,260,2278149586,substitution,2026-02-22T03:55:56+00:00,59,58:15,away,Brumbies,,,2,,,,,,,,,,sr:player:2528099,"Meredith, Declan",sr:player:2291327,"Edmed, Tane","[{""id"": ""sr:player:2528099"", ""name"": ""Meredith, Declan"", ""type"": ""substituted_out""}, {""id"": ""sr:player:2291327"", ""name"": ""Edmed, Tane"", ""type"": ""substituted_in""}]"
super_rugby_2026_crusaders_vs_brumbies_65866108.json,sr:sport_event:65866108,2026-02-22T02:35:00+00:00,Super Rugby,sr:competition:422,Super Rugby 2026,sr:season:137092,2026,league,regular season,2,Super Rugby Pacific 2026,Crusaders,sr:competitor:4181,CRU,Brumbies,sr:competitor:4179,BRU,Christchurch Stadium,Christchurch,New Zealand,"-43.5437, 172.6041","O'Keeffe, Ben",New Zealand,261,2278149708,ball_kicked,2026-02-22T03:56:05+00:00,59,58:25,home,Crusaders,71,44,2,,,,,,,,,,,,,,
super_rugby_2026_crusaders_vs_brumbies_65866108.json,sr:sport_event:65866108,2026-02-22T02:35:00+00:00,Super Rugby,sr:competition:422,Super Rugby 2026,sr:season:137092,2026,league,regular season,2,Super Rugby Pacific 2026,Crusaders,sr:competitor:4181,CRU,Brumbies,sr:competitor:4179,BRU,Christchurch Stadium,Christchurch,New Zealand,"-43.5437, 172.6041","O'Keeffe, Ben",New Zealand,262,2278149922,score_change,2026-02-22T03:56:41+00:00,59,59:00,away,Brumbies,1,47,2,,,19,29,try,,,sr:player:2528093,"Cale, Charlie",,,,,"[{""id"": ""sr:player:2528093"", ""name"": ""Cale, Charlie"", ""type"": ""scorer""}]"
super_rugby_2026_crusaders_vs_brumbies_65866108.json,sr:sport_event:65866108,2026-02-22T02:35:00+00:00,Super Rugby,sr:competition:422,Super Rugby 2026,sr:season:137092,2026,league,regular season,2,Super Rugby Pacific 2026,Crusaders,sr:competitor:4181,CRU,Brumbies,sr:competitor:4179,BRU,Christchurch Stadium,Christchurch,New Zealand,"-43.5437, 172.6041","O'Keeffe, Ben",New Zealand,263,2278150462,score_change,2026-02-22T03:58:38+00:00,60,59:39,away,Brumbies,55,35,2,,,19,31,conversion,,,sr:player:2291327,"Edmed, Tane",,,,,"[{""id"": ""sr:player:2291327"", ""name"": ""Edmed, Tane"", ""type"": ""scorer""}]"
super_rugby_2026_crusaders_vs_brumbies_65866108.json,sr:sport_event:65866108,2026-02-22T02:35:00+00:00,Super Rugby,sr:competition:422,Super Rugby 2026,sr:season:137092,2026,league,regular season,2,Super Rugby Pacific 2026,Crusaders,sr:competitor:4181,CRU,Brumbies,sr:competitor:4179,BRU,Christchurch Stadium,Christchurch,New Zealand,"-43.5437, 172.6041","O'Keeffe, Ben",New Zealand,264,2278150610,yellow_card,2026-02-22T03:58:56+00:00,60,59:45,home,Crusaders,,,2,,,,,,sr:player:2287823,"Gardiner, Dominic",,,,,,,
super_rugby_2026_crusaders_vs_brumbies_65866108.json,sr:sport_event:65866108,2026-02-22T02:35:00+00:00,Super Rugby,sr:competition:422,Super Rugby 2026,sr:season:137092,2026,league,regular season,2,Super Rugby Pacific 2026,Crusaders,sr:competitor:4181,CRU,Brumbies,sr:competitor:4179,BRU,Christchurch Stadium,Christchurch,New Zealand,"-43.5437, 172.6041","O'Keeffe, Ben",New Zealand,265,2278150630,ball_kicked,2026-02-22T03:59:02+00:00,60,59:51,home,Crusaders,79,41,2,,,,,,,,,,,,,,
super_rugby_2026_crusaders_vs_brumbies_65866108.json,sr:sport_event:65866108,2026-02-22T02:35:00+00:00,Super Rugby,sr:competition:422,Super Rugby 2026,sr:season:137092,2026,league,regular season,2,Super Rugby Pacific 2026,Crusaders,sr:competitor:4181,CRU,Brumbies,sr:competitor:4179,BRU,Christchurch Stadium,Christchurch,New Zealand,"-43.5437, 172.6041","O'Keeffe, Ben",New Zealand,266,2278150660,line_out,2026-02-22T03:59:09+00:00,60,59:58,home,Crusaders,64,73,2,,,,,,,,,,,,,,
super_rugby_2026_crusaders_vs_brumbies_65866108.json,sr:sport_event:65866108,2026-02-22T02:35:00+00:00,Super Rugby,sr:competition:422,Super Rugby 2026,sr:season:137092,2026,league,regular season,2,Super Rugby Pacific 2026,Crusaders,sr:competitor:4181,CRU,Brumbies,sr:competitor:4179,BRU,Christchurch Stadium,Christchurch,New Zealand,"-43.5437, 172.6041","O'Keeffe, Ben",New Zealand,267,2278150710,line_out_won,2026-02-22T03:59:27+00:00,61,60:16,home,Crusaders,64,73,2,,,,,,,,,,,,,,
super_rugby_2026_crusaders_vs_brumbies_65866108.json,sr:sport_event:65866108,2026-02-22T02:35:00+00:00,Super Rugby,sr:competition:422,Super Rugby 2026,sr:season:137092,2026,league,regular season,2,Super Rugby Pacific 2026,Crusaders,sr:competitor:4181,CRU,Brumbies,sr:competitor:4179,BRU,Christchurch Stadium,Christchurch,New Zealand,"-43.5437, 172.6041","O'Keeffe, Ben",New Zealand,268,2278150800,substitution,2026-02-22T03:59:47+00:00,61,60:36,away,Brumbies,,,2,,,,,,,,,,sr:player:507552,"Neville, Cadeyrn",sr:player:3114930,"MacPherson, Toby","[{""id"": ""sr:player:507552"", ""name"": ""Neville, Cadeyrn"", ""type"": ""substituted_out""}, {""id"": ""sr:player:3114930"", ""name"": ""MacPherson, Toby"", ""type"": ""substituted_in""}]"
super_rugby_2026_crusaders_vs_brumbies_65866108.json,sr:sport_event:65866108,2026-02-22T02:35:00+00:00,Super Rugby,sr:competition:422,Super Rugby 2026,sr:season:137092,2026,league,regular season,2,Super Rugby Pacific 2026,Crusaders,sr:competitor:4181,CRU,Brumbies,sr:competitor:4179,BRU,Christchurch Stadium,Christchurch,New Zealand,"-43.5437, 172.6041","O'Keeffe, Ben",New Zealand,269,2278150802,substitution,2026-02-22T03:59:47+00:00,61,60:36,away,Brumbies,,,2,,,,,,,,,,sr:player:2285789,"Pollard, Billy",sr:player:2798455,"Bowron, Liam","[{""id"": ""sr:player:2285789"", ""name"": ""Pollard, Billy"", ""type"": ""substituted_out""}, {""id"": ""sr:player:2798455"", ""name"": ""Bowron, Liam"", ""type"": ""substituted_in""}]"
super_rugby_2026_crusaders_vs_brumbies_65866108.json,sr:sport_event:65866108,2026-02-22T02:35:00+00:00,Super Rugby,sr:competition:422,Super Rugby 2026,sr:season:137092,2026,league,regular season,2,Super Rugby Pacific 2026,Crusaders,sr:competitor:4181,CRU,Brumbies,sr:competitor:4179,BRU,Christchurch Stadium,Christchurch,New Zealand,"-43.5437, 172.6041","O'Keeffe, Ben",New Zealand,270,2278150828,ball_recycled,2026-02-22T03:59:53+00:00,61,60:42,home,Crusaders,87,12,2,,,,,,,,,,,,,,
super_rugby_2026_crusaders_vs_brumbies_65866108.json,sr:sport_event:65866108,2026-02-22T02:35:00+00:00,Super Rugby,sr:competition:422,Super Rugby 2026,sr:season:137092,2026,league,regular season,2,Super Rugby Pacific 2026,Crusaders,sr:competitor:4181,CRU,Brumbies,sr:competitor:4179,BRU,Christchurch Stadium,Christchurch,New Zealand,"-43.5437, 172.6041","O'Keeffe, Ben",New Zealand,271,2278150834,ball_recycled,2026-02-22T03:59:54+00:00,61,60:43,home,Crusaders,87,12,2,,,,,,,,,,,,,,
super_rugby_2026_crusaders_vs_brumbies_65866108.json,sr:sport_event:65866108,2026-02-22T02:35:00+00:00,Super Rugby,sr:competition:422,Super Rugby 2026,sr:season:137092,2026,league,regular season,2,Super Rugby Pacific 2026,Crusaders,sr:competitor:4181,CRU,Brumbies,sr:competitor:4179,BRU,Christchurch Stadium,Christchurch,New Zealand,"-43.5437, 172.6041","O'Keeffe, Ben",New Zealand,272,2278151008,substitution,2026-02-22T04:00:16+00:00,62,61:04,away,Brumbies,,,2,,,,,,,,,,sr:player:2131480,"van Nek, Rhys",sr:player:2911273,"Alatini, Tevita","[{""id"": ""sr:player:2131480"", ""name"": ""van Nek, Rhys"", ""type"": ""substituted_out""}, {""id"": ""sr:player:2911273"", ""name"": ""Alatini, Tevita"", ""type"": ""substituted_in""}]"
super_rugby_2026_crusaders_vs_brumbies_65866108.json,sr:sport_event:65866108,2026-02-22T02:35:00+00:00,Super Rugby,sr:competition:422,Super Rugby 2026,sr:season:137092,2026,league,regular season,2,Super Rugby Pacific 2026,Crusaders,sr:competitor:4181,CRU,Brumbies,sr:competitor:4179,BRU,Christchurch Stadium,Christchurch,New Zealand,"-43.5437, 172.6041","O'Keeffe, Ben",New Zealand,273,2278151054,penalty_awarded,2026-02-22T04:00:23+00:00,62,61:12,home,Crusaders,88,14,2,,,,,,,,,,,,,,
super_rugby_2026_crusaders_vs_brumbies_65866108.json,sr:sport_event:65866108,2026-02-22T02:35:00+00:00,Super Rugby,sr:competition:422,Super Rugby 2026,sr:season:137092,2026,league,regular season,2,Super Rugby Pacific 2026,Crusaders,sr:competitor:4181,CRU,Brumbies,sr:competitor:4179,BRU,Christchurch Stadium,Christchurch,New Zealand,"-43.5437, 172.6041","O'Keeffe, Ben",New Zealand,274,2278151164,tap_and_go,2026-02-22T04:00:41+00:00,62,61:30,home,Crusaders,88,14,2,,,,,,,,,,,,,,
super_rugby_2026_crusaders_vs_brumbies_65866108.json,sr:sport_event:65866108,2026-02-22T02:35:00+00:00,Super Rugby,sr:competition:422,Super Rugby 2026,sr:season:137092,2026,league,regular season,2,Super Rugby Pacific 2026,Crusaders,sr:competitor:4181,CRU,Brumbies,sr:competitor:4179,BRU,Christchurch Stadium,Christchurch,New Zealand,"-43.5437, 172.6041","O'Keeffe, Ben",New Zealand,275,2278151194,ball_recycled,2026-02-22T04:00:47+00:00,62,61:36,home,Crusaders,95,31,2,,,,,,,,,,,,,,
super_rugby_2026_crusaders_vs_brumbies_65866108.json,sr:sport_event:65866108,2026-02-22T02:35:00+00:00,Super Rugby,sr:competition:422,Super Rugby 2026,sr:season:137092,2026,league,regular season,2,Super Rugby Pacific 2026,Crusaders,sr:competitor:4181,CRU,Brumbies,sr:competitor:4179,BRU,Christchurch Stadium,Christchurch,New Zealand,"-43.5437, 172.6041","O'Keeffe, Ben",New Zealand,276,2278151238,ball_recycled,2026-02-22T04:00:55+00:00,62,61:44,home,Crusaders,101,26,2,,,,,,,,,,,,,,
super_rugby_2026_crusaders_vs_brumbies_65866108.json,sr:sport_event:65866108,2026-02-22T02:35:00+00:00,Super Rugby,sr:competition:422,Super Rugby 2026,sr:season:137092,2026,league,regular season,2,Super Rugby Pacific 2026,Crusaders,sr:competitor:4181,CRU,Brumbies,sr:competitor:4179,BRU,Christchurch Stadium,Christchurch,New Zealand,"-43.5437, 172.6041","O'Keeffe, Ben",New Zealand,277,2278151310,ball_recycled,2026-02-22T04:01:06+00:00,62,61:55,home,Crusaders,101,26,2,,,,,,,,,,,,,,
super_rugby_2026_crusaders_vs_brumbies_65866108.json,sr:sport_event:65866108,2026-02-22T02:35:00+00:00,Super Rugby,sr:competition:422,Super Rugby 2026,sr:season:137092,2026,league,regular season,2,Super Rugby Pacific 2026,Crusaders,sr:competitor:4181,CRU,Brumbies,sr:competitor:4179,BRU,Christchurch Stadium,Christchurch,New Zealand,"-43.5437, 172.6041","O'Keeffe, Ben",New Zealand,278,2278151366,ball_recycled,2026-02-22T04:01:16+00:00,63,62:05,home,Crusaders,103,21,2,,,,,,,,,,,,,,
super_rugby_2026_crusaders_vs_brumbies_65866108.json,sr:sport_event:65866108,2026-02-22T02:35:00+00:00,Super Rugby,sr:competition:422,Super Rugby 2026,sr:season:137092,2026,league,regular season,2,Super Rugby Pacific 2026,Crusaders,sr:competitor:4181,CRU,Brumbies,sr:competitor:4179,BRU,Christchurch Stadium,Christchurch,New Zealand,"-43.5437, 172.6041","O'Keeffe, Ben",New Zealand,279,2278151502,line_out,2026-02-22T04:01:35+00:00,63,62:24,away,Brumbies,97,-2,2,,,,,,,,,,,,,,
super_rugby_2026_crusaders_vs_brumbies_65866108.json,sr:sport_event:65866108,2026-02-22T02:35:00+00:00,Super Rugby,sr:competition:422,Super Rugby 2026,sr:season:137092,2026,league,regular season,2,Super Rugby Pacific 2026,Crusaders,sr:competitor:4181,CRU,Brumbies,sr:competitor:4179,BRU,Christchurch Stadium,Christchurch,New Zealand,"-43.5437, 172.6041","O'Keeffe, Ben",New Zealand,280,2278151838,line_out_won,2026-02-22T04:02:25+00:00,64,63:05,away,Brumbies,97,-2,2,,,,,,,,,,,,,,
super_rugby_2026_crusaders_vs_brumbies_65866108.json,sr:sport_event:65866108,2026-02-22T02:35:00+00:00,Super Rugby,sr:competition:422,Super Rugby 2026,sr:season:137092,2026,league,regular season,2,Super Rugby Pacific 2026,Crusaders,sr:competitor:4181,CRU,Brumbies,sr:competitor:4179,BRU,Christchurch Stadium,Christchurch,New Zealand,"-43.5437, 172.6041","O'Keeffe, Ben",New Zealand,281,2278151932,line_out,2026-02-22T04:02:42+00:00,64,63:21,home,Crusaders,79,-1,2,,,,,,,,,,,,,,
super_rugby_2026_crusaders_vs_brumbies_65866108.json,sr:sport_event:65866108,2026-02-22T02:35:00+00:00,Super Rugby,sr:competition:422,Super Rugby 2026,sr:season:137092,2026,league,regular season,2,Super Rugby Pacific 2026,Crusaders,sr:competitor:4181,CRU,Brumbies,sr:competitor:4179,BRU,Christchurch Stadium,Christchurch,New Zealand,"-43.5437, 172.6041","O'Keeffe, Ben",New Zealand,282,2278152054,line_out_won,2026-02-22T04:03:02+00:00,64,63:41,home,Crusaders,79,-1,2,,,,,,,,,,,,,,
super_rugby_2026_crusaders_vs_brumbies_65866108.json,sr:sport_event:65866108,2026-02-22T02:35:00+00:00,Super Rugby,sr:competition:422,Super Rugby 2026,sr:season:137092,2026,league,regular season,2,Super Rugby Pacific 2026,Crusaders,sr:competitor:4181,CRU,Brumbies,sr:competitor:4179,BRU,Christchurch Stadium,Christchurch,New Zealand,"-43.5437, 172.6041","O'Keeffe, Ben",New Zealand,283,2278152116,ball_recycled,2026-02-22T04:03:12+00:00,64,63:51,home,Crusaders,73,23,2,,,,,,,,,,,,,,
super_rugby_2026_crusaders_vs_brumbies_65866108.json,sr:sport_event:65866108,2026-02-22T02:35:00+00:00,Super Rugby,sr:competition:422,Super Rugby 2026,sr:season:137092,2026,league,regular season,2,Super Rugby Pacific 2026,Crusaders,sr:competitor:4181,CRU,Brumbies,sr:competitor:4179,BRU,Christchurch Stadium,Christchurch,New Zealand,"-43.5437, 172.6041","O'Keeffe, Ben",New Zealand,284,2278152152,ball_recycled,2026-02-22T04:03:15+00:00,64,63:54,home,Crusaders,73,23,2,,,,,,,,,,,,,,
super_rugby_2026_crusaders_vs_brumbies_65866108.json,sr:sport_event:65866108,2026-02-22T02:35:00+00:00,Super Rugby,sr:competition:422,Super Rugby 2026,sr:season:137092,2026,league,regular season,2,Super Rugby Pacific 2026,Crusaders,sr:competitor:4181,CRU,Brumbies,sr:competitor:4179,BRU,Christchurch Stadium,Christchurch,New Zealand,"-43.5437, 172.6041","O'Keeffe, Ben",New Zealand,285,2278152250,ball_recycled,2026-02-22T04:03:21+00:00,64,64:00,home,Crusaders,73,23,2,,,,,,,,,,,,,,
super_rugby_2026_crusaders_vs_brumbies_65866108.json,sr:sport_event:65866108,2026-02-22T02:35:00+00:00,Super Rugby,sr:competition:422,Super Rugby 2026,sr:season:137092,2026,league,regular season,2,Super Rugby Pacific 2026,Crusaders,sr:competitor:4181,CRU,Brumbies,sr:competitor:4179,BRU,Christchurch Stadium,Christchurch,New Zealand,"-43.5437, 172.6041","O'Keeffe, Ben",New Zealand,286,2278152396,penalty_awarded,2026-02-22T04:03:42+00:00,65,64:21,home,Crusaders,76,26,2,,,,,,,,,,,,,,
super_rugby_2026_crusaders_vs_brumbies_65866108.json,sr:sport_event:65866108,2026-02-22T02:35:00+00:00,Super Rugby,sr:competition:422,Super Rugby 2026,sr:season:137092,2026,league,regular season,2,Super Rugby Pacific 2026,Crusaders,sr:competitor:4181,CRU,Brumbies,sr:competitor:4179,BRU,Christchurch Stadium,Christchurch,New Zealand,"-43.5437, 172.6041","O'Keeffe, Ben",New Zealand,287,2278152526,kick_to_touch,2026-02-22T04:04:02+00:00,65,64:41,home,Crusaders,76,26,2,,,,,,,,,,,,,,
super_rugby_2026_crusaders_vs_brumbies_65866108.json,sr:sport_event:65866108,2026-02-22T02:35:00+00:00,Super Rugby,sr:competition:422,Super Rugby 2026,sr:season:137092,2026,league,regular season,2,Super Rugby Pacific 2026,Crusaders,sr:competitor:4181,CRU,Brumbies,sr:competitor:4179,BRU,Christchurch Stadium,Christchurch,New Zealand,"-43.5437, 172.6041","O'Keeffe, Ben",New Zealand,288,2278152546,line_out,2026-02-22T04:04:05+00:00,65,64:44,home,Crusaders,97,-1,2,,,,,,,,,,,,,,
super_rugby_2026_crusaders_vs_brumbies_65866108.json,sr:sport_event:65866108,2026-02-22T02:35:00+00:00,Super Rugby,sr:competition:422,Super Rugby 2026,sr:season:137092,2026,league,regular season,2,Super Rugby Pacific 2026,Crusaders,sr:competitor:4181,CRU,Brumbies,sr:competitor:4179,BRU,Christchurch Stadium,Christchurch,New Zealand,"-43.5437, 172.6041","O'Keeffe, Ben",New Zealand,289,2278152740,line_out_won,2026-02-22T04:04:39+00:00,65,64:57,home,Crusaders,97,-1,2,,,,,,,,,,,,,,
super_rugby_2026_crusaders_vs_brumbies_65866108.json,sr:sport_event:65866108,2026-02-22T02:35:00+00:00,Super Rugby,sr:competition:422,Super Rugby 2026,sr:season:137092,2026,league,regular season,2,Super Rugby Pacific 2026,Crusaders,sr:competitor:4181,CRU,Brumbies,sr:competitor:4179,BRU,Christchurch Stadium,Christchurch,New Zealand,"-43.5437, 172.6041","O'Keeffe, Ben",New Zealand,290,2278152790,ball_recycled,2026-02-22T04:04:49+00:00,66,65:07,home,Crusaders,95,15,2,,,,,,,,,,,,,,
super_rugby_2026_crusaders_vs_brumbies_65866108.json,sr:sport_event:65866108,2026-02-22T02:35:00+00:00,Super Rugby,sr:competition:422,Super Rugby 2026,sr:season:137092,2026,league,regular season,2,Super Rugby Pacific 2026,Crusaders,sr:competitor:4181,CRU,Brumbies,sr:competitor:4179,BRU,Christchurch Stadium,Christchurch,New Zealand,"-43.5437, 172.6041","O'Keeffe, Ben",New Zealand,291,2278152862,ball_recycled,2026-02-22T04:05:02+00:00,66,65:20,home,Crusaders,97,33,2,,,,,,,,,,,,,,
super_rugby_2026_crusaders_vs_brumbies_65866108.json,sr:sport_event:65866108,2026-02-22T02:35:00+00:00,Super Rugby,sr:competition:422,Super Rugby 2026,sr:season:137092,2026,league,regular season,2,Super Rugby Pacific 2026,Crusaders,sr:competitor:4181,CRU,Brumbies,sr:competitor:4179,BRU,Christchurch Stadium,Christchurch,New Zealand,"-43.5437, 172.6041","O'Keeffe, Ben",New Zealand,292,2278152898,ball_recycled,2026-02-22T04:05:06+00:00,66,65:24,home,Crusaders,97,33,2,,,,,,,,,,,,,,
super_rugby_2026_crusaders_vs_brumbies_65866108.json,sr:sport_event:65866108,2026-02-22T02:35:00+00:00,Super Rugby,sr:competition:422,Super Rugby 2026,sr:season:137092,2026,league,regular season,2,Super Rugby Pacific 2026,Crusaders,sr:competitor:4181,CRU,Brumbies,sr:competitor:4179,BRU,Christchurch Stadium,Christchurch,New Zealand,"-43.5437, 172.6041","O'Keeffe, Ben",New Zealand,293,2278153004,ball_recycled,2026-02-22T04:05:16+00:00,66,65:34,home,Crusaders,93,53,2,,,,,,,,,,,,,,
super_rugby_2026_crusaders_vs_brumbies_65866108.json,sr:sport_event:65866108,2026-02-22T02:35:00+00:00,Super Rugby,sr:competition:422,Super Rugby 2026,sr:season:137092,2026,league,regular season,2,Super Rugby Pacific 2026,Crusaders,sr:competitor:4181,CRU,Brumbies,sr:competitor:4179,BRU,Christchurch Stadium,Christchurch,New Zealand,"-43.5437, 172.6041","O'Keeffe, Ben",New Zealand,294,2278153150,ball_recycled,2026-02-22T04:05:31+00:00,66,65:49,home,Crusaders,96,50,2,,,,,,,,,,,,,,
super_rugby_2026_crusaders_vs_brumbies_65866108.json,sr:sport_event:65866108,2026-02-22T02:35:00+00:00,Super Rugby,sr:competition:422,Super Rugby 2026,sr:season:137092,2026,league,regular season,2,Super Rugby Pacific 2026,Crusaders,sr:competitor:4181,CRU,Brumbies,sr:competitor:4179,BRU,Christchurch Stadium,Christchurch,New Zealand,"-43.5437, 172.6041","O'Keeffe, Ben",New Zealand,295,2278153342,ball_recycled,2026-02-22T04:05:52+00:00,67,66:10,home,Crusaders,101,34,2,,,,,,,,,,,,,,
super_rugby_2026_crusaders_vs_brumbies_65866108.json,sr:sport_event:65866108,2026-02-22T02:35:00+00:00,Super Rugby,sr:competition:422,Super Rugby 2026,sr:season:137092,2026,league,regular season,2,Super Rugby Pacific 2026,Crusaders,sr:competitor:4181,CRU,Brumbies,sr:competitor:4179,BRU,Christchurch Stadium,Christchurch,New Zealand,"-43.5437, 172.6041","O'Keeffe, Ben",New Zealand,296,2278153344,ball_recycled,2026-02-22T04:05:52+00:00,67,66:10,home,Crusaders,101,34,2,,,,,,,,,,,,,,
super_rugby_2026_crusaders_vs_brumbies_65866108.json,sr:sport_event:65866108,2026-02-22T02:35:00+00:00,Super Rugby,sr:competition:422,Super Rugby 2026,sr:season:137092,2026,league,regular season,2,Super Rugby Pacific 2026,Crusaders,sr:competitor:4181,CRU,Brumbies,sr:competitor:4179,BRU,Christchurch Stadium,Christchurch,New Zealand,"-43.5437, 172.6041","O'Keeffe, Ben",New Zealand,297,2278153486,penalty_awarded,2026-02-22T04:06:12+00:00,67,66:30,home,Crusaders,96,24,2,,,,,,,,,,,,,,
super_rugby_2026_crusaders_vs_brumbies_65866108.json,sr:sport_event:65866108,2026-02-22T02:35:00+00:00,Super Rugby,sr:competition:422,Super Rugby 2026,sr:season:137092,2026,league,regular season,2,Super Rugby Pacific 2026,Crusaders,sr:competitor:4181,CRU,Brumbies,sr:competitor:4179,BRU,Christchurch Stadium,Christchurch,New Zealand,"-43.5437, 172.6041","O'Keeffe, Ben",New Zealand,298,2278153522,tap_and_go,2026-02-22T04:06:16+00:00,67,66:34,home,Crusaders,96,24,2,,,,,,,,,,,,,,
super_rugby_2026_crusaders_vs_brumbies_65866108.json,sr:sport_event:65866108,2026-02-22T02:35:00+00:00,Super Rugby,sr:competition:422,Super Rugby 2026,sr:season:137092,2026,league,regular season,2,Super Rugby Pacific 2026,Crusaders,sr:competitor:4181,CRU,Brumbies,sr:competitor:4179,BRU,Christchurch Stadium,Christchurch,New Zealand,"-43.5437, 172.6041","O'Keeffe, Ben",New Zealand,299,2278153670,penalty_awarded,2026-02-22T04:06:38+00:00,67,66:56,home,Crusaders,101,34,2,,,,,,,,,,,,,,
super_rugby_2026_crusaders_vs_brumbies_65866108.json,sr:sport_event:65866108,2026-02-22T02:35:00+00:00,Super Rugby,sr:competition:422,Super Rugby 2026,sr:season:137092,2026,league,regular season,2,Super Rugby Pacific 2026,Crusaders,sr:competitor:4181,CRU,Brumbies,sr:competitor:4179,BRU,Christchurch Stadium,Christchurch,New Zealand,"-43.5437, 172.6041","O'Keeffe, Ben",New Zealand,300,2278153942,tap_and_go,2026-02-22T04:07:15+00:00,68,67:12,home,Crusaders,101,34,2,,,,,,,,,,,,,,
super_rugby_2026_crusaders_vs_brumbies_65866108.json,sr:sport_event:65866108,2026-02-22T02:35:00+00:00,Super Rugby,sr:competition:422,Super Rugby 2026,sr:season:137092,2026,league,regular season,2,Super Rugby Pacific 2026,Crusaders,sr:competitor:4181,CRU,Brumbies,sr:competitor:4179,BRU,Christchurch Stadium,Christchurch,New Zealand,"-43.5437, 172.6041","O'Keeffe, Ben",New Zealand,301,2278153960,ball_recycled,2026-02-22T04:07:17+00:00,68,67:14,home,Crusaders,101,26,2,,,,,,,,,,,,,,
super_rugby_2026_crusaders_vs_brumbies_65866108.json,sr:sport_event:65866108,2026-02-22T02:35:00+00:00,Super Rugby,sr:competition:422,Super Rugby 2026,sr:season:137092,2026,league,regular season,2,Super Rugby Pacific 2026,Crusaders,sr:competitor:4181,CRU,Brumbies,sr:competitor:4179,BRU,Christchurch Stadium,Christchurch,New Zealand,"-43.5437, 172.6041","O'Keeffe, Ben",New Zealand,302,2278154104,score_change,2026-02-22T04:07:29+00:00,68,67:26,home,Crusaders,108,24,2,,,24,31,try,,,sr:player:1651651,"Fainga'anuku, Leicester",,,,,"[{""id"": ""sr:player:1651651"", ""name"": ""Fainga'anuku, Leicester"", ""type"": ""scorer""}]"
super_rugby_2026_crusaders_vs_brumbies_65866108.json,sr:sport_event:65866108,2026-02-22T02:35:00+00:00,Super Rugby,sr:competition:422,Super Rugby 2026,sr:season:137092,2026,league,regular season,2,Super Rugby Pacific 2026,Crusaders,sr:competitor:4181,CRU,Brumbies,sr:competitor:4179,BRU,Christchurch Stadium,Christchurch,New Zealand,"-43.5437, 172.6041","O'Keeffe, Ben",New Zealand,303,2278154652,substitution,2026-02-22T04:09:00+00:00,69,68:56,away,Brumbies,,,2,,,,,,,,,,sr:player:2534291,"Feliuai, David",sr:player:2285795,"Creighton, Hudson","[{""id"": ""sr:player:2534291"", ""name"": ""Feliuai, David"", ""type"": ""substituted_out""}, {""id"": ""sr:player:2285795"", ""name"": ""Creighton, Hudson"", ""type"": ""substituted_in""}]"
super_rugby_2026_crusaders_vs_brumbies_65866108.json,sr:sport_event:65866108,2026-02-22T02:35:00+00:00,Super Rugby,sr:competition:422,Super Rugby 2026,sr:season:137092,2026,league,regular season,2,Super Rugby Pacific 2026,Crusaders,sr:competitor:4181,CRU,Brumbies,sr:competitor:4179,BRU,Christchurch Stadium,Christchurch,New Zealand,"-43.5437, 172.6041","O'Keeffe, Ben",New Zealand,304,2278154674,ball_kicked,2026-02-22T04:09:02+00:00,69,68:58,away,Brumbies,23,35,2,,,,,,,,,,,,,,
super_rugby_2026_crusaders_vs_brumbies_65866108.json,sr:sport_event:65866108,2026-02-22T02:35:00+00:00,Super Rugby,sr:competition:422,Super Rugby 2026,sr:season:137092,2026,league,regular season,2,Super Rugby Pacific 2026,Crusaders,sr:competitor:4181,CRU,Brumbies,sr:competitor:4179,BRU,Christchurch Stadium,Christchurch,New Zealand,"-43.5437, 172.6041","O'Keeffe, Ben",New Zealand,305,2278154804,substitution,2026-02-22T04:09:19+00:00,70,69:15,away,Brumbies,,,2,,,,,,,,,,sr:player:766780,"Muirhead, Andy",sr:player:2528107,"Toole, Corey","[{""id"": ""sr:player:766780"", ""name"": ""Muirhead, Andy"", ""type"": ""substituted_out""}, {""id"": ""sr:player:2528107"", ""name"": ""Toole, Corey"", ""type"": ""substituted_in""}]"
super_rugby_2026_crusaders_vs_brumbies_65866108.json,sr:sport_event:65866108,2026-02-22T02:35:00+00:00,Super Rugby,sr:competition:422,Super Rugby 2026,sr:season:137092,2026,league,regular season,2,Super Rugby Pacific 2026,Crusaders,sr:competitor:4181,CRU,Brumbies,sr:competitor:4179,BRU,Christchurch Stadium,Christchurch,New Zealand,"-43.5437, 172.6041","O'Keeffe, Ben",New Zealand,306,2278154824,line_out,2026-02-22T04:09:22+00:00,70,69:18,home,Crusaders,39,72,2,,,,,,,,,,,,,,
super_rugby_2026_crusaders_vs_brumbies_65866108.json,sr:sport_event:65866108,2026-02-22T02:35:00+00:00,Super Rugby,sr:competition:422,Super Rugby 2026,sr:season:137092,2026,league,regular season,2,Super Rugby Pacific 2026,Crusaders,sr:competitor:4181,CRU,Brumbies,sr:competitor:4179,BRU,Christchurch Stadium,Christchurch,New Zealand,"-43.5437, 172.6041","O'Keeffe, Ben",New Zealand,307,2278154994,line_out_won,2026-02-22T04:09:39+00:00,70,69:20,away,Brumbies,39,72,2,,,,,,,,,,,,,,
super_rugby_2026_crusaders_vs_brumbies_65866108.json,sr:sport_event:65866108,2026-02-22T02:35:00+00:00,Super Rugby,sr:competition:422,Super Rugby 2026,sr:season:137092,2026,league,regular season,2,Super Rugby Pacific 2026,Crusaders,sr:competitor:4181,CRU,Brumbies,sr:competitor:4179,BRU,Christchurch Stadium,Christchurch,New Zealand,"-43.5437, 172.6041","O'Keeffe, Ben",New Zealand,308,2278155110,scrum,2026-02-22T04:09:56+00:00,70,69:23,away,Brumbies,38,49,2,,,,,,,,,,,,,,
super_rugby_2026_crusaders_vs_brumbies_65866108.json,sr:sport_event:65866108,2026-02-22T02:35:00+00:00,Super Rugby,sr:competition:422,Super Rugby 2026,sr:season:137092,2026,league,regular season,2,Super Rugby Pacific 2026,Crusaders,sr:competitor:4181,CRU,Brumbies,sr:competitor:4179,BRU,Christchurch Stadium,Christchurch,New Zealand,"-43.5437, 172.6041","O'Keeffe, Ben",New Zealand,309,2278155410,scrum_won,2026-02-22T04:10:38+00:00,71,70:06,away,Brumbies,38,49,2,,,,,,,,,,,,,,
super_rugby_2026_crusaders_vs_brumbies_65866108.json,sr:sport_event:65866108,2026-02-22T02:35:00+00:00,Super Rugby,sr:competition:422,Super Rugby 2026,sr:season:137092,2026,league,regular season,2,Super Rugby Pacific 2026,Crusaders,sr:competitor:4181,CRU,Brumbies,sr:competitor:4179,BRU,Christchurch Stadium,Christchurch,New Zealand,"-43.5437, 172.6041","O'Keeffe, Ben",New Zealand,310,2278155518,ball_recycled,2026-02-22T04:10:51+00:00,71,70:19,away,Brumbies,34,29,2,,,,,,,,,,,,,,
super_rugby_2026_crusaders_vs_brumbies_65866108.json,sr:sport_event:65866108,2026-02-22T02:35:00+00:00,Super Rugby,sr:competition:422,Super Rugby 2026,sr:season:137092,2026,league,regular season,2,Super Rugby Pacific 2026,Crusaders,sr:competitor:4181,CRU,Brumbies,sr:competitor:4179,BRU,Christchurch Stadium,Christchurch,New Zealand,"-43.5437, 172.6041","O'Keeffe, Ben",New Zealand,311,2278155844,ball_recycled,2026-02-22T04:11:35+00:00,72,71:02,away,Brumbies,30,50,2,,,,,,,,,,,,,,
super_rugby_2026_crusaders_vs_brumbies_65866108.json,sr:sport_event:65866108,2026-02-22T02:35:00+00:00,Super Rugby,sr:competition:422,Super Rugby 2026,sr:season:137092,2026,league,regular season,2,Super Rugby Pacific 2026,Crusaders,sr:competitor:4181,CRU,Brumbies,sr:competitor:4179,BRU,Christchurch Stadium,Christchurch,New Zealand,"-43.5437, 172.6041","O'Keeffe, Ben",New Zealand,312,2278155848,ball_recycled,2026-02-22T04:11:36+00:00,72,71:03,away,Brumbies,30,50,2,,,,,,,,,,,,,,
super_rugby_2026_crusaders_vs_brumbies_65866108.json,sr:sport_event:65866108,2026-02-22T02:35:00+00:00,Super Rugby,sr:competition:422,Super Rugby 2026,sr:season:137092,2026,league,regular season,2,Super Rugby Pacific 2026,Crusaders,sr:competitor:4181,CRU,Brumbies,sr:competitor:4179,BRU,Christchurch Stadium,Christchurch,New Zealand,"-43.5437, 172.6041","O'Keeffe, Ben",New Zealand,313,2278155932,penalty_awarded,2026-02-22T04:11:50+00:00,72,71:16,away,Brumbies,31,53,2,,,,,,,,,,,,,,
super_rugby_2026_crusaders_vs_brumbies_65866108.json,sr:sport_event:65866108,2026-02-22T02:35:00+00:00,Super Rugby,sr:competition:422,Super Rugby 2026,sr:season:137092,2026,league,regular season,2,Super Rugby Pacific 2026,Crusaders,sr:competitor:4181,CRU,Brumbies,sr:competitor:4179,BRU,Christchurch Stadium,Christchurch,New Zealand,"-43.5437, 172.6041","O'Keeffe, Ben",New Zealand,314,2278156112,kick_to_touch,2026-02-22T04:12:17+00:00,72,71:44,away,Brumbies,31,53,2,,,,,,,,,,,,,,
super_rugby_2026_crusaders_vs_brumbies_65866108.json,sr:sport_event:65866108,2026-02-22T02:35:00+00:00,Super Rugby,sr:competition:422,Super Rugby 2026,sr:season:137092,2026,league,regular season,2,Super Rugby Pacific 2026,Crusaders,sr:competitor:4181,CRU,Brumbies,sr:competitor:4179,BRU,Christchurch Stadium,Christchurch,New Zealand,"-43.5437, 172.6041","O'Keeffe, Ben",New Zealand,315,2278156126,line_out,2026-02-22T04:12:18+00:00,72,71:45,away,Brumbies,18,72,2,,,,,,,,,,,,,,
super_rugby_2026_crusaders_vs_brumbies_65866108.json,sr:sport_event:65866108,2026-02-22T02:35:00+00:00,Super Rugby,sr:competition:422,Super Rugby 2026,sr:season:137092,2026,league,regular season,2,Super Rugby Pacific 2026,Crusaders,sr:competitor:4181,CRU,Brumbies,sr:competitor:4179,BRU,Christchurch Stadium,Christchurch,New Zealand,"-43.5437, 172.6041","O'Keeffe, Ben",New Zealand,316,2278156218,line_out_won,2026-02-22T04:12:31+00:00,72,71:57,away,Brumbies,18,72,2,,,,,,,,,,,,,,
super_rugby_2026_crusaders_vs_brumbies_65866108.json,sr:sport_event:65866108,2026-02-22T02:35:00+00:00,Super Rugby,sr:competition:422,Super Rugby 2026,sr:season:137092,2026,league,regular season,2,Super Rugby Pacific 2026,Crusaders,sr:competitor:4181,CRU,Brumbies,sr:competitor:4179,BRU,Christchurch Stadium,Christchurch,New Zealand,"-43.5437, 172.6041","O'Keeffe, Ben",New Zealand,317,2278156506,score_change,2026-02-22T04:13:04+00:00,73,72:30,away,Brumbies,1,53,2,,,24,36,try,,,sr:player:2798455,"Bowron, Liam",,,,,"[{""id"": ""sr:player:2798455"", ""name"": ""Bowron, Liam"", ""type"": ""scorer""}]"
super_rugby_2026_crusaders_vs_brumbies_65866108.json,sr:sport_event:65866108,2026-02-22T02:35:00+00:00,Super Rugby,sr:competition:422,Super Rugby 2026,sr:season:137092,2026,league,regular season,2,Super Rugby Pacific 2026,Crusaders,sr:competitor:4181,CRU,Brumbies,sr:competitor:4179,BRU,Christchurch Stadium,Christchurch,New Zealand,"-43.5437, 172.6041","O'Keeffe, Ben",New Zealand,318,2278156990,ball_kicked,2026-02-22T04:14:13+00:00,74,73:40,home,Crusaders,76,52,2,,,,,,,,,,,,,,
super_rugby_2026_crusaders_vs_brumbies_65866108.json,sr:sport_event:65866108,2026-02-22T02:35:00+00:00,Super Rugby,sr:competition:422,Super Rugby 2026,sr:season:137092,2026,league,regular season,2,Super Rugby Pacific 2026,Crusaders,sr:competitor:4181,CRU,Brumbies,sr:competitor:4179,BRU,Christchurch Stadium,Christchurch,New Zealand,"-43.5437, 172.6041","O'Keeffe, Ben",New Zealand,319,2278157028,substitution,2026-02-22T04:14:24+00:00,74,73:52,home,Crusaders,,,2,,,,,,,,,,sr:player:2533071,"Kemara, Taha",sr:player:3115002,"White, James","[{""id"": ""sr:player:2533071"", ""name"": ""Kemara, Taha"", ""type"": ""substituted_out""}, {""id"": ""sr:player:3115002"", ""name"": ""White, James"", ""type"": ""substituted_in""}]"
super_rugby_2026_crusaders_vs_brumbies_65866108.json,sr:sport_event:65866108,2026-02-22T02:35:00+00:00,Super Rugby,sr:competition:422,Super Rugby 2026,sr:season:137092,2026,league,regular season,2,Super Rugby Pacific 2026,Crusaders,sr:competitor:4181,CRU,Brumbies,sr:competitor:4179,BRU,Christchurch Stadium,Christchurch,New Zealand,"-43.5437, 172.6041","O'Keeffe, Ben",New Zealand,320,2278157050,ball_kicked,2026-02-22T04:14:27+00:00,74,73:55,away,Brumbies,39,54,2,,,,,,,,,,,,,,
super_rugby_2026_crusaders_vs_brumbies_65866108.json,sr:sport_event:65866108,2026-02-22T02:35:00+00:00,Super Rugby,sr:competition:422,Super Rugby 2026,sr:season:137092,2026,league,regular season,2,Super Rugby Pacific 2026,Crusaders,sr:competitor:4181,CRU,Brumbies,sr:competitor:4179,BRU,Christchurch Stadium,Christchurch,New Zealand,"-43.5437, 172.6041","O'Keeffe, Ben",New Zealand,321,2278157100,turnover,2026-02-22T04:14:34+00:00,75,74:01,home,Crusaders,31,57,2,,,,,,,,,,,,,,
super_rugby_2026_crusaders_vs_brumbies_65866108.json,sr:sport_event:65866108,2026-02-22T02:35:00+00:00,Super Rugby,sr:competition:422,Super Rugby 2026,sr:season:137092,2026,league,regular season,2,Super Rugby Pacific 2026,Crusaders,sr:competitor:4181,CRU,Brumbies,sr:competitor:4179,BRU,Christchurch Stadium,Christchurch,New Zealand,"-43.5437, 172.6041","O'Keeffe, Ben",New Zealand,322,2278157610,scrum,2026-02-22T04:15:50+00:00,76,75:17,away,Brumbies,23,16,2,,,,,,,,,,,,,,
super_rugby_2026_crusaders_vs_brumbies_65866108.json,sr:sport_event:65866108,2026-02-22T02:35:00+00:00,Super Rugby,sr:competition:422,Super Rugby 2026,sr:season:137092,2026,league,regular season,2,Super Rugby Pacific 2026,Crusaders,sr:competitor:4181,CRU,Brumbies,sr:competitor:4179,BRU,Christchurch Stadium,Christchurch,New Zealand,"-43.5437, 172.6041","O'Keeffe, Ben",New Zealand,323,2278157618,scrum_won,2026-02-22T04:15:52+00:00,76,75:19,away,Brumbies,23,16,2,,,,,,,,,,,,,,
super_rugby_2026_crusaders_vs_brumbies_65866108.json,sr:sport_event:65866108,2026-02-22T02:35:00+00:00,Super Rugby,sr:competition:422,Super Rugby 2026,sr:season:137092,2026,league,regular season,2,Super Rugby Pacific 2026,Crusaders,sr:competitor:4181,CRU,Brumbies,sr:competitor:4179,BRU,Christchurch Stadium,Christchurch,New Zealand,"-43.5437, 172.6041","O'Keeffe, Ben",New Zealand,324,2278157666,ball_recycled,2026-02-22T04:15:59+00:00,76,75:26,away,Brumbies,21,24,2,,,,,,,,,,,,,,
super_rugby_2026_crusaders_vs_brumbies_65866108.json,sr:sport_event:65866108,2026-02-22T02:35:00+00:00,Super Rugby,sr:competition:422,Super Rugby 2026,sr:season:137092,2026,league,regular season,2,Super Rugby Pacific 2026,Crusaders,sr:competitor:4181,CRU,Brumbies,sr:competitor:4179,BRU,Christchurch Stadium,Christchurch,New Zealand,"-43.5437, 172.6041","O'Keeffe, Ben",New Zealand,325,2278157718,ball_recycled,2026-02-22T04:16:07+00:00,76,75:34,away,Brumbies,21,24,2,,,,,,,,,,,,,,
super_rugby_2026_crusaders_vs_brumbies_65866108.json,sr:sport_event:65866108,2026-02-22T02:35:00+00:00,Super Rugby,sr:competition:422,Super Rugby 2026,sr:season:137092,2026,league,regular season,2,Super Rugby Pacific 2026,Crusaders,sr:competitor:4181,CRU,Brumbies,sr:competitor:4179,BRU,Christchurch Stadium,Christchurch,New Zealand,"-43.5437, 172.6041","O'Keeffe, Ben",New Zealand,326,2278157822,ball_recycled,2026-02-22T04:16:23+00:00,76,75:50,away,Brumbies,19,30,2,,,,,,,,,,,,,,
super_rugby_2026_crusaders_vs_brumbies_65866108.json,sr:sport_event:65866108,2026-02-22T02:35:00+00:00,Super Rugby,sr:competition:422,Super Rugby 2026,sr:season:137092,2026,league,regular season,2,Super Rugby Pacific 2026,Crusaders,sr:competitor:4181,CRU,Brumbies,sr:competitor:4179,BRU,Christchurch Stadium,Christchurch,New Zealand,"-43.5437, 172.6041","O'Keeffe, Ben",New Zealand,327,2278158066,ball_recycled,2026-02-22T04:17:08+00:00,77,76:34,away,Brumbies,19,30,2,,,,,,,,,,,,,,
super_rugby_2026_crusaders_vs_brumbies_65866108.json,sr:sport_event:65866108,2026-02-22T02:35:00+00:00,Super Rugby,sr:competition:422,Super Rugby 2026,sr:season:137092,2026,league,regular season,2,Super Rugby Pacific 2026,Crusaders,sr:competitor:4181,CRU,Brumbies,sr:competitor:4179,BRU,Christchurch Stadium,Christchurch,New Zealand,"-43.5437, 172.6041","O'Keeffe, Ben",New Zealand,328,2278158140,ball_recycled,2026-02-22T04:17:18+00:00,77,76:44,away,Brumbies,7,44,2,,,,,,,,,,,,,,
super_rugby_2026_crusaders_vs_brumbies_65866108.json,sr:sport_event:65866108,2026-02-22T02:35:00+00:00,Super Rugby,sr:competition:422,Super Rugby 2026,sr:season:137092,2026,league,regular season,2,Super Rugby Pacific 2026,Crusaders,sr:competitor:4181,CRU,Brumbies,sr:competitor:4179,BRU,Christchurch Stadium,Christchurch,New Zealand,"-43.5437, 172.6041","O'Keeffe, Ben",New Zealand,329,2278158178,score_change,2026-02-22T04:17:26+00:00,77,76:52,away,Brumbies,7,44,2,,,24,41,try,,,sr:player:1082362,"Valetini, Rob",,,,,"[{""id"": ""sr:player:1082362"", ""name"": ""Valetini, Rob"", ""type"": ""scorer""}]"
super_rugby_2026_crusaders_vs_brumbies_65866108.json,sr:sport_event:65866108,2026-02-22T02:35:00+00:00,Super Rugby,sr:competition:422,Super Rugby 2026,sr:season:137092,2026,league,regular season,2,Super Rugby Pacific 2026,Crusaders,sr:competitor:4181,CRU,Brumbies,sr:competitor:4179,BRU,Christchurch Stadium,Christchurch,New Zealand,"-43.5437, 172.6041","O'Keeffe, Ben",New Zealand,330,2278158452,score_change,2026-02-22T04:18:20+00:00,78,77:47,away,Brumbies,21,37,2,,,24,43,conversion,,,sr:player:2291327,"Edmed, Tane",,,,,"[{""id"": ""sr:player:2291327"", ""name"": ""Edmed, Tane"", ""type"": ""scorer""}]"
super_rugby_2026_crusaders_vs_brumbies_65866108.json,sr:sport_event:65866108,2026-02-22T02:35:00+00:00,Super Rugby,sr:competition:422,Super Rugby 2026,sr:season:137092,2026,league,regular season,2,Super Rugby Pacific 2026,Crusaders,sr:competitor:4181,CRU,Brumbies,sr:competitor:4179,BRU,Christchurch Stadium,Christchurch,New Zealand,"-43.5437, 172.6041","O'Keeffe, Ben",New Zealand,331,2278158616,ball_kicked,2026-02-22T04:18:44+00:00,79,78:11,home,Crusaders,75,51,2,,,,,,,,,,,,,,
super_rugby_2026_crusaders_vs_brumbies_65866108.json,sr:sport_event:65866108,2026-02-22T02:35:00+00:00,Super Rugby,sr:competition:422,Super Rugby 2026,sr:season:137092,2026,league,regular season,2,Super Rugby Pacific 2026,Crusaders,sr:competitor:4181,CRU,Brumbies,sr:competitor:4179,BRU,Christchurch Stadium,Christchurch,New Zealand,"-43.5437, 172.6041","O'Keeffe, Ben",New Zealand,332,2278158658,turnover,2026-02-22T04:18:51+00:00,79,78:18,away,Brumbies,75,51,2,,,,,,,,,,,,,,
super_rugby_2026_crusaders_vs_brumbies_65866108.json,sr:sport_event:65866108,2026-02-22T02:35:00+00:00,Super Rugby,sr:competition:422,Super Rugby 2026,sr:season:137092,2026,league,regular season,2,Super Rugby Pacific 2026,Crusaders,sr:competitor:4181,CRU,Brumbies,sr:competitor:4179,BRU,Christchurch Stadium,Christchurch,New Zealand,"-43.5437, 172.6041","O'Keeffe, Ben",New Zealand,333,2278158660,ball_recycled,2026-02-22T04:18:51+00:00,79,78:18,away,Brumbies,75,51,2,,,,,,,,,,,,,,
super_rugby_2026_crusaders_vs_brumbies_65866108.json,sr:sport_event:65866108,2026-02-22T02:35:00+00:00,Super Rugby,sr:competition:422,Super Rugby 2026,sr:season:137092,2026,league,regular season,2,Super Rugby Pacific 2026,Crusaders,sr:competitor:4181,CRU,Brumbies,sr:competitor:4179,BRU,Christchurch Stadium,Christchurch,New Zealand,"-43.5437, 172.6041","O'Keeffe, Ben",New Zealand,334,2278158822,score_change,2026-02-22T04:19:15+00:00,79,78:42,away,Brumbies,0,34,2,,,24,48,try,,,sr:player:2528107,"Toole, Corey",,,,,"[{""id"": ""sr:player:2528107"", ""name"": ""Toole, Corey"", ""type"": ""scorer""}]"
super_rugby_2026_crusaders_vs_brumbies_65866108.json,sr:sport_event:65866108,2026-02-22T02:35:00+00:00,Super Rugby,sr:competition:422,Super Rugby 2026,sr:season:137092,2026,league,regular season,2,Super Rugby Pacific 2026,Crusaders,sr:competitor:4181,CRU,Brumbies,sr:competitor:4179,BRU,Christchurch Stadium,Christchurch,New Zealand,"-43.5437, 172.6041","O'Keeffe, Ben",New Zealand,335,2278159118,score_change,2026-02-22T04:20:07+00:00,80,79:34,away,Brumbies,30,15,2,,,24,50,conversion,,,sr:player:2291327,"Edmed, Tane",,,,,"[{""id"": ""sr:player:2291327"", ""name"": ""Edmed, Tane"", ""type"": ""scorer""}]"
super_rugby_2026_crusaders_vs_brumbies_65866108.json,sr:sport_event:65866108,2026-02-22T02:35:00+00:00,Super Rugby,sr:competition:422,Super Rugby 2026,sr:season:137092,2026,league,regular season,2,Super Rugby Pacific 2026,Crusaders,sr:competitor:4181,CRU,Brumbies,sr:competitor:4179,BRU,Christchurch Stadium,Christchurch,New Zealand,"-43.5437, 172.6041","O'Keeffe, Ben",New Zealand,336,2278159342,ball_kicked,2026-02-22T04:20:35+00:00,80,79:59,home,Crusaders,76,51,2,,,,,,,,,,,,,,
super_rugby_2026_crusaders_vs_brumbies_65866108.json,sr:sport_event:65866108,2026-02-22T02:35:00+00:00,Super Rugby,sr:competition:422,Super Rugby 2026,sr:season:137092,2026,league,regular season,2,Super Rugby Pacific 2026,Crusaders,sr:competitor:4181,CRU,Brumbies,sr:competitor:4179,BRU,Christchurch Stadium,Christchurch,New Zealand,"-43.5437, 172.6041","O'Keeffe, Ben",New Zealand,337,2278159364,ball_recycled,2026-02-22T04:20:37+00:00,80,79:59,away,Brumbies,76,51,2,,,,,,,,,,,,,,
super_rugby_2026_crusaders_vs_brumbies_65866108.json,sr:sport_event:65866108,2026-02-22T02:35:00+00:00,Super Rugby,sr:competition:422,Super Rugby 2026,sr:season:137092,2026,league,regular season,2,Super Rugby Pacific 2026,Crusaders,sr:competitor:4181,CRU,Brumbies,sr:competitor:4179,BRU,Christchurch Stadium,Christchurch,New Zealand,"-43.5437, 172.6041","O'Keeffe, Ben",New Zealand,338,2278159498,match_ended,2026-02-22T04:20:54+00:00,,80:00,,,,,,,,,,,,,,,,,,,
