source_json,match_id,match_start_time,competition,competition_id,season,season_id,season_year,stage_type,stage_phase,round,group,home_team,home_team_id,home_abbreviation,away_team,away_team_id,away_abbreviation,venue,venue_city,venue_country,venue_map_coordinates,referee,referee_nationality,event_order,event_id,event_type,event_timestamp,match_time_minute,match_clock,competitor,team,x,y,period,period_name,break_name,home_score,away_score,method,player_id,player_name,scorer_id,scorer_name,substituted_out_id,substituted_out_name,substituted_in_id,substituted_in_name,players_json
super_rugby_2026_hurricanes_vs_moana_pasifika_65866100.json,sr:sport_event:65866100,2026-02-20T06:05:00+00:00,Super Rugby,sr:competition:422,Super Rugby 2026,sr:season:137092,2026,league,regular season,2,Super Rugby Pacific 2026,Hurricanes,sr:competitor:4189,HUR,Moana Pasifika,sr:competitor:761406,MOA,Wellington Regional Stadium,Wellington,New Zealand,"-41.273056, 174.785833","Gardner, Angus",Australia,1,2275741016,match_started,2026-02-20T06:05:33+00:00,,,,,,,,,,,,,,,,,,,,,
super_rugby_2026_hurricanes_vs_moana_pasifika_65866100.json,sr:sport_event:65866100,2026-02-20T06:05:00+00:00,Super Rugby,sr:competition:422,Super Rugby 2026,sr:season:137092,2026,league,regular season,2,Super Rugby Pacific 2026,Hurricanes,sr:competitor:4189,HUR,Moana Pasifika,sr:competitor:761406,MOA,Wellington Regional Stadium,Wellington,New Zealand,"-41.273056, 174.785833","Gardner, Angus",Australia,2,2275741014,period_start,2026-02-20T06:05:33+00:00,,,,,,,1,1st_half,,,,,,,,,,,,,
super_rugby_2026_hurricanes_vs_moana_pasifika_65866100.json,sr:sport_event:65866100,2026-02-20T06:05:00+00:00,Super Rugby,sr:competition:422,Super Rugby 2026,sr:season:137092,2026,league,regular season,2,Super Rugby Pacific 2026,Hurricanes,sr:competitor:4189,HUR,Moana Pasifika,sr:competitor:761406,MOA,Wellington Regional Stadium,Wellington,New Zealand,"-41.273056, 174.785833","Gardner, Angus",Australia,3,2275741048,ball_kicked,2026-02-20T06:05:40+00:00,1,0:06,away,Moana Pasifika,56,37,1,,,,,,,,,,,,,,
super_rugby_2026_hurricanes_vs_moana_pasifika_65866100.json,sr:sport_event:65866100,2026-02-20T06:05:00+00:00,Super Rugby,sr:competition:422,Super Rugby 2026,sr:season:137092,2026,league,regular season,2,Super Rugby Pacific 2026,Hurricanes,sr:competitor:4189,HUR,Moana Pasifika,sr:competitor:761406,MOA,Wellington Regional Stadium,Wellington,New Zealand,"-41.273056, 174.785833","Gardner, Angus",Australia,4,2275741062,turnover,2026-02-20T06:05:42+00:00,1,0:09,away,Moana Pasifika,40,12,1,,,,,,,,,,,,,,
super_rugby_2026_hurricanes_vs_moana_pasifika_65866100.json,sr:sport_event:65866100,2026-02-20T06:05:00+00:00,Super Rugby,sr:competition:422,Super Rugby 2026,sr:season:137092,2026,league,regular season,2,Super Rugby Pacific 2026,Hurricanes,sr:competitor:4189,HUR,Moana Pasifika,sr:competitor:761406,MOA,Wellington Regional Stadium,Wellington,New Zealand,"-41.273056, 174.785833","Gardner, Angus",Australia,5,2275741076,ball_recycled,2026-02-20T06:05:44+00:00,1,0:11,away,Moana Pasifika,37,17,1,,,,,,,,,,,,,,
super_rugby_2026_hurricanes_vs_moana_pasifika_65866100.json,sr:sport_event:65866100,2026-02-20T06:05:00+00:00,Super Rugby,sr:competition:422,Super Rugby 2026,sr:season:137092,2026,league,regular season,2,Super Rugby Pacific 2026,Hurricanes,sr:competitor:4189,HUR,Moana Pasifika,sr:competitor:761406,MOA,Wellington Regional Stadium,Wellington,New Zealand,"-41.273056, 174.785833","Gardner, Angus",Australia,6,2275741140,ball_recycled,2026-02-20T06:05:52+00:00,1,0:19,away,Moana Pasifika,37,21,1,,,,,,,,,,,,,,
super_rugby_2026_hurricanes_vs_moana_pasifika_65866100.json,sr:sport_event:65866100,2026-02-20T06:05:00+00:00,Super Rugby,sr:competition:422,Super Rugby 2026,sr:season:137092,2026,league,regular season,2,Super Rugby Pacific 2026,Hurricanes,sr:competitor:4189,HUR,Moana Pasifika,sr:competitor:761406,MOA,Wellington Regional Stadium,Wellington,New Zealand,"-41.273056, 174.785833","Gardner, Angus",Australia,7,2275741172,ball_recycled,2026-02-20T06:06:02+00:00,1,0:28,away,Moana Pasifika,35,30,1,,,,,,,,,,,,,,
super_rugby_2026_hurricanes_vs_moana_pasifika_65866100.json,sr:sport_event:65866100,2026-02-20T06:05:00+00:00,Super Rugby,sr:competition:422,Super Rugby 2026,sr:season:137092,2026,league,regular season,2,Super Rugby Pacific 2026,Hurricanes,sr:competitor:4189,HUR,Moana Pasifika,sr:competitor:761406,MOA,Wellington Regional Stadium,Wellington,New Zealand,"-41.273056, 174.785833","Gardner, Angus",Australia,8,2275741184,ball_recycled,2026-02-20T06:06:07+00:00,1,0:34,away,Moana Pasifika,35,45,1,,,,,,,,,,,,,,
super_rugby_2026_hurricanes_vs_moana_pasifika_65866100.json,sr:sport_event:65866100,2026-02-20T06:05:00+00:00,Super Rugby,sr:competition:422,Super Rugby 2026,sr:season:137092,2026,league,regular season,2,Super Rugby Pacific 2026,Hurricanes,sr:competitor:4189,HUR,Moana Pasifika,sr:competitor:761406,MOA,Wellington Regional Stadium,Wellington,New Zealand,"-41.273056, 174.785833","Gardner, Angus",Australia,9,2275741190,turnover,2026-02-20T06:06:09+00:00,1,0:36,home,Hurricanes,37,44,1,,,,,,,,,,,,,,
super_rugby_2026_hurricanes_vs_moana_pasifika_65866100.json,sr:sport_event:65866100,2026-02-20T06:05:00+00:00,Super Rugby,sr:competition:422,Super Rugby 2026,sr:season:137092,2026,league,regular season,2,Super Rugby Pacific 2026,Hurricanes,sr:competitor:4189,HUR,Moana Pasifika,sr:competitor:761406,MOA,Wellington Regional Stadium,Wellington,New Zealand,"-41.273056, 174.785833","Gardner, Angus",Australia,10,2275741228,penalty_awarded,2026-02-20T06:06:15+00:00,1,0:42,home,Hurricanes,37,47,1,,,,,,,,,,,,,,
super_rugby_2026_hurricanes_vs_moana_pasifika_65866100.json,sr:sport_event:65866100,2026-02-20T06:05:00+00:00,Super Rugby,sr:competition:422,Super Rugby 2026,sr:season:137092,2026,league,regular season,2,Super Rugby Pacific 2026,Hurricanes,sr:competitor:4189,HUR,Moana Pasifika,sr:competitor:761406,MOA,Wellington Regional Stadium,Wellington,New Zealand,"-41.273056, 174.785833","Gardner, Angus",Australia,11,2275741242,kick_to_touch,2026-02-20T06:06:19+00:00,1,0:46,home,Hurricanes,37,47,1,,,,,,,,,,,,,,
super_rugby_2026_hurricanes_vs_moana_pasifika_65866100.json,sr:sport_event:65866100,2026-02-20T06:05:00+00:00,Super Rugby,sr:competition:422,Super Rugby 2026,sr:season:137092,2026,league,regular season,2,Super Rugby Pacific 2026,Hurricanes,sr:competitor:4189,HUR,Moana Pasifika,sr:competitor:761406,MOA,Wellington Regional Stadium,Wellington,New Zealand,"-41.273056, 174.785833","Gardner, Angus",Australia,12,2275741260,line_out,2026-02-20T06:06:25+00:00,1,0:51,home,Hurricanes,75,72,1,,,,,,,,,,,,,,
super_rugby_2026_hurricanes_vs_moana_pasifika_65866100.json,sr:sport_event:65866100,2026-02-20T06:05:00+00:00,Super Rugby,sr:competition:422,Super Rugby 2026,sr:season:137092,2026,league,regular season,2,Super Rugby Pacific 2026,Hurricanes,sr:competitor:4189,HUR,Moana Pasifika,sr:competitor:761406,MOA,Wellington Regional Stadium,Wellington,New Zealand,"-41.273056, 174.785833","Gardner, Angus",Australia,13,2275741362,line_out_won,2026-02-20T06:06:49+00:00,2,1:16,home,Hurricanes,75,72,1,,,,,,,,,,,,,,
super_rugby_2026_hurricanes_vs_moana_pasifika_65866100.json,sr:sport_event:65866100,2026-02-20T06:05:00+00:00,Super Rugby,sr:competition:422,Super Rugby 2026,sr:season:137092,2026,league,regular season,2,Super Rugby Pacific 2026,Hurricanes,sr:competitor:4189,HUR,Moana Pasifika,sr:competitor:761406,MOA,Wellington Regional Stadium,Wellington,New Zealand,"-41.273056, 174.785833","Gardner, Angus",Australia,14,2275741382,turnover,2026-02-20T06:06:55+00:00,2,1:21,away,Moana Pasifika,75,60,1,,,,,,,,,,,,,,
super_rugby_2026_hurricanes_vs_moana_pasifika_65866100.json,sr:sport_event:65866100,2026-02-20T06:05:00+00:00,Super Rugby,sr:competition:422,Super Rugby 2026,sr:season:137092,2026,league,regular season,2,Super Rugby Pacific 2026,Hurricanes,sr:competitor:4189,HUR,Moana Pasifika,sr:competitor:761406,MOA,Wellington Regional Stadium,Wellington,New Zealand,"-41.273056, 174.785833","Gardner, Angus",Australia,15,2275741406,ball_recycled,2026-02-20T06:07:01+00:00,2,1:28,away,Moana Pasifika,76,57,1,,,,,,,,,,,,,,
super_rugby_2026_hurricanes_vs_moana_pasifika_65866100.json,sr:sport_event:65866100,2026-02-20T06:05:00+00:00,Super Rugby,sr:competition:422,Super Rugby 2026,sr:season:137092,2026,league,regular season,2,Super Rugby Pacific 2026,Hurricanes,sr:competitor:4189,HUR,Moana Pasifika,sr:competitor:761406,MOA,Wellington Regional Stadium,Wellington,New Zealand,"-41.273056, 174.785833","Gardner, Angus",Australia,16,2275741454,ball_kicked,2026-02-20T06:07:12+00:00,2,1:39,away,Moana Pasifika,75,58,1,,,,,,,,,,,,,,
super_rugby_2026_hurricanes_vs_moana_pasifika_65866100.json,sr:sport_event:65866100,2026-02-20T06:05:00+00:00,Super Rugby,sr:competition:422,Super Rugby 2026,sr:season:137092,2026,league,regular season,2,Super Rugby Pacific 2026,Hurricanes,sr:competitor:4189,HUR,Moana Pasifika,sr:competitor:761406,MOA,Wellington Regional Stadium,Wellington,New Zealand,"-41.273056, 174.785833","Gardner, Angus",Australia,17,2275741464,turnover,2026-02-20T06:07:16+00:00,2,1:43,away,Moana Pasifika,58,60,1,,,,,,,,,,,,,,
super_rugby_2026_hurricanes_vs_moana_pasifika_65866100.json,sr:sport_event:65866100,2026-02-20T06:05:00+00:00,Super Rugby,sr:competition:422,Super Rugby 2026,sr:season:137092,2026,league,regular season,2,Super Rugby Pacific 2026,Hurricanes,sr:competitor:4189,HUR,Moana Pasifika,sr:competitor:761406,MOA,Wellington Regional Stadium,Wellington,New Zealand,"-41.273056, 174.785833","Gardner, Angus",Australia,18,2275741476,ball_kicked,2026-02-20T06:07:21+00:00,2,1:48,away,Moana Pasifika,62,44,1,,,,,,,,,,,,,,
super_rugby_2026_hurricanes_vs_moana_pasifika_65866100.json,sr:sport_event:65866100,2026-02-20T06:05:00+00:00,Super Rugby,sr:competition:422,Super Rugby 2026,sr:season:137092,2026,league,regular season,2,Super Rugby Pacific 2026,Hurricanes,sr:competitor:4189,HUR,Moana Pasifika,sr:competitor:761406,MOA,Wellington Regional Stadium,Wellington,New Zealand,"-41.273056, 174.785833","Gardner, Angus",Australia,19,2275741488,line_out,2026-02-20T06:07:24+00:00,2,1:51,home,Hurricanes,38,-2,1,,,,,,,,,,,,,,
super_rugby_2026_hurricanes_vs_moana_pasifika_65866100.json,sr:sport_event:65866100,2026-02-20T06:05:00+00:00,Super Rugby,sr:competition:422,Super Rugby 2026,sr:season:137092,2026,league,regular season,2,Super Rugby Pacific 2026,Hurricanes,sr:competitor:4189,HUR,Moana Pasifika,sr:competitor:761406,MOA,Wellington Regional Stadium,Wellington,New Zealand,"-41.273056, 174.785833","Gardner, Angus",Australia,20,2275741588,line_out_won,2026-02-20T06:07:55+00:00,3,2:22,away,Moana Pasifika,38,-2,1,,,,,,,,,,,,,,
super_rugby_2026_hurricanes_vs_moana_pasifika_65866100.json,sr:sport_event:65866100,2026-02-20T06:05:00+00:00,Super Rugby,sr:competition:422,Super Rugby 2026,sr:season:137092,2026,league,regular season,2,Super Rugby Pacific 2026,Hurricanes,sr:competitor:4189,HUR,Moana Pasifika,sr:competitor:761406,MOA,Wellington Regional Stadium,Wellington,New Zealand,"-41.273056, 174.785833","Gardner, Angus",Australia,21,2275741598,ball_recycled,2026-02-20T06:07:58+00:00,3,2:24,away,Moana Pasifika,35,13,1,,,,,,,,,,,,,,
super_rugby_2026_hurricanes_vs_moana_pasifika_65866100.json,sr:sport_event:65866100,2026-02-20T06:05:00+00:00,Super Rugby,sr:competition:422,Super Rugby 2026,sr:season:137092,2026,league,regular season,2,Super Rugby Pacific 2026,Hurricanes,sr:competitor:4189,HUR,Moana Pasifika,sr:competitor:761406,MOA,Wellington Regional Stadium,Wellington,New Zealand,"-41.273056, 174.785833","Gardner, Angus",Australia,22,2275741608,ball_recycled,2026-02-20T06:08:02+00:00,3,2:29,away,Moana Pasifika,37,38,1,,,,,,,,,,,,,,
super_rugby_2026_hurricanes_vs_moana_pasifika_65866100.json,sr:sport_event:65866100,2026-02-20T06:05:00+00:00,Super Rugby,sr:competition:422,Super Rugby 2026,sr:season:137092,2026,league,regular season,2,Super Rugby Pacific 2026,Hurricanes,sr:competitor:4189,HUR,Moana Pasifika,sr:competitor:761406,MOA,Wellington Regional Stadium,Wellington,New Zealand,"-41.273056, 174.785833","Gardner, Angus",Australia,23,2275741628,ball_recycled,2026-02-20T06:08:09+00:00,3,2:35,away,Moana Pasifika,35,50,1,,,,,,,,,,,,,,
super_rugby_2026_hurricanes_vs_moana_pasifika_65866100.json,sr:sport_event:65866100,2026-02-20T06:05:00+00:00,Super Rugby,sr:competition:422,Super Rugby 2026,sr:season:137092,2026,league,regular season,2,Super Rugby Pacific 2026,Hurricanes,sr:competitor:4189,HUR,Moana Pasifika,sr:competitor:761406,MOA,Wellington Regional Stadium,Wellington,New Zealand,"-41.273056, 174.785833","Gardner, Angus",Australia,24,2275741668,scrum,2026-02-20T06:08:25+00:00,3,2:52,away,Moana Pasifika,37,15,1,,,,,,,,,,,,,,
super_rugby_2026_hurricanes_vs_moana_pasifika_65866100.json,sr:sport_event:65866100,2026-02-20T06:05:00+00:00,Super Rugby,sr:competition:422,Super Rugby 2026,sr:season:137092,2026,league,regular season,2,Super Rugby Pacific 2026,Hurricanes,sr:competitor:4189,HUR,Moana Pasifika,sr:competitor:761406,MOA,Wellington Regional Stadium,Wellington,New Zealand,"-41.273056, 174.785833","Gardner, Angus",Australia,25,2275741772,scrum_reset,2026-02-20T06:08:58+00:00,4,3:25,away,Moana Pasifika,37,15,1,,,,,,,,,,,,,,
super_rugby_2026_hurricanes_vs_moana_pasifika_65866100.json,sr:sport_event:65866100,2026-02-20T06:05:00+00:00,Super Rugby,sr:competition:422,Super Rugby 2026,sr:season:137092,2026,league,regular season,2,Super Rugby Pacific 2026,Hurricanes,sr:competitor:4189,HUR,Moana Pasifika,sr:competitor:761406,MOA,Wellington Regional Stadium,Wellington,New Zealand,"-41.273056, 174.785833","Gardner, Angus",Australia,26,2275741898,scrum_won,2026-02-20T06:09:38+00:00,5,4:05,away,Moana Pasifika,37,15,1,,,,,,,,,,,,,,
super_rugby_2026_hurricanes_vs_moana_pasifika_65866100.json,sr:sport_event:65866100,2026-02-20T06:05:00+00:00,Super Rugby,sr:competition:422,Super Rugby 2026,sr:season:137092,2026,league,regular season,2,Super Rugby Pacific 2026,Hurricanes,sr:competitor:4189,HUR,Moana Pasifika,sr:competitor:761406,MOA,Wellington Regional Stadium,Wellington,New Zealand,"-41.273056, 174.785833","Gardner, Angus",Australia,27,2275741914,ball_recycled,2026-02-20T06:09:44+00:00,5,4:10,away,Moana Pasifika,35,31,1,,,,,,,,,,,,,,
super_rugby_2026_hurricanes_vs_moana_pasifika_65866100.json,sr:sport_event:65866100,2026-02-20T06:05:00+00:00,Super Rugby,sr:competition:422,Super Rugby 2026,sr:season:137092,2026,league,regular season,2,Super Rugby Pacific 2026,Hurricanes,sr:competitor:4189,HUR,Moana Pasifika,sr:competitor:761406,MOA,Wellington Regional Stadium,Wellington,New Zealand,"-41.273056, 174.785833","Gardner, Angus",Australia,28,2275741928,ball_recycled,2026-02-20T06:09:48+00:00,5,4:14,away,Moana Pasifika,35,51,1,,,,,,,,,,,,,,
super_rugby_2026_hurricanes_vs_moana_pasifika_65866100.json,sr:sport_event:65866100,2026-02-20T06:05:00+00:00,Super Rugby,sr:competition:422,Super Rugby 2026,sr:season:137092,2026,league,regular season,2,Super Rugby Pacific 2026,Hurricanes,sr:competitor:4189,HUR,Moana Pasifika,sr:competitor:761406,MOA,Wellington Regional Stadium,Wellington,New Zealand,"-41.273056, 174.785833","Gardner, Angus",Australia,29,2275742198,ball_kicked,2026-02-20T06:11:12+00:00,6,5:39,home,Hurricanes,19,28,1,,,,,,,,,,,,,,
super_rugby_2026_hurricanes_vs_moana_pasifika_65866100.json,sr:sport_event:65866100,2026-02-20T06:05:00+00:00,Super Rugby,sr:competition:422,Super Rugby 2026,sr:season:137092,2026,league,regular season,2,Super Rugby Pacific 2026,Hurricanes,sr:competitor:4189,HUR,Moana Pasifika,sr:competitor:761406,MOA,Wellington Regional Stadium,Wellington,New Zealand,"-41.273056, 174.785833","Gardner, Angus",Australia,30,2275742214,line_out,2026-02-20T06:11:17+00:00,6,5:44,away,Moana Pasifika,51,-2,1,,,,,,,,,,,,,,
super_rugby_2026_hurricanes_vs_moana_pasifika_65866100.json,sr:sport_event:65866100,2026-02-20T06:05:00+00:00,Super Rugby,sr:competition:422,Super Rugby 2026,sr:season:137092,2026,league,regular season,2,Super Rugby Pacific 2026,Hurricanes,sr:competitor:4189,HUR,Moana Pasifika,sr:competitor:761406,MOA,Wellington Regional Stadium,Wellington,New Zealand,"-41.273056, 174.785833","Gardner, Angus",Australia,31,2275742386,line_out_won,2026-02-20T06:12:16+00:00,7,6:42,home,Hurricanes,51,-2,1,,,,,,,,,,,,,,
super_rugby_2026_hurricanes_vs_moana_pasifika_65866100.json,sr:sport_event:65866100,2026-02-20T06:05:00+00:00,Super Rugby,sr:competition:422,Super Rugby 2026,sr:season:137092,2026,league,regular season,2,Super Rugby Pacific 2026,Hurricanes,sr:competitor:4189,HUR,Moana Pasifika,sr:competitor:761406,MOA,Wellington Regional Stadium,Wellington,New Zealand,"-41.273056, 174.785833","Gardner, Angus",Australia,32,2275742388,turnover,2026-02-20T06:12:17+00:00,7,6:43,away,Moana Pasifika,37,44,1,,,,,,,,,,,,,,
super_rugby_2026_hurricanes_vs_moana_pasifika_65866100.json,sr:sport_event:65866100,2026-02-20T06:05:00+00:00,Super Rugby,sr:competition:422,Super Rugby 2026,sr:season:137092,2026,league,regular season,2,Super Rugby Pacific 2026,Hurricanes,sr:competitor:4189,HUR,Moana Pasifika,sr:competitor:761406,MOA,Wellington Regional Stadium,Wellington,New Zealand,"-41.273056, 174.785833","Gardner, Angus",Australia,33,2275742502,score_change,2026-02-20T06:12:59+00:00,8,7:26,away,Moana Pasifika,37,44,1,,,0,5,try,,,sr:player:2915121,"Tuitama, Tuna",,,,,"[{""id"": ""sr:player:2915121"", ""name"": ""Tuitama, Tuna"", ""type"": ""scorer""}]"
super_rugby_2026_hurricanes_vs_moana_pasifika_65866100.json,sr:sport_event:65866100,2026-02-20T06:05:00+00:00,Super Rugby,sr:competition:422,Super Rugby 2026,sr:season:137092,2026,league,regular season,2,Super Rugby Pacific 2026,Hurricanes,sr:competitor:4189,HUR,Moana Pasifika,sr:competitor:761406,MOA,Wellington Regional Stadium,Wellington,New Zealand,"-41.273056, 174.785833","Gardner, Angus",Australia,34,2275742690,substitution,2026-02-20T06:13:57+00:00,9,8:23,home,Hurricanes,,,1,,,,,,,,,,sr:player:2586807,"Plummer, Hugo",sr:player:498032,"Shields, Brad","[{""id"": ""sr:player:2586807"", ""name"": ""Plummer, Hugo"", ""type"": ""substituted_out""}, {""id"": ""sr:player:498032"", ""name"": ""Shields, Brad"", ""type"": ""substituted_in""}]"
super_rugby_2026_hurricanes_vs_moana_pasifika_65866100.json,sr:sport_event:65866100,2026-02-20T06:05:00+00:00,Super Rugby,sr:competition:422,Super Rugby 2026,sr:season:137092,2026,league,regular season,2,Super Rugby Pacific 2026,Hurricanes,sr:competitor:4189,HUR,Moana Pasifika,sr:competitor:761406,MOA,Wellington Regional Stadium,Wellington,New Zealand,"-41.273056, 174.785833","Gardner, Angus",Australia,35,2275742698,ball_kicked,2026-02-20T06:14:01+00:00,9,8:27,home,Hurricanes,56,37,1,,,,,,,,,,,,,,
super_rugby_2026_hurricanes_vs_moana_pasifika_65866100.json,sr:sport_event:65866100,2026-02-20T06:05:00+00:00,Super Rugby,sr:competition:422,Super Rugby 2026,sr:season:137092,2026,league,regular season,2,Super Rugby Pacific 2026,Hurricanes,sr:competitor:4189,HUR,Moana Pasifika,sr:competitor:761406,MOA,Wellington Regional Stadium,Wellington,New Zealand,"-41.273056, 174.785833","Gardner, Angus",Australia,36,2275742744,ball_recycled,2026-02-20T06:14:10+00:00,9,8:36,away,Moana Pasifika,76,51,1,,,,,,,,,,,,,,
super_rugby_2026_hurricanes_vs_moana_pasifika_65866100.json,sr:sport_event:65866100,2026-02-20T06:05:00+00:00,Super Rugby,sr:competition:422,Super Rugby 2026,sr:season:137092,2026,league,regular season,2,Super Rugby Pacific 2026,Hurricanes,sr:competitor:4189,HUR,Moana Pasifika,sr:competitor:761406,MOA,Wellington Regional Stadium,Wellington,New Zealand,"-41.273056, 174.785833","Gardner, Angus",Australia,37,2275742752,ball_recycled,2026-02-20T06:14:13+00:00,9,8:39,away,Moana Pasifika,75,46,1,,,,,,,,,,,,,,
super_rugby_2026_hurricanes_vs_moana_pasifika_65866100.json,sr:sport_event:65866100,2026-02-20T06:05:00+00:00,Super Rugby,sr:competition:422,Super Rugby 2026,sr:season:137092,2026,league,regular season,2,Super Rugby Pacific 2026,Hurricanes,sr:competitor:4189,HUR,Moana Pasifika,sr:competitor:761406,MOA,Wellington Regional Stadium,Wellington,New Zealand,"-41.273056, 174.785833","Gardner, Angus",Australia,38,2275742768,ball_recycled,2026-02-20T06:14:19+00:00,9,8:45,away,Moana Pasifika,73,41,1,,,,,,,,,,,,,,
super_rugby_2026_hurricanes_vs_moana_pasifika_65866100.json,sr:sport_event:65866100,2026-02-20T06:05:00+00:00,Super Rugby,sr:competition:422,Super Rugby 2026,sr:season:137092,2026,league,regular season,2,Super Rugby Pacific 2026,Hurricanes,sr:competitor:4189,HUR,Moana Pasifika,sr:competitor:761406,MOA,Wellington Regional Stadium,Wellington,New Zealand,"-41.273056, 174.785833","Gardner, Angus",Australia,39,2275743040,line_out,2026-02-20T06:15:21+00:00,10,9:47,away,Moana Pasifika,76,72,1,,,,,,,,,,,,,,
super_rugby_2026_hurricanes_vs_moana_pasifika_65866100.json,sr:sport_event:65866100,2026-02-20T06:05:00+00:00,Super Rugby,sr:competition:422,Super Rugby 2026,sr:season:137092,2026,league,regular season,2,Super Rugby Pacific 2026,Hurricanes,sr:competitor:4189,HUR,Moana Pasifika,sr:competitor:761406,MOA,Wellington Regional Stadium,Wellington,New Zealand,"-41.273056, 174.785833","Gardner, Angus",Australia,40,2275743050,line_out_won,2026-02-20T06:15:23+00:00,10,9:49,away,Moana Pasifika,76,72,1,,,,,,,,,,,,,,
super_rugby_2026_hurricanes_vs_moana_pasifika_65866100.json,sr:sport_event:65866100,2026-02-20T06:05:00+00:00,Super Rugby,sr:competition:422,Super Rugby 2026,sr:season:137092,2026,league,regular season,2,Super Rugby Pacific 2026,Hurricanes,sr:competitor:4189,HUR,Moana Pasifika,sr:competitor:761406,MOA,Wellington Regional Stadium,Wellington,New Zealand,"-41.273056, 174.785833","Gardner, Angus",Australia,41,2275743056,turnover,2026-02-20T06:15:25+00:00,10,9:51,home,Hurricanes,63,42,1,,,,,,,,,,,,,,
super_rugby_2026_hurricanes_vs_moana_pasifika_65866100.json,sr:sport_event:65866100,2026-02-20T06:05:00+00:00,Super Rugby,sr:competition:422,Super Rugby 2026,sr:season:137092,2026,league,regular season,2,Super Rugby Pacific 2026,Hurricanes,sr:competitor:4189,HUR,Moana Pasifika,sr:competitor:761406,MOA,Wellington Regional Stadium,Wellington,New Zealand,"-41.273056, 174.785833","Gardner, Angus",Australia,42,2275743064,scrum,2026-02-20T06:15:28+00:00,10,9:54,home,Hurricanes,63,44,1,,,,,,,,,,,,,,
super_rugby_2026_hurricanes_vs_moana_pasifika_65866100.json,sr:sport_event:65866100,2026-02-20T06:05:00+00:00,Super Rugby,sr:competition:422,Super Rugby 2026,sr:season:137092,2026,league,regular season,2,Super Rugby Pacific 2026,Hurricanes,sr:competitor:4189,HUR,Moana Pasifika,sr:competitor:761406,MOA,Wellington Regional Stadium,Wellington,New Zealand,"-41.273056, 174.785833","Gardner, Angus",Australia,43,2275743274,scrum_won,2026-02-20T06:16:35+00:00,12,11:01,home,Hurricanes,63,44,1,,,,,,,,,,,,,,
super_rugby_2026_hurricanes_vs_moana_pasifika_65866100.json,sr:sport_event:65866100,2026-02-20T06:05:00+00:00,Super Rugby,sr:competition:422,Super Rugby 2026,sr:season:137092,2026,league,regular season,2,Super Rugby Pacific 2026,Hurricanes,sr:competitor:4189,HUR,Moana Pasifika,sr:competitor:761406,MOA,Wellington Regional Stadium,Wellington,New Zealand,"-41.273056, 174.785833","Gardner, Angus",Australia,44,2275743640,turnover,2026-02-20T06:18:46+00:00,12,11:15,home,Hurricanes,71,37,1,,,,,,,,,,,,,,
super_rugby_2026_hurricanes_vs_moana_pasifika_65866100.json,sr:sport_event:65866100,2026-02-20T06:05:00+00:00,Super Rugby,sr:competition:422,Super Rugby 2026,sr:season:137092,2026,league,regular season,2,Super Rugby Pacific 2026,Hurricanes,sr:competitor:4189,HUR,Moana Pasifika,sr:competitor:761406,MOA,Wellington Regional Stadium,Wellington,New Zealand,"-41.273056, 174.785833","Gardner, Angus",Australia,45,2275743660,score_change,2026-02-20T06:18:51+00:00,12,11:19,home,Hurricanes,71,37,1,,,5,5,try,,,sr:player:2911267,"Fineanganofo, Fehi",,,,,"[{""id"": ""sr:player:2911267"", ""name"": ""Fineanganofo, Fehi"", ""type"": ""scorer""}]"
super_rugby_2026_hurricanes_vs_moana_pasifika_65866100.json,sr:sport_event:65866100,2026-02-20T06:05:00+00:00,Super Rugby,sr:competition:422,Super Rugby 2026,sr:season:137092,2026,league,regular season,2,Super Rugby Pacific 2026,Hurricanes,sr:competitor:4189,HUR,Moana Pasifika,sr:competitor:761406,MOA,Wellington Regional Stadium,Wellington,New Zealand,"-41.273056, 174.785833","Gardner, Angus",Australia,46,2275743672,score_change,2026-02-20T06:18:55+00:00,12,11:24,home,Hurricanes,55,35,1,,,7,5,conversion,,,sr:player:1426443,"Cameron, Brett",,,,,"[{""id"": ""sr:player:1426443"", ""name"": ""Cameron, Brett"", ""type"": ""scorer""}]"
super_rugby_2026_hurricanes_vs_moana_pasifika_65866100.json,sr:sport_event:65866100,2026-02-20T06:05:00+00:00,Super Rugby,sr:competition:422,Super Rugby 2026,sr:season:137092,2026,league,regular season,2,Super Rugby Pacific 2026,Hurricanes,sr:competitor:4189,HUR,Moana Pasifika,sr:competitor:761406,MOA,Wellington Regional Stadium,Wellington,New Zealand,"-41.273056, 174.785833","Gardner, Angus",Australia,47,2275743694,ball_kicked,2026-02-20T06:19:02+00:00,12,11:30,away,Moana Pasifika,67,38,1,,,,,,,,,,,,,,
super_rugby_2026_hurricanes_vs_moana_pasifika_65866100.json,sr:sport_event:65866100,2026-02-20T06:05:00+00:00,Super Rugby,sr:competition:422,Super Rugby 2026,sr:season:137092,2026,league,regular season,2,Super Rugby Pacific 2026,Hurricanes,sr:competitor:4189,HUR,Moana Pasifika,sr:competitor:761406,MOA,Wellington Regional Stadium,Wellington,New Zealand,"-41.273056, 174.785833","Gardner, Angus",Australia,48,2275743698,line_out,2026-02-20T06:19:04+00:00,12,11:33,home,Hurricanes,73,-1,1,,,,,,,,,,,,,,
super_rugby_2026_hurricanes_vs_moana_pasifika_65866100.json,sr:sport_event:65866100,2026-02-20T06:05:00+00:00,Super Rugby,sr:competition:422,Super Rugby 2026,sr:season:137092,2026,league,regular season,2,Super Rugby Pacific 2026,Hurricanes,sr:competitor:4189,HUR,Moana Pasifika,sr:competitor:761406,MOA,Wellington Regional Stadium,Wellington,New Zealand,"-41.273056, 174.785833","Gardner, Angus",Australia,49,2275743954,substitution,2026-02-20T06:20:36+00:00,14,13:05,away,Moana Pasifika,,,1,,,,,,,,,,sr:player:2613565,"Leota, srael",sr:player:2943129,"Ofa, Tevita","[{""id"": ""sr:player:2613565"", ""name"": ""Leota, srael"", ""type"": ""substituted_out""}, {""id"": ""sr:player:2943129"", ""name"": ""Ofa, Tevita"", ""type"": ""substituted_in""}]"
super_rugby_2026_hurricanes_vs_moana_pasifika_65866100.json,sr:sport_event:65866100,2026-02-20T06:05:00+00:00,Super Rugby,sr:competition:422,Super Rugby 2026,sr:season:137092,2026,league,regular season,2,Super Rugby Pacific 2026,Hurricanes,sr:competitor:4189,HUR,Moana Pasifika,sr:competitor:761406,MOA,Wellington Regional Stadium,Wellington,New Zealand,"-41.273056, 174.785833","Gardner, Angus",Australia,50,2275744040,scrum,2026-02-20T06:21:05+00:00,16,15:33,away,Moana Pasifika,79,52,1,,,,,,,,,,,,,,
super_rugby_2026_hurricanes_vs_moana_pasifika_65866100.json,sr:sport_event:65866100,2026-02-20T06:05:00+00:00,Super Rugby,sr:competition:422,Super Rugby 2026,sr:season:137092,2026,league,regular season,2,Super Rugby Pacific 2026,Hurricanes,sr:competitor:4189,HUR,Moana Pasifika,sr:competitor:761406,MOA,Wellington Regional Stadium,Wellington,New Zealand,"-41.273056, 174.785833","Gardner, Angus",Australia,51,2275744048,scrum_won,2026-02-20T06:21:08+00:00,16,15:36,away,Moana Pasifika,79,52,1,,,,,,,,,,,,,,
super_rugby_2026_hurricanes_vs_moana_pasifika_65866100.json,sr:sport_event:65866100,2026-02-20T06:05:00+00:00,Super Rugby,sr:competition:422,Super Rugby 2026,sr:season:137092,2026,league,regular season,2,Super Rugby Pacific 2026,Hurricanes,sr:competitor:4189,HUR,Moana Pasifika,sr:competitor:761406,MOA,Wellington Regional Stadium,Wellington,New Zealand,"-41.273056, 174.785833","Gardner, Angus",Australia,52,2275744052,ball_kicked,2026-02-20T06:21:12+00:00,16,15:41,away,Moana Pasifika,95,51,1,,,,,,,,,,,,,,
super_rugby_2026_hurricanes_vs_moana_pasifika_65866100.json,sr:sport_event:65866100,2026-02-20T06:05:00+00:00,Super Rugby,sr:competition:422,Super Rugby 2026,sr:season:137092,2026,league,regular season,2,Super Rugby Pacific 2026,Hurricanes,sr:competitor:4189,HUR,Moana Pasifika,sr:competitor:761406,MOA,Wellington Regional Stadium,Wellington,New Zealand,"-41.273056, 174.785833","Gardner, Angus",Australia,53,2275744078,line_out,2026-02-20T06:21:18+00:00,16,15:46,home,Hurricanes,73,73,1,,,,,,,,,,,,,,
super_rugby_2026_hurricanes_vs_moana_pasifika_65866100.json,sr:sport_event:65866100,2026-02-20T06:05:00+00:00,Super Rugby,sr:competition:422,Super Rugby 2026,sr:season:137092,2026,league,regular season,2,Super Rugby Pacific 2026,Hurricanes,sr:competitor:4189,HUR,Moana Pasifika,sr:competitor:761406,MOA,Wellington Regional Stadium,Wellington,New Zealand,"-41.273056, 174.785833","Gardner, Angus",Australia,54,2275744120,line_out_won,2026-02-20T06:21:36+00:00,17,16:04,home,Hurricanes,73,73,1,,,,,,,,,,,,,,
super_rugby_2026_hurricanes_vs_moana_pasifika_65866100.json,sr:sport_event:65866100,2026-02-20T06:05:00+00:00,Super Rugby,sr:competition:422,Super Rugby 2026,sr:season:137092,2026,league,regular season,2,Super Rugby Pacific 2026,Hurricanes,sr:competitor:4189,HUR,Moana Pasifika,sr:competitor:761406,MOA,Wellington Regional Stadium,Wellington,New Zealand,"-41.273056, 174.785833","Gardner, Angus",Australia,55,2275744138,ball_recycled,2026-02-20T06:21:39+00:00,17,16:07,home,Hurricanes,89,41,1,,,,,,,,,,,,,,
super_rugby_2026_hurricanes_vs_moana_pasifika_65866100.json,sr:sport_event:65866100,2026-02-20T06:05:00+00:00,Super Rugby,sr:competition:422,Super Rugby 2026,sr:season:137092,2026,league,regular season,2,Super Rugby Pacific 2026,Hurricanes,sr:competitor:4189,HUR,Moana Pasifika,sr:competitor:761406,MOA,Wellington Regional Stadium,Wellington,New Zealand,"-41.273056, 174.785833","Gardner, Angus",Australia,56,2275744150,ball_recycled,2026-02-20T06:21:44+00:00,17,16:12,home,Hurricanes,89,40,1,,,,,,,,,,,,,,
super_rugby_2026_hurricanes_vs_moana_pasifika_65866100.json,sr:sport_event:65866100,2026-02-20T06:05:00+00:00,Super Rugby,sr:competition:422,Super Rugby 2026,sr:season:137092,2026,league,regular season,2,Super Rugby Pacific 2026,Hurricanes,sr:competitor:4189,HUR,Moana Pasifika,sr:competitor:761406,MOA,Wellington Regional Stadium,Wellington,New Zealand,"-41.273056, 174.785833","Gardner, Angus",Australia,57,2275744186,ball_recycled,2026-02-20T06:21:50+00:00,17,16:19,home,Hurricanes,96,26,1,,,,,,,,,,,,,,
super_rugby_2026_hurricanes_vs_moana_pasifika_65866100.json,sr:sport_event:65866100,2026-02-20T06:05:00+00:00,Super Rugby,sr:competition:422,Super Rugby 2026,sr:season:137092,2026,league,regular season,2,Super Rugby Pacific 2026,Hurricanes,sr:competitor:4189,HUR,Moana Pasifika,sr:competitor:761406,MOA,Wellington Regional Stadium,Wellington,New Zealand,"-41.273056, 174.785833","Gardner, Angus",Australia,58,2275744202,ball_recycled,2026-02-20T06:21:55+00:00,17,16:23,home,Hurricanes,97,17,1,,,,,,,,,,,,,,
super_rugby_2026_hurricanes_vs_moana_pasifika_65866100.json,sr:sport_event:65866100,2026-02-20T06:05:00+00:00,Super Rugby,sr:competition:422,Super Rugby 2026,sr:season:137092,2026,league,regular season,2,Super Rugby Pacific 2026,Hurricanes,sr:competitor:4189,HUR,Moana Pasifika,sr:competitor:761406,MOA,Wellington Regional Stadium,Wellington,New Zealand,"-41.273056, 174.785833","Gardner, Angus",Australia,59,2275744230,ball_recycled,2026-02-20T06:22:00+00:00,17,16:28,home,Hurricanes,99,26,1,,,,,,,,,,,,,,
super_rugby_2026_hurricanes_vs_moana_pasifika_65866100.json,sr:sport_event:65866100,2026-02-20T06:05:00+00:00,Super Rugby,sr:competition:422,Super Rugby 2026,sr:season:137092,2026,league,regular season,2,Super Rugby Pacific 2026,Hurricanes,sr:competitor:4189,HUR,Moana Pasifika,sr:competitor:761406,MOA,Wellington Regional Stadium,Wellington,New Zealand,"-41.273056, 174.785833","Gardner, Angus",Australia,60,2275744256,ball_recycled,2026-02-20T06:22:06+00:00,17,16:34,home,Hurricanes,99,26,1,,,,,,,,,,,,,,
super_rugby_2026_hurricanes_vs_moana_pasifika_65866100.json,sr:sport_event:65866100,2026-02-20T06:05:00+00:00,Super Rugby,sr:competition:422,Super Rugby 2026,sr:season:137092,2026,league,regular season,2,Super Rugby Pacific 2026,Hurricanes,sr:competitor:4189,HUR,Moana Pasifika,sr:competitor:761406,MOA,Wellington Regional Stadium,Wellington,New Zealand,"-41.273056, 174.785833","Gardner, Angus",Australia,61,2275744266,ball_recycled,2026-02-20T06:22:13+00:00,17,16:41,home,Hurricanes,103,39,1,,,,,,,,,,,,,,
super_rugby_2026_hurricanes_vs_moana_pasifika_65866100.json,sr:sport_event:65866100,2026-02-20T06:05:00+00:00,Super Rugby,sr:competition:422,Super Rugby 2026,sr:season:137092,2026,league,regular season,2,Super Rugby Pacific 2026,Hurricanes,sr:competitor:4189,HUR,Moana Pasifika,sr:competitor:761406,MOA,Wellington Regional Stadium,Wellington,New Zealand,"-41.273056, 174.785833","Gardner, Angus",Australia,62,2275744460,score_change,2026-02-20T06:23:10+00:00,17,16:59,home,Hurricanes,103,39,1,,,12,5,try,,,sr:player:2288979,"Moorby, Josh",,,,,"[{""id"": ""sr:player:2288979"", ""name"": ""Moorby, Josh"", ""type"": ""scorer""}]"
super_rugby_2026_hurricanes_vs_moana_pasifika_65866100.json,sr:sport_event:65866100,2026-02-20T06:05:00+00:00,Super Rugby,sr:competition:422,Super Rugby 2026,sr:season:137092,2026,league,regular season,2,Super Rugby Pacific 2026,Hurricanes,sr:competitor:4189,HUR,Moana Pasifika,sr:competitor:761406,MOA,Wellington Regional Stadium,Wellington,New Zealand,"-41.273056, 174.785833","Gardner, Angus",Australia,63,2275744612,ball_kicked,2026-02-20T06:23:55+00:00,19,18:17,away,Moana Pasifika,55,38,1,,,,,,,,,,,,,,
super_rugby_2026_hurricanes_vs_moana_pasifika_65866100.json,sr:sport_event:65866100,2026-02-20T06:05:00+00:00,Super Rugby,sr:competition:422,Super Rugby 2026,sr:season:137092,2026,league,regular season,2,Super Rugby Pacific 2026,Hurricanes,sr:competitor:4189,HUR,Moana Pasifika,sr:competitor:761406,MOA,Wellington Regional Stadium,Wellington,New Zealand,"-41.273056, 174.785833","Gardner, Angus",Australia,64,2275744632,ball_kicked,2026-02-20T06:24:03+00:00,19,18:25,home,Hurricanes,64,9,1,,,,,,,,,,,,,,
super_rugby_2026_hurricanes_vs_moana_pasifika_65866100.json,sr:sport_event:65866100,2026-02-20T06:05:00+00:00,Super Rugby,sr:competition:422,Super Rugby 2026,sr:season:137092,2026,league,regular season,2,Super Rugby Pacific 2026,Hurricanes,sr:competitor:4189,HUR,Moana Pasifika,sr:competitor:761406,MOA,Wellington Regional Stadium,Wellington,New Zealand,"-41.273056, 174.785833","Gardner, Angus",Australia,65,2275744734,scrum,2026-02-20T06:24:37+00:00,19,18:59,away,Moana Pasifika,64,12,1,,,,,,,,,,,,,,
super_rugby_2026_hurricanes_vs_moana_pasifika_65866100.json,sr:sport_event:65866100,2026-02-20T06:05:00+00:00,Super Rugby,sr:competition:422,Super Rugby 2026,sr:season:137092,2026,league,regular season,2,Super Rugby Pacific 2026,Hurricanes,sr:competitor:4189,HUR,Moana Pasifika,sr:competitor:761406,MOA,Wellington Regional Stadium,Wellington,New Zealand,"-41.273056, 174.785833","Gardner, Angus",Australia,66,2275744850,scrum_won,2026-02-20T06:25:20+00:00,20,19:42,away,Moana Pasifika,64,12,1,,,,,,,,,,,,,,
super_rugby_2026_hurricanes_vs_moana_pasifika_65866100.json,sr:sport_event:65866100,2026-02-20T06:05:00+00:00,Super Rugby,sr:competition:422,Super Rugby 2026,sr:season:137092,2026,league,regular season,2,Super Rugby Pacific 2026,Hurricanes,sr:competitor:4189,HUR,Moana Pasifika,sr:competitor:761406,MOA,Wellington Regional Stadium,Wellington,New Zealand,"-41.273056, 174.785833","Gardner, Angus",Australia,67,2275744876,ball_recycled,2026-02-20T06:25:26+00:00,20,19:48,away,Moana Pasifika,63,33,1,,,,,,,,,,,,,,
super_rugby_2026_hurricanes_vs_moana_pasifika_65866100.json,sr:sport_event:65866100,2026-02-20T06:05:00+00:00,Super Rugby,sr:competition:422,Super Rugby 2026,sr:season:137092,2026,league,regular season,2,Super Rugby Pacific 2026,Hurricanes,sr:competitor:4189,HUR,Moana Pasifika,sr:competitor:761406,MOA,Wellington Regional Stadium,Wellington,New Zealand,"-41.273056, 174.785833","Gardner, Angus",Australia,68,2275744896,ball_recycled,2026-02-20T06:25:34+00:00,20,19:56,away,Moana Pasifika,62,19,1,,,,,,,,,,,,,,
super_rugby_2026_hurricanes_vs_moana_pasifika_65866100.json,sr:sport_event:65866100,2026-02-20T06:05:00+00:00,Super Rugby,sr:competition:422,Super Rugby 2026,sr:season:137092,2026,league,regular season,2,Super Rugby Pacific 2026,Hurricanes,sr:competitor:4189,HUR,Moana Pasifika,sr:competitor:761406,MOA,Wellington Regional Stadium,Wellington,New Zealand,"-41.273056, 174.785833","Gardner, Angus",Australia,69,2275744942,ball_kicked,2026-02-20T06:25:48+00:00,21,20:10,away,Moana Pasifika,64,22,1,,,,,,,,,,,,,,
super_rugby_2026_hurricanes_vs_moana_pasifika_65866100.json,sr:sport_event:65866100,2026-02-20T06:05:00+00:00,Super Rugby,sr:competition:422,Super Rugby 2026,sr:season:137092,2026,league,regular season,2,Super Rugby Pacific 2026,Hurricanes,sr:competitor:4189,HUR,Moana Pasifika,sr:competitor:761406,MOA,Wellington Regional Stadium,Wellington,New Zealand,"-41.273056, 174.785833","Gardner, Angus",Australia,70,2275744956,ball_recycled,2026-02-20T06:25:50+00:00,21,20:12,away,Moana Pasifika,60,12,1,,,,,,,,,,,,,,
super_rugby_2026_hurricanes_vs_moana_pasifika_65866100.json,sr:sport_event:65866100,2026-02-20T06:05:00+00:00,Super Rugby,sr:competition:422,Super Rugby 2026,sr:season:137092,2026,league,regular season,2,Super Rugby Pacific 2026,Hurricanes,sr:competitor:4189,HUR,Moana Pasifika,sr:competitor:761406,MOA,Wellington Regional Stadium,Wellington,New Zealand,"-41.273056, 174.785833","Gardner, Angus",Australia,71,2275744966,ball_recycled,2026-02-20T06:25:58+00:00,21,20:20,away,Moana Pasifika,71,37,1,,,,,,,,,,,,,,
super_rugby_2026_hurricanes_vs_moana_pasifika_65866100.json,sr:sport_event:65866100,2026-02-20T06:05:00+00:00,Super Rugby,sr:competition:422,Super Rugby 2026,sr:season:137092,2026,league,regular season,2,Super Rugby Pacific 2026,Hurricanes,sr:competitor:4189,HUR,Moana Pasifika,sr:competitor:761406,MOA,Wellington Regional Stadium,Wellington,New Zealand,"-41.273056, 174.785833","Gardner, Angus",Australia,72,2275744988,ball_kicked,2026-02-20T06:26:04+00:00,21,20:26,away,Moana Pasifika,51,62,1,,,,,,,,,,,,,,
super_rugby_2026_hurricanes_vs_moana_pasifika_65866100.json,sr:sport_event:65866100,2026-02-20T06:05:00+00:00,Super Rugby,sr:competition:422,Super Rugby 2026,sr:season:137092,2026,league,regular season,2,Super Rugby Pacific 2026,Hurricanes,sr:competitor:4189,HUR,Moana Pasifika,sr:competitor:761406,MOA,Wellington Regional Stadium,Wellington,New Zealand,"-41.273056, 174.785833","Gardner, Angus",Australia,73,2275744998,turnover,2026-02-20T06:26:07+00:00,21,20:29,away,Moana Pasifika,58,65,1,,,,,,,,,,,,,,
super_rugby_2026_hurricanes_vs_moana_pasifika_65866100.json,sr:sport_event:65866100,2026-02-20T06:05:00+00:00,Super Rugby,sr:competition:422,Super Rugby 2026,sr:season:137092,2026,league,regular season,2,Super Rugby Pacific 2026,Hurricanes,sr:competitor:4189,HUR,Moana Pasifika,sr:competitor:761406,MOA,Wellington Regional Stadium,Wellington,New Zealand,"-41.273056, 174.785833","Gardner, Angus",Australia,74,2275745004,turnover,2026-02-20T06:26:10+00:00,21,20:32,home,Hurricanes,50,61,1,,,,,,,,,,,,,,
super_rugby_2026_hurricanes_vs_moana_pasifika_65866100.json,sr:sport_event:65866100,2026-02-20T06:05:00+00:00,Super Rugby,sr:competition:422,Super Rugby 2026,sr:season:137092,2026,league,regular season,2,Super Rugby Pacific 2026,Hurricanes,sr:competitor:4189,HUR,Moana Pasifika,sr:competitor:761406,MOA,Wellington Regional Stadium,Wellington,New Zealand,"-41.273056, 174.785833","Gardner, Angus",Australia,75,2275745024,ball_recycled,2026-02-20T06:26:18+00:00,21,20:40,home,Hurricanes,50,23,1,,,,,,,,,,,,,,
super_rugby_2026_hurricanes_vs_moana_pasifika_65866100.json,sr:sport_event:65866100,2026-02-20T06:05:00+00:00,Super Rugby,sr:competition:422,Super Rugby 2026,sr:season:137092,2026,league,regular season,2,Super Rugby Pacific 2026,Hurricanes,sr:competitor:4189,HUR,Moana Pasifika,sr:competitor:761406,MOA,Wellington Regional Stadium,Wellington,New Zealand,"-41.273056, 174.785833","Gardner, Angus",Australia,76,2275745046,turnover,2026-02-20T06:26:28+00:00,21,20:50,away,Moana Pasifika,54,12,1,,,,,,,,,,,,,,
super_rugby_2026_hurricanes_vs_moana_pasifika_65866100.json,sr:sport_event:65866100,2026-02-20T06:05:00+00:00,Super Rugby,sr:competition:422,Super Rugby 2026,sr:season:137092,2026,league,regular season,2,Super Rugby Pacific 2026,Hurricanes,sr:competitor:4189,HUR,Moana Pasifika,sr:competitor:761406,MOA,Wellington Regional Stadium,Wellington,New Zealand,"-41.273056, 174.785833","Gardner, Angus",Australia,77,2275745110,substitution,2026-02-20T06:26:50+00:00,22,21:01,home,Hurricanes,,,1,,,,,,,,,,sr:player:498032,"Shields, Brad",sr:player:2586807,"Plummer, Hugo","[{""id"": ""sr:player:498032"", ""name"": ""Shields, Brad"", ""type"": ""substituted_out""}, {""id"": ""sr:player:2586807"", ""name"": ""Plummer, Hugo"", ""type"": ""substituted_in""}]"
super_rugby_2026_hurricanes_vs_moana_pasifika_65866100.json,sr:sport_event:65866100,2026-02-20T06:05:00+00:00,Super Rugby,sr:competition:422,Super Rugby 2026,sr:season:137092,2026,league,regular season,2,Super Rugby Pacific 2026,Hurricanes,sr:competitor:4189,HUR,Moana Pasifika,sr:competitor:761406,MOA,Wellington Regional Stadium,Wellington,New Zealand,"-41.273056, 174.785833","Gardner, Angus",Australia,78,2275745186,scrum,2026-02-20T06:27:26+00:00,22,21:35,away,Moana Pasifika,55,16,1,,,,,,,,,,,,,,
super_rugby_2026_hurricanes_vs_moana_pasifika_65866100.json,sr:sport_event:65866100,2026-02-20T06:05:00+00:00,Super Rugby,sr:competition:422,Super Rugby 2026,sr:season:137092,2026,league,regular season,2,Super Rugby Pacific 2026,Hurricanes,sr:competitor:4189,HUR,Moana Pasifika,sr:competitor:761406,MOA,Wellington Regional Stadium,Wellington,New Zealand,"-41.273056, 174.785833","Gardner, Angus",Australia,79,2275745216,scrum_reset,2026-02-20T06:27:38+00:00,22,21:48,away,Moana Pasifika,55,16,1,,,,,,,,,,,,,,
super_rugby_2026_hurricanes_vs_moana_pasifika_65866100.json,sr:sport_event:65866100,2026-02-20T06:05:00+00:00,Super Rugby,sr:competition:422,Super Rugby 2026,sr:season:137092,2026,league,regular season,2,Super Rugby Pacific 2026,Hurricanes,sr:competitor:4189,HUR,Moana Pasifika,sr:competitor:761406,MOA,Wellington Regional Stadium,Wellington,New Zealand,"-41.273056, 174.785833","Gardner, Angus",Australia,80,2275745328,scrum_won,2026-02-20T06:28:22+00:00,23,22:32,away,Moana Pasifika,55,16,1,,,,,,,,,,,,,,
super_rugby_2026_hurricanes_vs_moana_pasifika_65866100.json,sr:sport_event:65866100,2026-02-20T06:05:00+00:00,Super Rugby,sr:competition:422,Super Rugby 2026,sr:season:137092,2026,league,regular season,2,Super Rugby Pacific 2026,Hurricanes,sr:competitor:4189,HUR,Moana Pasifika,sr:competitor:761406,MOA,Wellington Regional Stadium,Wellington,New Zealand,"-41.273056, 174.785833","Gardner, Angus",Australia,81,2275745340,ball_recycled,2026-02-20T06:28:27+00:00,23,22:37,away,Moana Pasifika,50,28,1,,,,,,,,,,,,,,
super_rugby_2026_hurricanes_vs_moana_pasifika_65866100.json,sr:sport_event:65866100,2026-02-20T06:05:00+00:00,Super Rugby,sr:competition:422,Super Rugby 2026,sr:season:137092,2026,league,regular season,2,Super Rugby Pacific 2026,Hurricanes,sr:competitor:4189,HUR,Moana Pasifika,sr:competitor:761406,MOA,Wellington Regional Stadium,Wellington,New Zealand,"-41.273056, 174.785833","Gardner, Angus",Australia,82,2275745362,ball_kicked,2026-02-20T06:28:34+00:00,23,22:43,away,Moana Pasifika,48,42,1,,,,,,,,,,,,,,
super_rugby_2026_hurricanes_vs_moana_pasifika_65866100.json,sr:sport_event:65866100,2026-02-20T06:05:00+00:00,Super Rugby,sr:competition:422,Super Rugby 2026,sr:season:137092,2026,league,regular season,2,Super Rugby Pacific 2026,Hurricanes,sr:competitor:4189,HUR,Moana Pasifika,sr:competitor:761406,MOA,Wellington Regional Stadium,Wellington,New Zealand,"-41.273056, 174.785833","Gardner, Angus",Australia,83,2275745382,penalty_awarded,2026-02-20T06:28:39+00:00,23,22:49,home,Hurricanes,51,45,1,,,,,,,,,,,,,,
super_rugby_2026_hurricanes_vs_moana_pasifika_65866100.json,sr:sport_event:65866100,2026-02-20T06:05:00+00:00,Super Rugby,sr:competition:422,Super Rugby 2026,sr:season:137092,2026,league,regular season,2,Super Rugby Pacific 2026,Hurricanes,sr:competitor:4189,HUR,Moana Pasifika,sr:competitor:761406,MOA,Wellington Regional Stadium,Wellington,New Zealand,"-41.273056, 174.785833","Gardner, Angus",Australia,84,2275745424,kick_to_touch,2026-02-20T06:28:59+00:00,24,23:09,home,Hurricanes,51,45,1,,,,,,,,,,,,,,
super_rugby_2026_hurricanes_vs_moana_pasifika_65866100.json,sr:sport_event:65866100,2026-02-20T06:05:00+00:00,Super Rugby,sr:competition:422,Super Rugby 2026,sr:season:137092,2026,league,regular season,2,Super Rugby Pacific 2026,Hurricanes,sr:competitor:4189,HUR,Moana Pasifika,sr:competitor:761406,MOA,Wellington Regional Stadium,Wellington,New Zealand,"-41.273056, 174.785833","Gardner, Angus",Australia,85,2275745458,line_out,2026-02-20T06:29:12+00:00,24,23:22,home,Hurricanes,87,71,1,,,,,,,,,,,,,,
super_rugby_2026_hurricanes_vs_moana_pasifika_65866100.json,sr:sport_event:65866100,2026-02-20T06:05:00+00:00,Super Rugby,sr:competition:422,Super Rugby 2026,sr:season:137092,2026,league,regular season,2,Super Rugby Pacific 2026,Hurricanes,sr:competitor:4189,HUR,Moana Pasifika,sr:competitor:761406,MOA,Wellington Regional Stadium,Wellington,New Zealand,"-41.273056, 174.785833","Gardner, Angus",Australia,86,2275745524,substitution,2026-02-20T06:29:41+00:00,24,23:51,home,Hurricanes,,,1,,,,,,,,,,sr:player:1426443,"Cameron, Brett",sr:player:1651711,"Proctor, Billy","[{""id"": ""sr:player:1426443"", ""name"": ""Cameron, Brett"", ""type"": ""substituted_out""}, {""id"": ""sr:player:1651711"", ""name"": ""Proctor, Billy"", ""type"": ""substituted_in""}]"
super_rugby_2026_hurricanes_vs_moana_pasifika_65866100.json,sr:sport_event:65866100,2026-02-20T06:05:00+00:00,Super Rugby,sr:competition:422,Super Rugby 2026,sr:season:137092,2026,league,regular season,2,Super Rugby Pacific 2026,Hurricanes,sr:competitor:4189,HUR,Moana Pasifika,sr:competitor:761406,MOA,Wellington Regional Stadium,Wellington,New Zealand,"-41.273056, 174.785833","Gardner, Angus",Australia,87,2275746770,line_out_won,2026-02-20T06:36:33+00:00,24,23:57,home,Hurricanes,88,61,1,,,,,,,,,,,,,,
super_rugby_2026_hurricanes_vs_moana_pasifika_65866100.json,sr:sport_event:65866100,2026-02-20T06:05:00+00:00,Super Rugby,sr:competition:422,Super Rugby 2026,sr:season:137092,2026,league,regular season,2,Super Rugby Pacific 2026,Hurricanes,sr:competitor:4189,HUR,Moana Pasifika,sr:competitor:761406,MOA,Wellington Regional Stadium,Wellington,New Zealand,"-41.273056, 174.785833","Gardner, Angus",Australia,88,2275746792,ball_recycled,2026-02-20T06:36:40+00:00,25,24:04,home,Hurricanes,89,62,1,,,,,,,,,,,,,,
super_rugby_2026_hurricanes_vs_moana_pasifika_65866100.json,sr:sport_event:65866100,2026-02-20T06:05:00+00:00,Super Rugby,sr:competition:422,Super Rugby 2026,sr:season:137092,2026,league,regular season,2,Super Rugby Pacific 2026,Hurricanes,sr:competitor:4189,HUR,Moana Pasifika,sr:competitor:761406,MOA,Wellington Regional Stadium,Wellington,New Zealand,"-41.273056, 174.785833","Gardner, Angus",Australia,89,2275746854,score_change,2026-02-20T06:36:55+00:00,25,24:19,home,Hurricanes,87,40,1,,,17,5,try,,,sr:player:2911267,"Fineanganofo, Fehi",,,,,"[{""id"": ""sr:player:2911267"", ""name"": ""Fineanganofo, Fehi"", ""type"": ""scorer""}]"
super_rugby_2026_hurricanes_vs_moana_pasifika_65866100.json,sr:sport_event:65866100,2026-02-20T06:05:00+00:00,Super Rugby,sr:competition:422,Super Rugby 2026,sr:season:137092,2026,league,regular season,2,Super Rugby Pacific 2026,Hurricanes,sr:competitor:4189,HUR,Moana Pasifika,sr:competitor:761406,MOA,Wellington Regional Stadium,Wellington,New Zealand,"-41.273056, 174.785833","Gardner, Angus",Australia,90,2275747090,ball_kicked,2026-02-20T06:38:20+00:00,26,25:43,away,Moana Pasifika,54,37,1,,,,,,,,,,,,,,
super_rugby_2026_hurricanes_vs_moana_pasifika_65866100.json,sr:sport_event:65866100,2026-02-20T06:05:00+00:00,Super Rugby,sr:competition:422,Super Rugby 2026,sr:season:137092,2026,league,regular season,2,Super Rugby Pacific 2026,Hurricanes,sr:competitor:4189,HUR,Moana Pasifika,sr:competitor:761406,MOA,Wellington Regional Stadium,Wellington,New Zealand,"-41.273056, 174.785833","Gardner, Angus",Australia,91,2275747094,ball_recycled,2026-02-20T06:38:22+00:00,26,25:46,home,Hurricanes,40,14,1,,,,,,,,,,,,,,
super_rugby_2026_hurricanes_vs_moana_pasifika_65866100.json,sr:sport_event:65866100,2026-02-20T06:05:00+00:00,Super Rugby,sr:competition:422,Super Rugby 2026,sr:season:137092,2026,league,regular season,2,Super Rugby Pacific 2026,Hurricanes,sr:competitor:4189,HUR,Moana Pasifika,sr:competitor:761406,MOA,Wellington Regional Stadium,Wellington,New Zealand,"-41.273056, 174.785833","Gardner, Angus",Australia,92,2275747120,ball_recycled,2026-02-20T06:38:30+00:00,26,25:53,home,Hurricanes,40,26,1,,,,,,,,,,,,,,
super_rugby_2026_hurricanes_vs_moana_pasifika_65866100.json,sr:sport_event:65866100,2026-02-20T06:05:00+00:00,Super Rugby,sr:competition:422,Super Rugby 2026,sr:season:137092,2026,league,regular season,2,Super Rugby Pacific 2026,Hurricanes,sr:competitor:4189,HUR,Moana Pasifika,sr:competitor:761406,MOA,Wellington Regional Stadium,Wellington,New Zealand,"-41.273056, 174.785833","Gardner, Angus",Australia,93,2275747142,ball_kicked,2026-02-20T06:38:42+00:00,27,26:05,home,Hurricanes,40,27,1,,,,,,,,,,,,,,
super_rugby_2026_hurricanes_vs_moana_pasifika_65866100.json,sr:sport_event:65866100,2026-02-20T06:05:00+00:00,Super Rugby,sr:competition:422,Super Rugby 2026,sr:season:137092,2026,league,regular season,2,Super Rugby Pacific 2026,Hurricanes,sr:competitor:4189,HUR,Moana Pasifika,sr:competitor:761406,MOA,Wellington Regional Stadium,Wellington,New Zealand,"-41.273056, 174.785833","Gardner, Angus",Australia,94,2275747146,ball_recycled,2026-02-20T06:38:44+00:00,27,26:07,away,Moana Pasifika,51,8,1,,,,,,,,,,,,,,
super_rugby_2026_hurricanes_vs_moana_pasifika_65866100.json,sr:sport_event:65866100,2026-02-20T06:05:00+00:00,Super Rugby,sr:competition:422,Super Rugby 2026,sr:season:137092,2026,league,regular season,2,Super Rugby Pacific 2026,Hurricanes,sr:competitor:4189,HUR,Moana Pasifika,sr:competitor:761406,MOA,Wellington Regional Stadium,Wellington,New Zealand,"-41.273056, 174.785833","Gardner, Angus",Australia,95,2275747160,ball_recycled,2026-02-20T06:38:49+00:00,27,26:12,away,Moana Pasifika,59,8,1,,,,,,,,,,,,,,
super_rugby_2026_hurricanes_vs_moana_pasifika_65866100.json,sr:sport_event:65866100,2026-02-20T06:05:00+00:00,Super Rugby,sr:competition:422,Super Rugby 2026,sr:season:137092,2026,league,regular season,2,Super Rugby Pacific 2026,Hurricanes,sr:competitor:4189,HUR,Moana Pasifika,sr:competitor:761406,MOA,Wellington Regional Stadium,Wellington,New Zealand,"-41.273056, 174.785833","Gardner, Angus",Australia,96,2275747176,ball_recycled,2026-02-20T06:38:53+00:00,27,26:16,away,Moana Pasifika,58,26,1,,,,,,,,,,,,,,
super_rugby_2026_hurricanes_vs_moana_pasifika_65866100.json,sr:sport_event:65866100,2026-02-20T06:05:00+00:00,Super Rugby,sr:competition:422,Super Rugby 2026,sr:season:137092,2026,league,regular season,2,Super Rugby Pacific 2026,Hurricanes,sr:competitor:4189,HUR,Moana Pasifika,sr:competitor:761406,MOA,Wellington Regional Stadium,Wellington,New Zealand,"-41.273056, 174.785833","Gardner, Angus",Australia,97,2275747208,ball_recycled,2026-02-20T06:39:04+00:00,27,26:27,away,Moana Pasifika,59,12,1,,,,,,,,,,,,,,
super_rugby_2026_hurricanes_vs_moana_pasifika_65866100.json,sr:sport_event:65866100,2026-02-20T06:05:00+00:00,Super Rugby,sr:competition:422,Super Rugby 2026,sr:season:137092,2026,league,regular season,2,Super Rugby Pacific 2026,Hurricanes,sr:competitor:4189,HUR,Moana Pasifika,sr:competitor:761406,MOA,Wellington Regional Stadium,Wellington,New Zealand,"-41.273056, 174.785833","Gardner, Angus",Australia,98,2275747214,ball_recycled,2026-02-20T06:39:12+00:00,27,26:35,away,Moana Pasifika,60,23,1,,,,,,,,,,,,,,
super_rugby_2026_hurricanes_vs_moana_pasifika_65866100.json,sr:sport_event:65866100,2026-02-20T06:05:00+00:00,Super Rugby,sr:competition:422,Super Rugby 2026,sr:season:137092,2026,league,regular season,2,Super Rugby Pacific 2026,Hurricanes,sr:competitor:4189,HUR,Moana Pasifika,sr:competitor:761406,MOA,Wellington Regional Stadium,Wellington,New Zealand,"-41.273056, 174.785833","Gardner, Angus",Australia,99,2275747242,ball_kicked,2026-02-20T06:39:25+00:00,27,26:48,away,Moana Pasifika,63,25,1,,,,,,,,,,,,,,
super_rugby_2026_hurricanes_vs_moana_pasifika_65866100.json,sr:sport_event:65866100,2026-02-20T06:05:00+00:00,Super Rugby,sr:competition:422,Super Rugby 2026,sr:season:137092,2026,league,regular season,2,Super Rugby Pacific 2026,Hurricanes,sr:competitor:4189,HUR,Moana Pasifika,sr:competitor:761406,MOA,Wellington Regional Stadium,Wellington,New Zealand,"-41.273056, 174.785833","Gardner, Angus",Australia,100,2275747244,ball_kicked,2026-02-20T06:39:27+00:00,27,26:51,away,Moana Pasifika,71,5,1,,,,,,,,,,,,,,
super_rugby_2026_hurricanes_vs_moana_pasifika_65866100.json,sr:sport_event:65866100,2026-02-20T06:05:00+00:00,Super Rugby,sr:competition:422,Super Rugby 2026,sr:season:137092,2026,league,regular season,2,Super Rugby Pacific 2026,Hurricanes,sr:competitor:4189,HUR,Moana Pasifika,sr:competitor:761406,MOA,Wellington Regional Stadium,Wellington,New Zealand,"-41.273056, 174.785833","Gardner, Angus",Australia,101,2275747278,ball_kicked,2026-02-20T06:39:38+00:00,28,27:01,home,Hurricanes,39,22,1,,,,,,,,,,,,,,
super_rugby_2026_hurricanes_vs_moana_pasifika_65866100.json,sr:sport_event:65866100,2026-02-20T06:05:00+00:00,Super Rugby,sr:competition:422,Super Rugby 2026,sr:season:137092,2026,league,regular season,2,Super Rugby Pacific 2026,Hurricanes,sr:competitor:4189,HUR,Moana Pasifika,sr:competitor:761406,MOA,Wellington Regional Stadium,Wellington,New Zealand,"-41.273056, 174.785833","Gardner, Angus",Australia,102,2275747364,ball_kicked,2026-02-20T06:40:05+00:00,28,27:28,away,Moana Pasifika,73,36,1,,,,,,,,,,,,,,
super_rugby_2026_hurricanes_vs_moana_pasifika_65866100.json,sr:sport_event:65866100,2026-02-20T06:05:00+00:00,Super Rugby,sr:competition:422,Super Rugby 2026,sr:season:137092,2026,league,regular season,2,Super Rugby Pacific 2026,Hurricanes,sr:competitor:4189,HUR,Moana Pasifika,sr:competitor:761406,MOA,Wellington Regional Stadium,Wellington,New Zealand,"-41.273056, 174.785833","Gardner, Angus",Australia,103,2275747368,ball_recycled,2026-02-20T06:40:07+00:00,28,27:31,home,Hurricanes,58,24,1,,,,,,,,,,,,,,
super_rugby_2026_hurricanes_vs_moana_pasifika_65866100.json,sr:sport_event:65866100,2026-02-20T06:05:00+00:00,Super Rugby,sr:competition:422,Super Rugby 2026,sr:season:137092,2026,league,regular season,2,Super Rugby Pacific 2026,Hurricanes,sr:competitor:4189,HUR,Moana Pasifika,sr:competitor:761406,MOA,Wellington Regional Stadium,Wellington,New Zealand,"-41.273056, 174.785833","Gardner, Angus",Australia,104,2275747376,ball_recycled,2026-02-20T06:40:13+00:00,28,27:36,home,Hurricanes,67,38,1,,,,,,,,,,,,,,
super_rugby_2026_hurricanes_vs_moana_pasifika_65866100.json,sr:sport_event:65866100,2026-02-20T06:05:00+00:00,Super Rugby,sr:competition:422,Super Rugby 2026,sr:season:137092,2026,league,regular season,2,Super Rugby Pacific 2026,Hurricanes,sr:competitor:4189,HUR,Moana Pasifika,sr:competitor:761406,MOA,Wellington Regional Stadium,Wellington,New Zealand,"-41.273056, 174.785833","Gardner, Angus",Australia,105,2275747400,ball_recycled,2026-02-20T06:40:20+00:00,28,27:43,home,Hurricanes,71,29,1,,,,,,,,,,,,,,
super_rugby_2026_hurricanes_vs_moana_pasifika_65866100.json,sr:sport_event:65866100,2026-02-20T06:05:00+00:00,Super Rugby,sr:competition:422,Super Rugby 2026,sr:season:137092,2026,league,regular season,2,Super Rugby Pacific 2026,Hurricanes,sr:competitor:4189,HUR,Moana Pasifika,sr:competitor:761406,MOA,Wellington Regional Stadium,Wellington,New Zealand,"-41.273056, 174.785833","Gardner, Angus",Australia,106,2275747418,ball_recycled,2026-02-20T06:40:27+00:00,28,27:50,home,Hurricanes,71,41,1,,,,,,,,,,,,,,
super_rugby_2026_hurricanes_vs_moana_pasifika_65866100.json,sr:sport_event:65866100,2026-02-20T06:05:00+00:00,Super Rugby,sr:competition:422,Super Rugby 2026,sr:season:137092,2026,league,regular season,2,Super Rugby Pacific 2026,Hurricanes,sr:competitor:4189,HUR,Moana Pasifika,sr:competitor:761406,MOA,Wellington Regional Stadium,Wellington,New Zealand,"-41.273056, 174.785833","Gardner, Angus",Australia,107,2275747446,ball_recycled,2026-02-20T06:40:34+00:00,28,27:57,home,Hurricanes,75,52,1,,,,,,,,,,,,,,
super_rugby_2026_hurricanes_vs_moana_pasifika_65866100.json,sr:sport_event:65866100,2026-02-20T06:05:00+00:00,Super Rugby,sr:competition:422,Super Rugby 2026,sr:season:137092,2026,league,regular season,2,Super Rugby Pacific 2026,Hurricanes,sr:competitor:4189,HUR,Moana Pasifika,sr:competitor:761406,MOA,Wellington Regional Stadium,Wellington,New Zealand,"-41.273056, 174.785833","Gardner, Angus",Australia,108,2275747466,ball_recycled,2026-02-20T06:40:40+00:00,29,28:03,home,Hurricanes,77,66,1,,,,,,,,,,,,,,
super_rugby_2026_hurricanes_vs_moana_pasifika_65866100.json,sr:sport_event:65866100,2026-02-20T06:05:00+00:00,Super Rugby,sr:competition:422,Super Rugby 2026,sr:season:137092,2026,league,regular season,2,Super Rugby Pacific 2026,Hurricanes,sr:competitor:4189,HUR,Moana Pasifika,sr:competitor:761406,MOA,Wellington Regional Stadium,Wellington,New Zealand,"-41.273056, 174.785833","Gardner, Angus",Australia,109,2275747482,ball_recycled,2026-02-20T06:40:45+00:00,29,28:09,home,Hurricanes,73,55,1,,,,,,,,,,,,,,
super_rugby_2026_hurricanes_vs_moana_pasifika_65866100.json,sr:sport_event:65866100,2026-02-20T06:05:00+00:00,Super Rugby,sr:competition:422,Super Rugby 2026,sr:season:137092,2026,league,regular season,2,Super Rugby Pacific 2026,Hurricanes,sr:competitor:4189,HUR,Moana Pasifika,sr:competitor:761406,MOA,Wellington Regional Stadium,Wellington,New Zealand,"-41.273056, 174.785833","Gardner, Angus",Australia,110,2275747520,ball_recycled,2026-02-20T06:40:56+00:00,29,28:19,home,Hurricanes,73,24,1,,,,,,,,,,,,,,
super_rugby_2026_hurricanes_vs_moana_pasifika_65866100.json,sr:sport_event:65866100,2026-02-20T06:05:00+00:00,Super Rugby,sr:competition:422,Super Rugby 2026,sr:season:137092,2026,league,regular season,2,Super Rugby Pacific 2026,Hurricanes,sr:competitor:4189,HUR,Moana Pasifika,sr:competitor:761406,MOA,Wellington Regional Stadium,Wellington,New Zealand,"-41.273056, 174.785833","Gardner, Angus",Australia,111,2275747556,ball_recycled,2026-02-20T06:41:00+00:00,29,28:23,home,Hurricanes,77,19,1,,,,,,,,,,,,,,
super_rugby_2026_hurricanes_vs_moana_pasifika_65866100.json,sr:sport_event:65866100,2026-02-20T06:05:00+00:00,Super Rugby,sr:competition:422,Super Rugby 2026,sr:season:137092,2026,league,regular season,2,Super Rugby Pacific 2026,Hurricanes,sr:competitor:4189,HUR,Moana Pasifika,sr:competitor:761406,MOA,Wellington Regional Stadium,Wellington,New Zealand,"-41.273056, 174.785833","Gardner, Angus",Australia,112,2275747608,score_change,2026-02-20T06:41:14+00:00,29,28:37,home,Hurricanes,77,19,1,,,22,5,try,,,sr:player:2288979,"Moorby, Josh",,,,,"[{""id"": ""sr:player:2288979"", ""name"": ""Moorby, Josh"", ""type"": ""scorer""}]"
super_rugby_2026_hurricanes_vs_moana_pasifika_65866100.json,sr:sport_event:65866100,2026-02-20T06:05:00+00:00,Super Rugby,sr:competition:422,Super Rugby 2026,sr:season:137092,2026,league,regular season,2,Super Rugby Pacific 2026,Hurricanes,sr:competitor:4189,HUR,Moana Pasifika,sr:competitor:761406,MOA,Wellington Regional Stadium,Wellington,New Zealand,"-41.273056, 174.785833","Gardner, Angus",Australia,113,2275747788,score_change,2026-02-20T06:42:04+00:00,30,29:27,home,Hurricanes,55,35,1,,,24,5,conversion,,,sr:player:1001611,"Barrett, Jordie Matthew",,,,,"[{""id"": ""sr:player:1001611"", ""name"": ""Barrett, Jordie Matthew"", ""type"": ""scorer""}]"
super_rugby_2026_hurricanes_vs_moana_pasifika_65866100.json,sr:sport_event:65866100,2026-02-20T06:05:00+00:00,Super Rugby,sr:competition:422,Super Rugby 2026,sr:season:137092,2026,league,regular season,2,Super Rugby Pacific 2026,Hurricanes,sr:competitor:4189,HUR,Moana Pasifika,sr:competitor:761406,MOA,Wellington Regional Stadium,Wellington,New Zealand,"-41.273056, 174.785833","Gardner, Angus",Australia,114,2275747910,ball_kicked,2026-02-20T06:42:43+00:00,31,30:02,away,Moana Pasifika,55,37,1,,,,,,,,,,,,,,
super_rugby_2026_hurricanes_vs_moana_pasifika_65866100.json,sr:sport_event:65866100,2026-02-20T06:05:00+00:00,Super Rugby,sr:competition:422,Super Rugby 2026,sr:season:137092,2026,league,regular season,2,Super Rugby Pacific 2026,Hurricanes,sr:competitor:4189,HUR,Moana Pasifika,sr:competitor:761406,MOA,Wellington Regional Stadium,Wellington,New Zealand,"-41.273056, 174.785833","Gardner, Angus",Australia,115,2275747914,ball_recycled,2026-02-20T06:42:45+00:00,31,30:04,home,Hurricanes,23,17,1,,,,,,,,,,,,,,
super_rugby_2026_hurricanes_vs_moana_pasifika_65866100.json,sr:sport_event:65866100,2026-02-20T06:05:00+00:00,Super Rugby,sr:competition:422,Super Rugby 2026,sr:season:137092,2026,league,regular season,2,Super Rugby Pacific 2026,Hurricanes,sr:competitor:4189,HUR,Moana Pasifika,sr:competitor:761406,MOA,Wellington Regional Stadium,Wellington,New Zealand,"-41.273056, 174.785833","Gardner, Angus",Australia,116,2275747922,ball_recycled,2026-02-20T06:42:47+00:00,31,30:06,home,Hurricanes,37,18,1,,,,,,,,,,,,,,
super_rugby_2026_hurricanes_vs_moana_pasifika_65866100.json,sr:sport_event:65866100,2026-02-20T06:05:00+00:00,Super Rugby,sr:competition:422,Super Rugby 2026,sr:season:137092,2026,league,regular season,2,Super Rugby Pacific 2026,Hurricanes,sr:competitor:4189,HUR,Moana Pasifika,sr:competitor:761406,MOA,Wellington Regional Stadium,Wellington,New Zealand,"-41.273056, 174.785833","Gardner, Angus",Australia,117,2275747952,ball_recycled,2026-02-20T06:42:58+00:00,31,30:17,home,Hurricanes,37,27,1,,,,,,,,,,,,,,
super_rugby_2026_hurricanes_vs_moana_pasifika_65866100.json,sr:sport_event:65866100,2026-02-20T06:05:00+00:00,Super Rugby,sr:competition:422,Super Rugby 2026,sr:season:137092,2026,league,regular season,2,Super Rugby Pacific 2026,Hurricanes,sr:competitor:4189,HUR,Moana Pasifika,sr:competitor:761406,MOA,Wellington Regional Stadium,Wellington,New Zealand,"-41.273056, 174.785833","Gardner, Angus",Australia,118,2275747990,ball_kicked,2026-02-20T06:43:09+00:00,31,30:28,home,Hurricanes,37,28,1,,,,,,,,,,,,,,
super_rugby_2026_hurricanes_vs_moana_pasifika_65866100.json,sr:sport_event:65866100,2026-02-20T06:05:00+00:00,Super Rugby,sr:competition:422,Super Rugby 2026,sr:season:137092,2026,league,regular season,2,Super Rugby Pacific 2026,Hurricanes,sr:competitor:4189,HUR,Moana Pasifika,sr:competitor:761406,MOA,Wellington Regional Stadium,Wellington,New Zealand,"-41.273056, 174.785833","Gardner, Angus",Australia,119,2275748000,ball_recycled,2026-02-20T06:43:12+00:00,31,30:31,away,Moana Pasifika,50,14,1,,,,,,,,,,,,,,
super_rugby_2026_hurricanes_vs_moana_pasifika_65866100.json,sr:sport_event:65866100,2026-02-20T06:05:00+00:00,Super Rugby,sr:competition:422,Super Rugby 2026,sr:season:137092,2026,league,regular season,2,Super Rugby Pacific 2026,Hurricanes,sr:competitor:4189,HUR,Moana Pasifika,sr:competitor:761406,MOA,Wellington Regional Stadium,Wellington,New Zealand,"-41.273056, 174.785833","Gardner, Angus",Australia,120,2275748018,ball_recycled,2026-02-20T06:43:18+00:00,31,30:37,away,Moana Pasifika,50,25,1,,,,,,,,,,,,,,
super_rugby_2026_hurricanes_vs_moana_pasifika_65866100.json,sr:sport_event:65866100,2026-02-20T06:05:00+00:00,Super Rugby,sr:competition:422,Super Rugby 2026,sr:season:137092,2026,league,regular season,2,Super Rugby Pacific 2026,Hurricanes,sr:competitor:4189,HUR,Moana Pasifika,sr:competitor:761406,MOA,Wellington Regional Stadium,Wellington,New Zealand,"-41.273056, 174.785833","Gardner, Angus",Australia,121,2275748044,ball_recycled,2026-02-20T06:43:27+00:00,31,30:46,away,Moana Pasifika,58,46,1,,,,,,,,,,,,,,
super_rugby_2026_hurricanes_vs_moana_pasifika_65866100.json,sr:sport_event:65866100,2026-02-20T06:05:00+00:00,Super Rugby,sr:competition:422,Super Rugby 2026,sr:season:137092,2026,league,regular season,2,Super Rugby Pacific 2026,Hurricanes,sr:competitor:4189,HUR,Moana Pasifika,sr:competitor:761406,MOA,Wellington Regional Stadium,Wellington,New Zealand,"-41.273056, 174.785833","Gardner, Angus",Australia,122,2275748076,ball_kicked,2026-02-20T06:43:34+00:00,31,30:53,away,Moana Pasifika,62,40,1,,,,,,,,,,,,,,
super_rugby_2026_hurricanes_vs_moana_pasifika_65866100.json,sr:sport_event:65866100,2026-02-20T06:05:00+00:00,Super Rugby,sr:competition:422,Super Rugby 2026,sr:season:137092,2026,league,regular season,2,Super Rugby Pacific 2026,Hurricanes,sr:competitor:4189,HUR,Moana Pasifika,sr:competitor:761406,MOA,Wellington Regional Stadium,Wellington,New Zealand,"-41.273056, 174.785833","Gardner, Angus",Australia,123,2275748082,turnover,2026-02-20T06:43:36+00:00,31,30:55,away,Moana Pasifika,35,31,1,,,,,,,,,,,,,,
super_rugby_2026_hurricanes_vs_moana_pasifika_65866100.json,sr:sport_event:65866100,2026-02-20T06:05:00+00:00,Super Rugby,sr:competition:422,Super Rugby 2026,sr:season:137092,2026,league,regular season,2,Super Rugby Pacific 2026,Hurricanes,sr:competitor:4189,HUR,Moana Pasifika,sr:competitor:761406,MOA,Wellington Regional Stadium,Wellington,New Zealand,"-41.273056, 174.785833","Gardner, Angus",Australia,124,2275748096,scrum,2026-02-20T06:43:40+00:00,31,30:59,away,Moana Pasifika,35,29,1,,,,,,,,,,,,,,
super_rugby_2026_hurricanes_vs_moana_pasifika_65866100.json,sr:sport_event:65866100,2026-02-20T06:05:00+00:00,Super Rugby,sr:competition:422,Super Rugby 2026,sr:season:137092,2026,league,regular season,2,Super Rugby Pacific 2026,Hurricanes,sr:competitor:4189,HUR,Moana Pasifika,sr:competitor:761406,MOA,Wellington Regional Stadium,Wellington,New Zealand,"-41.273056, 174.785833","Gardner, Angus",Australia,125,2275748284,scrum_won,2026-02-20T06:44:33+00:00,32,31:52,away,Moana Pasifika,35,29,1,,,,,,,,,,,,,,
super_rugby_2026_hurricanes_vs_moana_pasifika_65866100.json,sr:sport_event:65866100,2026-02-20T06:05:00+00:00,Super Rugby,sr:competition:422,Super Rugby 2026,sr:season:137092,2026,league,regular season,2,Super Rugby Pacific 2026,Hurricanes,sr:competitor:4189,HUR,Moana Pasifika,sr:competitor:761406,MOA,Wellington Regional Stadium,Wellington,New Zealand,"-41.273056, 174.785833","Gardner, Angus",Australia,126,2275748294,turnover,2026-02-20T06:44:38+00:00,32,31:57,home,Hurricanes,23,18,1,,,,,,,,,,,,,,
super_rugby_2026_hurricanes_vs_moana_pasifika_65866100.json,sr:sport_event:65866100,2026-02-20T06:05:00+00:00,Super Rugby,sr:competition:422,Super Rugby 2026,sr:season:137092,2026,league,regular season,2,Super Rugby Pacific 2026,Hurricanes,sr:competitor:4189,HUR,Moana Pasifika,sr:competitor:761406,MOA,Wellington Regional Stadium,Wellington,New Zealand,"-41.273056, 174.785833","Gardner, Angus",Australia,127,2275748326,line_out,2026-02-20T06:44:47+00:00,33,32:06,away,Moana Pasifika,46,-2,1,,,,,,,,,,,,,,
super_rugby_2026_hurricanes_vs_moana_pasifika_65866100.json,sr:sport_event:65866100,2026-02-20T06:05:00+00:00,Super Rugby,sr:competition:422,Super Rugby 2026,sr:season:137092,2026,league,regular season,2,Super Rugby Pacific 2026,Hurricanes,sr:competitor:4189,HUR,Moana Pasifika,sr:competitor:761406,MOA,Wellington Regional Stadium,Wellington,New Zealand,"-41.273056, 174.785833","Gardner, Angus",Australia,128,2275748484,line_out_won,2026-02-20T06:45:14+00:00,33,32:33,away,Moana Pasifika,46,-2,1,,,,,,,,,,,,,,
super_rugby_2026_hurricanes_vs_moana_pasifika_65866100.json,sr:sport_event:65866100,2026-02-20T06:05:00+00:00,Super Rugby,sr:competition:422,Super Rugby 2026,sr:season:137092,2026,league,regular season,2,Super Rugby Pacific 2026,Hurricanes,sr:competitor:4189,HUR,Moana Pasifika,sr:competitor:761406,MOA,Wellington Regional Stadium,Wellington,New Zealand,"-41.273056, 174.785833","Gardner, Angus",Australia,129,2275748514,ball_recycled,2026-02-20T06:45:22+00:00,33,32:41,away,Moana Pasifika,44,28,1,,,,,,,,,,,,,,
super_rugby_2026_hurricanes_vs_moana_pasifika_65866100.json,sr:sport_event:65866100,2026-02-20T06:05:00+00:00,Super Rugby,sr:competition:422,Super Rugby 2026,sr:season:137092,2026,league,regular season,2,Super Rugby Pacific 2026,Hurricanes,sr:competitor:4189,HUR,Moana Pasifika,sr:competitor:761406,MOA,Wellington Regional Stadium,Wellington,New Zealand,"-41.273056, 174.785833","Gardner, Angus",Australia,130,2275748554,ball_recycled,2026-02-20T06:45:28+00:00,33,32:47,away,Moana Pasifika,48,45,1,,,,,,,,,,,,,,
super_rugby_2026_hurricanes_vs_moana_pasifika_65866100.json,sr:sport_event:65866100,2026-02-20T06:05:00+00:00,Super Rugby,sr:competition:422,Super Rugby 2026,sr:season:137092,2026,league,regular season,2,Super Rugby Pacific 2026,Hurricanes,sr:competitor:4189,HUR,Moana Pasifika,sr:competitor:761406,MOA,Wellington Regional Stadium,Wellington,New Zealand,"-41.273056, 174.785833","Gardner, Angus",Australia,131,2275748614,ball_recycled,2026-02-20T06:45:38+00:00,33,32:57,away,Moana Pasifika,44,24,1,,,,,,,,,,,,,,
super_rugby_2026_hurricanes_vs_moana_pasifika_65866100.json,sr:sport_event:65866100,2026-02-20T06:05:00+00:00,Super Rugby,sr:competition:422,Super Rugby 2026,sr:season:137092,2026,league,regular season,2,Super Rugby Pacific 2026,Hurricanes,sr:competitor:4189,HUR,Moana Pasifika,sr:competitor:761406,MOA,Wellington Regional Stadium,Wellington,New Zealand,"-41.273056, 174.785833","Gardner, Angus",Australia,132,2275748628,ball_recycled,2026-02-20T06:45:43+00:00,34,33:02,away,Moana Pasifika,47,37,1,,,,,,,,,,,,,,
super_rugby_2026_hurricanes_vs_moana_pasifika_65866100.json,sr:sport_event:65866100,2026-02-20T06:05:00+00:00,Super Rugby,sr:competition:422,Super Rugby 2026,sr:season:137092,2026,league,regular season,2,Super Rugby Pacific 2026,Hurricanes,sr:competitor:4189,HUR,Moana Pasifika,sr:competitor:761406,MOA,Wellington Regional Stadium,Wellington,New Zealand,"-41.273056, 174.785833","Gardner, Angus",Australia,133,2275748658,ball_recycled,2026-02-20T06:45:50+00:00,34,33:09,away,Moana Pasifika,50,62,1,,,,,,,,,,,,,,
super_rugby_2026_hurricanes_vs_moana_pasifika_65866100.json,sr:sport_event:65866100,2026-02-20T06:05:00+00:00,Super Rugby,sr:competition:422,Super Rugby 2026,sr:season:137092,2026,league,regular season,2,Super Rugby Pacific 2026,Hurricanes,sr:competitor:4189,HUR,Moana Pasifika,sr:competitor:761406,MOA,Wellington Regional Stadium,Wellington,New Zealand,"-41.273056, 174.785833","Gardner, Angus",Australia,134,2275748670,ball_kicked,2026-02-20T06:45:53+00:00,34,33:12,away,Moana Pasifika,33,59,1,,,,,,,,,,,,,,
super_rugby_2026_hurricanes_vs_moana_pasifika_65866100.json,sr:sport_event:65866100,2026-02-20T06:05:00+00:00,Super Rugby,sr:competition:422,Super Rugby 2026,sr:season:137092,2026,league,regular season,2,Super Rugby Pacific 2026,Hurricanes,sr:competitor:4189,HUR,Moana Pasifika,sr:competitor:761406,MOA,Wellington Regional Stadium,Wellington,New Zealand,"-41.273056, 174.785833","Gardner, Angus",Australia,135,2275748684,ball_recycled,2026-02-20T06:45:55+00:00,34,33:14,home,Hurricanes,26,59,1,,,,,,,,,,,,,,
super_rugby_2026_hurricanes_vs_moana_pasifika_65866100.json,sr:sport_event:65866100,2026-02-20T06:05:00+00:00,Super Rugby,sr:competition:422,Super Rugby 2026,sr:season:137092,2026,league,regular season,2,Super Rugby Pacific 2026,Hurricanes,sr:competitor:4189,HUR,Moana Pasifika,sr:competitor:761406,MOA,Wellington Regional Stadium,Wellington,New Zealand,"-41.273056, 174.785833","Gardner, Angus",Australia,136,2275748724,ball_recycled,2026-02-20T06:46:06+00:00,34,33:25,home,Hurricanes,23,55,1,,,,,,,,,,,,,,
super_rugby_2026_hurricanes_vs_moana_pasifika_65866100.json,sr:sport_event:65866100,2026-02-20T06:05:00+00:00,Super Rugby,sr:competition:422,Super Rugby 2026,sr:season:137092,2026,league,regular season,2,Super Rugby Pacific 2026,Hurricanes,sr:competitor:4189,HUR,Moana Pasifika,sr:competitor:761406,MOA,Wellington Regional Stadium,Wellington,New Zealand,"-41.273056, 174.785833","Gardner, Angus",Australia,137,2275748754,ball_recycled,2026-02-20T06:46:13+00:00,34,33:32,home,Hurricanes,19,49,1,,,,,,,,,,,,,,
super_rugby_2026_hurricanes_vs_moana_pasifika_65866100.json,sr:sport_event:65866100,2026-02-20T06:05:00+00:00,Super Rugby,sr:competition:422,Super Rugby 2026,sr:season:137092,2026,league,regular season,2,Super Rugby Pacific 2026,Hurricanes,sr:competitor:4189,HUR,Moana Pasifika,sr:competitor:761406,MOA,Wellington Regional Stadium,Wellington,New Zealand,"-41.273056, 174.785833","Gardner, Angus",Australia,138,2275748766,ball_recycled,2026-02-20T06:46:18+00:00,34,33:37,home,Hurricanes,26,44,1,,,,,,,,,,,,,,
super_rugby_2026_hurricanes_vs_moana_pasifika_65866100.json,sr:sport_event:65866100,2026-02-20T06:05:00+00:00,Super Rugby,sr:competition:422,Super Rugby 2026,sr:season:137092,2026,league,regular season,2,Super Rugby Pacific 2026,Hurricanes,sr:competitor:4189,HUR,Moana Pasifika,sr:competitor:761406,MOA,Wellington Regional Stadium,Wellington,New Zealand,"-41.273056, 174.785833","Gardner, Angus",Australia,139,2275748798,ball_recycled,2026-02-20T06:46:26+00:00,34,33:45,home,Hurricanes,25,33,1,,,,,,,,,,,,,,
super_rugby_2026_hurricanes_vs_moana_pasifika_65866100.json,sr:sport_event:65866100,2026-02-20T06:05:00+00:00,Super Rugby,sr:competition:422,Super Rugby 2026,sr:season:137092,2026,league,regular season,2,Super Rugby Pacific 2026,Hurricanes,sr:competitor:4189,HUR,Moana Pasifika,sr:competitor:761406,MOA,Wellington Regional Stadium,Wellington,New Zealand,"-41.273056, 174.785833","Gardner, Angus",Australia,140,2275748816,ball_kicked,2026-02-20T06:46:32+00:00,34,33:51,home,Hurricanes,30,16,1,,,,,,,,,,,,,,
super_rugby_2026_hurricanes_vs_moana_pasifika_65866100.json,sr:sport_event:65866100,2026-02-20T06:05:00+00:00,Super Rugby,sr:competition:422,Super Rugby 2026,sr:season:137092,2026,league,regular season,2,Super Rugby Pacific 2026,Hurricanes,sr:competitor:4189,HUR,Moana Pasifika,sr:competitor:761406,MOA,Wellington Regional Stadium,Wellington,New Zealand,"-41.273056, 174.785833","Gardner, Angus",Australia,141,2275748828,ball_recycled,2026-02-20T06:46:34+00:00,34,33:53,away,Moana Pasifika,48,8,1,,,,,,,,,,,,,,
super_rugby_2026_hurricanes_vs_moana_pasifika_65866100.json,sr:sport_event:65866100,2026-02-20T06:05:00+00:00,Super Rugby,sr:competition:422,Super Rugby 2026,sr:season:137092,2026,league,regular season,2,Super Rugby Pacific 2026,Hurricanes,sr:competitor:4189,HUR,Moana Pasifika,sr:competitor:761406,MOA,Wellington Regional Stadium,Wellington,New Zealand,"-41.273056, 174.785833","Gardner, Angus",Australia,142,2275748842,ball_recycled,2026-02-20T06:46:40+00:00,34,33:59,away,Moana Pasifika,47,16,1,,,,,,,,,,,,,,
super_rugby_2026_hurricanes_vs_moana_pasifika_65866100.json,sr:sport_event:65866100,2026-02-20T06:05:00+00:00,Super Rugby,sr:competition:422,Super Rugby 2026,sr:season:137092,2026,league,regular season,2,Super Rugby Pacific 2026,Hurricanes,sr:competitor:4189,HUR,Moana Pasifika,sr:competitor:761406,MOA,Wellington Regional Stadium,Wellington,New Zealand,"-41.273056, 174.785833","Gardner, Angus",Australia,143,2275748880,ball_recycled,2026-02-20T06:46:50+00:00,35,34:09,away,Moana Pasifika,48,23,1,,,,,,,,,,,,,,
super_rugby_2026_hurricanes_vs_moana_pasifika_65866100.json,sr:sport_event:65866100,2026-02-20T06:05:00+00:00,Super Rugby,sr:competition:422,Super Rugby 2026,sr:season:137092,2026,league,regular season,2,Super Rugby Pacific 2026,Hurricanes,sr:competitor:4189,HUR,Moana Pasifika,sr:competitor:761406,MOA,Wellington Regional Stadium,Wellington,New Zealand,"-41.273056, 174.785833","Gardner, Angus",Australia,144,2275748934,ball_kicked,2026-02-20T06:47:05+00:00,35,34:24,away,Moana Pasifika,58,19,1,,,,,,,,,,,,,,
super_rugby_2026_hurricanes_vs_moana_pasifika_65866100.json,sr:sport_event:65866100,2026-02-20T06:05:00+00:00,Super Rugby,sr:competition:422,Super Rugby 2026,sr:season:137092,2026,league,regular season,2,Super Rugby Pacific 2026,Hurricanes,sr:competitor:4189,HUR,Moana Pasifika,sr:competitor:761406,MOA,Wellington Regional Stadium,Wellington,New Zealand,"-41.273056, 174.785833","Gardner, Angus",Australia,145,2275748938,ball_recycled,2026-02-20T06:47:08+00:00,35,34:27,home,Hurricanes,37,12,1,,,,,,,,,,,,,,
super_rugby_2026_hurricanes_vs_moana_pasifika_65866100.json,sr:sport_event:65866100,2026-02-20T06:05:00+00:00,Super Rugby,sr:competition:422,Super Rugby 2026,sr:season:137092,2026,league,regular season,2,Super Rugby Pacific 2026,Hurricanes,sr:competitor:4189,HUR,Moana Pasifika,sr:competitor:761406,MOA,Wellington Regional Stadium,Wellington,New Zealand,"-41.273056, 174.785833","Gardner, Angus",Australia,146,2275749012,penalty_awarded,2026-02-20T06:47:22+00:00,35,34:41,home,Hurricanes,38,16,1,,,,,,,,,,,,,,
super_rugby_2026_hurricanes_vs_moana_pasifika_65866100.json,sr:sport_event:65866100,2026-02-20T06:05:00+00:00,Super Rugby,sr:competition:422,Super Rugby 2026,sr:season:137092,2026,league,regular season,2,Super Rugby Pacific 2026,Hurricanes,sr:competitor:4189,HUR,Moana Pasifika,sr:competitor:761406,MOA,Wellington Regional Stadium,Wellington,New Zealand,"-41.273056, 174.785833","Gardner, Angus",Australia,147,2275749046,kick_to_touch,2026-02-20T06:47:32+00:00,35,34:51,home,Hurricanes,38,16,1,,,,,,,,,,,,,,
super_rugby_2026_hurricanes_vs_moana_pasifika_65866100.json,sr:sport_event:65866100,2026-02-20T06:05:00+00:00,Super Rugby,sr:competition:422,Super Rugby 2026,sr:season:137092,2026,league,regular season,2,Super Rugby Pacific 2026,Hurricanes,sr:competitor:4189,HUR,Moana Pasifika,sr:competitor:761406,MOA,Wellington Regional Stadium,Wellington,New Zealand,"-41.273056, 174.785833","Gardner, Angus",Australia,148,2275749068,line_out,2026-02-20T06:47:41+00:00,35,34:59,home,Hurricanes,62,-1,1,,,,,,,,,,,,,,
super_rugby_2026_hurricanes_vs_moana_pasifika_65866100.json,sr:sport_event:65866100,2026-02-20T06:05:00+00:00,Super Rugby,sr:competition:422,Super Rugby 2026,sr:season:137092,2026,league,regular season,2,Super Rugby Pacific 2026,Hurricanes,sr:competitor:4189,HUR,Moana Pasifika,sr:competitor:761406,MOA,Wellington Regional Stadium,Wellington,New Zealand,"-41.273056, 174.785833","Gardner, Angus",Australia,149,2275749120,line_out_won,2026-02-20T06:47:55+00:00,36,35:14,home,Hurricanes,62,-1,1,,,,,,,,,,,,,,
super_rugby_2026_hurricanes_vs_moana_pasifika_65866100.json,sr:sport_event:65866100,2026-02-20T06:05:00+00:00,Super Rugby,sr:competition:422,Super Rugby 2026,sr:season:137092,2026,league,regular season,2,Super Rugby Pacific 2026,Hurricanes,sr:competitor:4189,HUR,Moana Pasifika,sr:competitor:761406,MOA,Wellington Regional Stadium,Wellington,New Zealand,"-41.273056, 174.785833","Gardner, Angus",Australia,150,2275749142,ball_recycled,2026-02-20T06:48:00+00:00,36,35:19,home,Hurricanes,60,26,1,,,,,,,,,,,,,,
super_rugby_2026_hurricanes_vs_moana_pasifika_65866100.json,sr:sport_event:65866100,2026-02-20T06:05:00+00:00,Super Rugby,sr:competition:422,Super Rugby 2026,sr:season:137092,2026,league,regular season,2,Super Rugby Pacific 2026,Hurricanes,sr:competitor:4189,HUR,Moana Pasifika,sr:competitor:761406,MOA,Wellington Regional Stadium,Wellington,New Zealand,"-41.273056, 174.785833","Gardner, Angus",Australia,151,2275749154,ball_recycled,2026-02-20T06:48:04+00:00,36,35:23,home,Hurricanes,63,37,1,,,,,,,,,,,,,,
super_rugby_2026_hurricanes_vs_moana_pasifika_65866100.json,sr:sport_event:65866100,2026-02-20T06:05:00+00:00,Super Rugby,sr:competition:422,Super Rugby 2026,sr:season:137092,2026,league,regular season,2,Super Rugby Pacific 2026,Hurricanes,sr:competitor:4189,HUR,Moana Pasifika,sr:competitor:761406,MOA,Wellington Regional Stadium,Wellington,New Zealand,"-41.273056, 174.785833","Gardner, Angus",Australia,152,2275749174,turnover,2026-02-20T06:48:10+00:00,36,35:29,away,Moana Pasifika,64,40,1,,,,,,,,,,,,,,
super_rugby_2026_hurricanes_vs_moana_pasifika_65866100.json,sr:sport_event:65866100,2026-02-20T06:05:00+00:00,Super Rugby,sr:competition:422,Super Rugby 2026,sr:season:137092,2026,league,regular season,2,Super Rugby Pacific 2026,Hurricanes,sr:competitor:4189,HUR,Moana Pasifika,sr:competitor:761406,MOA,Wellington Regional Stadium,Wellington,New Zealand,"-41.273056, 174.785833","Gardner, Angus",Australia,153,2275749324,scrum,2026-02-20T06:48:56+00:00,37,36:15,away,Moana Pasifika,66,40,1,,,,,,,,,,,,,,
super_rugby_2026_hurricanes_vs_moana_pasifika_65866100.json,sr:sport_event:65866100,2026-02-20T06:05:00+00:00,Super Rugby,sr:competition:422,Super Rugby 2026,sr:season:137092,2026,league,regular season,2,Super Rugby Pacific 2026,Hurricanes,sr:competitor:4189,HUR,Moana Pasifika,sr:competitor:761406,MOA,Wellington Regional Stadium,Wellington,New Zealand,"-41.273056, 174.785833","Gardner, Angus",Australia,154,2275749336,scrum_reset,2026-02-20T06:49:01+00:00,37,36:20,away,Moana Pasifika,66,40,1,,,,,,,,,,,,,,
super_rugby_2026_hurricanes_vs_moana_pasifika_65866100.json,sr:sport_event:65866100,2026-02-20T06:05:00+00:00,Super Rugby,sr:competition:422,Super Rugby 2026,sr:season:137092,2026,league,regular season,2,Super Rugby Pacific 2026,Hurricanes,sr:competitor:4189,HUR,Moana Pasifika,sr:competitor:761406,MOA,Wellington Regional Stadium,Wellington,New Zealand,"-41.273056, 174.785833","Gardner, Angus",Australia,155,2275749506,scrum_won,2026-02-20T06:49:47+00:00,38,37:06,away,Moana Pasifika,66,40,1,,,,,,,,,,,,,,
super_rugby_2026_hurricanes_vs_moana_pasifika_65866100.json,sr:sport_event:65866100,2026-02-20T06:05:00+00:00,Super Rugby,sr:competition:422,Super Rugby 2026,sr:season:137092,2026,league,regular season,2,Super Rugby Pacific 2026,Hurricanes,sr:competitor:4189,HUR,Moana Pasifika,sr:competitor:761406,MOA,Wellington Regional Stadium,Wellington,New Zealand,"-41.273056, 174.785833","Gardner, Angus",Australia,156,2275749526,ball_recycled,2026-02-20T06:49:53+00:00,38,37:12,away,Moana Pasifika,51,46,1,,,,,,,,,,,,,,
super_rugby_2026_hurricanes_vs_moana_pasifika_65866100.json,sr:sport_event:65866100,2026-02-20T06:05:00+00:00,Super Rugby,sr:competition:422,Super Rugby 2026,sr:season:137092,2026,league,regular season,2,Super Rugby Pacific 2026,Hurricanes,sr:competitor:4189,HUR,Moana Pasifika,sr:competitor:761406,MOA,Wellington Regional Stadium,Wellington,New Zealand,"-41.273056, 174.785833","Gardner, Angus",Australia,157,2275749564,ball_recycled,2026-02-20T06:50:03+00:00,38,37:22,away,Moana Pasifika,42,59,1,,,,,,,,,,,,,,
super_rugby_2026_hurricanes_vs_moana_pasifika_65866100.json,sr:sport_event:65866100,2026-02-20T06:05:00+00:00,Super Rugby,sr:competition:422,Super Rugby 2026,sr:season:137092,2026,league,regular season,2,Super Rugby Pacific 2026,Hurricanes,sr:competitor:4189,HUR,Moana Pasifika,sr:competitor:761406,MOA,Wellington Regional Stadium,Wellington,New Zealand,"-41.273056, 174.785833","Gardner, Angus",Australia,158,2275749572,ball_recycled,2026-02-20T06:50:04+00:00,38,37:23,away,Moana Pasifika,35,64,1,,,,,,,,,,,,,,
super_rugby_2026_hurricanes_vs_moana_pasifika_65866100.json,sr:sport_event:65866100,2026-02-20T06:05:00+00:00,Super Rugby,sr:competition:422,Super Rugby 2026,sr:season:137092,2026,league,regular season,2,Super Rugby Pacific 2026,Hurricanes,sr:competitor:4189,HUR,Moana Pasifika,sr:competitor:761406,MOA,Wellington Regional Stadium,Wellington,New Zealand,"-41.273056, 174.785833","Gardner, Angus",Australia,159,2275749576,ball_recycled,2026-02-20T06:50:09+00:00,38,37:28,away,Moana Pasifika,35,58,1,,,,,,,,,,,,,,
super_rugby_2026_hurricanes_vs_moana_pasifika_65866100.json,sr:sport_event:65866100,2026-02-20T06:05:00+00:00,Super Rugby,sr:competition:422,Super Rugby 2026,sr:season:137092,2026,league,regular season,2,Super Rugby Pacific 2026,Hurricanes,sr:competitor:4189,HUR,Moana Pasifika,sr:competitor:761406,MOA,Wellington Regional Stadium,Wellington,New Zealand,"-41.273056, 174.785833","Gardner, Angus",Australia,160,2275749606,ball_recycled,2026-02-20T06:50:17+00:00,38,37:36,away,Moana Pasifika,35,51,1,,,,,,,,,,,,,,
super_rugby_2026_hurricanes_vs_moana_pasifika_65866100.json,sr:sport_event:65866100,2026-02-20T06:05:00+00:00,Super Rugby,sr:competition:422,Super Rugby 2026,sr:season:137092,2026,league,regular season,2,Super Rugby Pacific 2026,Hurricanes,sr:competitor:4189,HUR,Moana Pasifika,sr:competitor:761406,MOA,Wellington Regional Stadium,Wellington,New Zealand,"-41.273056, 174.785833","Gardner, Angus",Australia,161,2275749636,scrum,2026-02-20T06:50:27+00:00,38,37:46,away,Moana Pasifika,40,58,1,,,,,,,,,,,,,,
super_rugby_2026_hurricanes_vs_moana_pasifika_65866100.json,sr:sport_event:65866100,2026-02-20T06:05:00+00:00,Super Rugby,sr:competition:422,Super Rugby 2026,sr:season:137092,2026,league,regular season,2,Super Rugby Pacific 2026,Hurricanes,sr:competitor:4189,HUR,Moana Pasifika,sr:competitor:761406,MOA,Wellington Regional Stadium,Wellington,New Zealand,"-41.273056, 174.785833","Gardner, Angus",Australia,162,2275749830,scrum_won,2026-02-20T06:51:23+00:00,39,38:42,away,Moana Pasifika,40,58,1,,,,,,,,,,,,,,
super_rugby_2026_hurricanes_vs_moana_pasifika_65866100.json,sr:sport_event:65866100,2026-02-20T06:05:00+00:00,Super Rugby,sr:competition:422,Super Rugby 2026,sr:season:137092,2026,league,regular season,2,Super Rugby Pacific 2026,Hurricanes,sr:competitor:4189,HUR,Moana Pasifika,sr:competitor:761406,MOA,Wellington Regional Stadium,Wellington,New Zealand,"-41.273056, 174.785833","Gardner, Angus",Australia,163,2275749834,penalty_awarded,2026-02-20T06:51:23+00:00,39,38:42,away,Moana Pasifika,40,58,1,,,,,,,,,,,,,,
super_rugby_2026_hurricanes_vs_moana_pasifika_65866100.json,sr:sport_event:65866100,2026-02-20T06:05:00+00:00,Super Rugby,sr:competition:422,Super Rugby 2026,sr:season:137092,2026,league,regular season,2,Super Rugby Pacific 2026,Hurricanes,sr:competitor:4189,HUR,Moana Pasifika,sr:competitor:761406,MOA,Wellington Regional Stadium,Wellington,New Zealand,"-41.273056, 174.785833","Gardner, Angus",Australia,164,2275749898,kick_to_touch,2026-02-20T06:51:34+00:00,39,38:53,away,Moana Pasifika,40,58,1,,,,,,,,,,,,,,
super_rugby_2026_hurricanes_vs_moana_pasifika_65866100.json,sr:sport_event:65866100,2026-02-20T06:05:00+00:00,Super Rugby,sr:competition:422,Super Rugby 2026,sr:season:137092,2026,league,regular season,2,Super Rugby Pacific 2026,Hurricanes,sr:competitor:4189,HUR,Moana Pasifika,sr:competitor:761406,MOA,Wellington Regional Stadium,Wellington,New Zealand,"-41.273056, 174.785833","Gardner, Angus",Australia,165,2275749940,line_out,2026-02-20T06:51:41+00:00,39,39:00,away,Moana Pasifika,21,72,1,,,,,,,,,,,,,,
super_rugby_2026_hurricanes_vs_moana_pasifika_65866100.json,sr:sport_event:65866100,2026-02-20T06:05:00+00:00,Super Rugby,sr:competition:422,Super Rugby 2026,sr:season:137092,2026,league,regular season,2,Super Rugby Pacific 2026,Hurricanes,sr:competitor:4189,HUR,Moana Pasifika,sr:competitor:761406,MOA,Wellington Regional Stadium,Wellington,New Zealand,"-41.273056, 174.785833","Gardner, Angus",Australia,166,2275750022,line_out_won,2026-02-20T06:52:07+00:00,40,39:25,away,Moana Pasifika,21,72,1,,,,,,,,,,,,,,
super_rugby_2026_hurricanes_vs_moana_pasifika_65866100.json,sr:sport_event:65866100,2026-02-20T06:05:00+00:00,Super Rugby,sr:competition:422,Super Rugby 2026,sr:season:137092,2026,league,regular season,2,Super Rugby Pacific 2026,Hurricanes,sr:competitor:4189,HUR,Moana Pasifika,sr:competitor:761406,MOA,Wellington Regional Stadium,Wellington,New Zealand,"-41.273056, 174.785833","Gardner, Angus",Australia,167,2275750046,ball_recycled,2026-02-20T06:52:12+00:00,40,39:31,away,Moana Pasifika,18,62,1,,,,,,,,,,,,,,
super_rugby_2026_hurricanes_vs_moana_pasifika_65866100.json,sr:sport_event:65866100,2026-02-20T06:05:00+00:00,Super Rugby,sr:competition:422,Super Rugby 2026,sr:season:137092,2026,league,regular season,2,Super Rugby Pacific 2026,Hurricanes,sr:competitor:4189,HUR,Moana Pasifika,sr:competitor:761406,MOA,Wellington Regional Stadium,Wellington,New Zealand,"-41.273056, 174.785833","Gardner, Angus",Australia,168,2275750070,ball_recycled,2026-02-20T06:52:18+00:00,40,39:37,away,Moana Pasifika,25,62,1,,,,,,,,,,,,,,
super_rugby_2026_hurricanes_vs_moana_pasifika_65866100.json,sr:sport_event:65866100,2026-02-20T06:05:00+00:00,Super Rugby,sr:competition:422,Super Rugby 2026,sr:season:137092,2026,league,regular season,2,Super Rugby Pacific 2026,Hurricanes,sr:competitor:4189,HUR,Moana Pasifika,sr:competitor:761406,MOA,Wellington Regional Stadium,Wellington,New Zealand,"-41.273056, 174.785833","Gardner, Angus",Australia,169,2275750094,turnover,2026-02-20T06:52:25+00:00,40,39:44,home,Hurricanes,31,65,1,,,,,,,,,,,,,,
super_rugby_2026_hurricanes_vs_moana_pasifika_65866100.json,sr:sport_event:65866100,2026-02-20T06:05:00+00:00,Super Rugby,sr:competition:422,Super Rugby 2026,sr:season:137092,2026,league,regular season,2,Super Rugby Pacific 2026,Hurricanes,sr:competitor:4189,HUR,Moana Pasifika,sr:competitor:761406,MOA,Wellington Regional Stadium,Wellington,New Zealand,"-41.273056, 174.785833","Gardner, Angus",Australia,170,2275750112,scrum,2026-02-20T06:52:29+00:00,40,39:48,home,Hurricanes,33,65,1,,,,,,,,,,,,,,
super_rugby_2026_hurricanes_vs_moana_pasifika_65866100.json,sr:sport_event:65866100,2026-02-20T06:05:00+00:00,Super Rugby,sr:competition:422,Super Rugby 2026,sr:season:137092,2026,league,regular season,2,Super Rugby Pacific 2026,Hurricanes,sr:competitor:4189,HUR,Moana Pasifika,sr:competitor:761406,MOA,Wellington Regional Stadium,Wellington,New Zealand,"-41.273056, 174.785833","Gardner, Angus",Australia,171,2275750364,kick_to_touch,2026-02-20T06:53:45+00:00,40,40:00,home,Hurricanes,33,65,1,,,,,,,,,,,,,,
super_rugby_2026_hurricanes_vs_moana_pasifika_65866100.json,sr:sport_event:65866100,2026-02-20T06:05:00+00:00,Super Rugby,sr:competition:422,Super Rugby 2026,sr:season:137092,2026,league,regular season,2,Super Rugby Pacific 2026,Hurricanes,sr:competitor:4189,HUR,Moana Pasifika,sr:competitor:761406,MOA,Wellington Regional Stadium,Wellington,New Zealand,"-41.273056, 174.785833","Gardner, Angus",Australia,172,2275750406,line_out,2026-02-20T06:53:55+00:00,40,40:00,home,Hurricanes,51,72,1,,,,,,,,,,,,,,
super_rugby_2026_hurricanes_vs_moana_pasifika_65866100.json,sr:sport_event:65866100,2026-02-20T06:05:00+00:00,Super Rugby,sr:competition:422,Super Rugby 2026,sr:season:137092,2026,league,regular season,2,Super Rugby Pacific 2026,Hurricanes,sr:competitor:4189,HUR,Moana Pasifika,sr:competitor:761406,MOA,Wellington Regional Stadium,Wellington,New Zealand,"-41.273056, 174.785833","Gardner, Angus",Australia,173,2275750496,ball_recycled,2026-02-20T06:54:20+00:00,40,40:00,home,Hurricanes,54,46,1,,,,,,,,,,,,,,
super_rugby_2026_hurricanes_vs_moana_pasifika_65866100.json,sr:sport_event:65866100,2026-02-20T06:05:00+00:00,Super Rugby,sr:competition:422,Super Rugby 2026,sr:season:137092,2026,league,regular season,2,Super Rugby Pacific 2026,Hurricanes,sr:competitor:4189,HUR,Moana Pasifika,sr:competitor:761406,MOA,Wellington Regional Stadium,Wellington,New Zealand,"-41.273056, 174.785833","Gardner, Angus",Australia,174,2275750516,ball_recycled,2026-02-20T06:54:26+00:00,40,40:00,home,Hurricanes,50,34,1,,,,,,,,,,,,,,
super_rugby_2026_hurricanes_vs_moana_pasifika_65866100.json,sr:sport_event:65866100,2026-02-20T06:05:00+00:00,Super Rugby,sr:competition:422,Super Rugby 2026,sr:season:137092,2026,league,regular season,2,Super Rugby Pacific 2026,Hurricanes,sr:competitor:4189,HUR,Moana Pasifika,sr:competitor:761406,MOA,Wellington Regional Stadium,Wellington,New Zealand,"-41.273056, 174.785833","Gardner, Angus",Australia,175,2275750538,ball_recycled,2026-02-20T06:54:33+00:00,40,40:00,home,Hurricanes,54,26,1,,,,,,,,,,,,,,
super_rugby_2026_hurricanes_vs_moana_pasifika_65866100.json,sr:sport_event:65866100,2026-02-20T06:05:00+00:00,Super Rugby,sr:competition:422,Super Rugby 2026,sr:season:137092,2026,league,regular season,2,Super Rugby Pacific 2026,Hurricanes,sr:competitor:4189,HUR,Moana Pasifika,sr:competitor:761406,MOA,Wellington Regional Stadium,Wellington,New Zealand,"-41.273056, 174.785833","Gardner, Angus",Australia,176,2275750558,ball_recycled,2026-02-20T06:54:39+00:00,40,40:00,home,Hurricanes,58,34,1,,,,,,,,,,,,,,
super_rugby_2026_hurricanes_vs_moana_pasifika_65866100.json,sr:sport_event:65866100,2026-02-20T06:05:00+00:00,Super Rugby,sr:competition:422,Super Rugby 2026,sr:season:137092,2026,league,regular season,2,Super Rugby Pacific 2026,Hurricanes,sr:competitor:4189,HUR,Moana Pasifika,sr:competitor:761406,MOA,Wellington Regional Stadium,Wellington,New Zealand,"-41.273056, 174.785833","Gardner, Angus",Australia,177,2275750596,period_score,2026-02-20T06:54:50+00:00,,,,,,,1,,,24,5,,,,,,,,,,
super_rugby_2026_hurricanes_vs_moana_pasifika_65866100.json,sr:sport_event:65866100,2026-02-20T06:05:00+00:00,Super Rugby,sr:competition:422,Super Rugby 2026,sr:season:137092,2026,league,regular season,2,Super Rugby Pacific 2026,Hurricanes,sr:competitor:4189,HUR,Moana Pasifika,sr:competitor:761406,MOA,Wellington Regional Stadium,Wellington,New Zealand,"-41.273056, 174.785833","Gardner, Angus",Australia,178,2275750598,break_start,2026-02-20T06:54:50+00:00,,,,,,,,,pause,,,,,,,,,,,,
super_rugby_2026_hurricanes_vs_moana_pasifika_65866100.json,sr:sport_event:65866100,2026-02-20T06:05:00+00:00,Super Rugby,sr:competition:422,Super Rugby 2026,sr:season:137092,2026,league,regular season,2,Super Rugby Pacific 2026,Hurricanes,sr:competitor:4189,HUR,Moana Pasifika,sr:competitor:761406,MOA,Wellington Regional Stadium,Wellington,New Zealand,"-41.273056, 174.785833","Gardner, Angus",Australia,179,2275755246,period_start,2026-02-20T07:10:27+00:00,,,,,,,2,2nd_half,,,,,,,,,,,,,
super_rugby_2026_hurricanes_vs_moana_pasifika_65866100.json,sr:sport_event:65866100,2026-02-20T06:05:00+00:00,Super Rugby,sr:competition:422,Super Rugby 2026,sr:season:137092,2026,league,regular season,2,Super Rugby Pacific 2026,Hurricanes,sr:competitor:4189,HUR,Moana Pasifika,sr:competitor:761406,MOA,Wellington Regional Stadium,Wellington,New Zealand,"-41.273056, 174.785833","Gardner, Angus",Australia,180,2275755288,ball_kicked,2026-02-20T07:10:36+00:00,41,40:08,home,Hurricanes,56,33,2,,,,,,,,,,,,,,
super_rugby_2026_hurricanes_vs_moana_pasifika_65866100.json,sr:sport_event:65866100,2026-02-20T06:05:00+00:00,Super Rugby,sr:competition:422,Super Rugby 2026,sr:season:137092,2026,league,regular season,2,Super Rugby Pacific 2026,Hurricanes,sr:competitor:4189,HUR,Moana Pasifika,sr:competitor:761406,MOA,Wellington Regional Stadium,Wellington,New Zealand,"-41.273056, 174.785833","Gardner, Angus",Australia,181,2275755300,ball_recycled,2026-02-20T07:10:38+00:00,41,40:11,home,Hurricanes,51,37,2,,,,,,,,,,,,,,
super_rugby_2026_hurricanes_vs_moana_pasifika_65866100.json,sr:sport_event:65866100,2026-02-20T06:05:00+00:00,Super Rugby,sr:competition:422,Super Rugby 2026,sr:season:137092,2026,league,regular season,2,Super Rugby Pacific 2026,Hurricanes,sr:competitor:4189,HUR,Moana Pasifika,sr:competitor:761406,MOA,Wellington Regional Stadium,Wellington,New Zealand,"-41.273056, 174.785833","Gardner, Angus",Australia,182,2275755368,ball_kicked,2026-02-20T07:10:48+00:00,41,40:21,home,Hurricanes,67,5,2,,,,,,,,,,,,,,
super_rugby_2026_hurricanes_vs_moana_pasifika_65866100.json,sr:sport_event:65866100,2026-02-20T06:05:00+00:00,Super Rugby,sr:competition:422,Super Rugby 2026,sr:season:137092,2026,league,regular season,2,Super Rugby Pacific 2026,Hurricanes,sr:competitor:4189,HUR,Moana Pasifika,sr:competitor:761406,MOA,Wellington Regional Stadium,Wellington,New Zealand,"-41.273056, 174.785833","Gardner, Angus",Australia,183,2275755522,ball_kicked,2026-02-20T07:11:12+00:00,41,40:44,away,Moana Pasifika,85,34,2,,,,,,,,,,,,,,
super_rugby_2026_hurricanes_vs_moana_pasifika_65866100.json,sr:sport_event:65866100,2026-02-20T06:05:00+00:00,Super Rugby,sr:competition:422,Super Rugby 2026,sr:season:137092,2026,league,regular season,2,Super Rugby Pacific 2026,Hurricanes,sr:competitor:4189,HUR,Moana Pasifika,sr:competitor:761406,MOA,Wellington Regional Stadium,Wellington,New Zealand,"-41.273056, 174.785833","Gardner, Angus",Australia,184,2275755534,turnover,2026-02-20T07:11:16+00:00,41,40:48,home,Hurricanes,63,16,2,,,,,,,,,,,,,,
super_rugby_2026_hurricanes_vs_moana_pasifika_65866100.json,sr:sport_event:65866100,2026-02-20T06:05:00+00:00,Super Rugby,sr:competition:422,Super Rugby 2026,sr:season:137092,2026,league,regular season,2,Super Rugby Pacific 2026,Hurricanes,sr:competitor:4189,HUR,Moana Pasifika,sr:competitor:761406,MOA,Wellington Regional Stadium,Wellington,New Zealand,"-41.273056, 174.785833","Gardner, Angus",Australia,185,2275750322,scrum_won,2026-02-20T06:53:33+00:00,41,40:52,home,Hurricanes,33,65,2,,,,,,,,,,,,,,
super_rugby_2026_hurricanes_vs_moana_pasifika_65866100.json,sr:sport_event:65866100,2026-02-20T06:05:00+00:00,Super Rugby,sr:competition:422,Super Rugby 2026,sr:season:137092,2026,league,regular season,2,Super Rugby Pacific 2026,Hurricanes,sr:competitor:4189,HUR,Moana Pasifika,sr:competitor:761406,MOA,Wellington Regional Stadium,Wellington,New Zealand,"-41.273056, 174.785833","Gardner, Angus",Australia,186,2275750324,penalty_awarded,2026-02-20T06:53:33+00:00,41,40:52,home,Hurricanes,33,65,2,,,,,,,,,,,,,,
super_rugby_2026_hurricanes_vs_moana_pasifika_65866100.json,sr:sport_event:65866100,2026-02-20T06:05:00+00:00,Super Rugby,sr:competition:422,Super Rugby 2026,sr:season:137092,2026,league,regular season,2,Super Rugby Pacific 2026,Hurricanes,sr:competitor:4189,HUR,Moana Pasifika,sr:competitor:761406,MOA,Wellington Regional Stadium,Wellington,New Zealand,"-41.273056, 174.785833","Gardner, Angus",Australia,187,2275755548,ball_recycled,2026-02-20T07:11:19+00:00,41,40:52,home,Hurricanes,75,34,2,,,,,,,,,,,,,,
super_rugby_2026_hurricanes_vs_moana_pasifika_65866100.json,sr:sport_event:65866100,2026-02-20T06:05:00+00:00,Super Rugby,sr:competition:422,Super Rugby 2026,sr:season:137092,2026,league,regular season,2,Super Rugby Pacific 2026,Hurricanes,sr:competitor:4189,HUR,Moana Pasifika,sr:competitor:761406,MOA,Wellington Regional Stadium,Wellington,New Zealand,"-41.273056, 174.785833","Gardner, Angus",Australia,188,2275755598,ball_recycled,2026-02-20T07:11:26+00:00,41,40:59,home,Hurricanes,70,13,2,,,,,,,,,,,,,,
super_rugby_2026_hurricanes_vs_moana_pasifika_65866100.json,sr:sport_event:65866100,2026-02-20T06:05:00+00:00,Super Rugby,sr:competition:422,Super Rugby 2026,sr:season:137092,2026,league,regular season,2,Super Rugby Pacific 2026,Hurricanes,sr:competitor:4189,HUR,Moana Pasifika,sr:competitor:761406,MOA,Wellington Regional Stadium,Wellington,New Zealand,"-41.273056, 174.785833","Gardner, Angus",Australia,189,2275755612,ball_kicked,2026-02-20T07:11:29+00:00,42,41:02,home,Hurricanes,72,14,2,,,,,,,,,,,,,,
super_rugby_2026_hurricanes_vs_moana_pasifika_65866100.json,sr:sport_event:65866100,2026-02-20T06:05:00+00:00,Super Rugby,sr:competition:422,Super Rugby 2026,sr:season:137092,2026,league,regular season,2,Super Rugby Pacific 2026,Hurricanes,sr:competitor:4189,HUR,Moana Pasifika,sr:competitor:761406,MOA,Wellington Regional Stadium,Wellington,New Zealand,"-41.273056, 174.785833","Gardner, Angus",Australia,190,2275755620,ball_recycled,2026-02-20T07:11:32+00:00,42,41:05,away,Moana Pasifika,91,9,2,,,,,,,,,,,,,,
super_rugby_2026_hurricanes_vs_moana_pasifika_65866100.json,sr:sport_event:65866100,2026-02-20T06:05:00+00:00,Super Rugby,sr:competition:422,Super Rugby 2026,sr:season:137092,2026,league,regular season,2,Super Rugby Pacific 2026,Hurricanes,sr:competitor:4189,HUR,Moana Pasifika,sr:competitor:761406,MOA,Wellington Regional Stadium,Wellington,New Zealand,"-41.273056, 174.785833","Gardner, Angus",Australia,191,2275755654,ball_kicked,2026-02-20T07:11:41+00:00,42,41:13,away,Moana Pasifika,91,10,2,,,,,,,,,,,,,,
super_rugby_2026_hurricanes_vs_moana_pasifika_65866100.json,sr:sport_event:65866100,2026-02-20T06:05:00+00:00,Super Rugby,sr:competition:422,Super Rugby 2026,sr:season:137092,2026,league,regular season,2,Super Rugby Pacific 2026,Hurricanes,sr:competitor:4189,HUR,Moana Pasifika,sr:competitor:761406,MOA,Wellington Regional Stadium,Wellington,New Zealand,"-41.273056, 174.785833","Gardner, Angus",Australia,192,2275755660,line_out,2026-02-20T07:11:43+00:00,42,41:16,home,Hurricanes,76,-2,2,,,,,,,,,,,,,,
super_rugby_2026_hurricanes_vs_moana_pasifika_65866100.json,sr:sport_event:65866100,2026-02-20T06:05:00+00:00,Super Rugby,sr:competition:422,Super Rugby 2026,sr:season:137092,2026,league,regular season,2,Super Rugby Pacific 2026,Hurricanes,sr:competitor:4189,HUR,Moana Pasifika,sr:competitor:761406,MOA,Wellington Regional Stadium,Wellington,New Zealand,"-41.273056, 174.785833","Gardner, Angus",Australia,193,2275750488,line_out_won,2026-02-20T06:54:14+00:00,42,41:33,home,Hurricanes,51,72,2,,,,,,,,,,,,,,
super_rugby_2026_hurricanes_vs_moana_pasifika_65866100.json,sr:sport_event:65866100,2026-02-20T06:05:00+00:00,Super Rugby,sr:competition:422,Super Rugby 2026,sr:season:137092,2026,league,regular season,2,Super Rugby Pacific 2026,Hurricanes,sr:competitor:4189,HUR,Moana Pasifika,sr:competitor:761406,MOA,Wellington Regional Stadium,Wellington,New Zealand,"-41.273056, 174.785833","Gardner, Angus",Australia,194,2275755744,line_out_won,2026-02-20T07:12:04+00:00,42,41:38,home,Hurricanes,76,-2,2,,,,,,,,,,,,,,
super_rugby_2026_hurricanes_vs_moana_pasifika_65866100.json,sr:sport_event:65866100,2026-02-20T06:05:00+00:00,Super Rugby,sr:competition:422,Super Rugby 2026,sr:season:137092,2026,league,regular season,2,Super Rugby Pacific 2026,Hurricanes,sr:competitor:4189,HUR,Moana Pasifika,sr:competitor:761406,MOA,Wellington Regional Stadium,Wellington,New Zealand,"-41.273056, 174.785833","Gardner, Angus",Australia,195,2275755762,ball_recycled,2026-02-20T07:12:07+00:00,42,41:41,home,Hurricanes,72,18,2,,,,,,,,,,,,,,
super_rugby_2026_hurricanes_vs_moana_pasifika_65866100.json,sr:sport_event:65866100,2026-02-20T06:05:00+00:00,Super Rugby,sr:competition:422,Super Rugby 2026,sr:season:137092,2026,league,regular season,2,Super Rugby Pacific 2026,Hurricanes,sr:competitor:4189,HUR,Moana Pasifika,sr:competitor:761406,MOA,Wellington Regional Stadium,Wellington,New Zealand,"-41.273056, 174.785833","Gardner, Angus",Australia,196,2275755772,ball_recycled,2026-02-20T07:12:10+00:00,42,41:44,home,Hurricanes,79,19,2,,,,,,,,,,,,,,
super_rugby_2026_hurricanes_vs_moana_pasifika_65866100.json,sr:sport_event:65866100,2026-02-20T06:05:00+00:00,Super Rugby,sr:competition:422,Super Rugby 2026,sr:season:137092,2026,league,regular season,2,Super Rugby Pacific 2026,Hurricanes,sr:competitor:4189,HUR,Moana Pasifika,sr:competitor:761406,MOA,Wellington Regional Stadium,Wellington,New Zealand,"-41.273056, 174.785833","Gardner, Angus",Australia,197,2275755794,ball_recycled,2026-02-20T07:12:16+00:00,42,41:50,home,Hurricanes,79,22,2,,,,,,,,,,,,,,
super_rugby_2026_hurricanes_vs_moana_pasifika_65866100.json,sr:sport_event:65866100,2026-02-20T06:05:00+00:00,Super Rugby,sr:competition:422,Super Rugby 2026,sr:season:137092,2026,league,regular season,2,Super Rugby Pacific 2026,Hurricanes,sr:competitor:4189,HUR,Moana Pasifika,sr:competitor:761406,MOA,Wellington Regional Stadium,Wellington,New Zealand,"-41.273056, 174.785833","Gardner, Angus",Australia,198,2275755824,ball_recycled,2026-02-20T07:12:25+00:00,42,41:58,home,Hurricanes,79,36,2,,,,,,,,,,,,,,
super_rugby_2026_hurricanes_vs_moana_pasifika_65866100.json,sr:sport_event:65866100,2026-02-20T06:05:00+00:00,Super Rugby,sr:competition:422,Super Rugby 2026,sr:season:137092,2026,league,regular season,2,Super Rugby Pacific 2026,Hurricanes,sr:competitor:4189,HUR,Moana Pasifika,sr:competitor:761406,MOA,Wellington Regional Stadium,Wellington,New Zealand,"-41.273056, 174.785833","Gardner, Angus",Australia,199,2275755840,ball_kicked,2026-02-20T07:12:31+00:00,43,42:05,home,Hurricanes,77,41,2,,,,,,,,,,,,,,
super_rugby_2026_hurricanes_vs_moana_pasifika_65866100.json,sr:sport_event:65866100,2026-02-20T06:05:00+00:00,Super Rugby,sr:competition:422,Super Rugby 2026,sr:season:137092,2026,league,regular season,2,Super Rugby Pacific 2026,Hurricanes,sr:competitor:4189,HUR,Moana Pasifika,sr:competitor:761406,MOA,Wellington Regional Stadium,Wellington,New Zealand,"-41.273056, 174.785833","Gardner, Angus",Australia,200,2275755914,ball_kicked,2026-02-20T07:12:42+00:00,43,42:15,away,Moana Pasifika,93,52,2,,,,,,,,,,,,,,
super_rugby_2026_hurricanes_vs_moana_pasifika_65866100.json,sr:sport_event:65866100,2026-02-20T06:05:00+00:00,Super Rugby,sr:competition:422,Super Rugby 2026,sr:season:137092,2026,league,regular season,2,Super Rugby Pacific 2026,Hurricanes,sr:competitor:4189,HUR,Moana Pasifika,sr:competitor:761406,MOA,Wellington Regional Stadium,Wellington,New Zealand,"-41.273056, 174.785833","Gardner, Angus",Australia,201,2275755930,line_out,2026-02-20T07:12:46+00:00,43,42:19,home,Hurricanes,71,72,2,,,,,,,,,,,,,,
super_rugby_2026_hurricanes_vs_moana_pasifika_65866100.json,sr:sport_event:65866100,2026-02-20T06:05:00+00:00,Super Rugby,sr:competition:422,Super Rugby 2026,sr:season:137092,2026,league,regular season,2,Super Rugby Pacific 2026,Hurricanes,sr:competitor:4189,HUR,Moana Pasifika,sr:competitor:761406,MOA,Wellington Regional Stadium,Wellington,New Zealand,"-41.273056, 174.785833","Gardner, Angus",Australia,202,2275756080,line_out_won,2026-02-20T07:13:22+00:00,43,42:55,home,Hurricanes,71,72,2,,,,,,,,,,,,,,
super_rugby_2026_hurricanes_vs_moana_pasifika_65866100.json,sr:sport_event:65866100,2026-02-20T06:05:00+00:00,Super Rugby,sr:competition:422,Super Rugby 2026,sr:season:137092,2026,league,regular season,2,Super Rugby Pacific 2026,Hurricanes,sr:competitor:4189,HUR,Moana Pasifika,sr:competitor:761406,MOA,Wellington Regional Stadium,Wellington,New Zealand,"-41.273056, 174.785833","Gardner, Angus",Australia,203,2275756092,ball_recycled,2026-02-20T07:13:24+00:00,43,42:58,home,Hurricanes,71,51,2,,,,,,,,,,,,,,
super_rugby_2026_hurricanes_vs_moana_pasifika_65866100.json,sr:sport_event:65866100,2026-02-20T06:05:00+00:00,Super Rugby,sr:competition:422,Super Rugby 2026,sr:season:137092,2026,league,regular season,2,Super Rugby Pacific 2026,Hurricanes,sr:competitor:4189,HUR,Moana Pasifika,sr:competitor:761406,MOA,Wellington Regional Stadium,Wellington,New Zealand,"-41.273056, 174.785833","Gardner, Angus",Australia,204,2275756116,ball_recycled,2026-02-20T07:13:27+00:00,44,43:01,home,Hurricanes,75,47,2,,,,,,,,,,,,,,
super_rugby_2026_hurricanes_vs_moana_pasifika_65866100.json,sr:sport_event:65866100,2026-02-20T06:05:00+00:00,Super Rugby,sr:competition:422,Super Rugby 2026,sr:season:137092,2026,league,regular season,2,Super Rugby Pacific 2026,Hurricanes,sr:competitor:4189,HUR,Moana Pasifika,sr:competitor:761406,MOA,Wellington Regional Stadium,Wellington,New Zealand,"-41.273056, 174.785833","Gardner, Angus",Australia,205,2275756152,ball_recycled,2026-02-20T07:13:32+00:00,44,43:06,home,Hurricanes,75,41,2,,,,,,,,,,,,,,
super_rugby_2026_hurricanes_vs_moana_pasifika_65866100.json,sr:sport_event:65866100,2026-02-20T06:05:00+00:00,Super Rugby,sr:competition:422,Super Rugby 2026,sr:season:137092,2026,league,regular season,2,Super Rugby Pacific 2026,Hurricanes,sr:competitor:4189,HUR,Moana Pasifika,sr:competitor:761406,MOA,Wellington Regional Stadium,Wellington,New Zealand,"-41.273056, 174.785833","Gardner, Angus",Australia,206,2275756228,ball_recycled,2026-02-20T07:13:45+00:00,44,43:18,home,Hurricanes,72,15,2,,,,,,,,,,,,,,
super_rugby_2026_hurricanes_vs_moana_pasifika_65866100.json,sr:sport_event:65866100,2026-02-20T06:05:00+00:00,Super Rugby,sr:competition:422,Super Rugby 2026,sr:season:137092,2026,league,regular season,2,Super Rugby Pacific 2026,Hurricanes,sr:competitor:4189,HUR,Moana Pasifika,sr:competitor:761406,MOA,Wellington Regional Stadium,Wellington,New Zealand,"-41.273056, 174.785833","Gardner, Angus",Australia,207,2275756260,ball_kicked,2026-02-20T07:13:50+00:00,44,43:23,home,Hurricanes,77,12,2,,,,,,,,,,,,,,
super_rugby_2026_hurricanes_vs_moana_pasifika_65866100.json,sr:sport_event:65866100,2026-02-20T06:05:00+00:00,Super Rugby,sr:competition:422,Super Rugby 2026,sr:season:137092,2026,league,regular season,2,Super Rugby Pacific 2026,Hurricanes,sr:competitor:4189,HUR,Moana Pasifika,sr:competitor:761406,MOA,Wellington Regional Stadium,Wellington,New Zealand,"-41.273056, 174.785833","Gardner, Angus",Australia,208,2275756272,ball_kicked,2026-02-20T07:13:54+00:00,44,43:28,away,Moana Pasifika,89,8,2,,,,,,,,,,,,,,
super_rugby_2026_hurricanes_vs_moana_pasifika_65866100.json,sr:sport_event:65866100,2026-02-20T06:05:00+00:00,Super Rugby,sr:competition:422,Super Rugby 2026,sr:season:137092,2026,league,regular season,2,Super Rugby Pacific 2026,Hurricanes,sr:competitor:4189,HUR,Moana Pasifika,sr:competitor:761406,MOA,Wellington Regional Stadium,Wellington,New Zealand,"-41.273056, 174.785833","Gardner, Angus",Australia,209,2275756306,ball_recycled,2026-02-20T07:13:58+00:00,44,43:32,home,Hurricanes,72,5,2,,,,,,,,,,,,,,
super_rugby_2026_hurricanes_vs_moana_pasifika_65866100.json,sr:sport_event:65866100,2026-02-20T06:05:00+00:00,Super Rugby,sr:competition:422,Super Rugby 2026,sr:season:137092,2026,league,regular season,2,Super Rugby Pacific 2026,Hurricanes,sr:competitor:4189,HUR,Moana Pasifika,sr:competitor:761406,MOA,Wellington Regional Stadium,Wellington,New Zealand,"-41.273056, 174.785833","Gardner, Angus",Australia,210,2275756394,score_change,2026-02-20T07:14:15+00:00,44,43:48,home,Hurricanes,88,11,2,,,29,5,try,,,sr:player:2288979,"Moorby, Josh",,,,,"[{""id"": ""sr:player:2288979"", ""name"": ""Moorby, Josh"", ""type"": ""scorer""}]"
super_rugby_2026_hurricanes_vs_moana_pasifika_65866100.json,sr:sport_event:65866100,2026-02-20T06:05:00+00:00,Super Rugby,sr:competition:422,Super Rugby 2026,sr:season:137092,2026,league,regular season,2,Super Rugby Pacific 2026,Hurricanes,sr:competitor:4189,HUR,Moana Pasifika,sr:competitor:761406,MOA,Wellington Regional Stadium,Wellington,New Zealand,"-41.273056, 174.785833","Gardner, Angus",Australia,211,2275756576,score_change,2026-02-20T07:14:59+00:00,45,44:33,home,Hurricanes,55,35,2,,,31,5,conversion,,,sr:player:1001611,"Barrett, Jordie Matthew",,,,,"[{""id"": ""sr:player:1001611"", ""name"": ""Barrett, Jordie Matthew"", ""type"": ""scorer""}]"
super_rugby_2026_hurricanes_vs_moana_pasifika_65866100.json,sr:sport_event:65866100,2026-02-20T06:05:00+00:00,Super Rugby,sr:competition:422,Super Rugby 2026,sr:season:137092,2026,league,regular season,2,Super Rugby Pacific 2026,Hurricanes,sr:competitor:4189,HUR,Moana Pasifika,sr:competitor:761406,MOA,Wellington Regional Stadium,Wellington,New Zealand,"-41.273056, 174.785833","Gardner, Angus",Australia,212,2275756878,ball_kicked,2026-02-20T07:15:34+00:00,46,45:07,away,Moana Pasifika,56,34,2,,,,,,,,,,,,,,
super_rugby_2026_hurricanes_vs_moana_pasifika_65866100.json,sr:sport_event:65866100,2026-02-20T06:05:00+00:00,Super Rugby,sr:competition:422,Super Rugby 2026,sr:season:137092,2026,league,regular season,2,Super Rugby Pacific 2026,Hurricanes,sr:competitor:4189,HUR,Moana Pasifika,sr:competitor:761406,MOA,Wellington Regional Stadium,Wellington,New Zealand,"-41.273056, 174.785833","Gardner, Angus",Australia,213,2275756884,ball_recycled,2026-02-20T07:15:36+00:00,46,45:10,home,Hurricanes,26,13,2,,,,,,,,,,,,,,
super_rugby_2026_hurricanes_vs_moana_pasifika_65866100.json,sr:sport_event:65866100,2026-02-20T06:05:00+00:00,Super Rugby,sr:competition:422,Super Rugby 2026,sr:season:137092,2026,league,regular season,2,Super Rugby Pacific 2026,Hurricanes,sr:competitor:4189,HUR,Moana Pasifika,sr:competitor:761406,MOA,Wellington Regional Stadium,Wellington,New Zealand,"-41.273056, 174.785833","Gardner, Angus",Australia,214,2275756898,ball_recycled,2026-02-20T07:15:40+00:00,46,45:13,home,Hurricanes,33,14,2,,,,,,,,,,,,,,
super_rugby_2026_hurricanes_vs_moana_pasifika_65866100.json,sr:sport_event:65866100,2026-02-20T06:05:00+00:00,Super Rugby,sr:competition:422,Super Rugby 2026,sr:season:137092,2026,league,regular season,2,Super Rugby Pacific 2026,Hurricanes,sr:competitor:4189,HUR,Moana Pasifika,sr:competitor:761406,MOA,Wellington Regional Stadium,Wellington,New Zealand,"-41.273056, 174.785833","Gardner, Angus",Australia,215,2275756924,ball_recycled,2026-02-20T07:15:45+00:00,46,45:19,home,Hurricanes,30,18,2,,,,,,,,,,,,,,
super_rugby_2026_hurricanes_vs_moana_pasifika_65866100.json,sr:sport_event:65866100,2026-02-20T06:05:00+00:00,Super Rugby,sr:competition:422,Super Rugby 2026,sr:season:137092,2026,league,regular season,2,Super Rugby Pacific 2026,Hurricanes,sr:competitor:4189,HUR,Moana Pasifika,sr:competitor:761406,MOA,Wellington Regional Stadium,Wellington,New Zealand,"-41.273056, 174.785833","Gardner, Angus",Australia,216,2275757014,ball_kicked,2026-02-20T07:16:02+00:00,46,45:36,home,Hurricanes,27,17,2,,,,,,,,,,,,,,
super_rugby_2026_hurricanes_vs_moana_pasifika_65866100.json,sr:sport_event:65866100,2026-02-20T06:05:00+00:00,Super Rugby,sr:competition:422,Super Rugby 2026,sr:season:137092,2026,league,regular season,2,Super Rugby Pacific 2026,Hurricanes,sr:competitor:4189,HUR,Moana Pasifika,sr:competitor:761406,MOA,Wellington Regional Stadium,Wellington,New Zealand,"-41.273056, 174.785833","Gardner, Angus",Australia,217,2275757026,ball_recycled,2026-02-20T07:16:04+00:00,46,45:38,away,Moana Pasifika,42,13,2,,,,,,,,,,,,,,
super_rugby_2026_hurricanes_vs_moana_pasifika_65866100.json,sr:sport_event:65866100,2026-02-20T06:05:00+00:00,Super Rugby,sr:competition:422,Super Rugby 2026,sr:season:137092,2026,league,regular season,2,Super Rugby Pacific 2026,Hurricanes,sr:competitor:4189,HUR,Moana Pasifika,sr:competitor:761406,MOA,Wellington Regional Stadium,Wellington,New Zealand,"-41.273056, 174.785833","Gardner, Angus",Australia,218,2275757064,ball_recycled,2026-02-20T07:16:12+00:00,46,45:46,away,Moana Pasifika,47,19,2,,,,,,,,,,,,,,
super_rugby_2026_hurricanes_vs_moana_pasifika_65866100.json,sr:sport_event:65866100,2026-02-20T06:05:00+00:00,Super Rugby,sr:competition:422,Super Rugby 2026,sr:season:137092,2026,league,regular season,2,Super Rugby Pacific 2026,Hurricanes,sr:competitor:4189,HUR,Moana Pasifika,sr:competitor:761406,MOA,Wellington Regional Stadium,Wellington,New Zealand,"-41.273056, 174.785833","Gardner, Angus",Australia,219,2275757092,ball_recycled,2026-02-20T07:16:19+00:00,46,45:53,away,Moana Pasifika,50,30,2,,,,,,,,,,,,,,
super_rugby_2026_hurricanes_vs_moana_pasifika_65866100.json,sr:sport_event:65866100,2026-02-20T06:05:00+00:00,Super Rugby,sr:competition:422,Super Rugby 2026,sr:season:137092,2026,league,regular season,2,Super Rugby Pacific 2026,Hurricanes,sr:competitor:4189,HUR,Moana Pasifika,sr:competitor:761406,MOA,Wellington Regional Stadium,Wellington,New Zealand,"-41.273056, 174.785833","Gardner, Angus",Australia,220,2275757126,ball_recycled,2026-02-20T07:16:26+00:00,46,46:00,away,Moana Pasifika,48,56,2,,,,,,,,,,,,,,
super_rugby_2026_hurricanes_vs_moana_pasifika_65866100.json,sr:sport_event:65866100,2026-02-20T06:05:00+00:00,Super Rugby,sr:competition:422,Super Rugby 2026,sr:season:137092,2026,league,regular season,2,Super Rugby Pacific 2026,Hurricanes,sr:competitor:4189,HUR,Moana Pasifika,sr:competitor:761406,MOA,Wellington Regional Stadium,Wellington,New Zealand,"-41.273056, 174.785833","Gardner, Angus",Australia,221,2275757160,ball_recycled,2026-02-20T07:16:32+00:00,47,46:06,away,Moana Pasifika,48,37,2,,,,,,,,,,,,,,
super_rugby_2026_hurricanes_vs_moana_pasifika_65866100.json,sr:sport_event:65866100,2026-02-20T06:05:00+00:00,Super Rugby,sr:competition:422,Super Rugby 2026,sr:season:137092,2026,league,regular season,2,Super Rugby Pacific 2026,Hurricanes,sr:competitor:4189,HUR,Moana Pasifika,sr:competitor:761406,MOA,Wellington Regional Stadium,Wellington,New Zealand,"-41.273056, 174.785833","Gardner, Angus",Australia,222,2275757194,penalty_awarded,2026-02-20T07:16:39+00:00,47,46:13,away,Moana Pasifika,48,39,2,,,,,,,,,,,,,,
super_rugby_2026_hurricanes_vs_moana_pasifika_65866100.json,sr:sport_event:65866100,2026-02-20T06:05:00+00:00,Super Rugby,sr:competition:422,Super Rugby 2026,sr:season:137092,2026,league,regular season,2,Super Rugby Pacific 2026,Hurricanes,sr:competitor:4189,HUR,Moana Pasifika,sr:competitor:761406,MOA,Wellington Regional Stadium,Wellington,New Zealand,"-41.273056, 174.785833","Gardner, Angus",Australia,223,2275757232,kick_to_touch,2026-02-20T07:16:48+00:00,47,46:22,away,Moana Pasifika,48,39,2,,,,,,,,,,,,,,
super_rugby_2026_hurricanes_vs_moana_pasifika_65866100.json,sr:sport_event:65866100,2026-02-20T06:05:00+00:00,Super Rugby,sr:competition:422,Super Rugby 2026,sr:season:137092,2026,league,regular season,2,Super Rugby Pacific 2026,Hurricanes,sr:competitor:4189,HUR,Moana Pasifika,sr:competitor:761406,MOA,Wellington Regional Stadium,Wellington,New Zealand,"-41.273056, 174.785833","Gardner, Angus",Australia,224,2275757292,line_out,2026-02-20T07:16:59+00:00,47,46:33,away,Moana Pasifika,15,72,2,,,,,,,,,,,,,,
super_rugby_2026_hurricanes_vs_moana_pasifika_65866100.json,sr:sport_event:65866100,2026-02-20T06:05:00+00:00,Super Rugby,sr:competition:422,Super Rugby 2026,sr:season:137092,2026,league,regular season,2,Super Rugby Pacific 2026,Hurricanes,sr:competitor:4189,HUR,Moana Pasifika,sr:competitor:761406,MOA,Wellington Regional Stadium,Wellington,New Zealand,"-41.273056, 174.785833","Gardner, Angus",Australia,225,2275757356,substitution,2026-02-20T07:17:10+00:00,47,46:44,home,Hurricanes,,,2,,,,,,,,,,sr:player:2739509,"Lauaki, Siale",sr:player:1706343,"Mafileo, Tevita","[{""id"": ""sr:player:2739509"", ""name"": ""Lauaki, Siale"", ""type"": ""substituted_out""}, {""id"": ""sr:player:1706343"", ""name"": ""Mafileo, Tevita"", ""type"": ""substituted_in""}]"
super_rugby_2026_hurricanes_vs_moana_pasifika_65866100.json,sr:sport_event:65866100,2026-02-20T06:05:00+00:00,Super Rugby,sr:competition:422,Super Rugby 2026,sr:season:137092,2026,league,regular season,2,Super Rugby Pacific 2026,Hurricanes,sr:competitor:4189,HUR,Moana Pasifika,sr:competitor:761406,MOA,Wellington Regional Stadium,Wellington,New Zealand,"-41.273056, 174.785833","Gardner, Angus",Australia,226,2275757462,line_out_won,2026-02-20T07:17:26+00:00,47,47:00,home,Hurricanes,15,56,2,,,,,,,,,,,,,,
super_rugby_2026_hurricanes_vs_moana_pasifika_65866100.json,sr:sport_event:65866100,2026-02-20T06:05:00+00:00,Super Rugby,sr:competition:422,Super Rugby 2026,sr:season:137092,2026,league,regular season,2,Super Rugby Pacific 2026,Hurricanes,sr:competitor:4189,HUR,Moana Pasifika,sr:competitor:761406,MOA,Wellington Regional Stadium,Wellington,New Zealand,"-41.273056, 174.785833","Gardner, Angus",Australia,227,2275757486,ball_recycled,2026-02-20T07:17:33+00:00,48,47:06,home,Hurricanes,29,40,2,,,,,,,,,,,,,,
super_rugby_2026_hurricanes_vs_moana_pasifika_65866100.json,sr:sport_event:65866100,2026-02-20T06:05:00+00:00,Super Rugby,sr:competition:422,Super Rugby 2026,sr:season:137092,2026,league,regular season,2,Super Rugby Pacific 2026,Hurricanes,sr:competitor:4189,HUR,Moana Pasifika,sr:competitor:761406,MOA,Wellington Regional Stadium,Wellington,New Zealand,"-41.273056, 174.785833","Gardner, Angus",Australia,228,2275757534,ball_recycled,2026-02-20T07:17:40+00:00,48,47:13,home,Hurricanes,33,12,2,,,,,,,,,,,,,,
super_rugby_2026_hurricanes_vs_moana_pasifika_65866100.json,sr:sport_event:65866100,2026-02-20T06:05:00+00:00,Super Rugby,sr:competition:422,Super Rugby 2026,sr:season:137092,2026,league,regular season,2,Super Rugby Pacific 2026,Hurricanes,sr:competitor:4189,HUR,Moana Pasifika,sr:competitor:761406,MOA,Wellington Regional Stadium,Wellington,New Zealand,"-41.273056, 174.785833","Gardner, Angus",Australia,229,2275757542,ball_recycled,2026-02-20T07:17:42+00:00,48,47:16,home,Hurricanes,44,10,2,,,,,,,,,,,,,,
super_rugby_2026_hurricanes_vs_moana_pasifika_65866100.json,sr:sport_event:65866100,2026-02-20T06:05:00+00:00,Super Rugby,sr:competition:422,Super Rugby 2026,sr:season:137092,2026,league,regular season,2,Super Rugby Pacific 2026,Hurricanes,sr:competitor:4189,HUR,Moana Pasifika,sr:competitor:761406,MOA,Wellington Regional Stadium,Wellington,New Zealand,"-41.273056, 174.785833","Gardner, Angus",Australia,230,2275757566,turnover,2026-02-20T07:17:47+00:00,48,47:21,away,Moana Pasifika,75,5,2,,,,,,,,,,,,,,
super_rugby_2026_hurricanes_vs_moana_pasifika_65866100.json,sr:sport_event:65866100,2026-02-20T06:05:00+00:00,Super Rugby,sr:competition:422,Super Rugby 2026,sr:season:137092,2026,league,regular season,2,Super Rugby Pacific 2026,Hurricanes,sr:competitor:4189,HUR,Moana Pasifika,sr:competitor:761406,MOA,Wellington Regional Stadium,Wellington,New Zealand,"-41.273056, 174.785833","Gardner, Angus",Australia,231,2275757874,scrum,2026-02-20T07:18:44+00:00,49,48:18,away,Moana Pasifika,75,6,2,,,,,,,,,,,,,,
super_rugby_2026_hurricanes_vs_moana_pasifika_65866100.json,sr:sport_event:65866100,2026-02-20T06:05:00+00:00,Super Rugby,sr:competition:422,Super Rugby 2026,sr:season:137092,2026,league,regular season,2,Super Rugby Pacific 2026,Hurricanes,sr:competitor:4189,HUR,Moana Pasifika,sr:competitor:761406,MOA,Wellington Regional Stadium,Wellington,New Zealand,"-41.273056, 174.785833","Gardner, Angus",Australia,232,2275757890,scrum_won,2026-02-20T07:18:46+00:00,49,48:19,away,Moana Pasifika,75,6,2,,,,,,,,,,,,,,
super_rugby_2026_hurricanes_vs_moana_pasifika_65866100.json,sr:sport_event:65866100,2026-02-20T06:05:00+00:00,Super Rugby,sr:competition:422,Super Rugby 2026,sr:season:137092,2026,league,regular season,2,Super Rugby Pacific 2026,Hurricanes,sr:competitor:4189,HUR,Moana Pasifika,sr:competitor:761406,MOA,Wellington Regional Stadium,Wellington,New Zealand,"-41.273056, 174.785833","Gardner, Angus",Australia,233,2275757892,penalty_awarded,2026-02-20T07:18:46+00:00,49,48:19,away,Moana Pasifika,75,6,2,,,,,,,,,,,,,,
super_rugby_2026_hurricanes_vs_moana_pasifika_65866100.json,sr:sport_event:65866100,2026-02-20T06:05:00+00:00,Super Rugby,sr:competition:422,Super Rugby 2026,sr:season:137092,2026,league,regular season,2,Super Rugby Pacific 2026,Hurricanes,sr:competitor:4189,HUR,Moana Pasifika,sr:competitor:761406,MOA,Wellington Regional Stadium,Wellington,New Zealand,"-41.273056, 174.785833","Gardner, Angus",Australia,234,2275757942,kick_to_touch,2026-02-20T07:18:54+00:00,49,48:28,away,Moana Pasifika,75,6,2,,,,,,,,,,,,,,
super_rugby_2026_hurricanes_vs_moana_pasifika_65866100.json,sr:sport_event:65866100,2026-02-20T06:05:00+00:00,Super Rugby,sr:competition:422,Super Rugby 2026,sr:season:137092,2026,league,regular season,2,Super Rugby Pacific 2026,Hurricanes,sr:competitor:4189,HUR,Moana Pasifika,sr:competitor:761406,MOA,Wellington Regional Stadium,Wellington,New Zealand,"-41.273056, 174.785833","Gardner, Angus",Australia,235,2275758032,substitution,2026-02-20T07:19:11+00:00,49,48:45,away,Moana Pasifika,,,2,,,,,,,,,,sr:player:2650483,"Pellegrini, Patrick",sr:player:2290241,"Havili, William","[{""id"": ""sr:player:2650483"", ""name"": ""Pellegrini, Patrick"", ""type"": ""substituted_out""}, {""id"": ""sr:player:2290241"", ""name"": ""Havili, William"", ""type"": ""substituted_in""}]"
super_rugby_2026_hurricanes_vs_moana_pasifika_65866100.json,sr:sport_event:65866100,2026-02-20T06:05:00+00:00,Super Rugby,sr:competition:422,Super Rugby 2026,sr:season:137092,2026,league,regular season,2,Super Rugby Pacific 2026,Hurricanes,sr:competitor:4189,HUR,Moana Pasifika,sr:competitor:761406,MOA,Wellington Regional Stadium,Wellington,New Zealand,"-41.273056, 174.785833","Gardner, Angus",Australia,236,2275758068,line_out,2026-02-20T07:19:20+00:00,49,48:54,away,Moana Pasifika,43,-2,2,,,,,,,,,,,,,,
super_rugby_2026_hurricanes_vs_moana_pasifika_65866100.json,sr:sport_event:65866100,2026-02-20T06:05:00+00:00,Super Rugby,sr:competition:422,Super Rugby 2026,sr:season:137092,2026,league,regular season,2,Super Rugby Pacific 2026,Hurricanes,sr:competitor:4189,HUR,Moana Pasifika,sr:competitor:761406,MOA,Wellington Regional Stadium,Wellington,New Zealand,"-41.273056, 174.785833","Gardner, Angus",Australia,237,2275758116,line_out_won,2026-02-20T07:19:28+00:00,50,49:02,home,Hurricanes,43,-2,2,,,,,,,,,,,,,,
super_rugby_2026_hurricanes_vs_moana_pasifika_65866100.json,sr:sport_event:65866100,2026-02-20T06:05:00+00:00,Super Rugby,sr:competition:422,Super Rugby 2026,sr:season:137092,2026,league,regular season,2,Super Rugby Pacific 2026,Hurricanes,sr:competitor:4189,HUR,Moana Pasifika,sr:competitor:761406,MOA,Wellington Regional Stadium,Wellington,New Zealand,"-41.273056, 174.785833","Gardner, Angus",Australia,238,2275758132,ball_recycled,2026-02-20T07:19:31+00:00,50,49:05,home,Hurricanes,54,16,2,,,,,,,,,,,,,,
super_rugby_2026_hurricanes_vs_moana_pasifika_65866100.json,sr:sport_event:65866100,2026-02-20T06:05:00+00:00,Super Rugby,sr:competition:422,Super Rugby 2026,sr:season:137092,2026,league,regular season,2,Super Rugby Pacific 2026,Hurricanes,sr:competitor:4189,HUR,Moana Pasifika,sr:competitor:761406,MOA,Wellington Regional Stadium,Wellington,New Zealand,"-41.273056, 174.785833","Gardner, Angus",Australia,239,2275758180,ball_recycled,2026-02-20T07:19:38+00:00,50,49:11,home,Hurricanes,47,45,2,,,,,,,,,,,,,,
super_rugby_2026_hurricanes_vs_moana_pasifika_65866100.json,sr:sport_event:65866100,2026-02-20T06:05:00+00:00,Super Rugby,sr:competition:422,Super Rugby 2026,sr:season:137092,2026,league,regular season,2,Super Rugby Pacific 2026,Hurricanes,sr:competitor:4189,HUR,Moana Pasifika,sr:competitor:761406,MOA,Wellington Regional Stadium,Wellington,New Zealand,"-41.273056, 174.785833","Gardner, Angus",Australia,240,2275758204,ball_recycled,2026-02-20T07:19:42+00:00,50,49:16,home,Hurricanes,62,61,2,,,,,,,,,,,,,,
super_rugby_2026_hurricanes_vs_moana_pasifika_65866100.json,sr:sport_event:65866100,2026-02-20T06:05:00+00:00,Super Rugby,sr:competition:422,Super Rugby 2026,sr:season:137092,2026,league,regular season,2,Super Rugby Pacific 2026,Hurricanes,sr:competitor:4189,HUR,Moana Pasifika,sr:competitor:761406,MOA,Wellington Regional Stadium,Wellington,New Zealand,"-41.273056, 174.785833","Gardner, Angus",Australia,241,2275758228,ball_recycled,2026-02-20T07:19:48+00:00,50,49:22,home,Hurricanes,54,43,2,,,,,,,,,,,,,,
super_rugby_2026_hurricanes_vs_moana_pasifika_65866100.json,sr:sport_event:65866100,2026-02-20T06:05:00+00:00,Super Rugby,sr:competition:422,Super Rugby 2026,sr:season:137092,2026,league,regular season,2,Super Rugby Pacific 2026,Hurricanes,sr:competitor:4189,HUR,Moana Pasifika,sr:competitor:761406,MOA,Wellington Regional Stadium,Wellington,New Zealand,"-41.273056, 174.785833","Gardner, Angus",Australia,242,2275758262,penalty_awarded,2026-02-20T07:19:55+00:00,50,49:28,away,Moana Pasifika,58,42,2,,,,,,,,,,,,,,
super_rugby_2026_hurricanes_vs_moana_pasifika_65866100.json,sr:sport_event:65866100,2026-02-20T06:05:00+00:00,Super Rugby,sr:competition:422,Super Rugby 2026,sr:season:137092,2026,league,regular season,2,Super Rugby Pacific 2026,Hurricanes,sr:competitor:4189,HUR,Moana Pasifika,sr:competitor:761406,MOA,Wellington Regional Stadium,Wellington,New Zealand,"-41.273056, 174.785833","Gardner, Angus",Australia,243,2275758324,kick_to_touch,2026-02-20T07:20:06+00:00,50,49:40,away,Moana Pasifika,58,42,2,,,,,,,,,,,,,,
super_rugby_2026_hurricanes_vs_moana_pasifika_65866100.json,sr:sport_event:65866100,2026-02-20T06:05:00+00:00,Super Rugby,sr:competition:422,Super Rugby 2026,sr:season:137092,2026,league,regular season,2,Super Rugby Pacific 2026,Hurricanes,sr:competitor:4189,HUR,Moana Pasifika,sr:competitor:761406,MOA,Wellington Regional Stadium,Wellington,New Zealand,"-41.273056, 174.785833","Gardner, Angus",Australia,244,2275758420,line_out,2026-02-20T07:20:18+00:00,50,49:52,away,Moana Pasifika,22,72,2,,,,,,,,,,,,,,
super_rugby_2026_hurricanes_vs_moana_pasifika_65866100.json,sr:sport_event:65866100,2026-02-20T06:05:00+00:00,Super Rugby,sr:competition:422,Super Rugby 2026,sr:season:137092,2026,league,regular season,2,Super Rugby Pacific 2026,Hurricanes,sr:competitor:4189,HUR,Moana Pasifika,sr:competitor:761406,MOA,Wellington Regional Stadium,Wellington,New Zealand,"-41.273056, 174.785833","Gardner, Angus",Australia,245,2275758514,substitution,2026-02-20T07:20:38+00:00,51,50:12,away,Moana Pasifika,,,2,,,,,,,,,,sr:player:2537025,"Faiʻilagi, Miracle",sr:player:2770195,"Craig, Allan","[{""id"": ""sr:player:2537025"", ""name"": ""Faiʻilagi, Miracle"", ""type"": ""substituted_out""}, {""id"": ""sr:player:2770195"", ""name"": ""Craig, Allan"", ""type"": ""substituted_in""}]"
super_rugby_2026_hurricanes_vs_moana_pasifika_65866100.json,sr:sport_event:65866100,2026-02-20T06:05:00+00:00,Super Rugby,sr:competition:422,Super Rugby 2026,sr:season:137092,2026,league,regular season,2,Super Rugby Pacific 2026,Hurricanes,sr:competitor:4189,HUR,Moana Pasifika,sr:competitor:761406,MOA,Wellington Regional Stadium,Wellington,New Zealand,"-41.273056, 174.785833","Gardner, Angus",Australia,246,2275758594,line_out_won,2026-02-20T07:20:50+00:00,51,50:24,home,Hurricanes,18,58,2,,,,,,,,,,,,,,
super_rugby_2026_hurricanes_vs_moana_pasifika_65866100.json,sr:sport_event:65866100,2026-02-20T06:05:00+00:00,Super Rugby,sr:competition:422,Super Rugby 2026,sr:season:137092,2026,league,regular season,2,Super Rugby Pacific 2026,Hurricanes,sr:competitor:4189,HUR,Moana Pasifika,sr:competitor:761406,MOA,Wellington Regional Stadium,Wellington,New Zealand,"-41.273056, 174.785833","Gardner, Angus",Australia,247,2275758606,ball_recycled,2026-02-20T07:20:53+00:00,51,50:27,home,Hurricanes,25,47,2,,,,,,,,,,,,,,
super_rugby_2026_hurricanes_vs_moana_pasifika_65866100.json,sr:sport_event:65866100,2026-02-20T06:05:00+00:00,Super Rugby,sr:competition:422,Super Rugby 2026,sr:season:137092,2026,league,regular season,2,Super Rugby Pacific 2026,Hurricanes,sr:competitor:4189,HUR,Moana Pasifika,sr:competitor:761406,MOA,Wellington Regional Stadium,Wellington,New Zealand,"-41.273056, 174.785833","Gardner, Angus",Australia,248,2275758682,ball_recycled,2026-02-20T07:21:02+00:00,51,50:35,home,Hurricanes,31,17,2,,,,,,,,,,,,,,
super_rugby_2026_hurricanes_vs_moana_pasifika_65866100.json,sr:sport_event:65866100,2026-02-20T06:05:00+00:00,Super Rugby,sr:competition:422,Super Rugby 2026,sr:season:137092,2026,league,regular season,2,Super Rugby Pacific 2026,Hurricanes,sr:competitor:4189,HUR,Moana Pasifika,sr:competitor:761406,MOA,Wellington Regional Stadium,Wellington,New Zealand,"-41.273056, 174.785833","Gardner, Angus",Australia,249,2275758692,turnover,2026-02-20T07:21:05+00:00,51,50:39,away,Moana Pasifika,30,15,2,,,,,,,,,,,,,,
super_rugby_2026_hurricanes_vs_moana_pasifika_65866100.json,sr:sport_event:65866100,2026-02-20T06:05:00+00:00,Super Rugby,sr:competition:422,Super Rugby 2026,sr:season:137092,2026,league,regular season,2,Super Rugby Pacific 2026,Hurricanes,sr:competitor:4189,HUR,Moana Pasifika,sr:competitor:761406,MOA,Wellington Regional Stadium,Wellington,New Zealand,"-41.273056, 174.785833","Gardner, Angus",Australia,250,2275758722,ball_recycled,2026-02-20T07:21:09+00:00,51,50:43,away,Moana Pasifika,31,26,2,,,,,,,,,,,,,,
super_rugby_2026_hurricanes_vs_moana_pasifika_65866100.json,sr:sport_event:65866100,2026-02-20T06:05:00+00:00,Super Rugby,sr:competition:422,Super Rugby 2026,sr:season:137092,2026,league,regular season,2,Super Rugby Pacific 2026,Hurricanes,sr:competitor:4189,HUR,Moana Pasifika,sr:competitor:761406,MOA,Wellington Regional Stadium,Wellington,New Zealand,"-41.273056, 174.785833","Gardner, Angus",Australia,251,2275759052,substitution,2026-02-20T07:22:13+00:00,51,50:54,home,Hurricanes,,,2,,,,,,,,,,sr:player:1106895,"Enari, Ereatara",sr:player:2288983,"Roigard, Cam","[{""id"": ""sr:player:1106895"", ""name"": ""Enari, Ereatara"", ""type"": ""substituted_out""}, {""id"": ""sr:player:2288983"", ""name"": ""Roigard, Cam"", ""type"": ""substituted_in""}]"
super_rugby_2026_hurricanes_vs_moana_pasifika_65866100.json,sr:sport_event:65866100,2026-02-20T06:05:00+00:00,Super Rugby,sr:competition:422,Super Rugby 2026,sr:season:137092,2026,league,regular season,2,Super Rugby Pacific 2026,Hurricanes,sr:competitor:4189,HUR,Moana Pasifika,sr:competitor:761406,MOA,Wellington Regional Stadium,Wellington,New Zealand,"-41.273056, 174.785833","Gardner, Angus",Australia,252,2275759136,substitution,2026-02-20T07:22:30+00:00,52,51:04,home,Hurricanes,,,2,,,,,,,,,,sr:player:1705723,"Numia, Xavier",sr:player:1260208,"Rakete-Stones, Pouri","[{""id"": ""sr:player:1705723"", ""name"": ""Numia, Xavier"", ""type"": ""substituted_out""}, {""id"": ""sr:player:1260208"", ""name"": ""Rakete-Stones, Pouri"", ""type"": ""substituted_in""}]"
super_rugby_2026_hurricanes_vs_moana_pasifika_65866100.json,sr:sport_event:65866100,2026-02-20T06:05:00+00:00,Super Rugby,sr:competition:422,Super Rugby 2026,sr:season:137092,2026,league,regular season,2,Super Rugby Pacific 2026,Hurricanes,sr:competitor:4189,HUR,Moana Pasifika,sr:competitor:761406,MOA,Wellington Regional Stadium,Wellington,New Zealand,"-41.273056, 174.785833","Gardner, Angus",Australia,253,2275759158,ball_recycled,2026-02-20T07:22:37+00:00,52,51:11,away,Moana Pasifika,22,23,2,,,,,,,,,,,,,,
super_rugby_2026_hurricanes_vs_moana_pasifika_65866100.json,sr:sport_event:65866100,2026-02-20T06:05:00+00:00,Super Rugby,sr:competition:422,Super Rugby 2026,sr:season:137092,2026,league,regular season,2,Super Rugby Pacific 2026,Hurricanes,sr:competitor:4189,HUR,Moana Pasifika,sr:competitor:761406,MOA,Wellington Regional Stadium,Wellington,New Zealand,"-41.273056, 174.785833","Gardner, Angus",Australia,254,2275758884,substitution,2026-02-20T07:21:39+00:00,52,51:12,away,Moana Pasifika,,,2,,,,,,,,,,sr:player:2311797,"Pole, Abraham",sr:player:2915105,"Tuipulotu, Tito","[{""id"": ""sr:player:2311797"", ""name"": ""Pole, Abraham"", ""type"": ""substituted_out""}, {""id"": ""sr:player:2915105"", ""name"": ""Tuipulotu, Tito"", ""type"": ""substituted_in""}]"
super_rugby_2026_hurricanes_vs_moana_pasifika_65866100.json,sr:sport_event:65866100,2026-02-20T06:05:00+00:00,Super Rugby,sr:competition:422,Super Rugby 2026,sr:season:137092,2026,league,regular season,2,Super Rugby Pacific 2026,Hurricanes,sr:competitor:4189,HUR,Moana Pasifika,sr:competitor:761406,MOA,Wellington Regional Stadium,Wellington,New Zealand,"-41.273056, 174.785833","Gardner, Angus",Australia,255,2275758886,substitution,2026-02-20T07:21:39+00:00,52,51:12,away,Moana Pasifika,,,2,,,,,,,,,,sr:player:2945397,"Sae-Ta'ufo'ou, Feteleti",sr:player:3158322,"Faleiva, Lolani","[{""id"": ""sr:player:2945397"", ""name"": ""Sae-Ta'ufo'ou, Feteleti"", ""type"": ""substituted_out""}, {""id"": ""sr:player:3158322"", ""name"": ""Faleiva, Lolani"", ""type"": ""substituted_in""}]"
super_rugby_2026_hurricanes_vs_moana_pasifika_65866100.json,sr:sport_event:65866100,2026-02-20T06:05:00+00:00,Super Rugby,sr:competition:422,Super Rugby 2026,sr:season:137092,2026,league,regular season,2,Super Rugby Pacific 2026,Hurricanes,sr:competitor:4189,HUR,Moana Pasifika,sr:competitor:761406,MOA,Wellington Regional Stadium,Wellington,New Zealand,"-41.273056, 174.785833","Gardner, Angus",Australia,256,2275758888,substitution,2026-02-20T07:21:39+00:00,52,51:12,away,Moana Pasifika,,,2,,,,,,,,,,sr:player:2177416,"Moli, Sam",sr:player:2816175,"Harada, Mamori","[{""id"": ""sr:player:2177416"", ""name"": ""Moli, Sam"", ""type"": ""substituted_out""}, {""id"": ""sr:player:2816175"", ""name"": ""Harada, Mamori"", ""type"": ""substituted_in""}]"
super_rugby_2026_hurricanes_vs_moana_pasifika_65866100.json,sr:sport_event:65866100,2026-02-20T06:05:00+00:00,Super Rugby,sr:competition:422,Super Rugby 2026,sr:season:137092,2026,league,regular season,2,Super Rugby Pacific 2026,Hurricanes,sr:competitor:4189,HUR,Moana Pasifika,sr:competitor:761406,MOA,Wellington Regional Stadium,Wellington,New Zealand,"-41.273056, 174.785833","Gardner, Angus",Australia,257,2275759184,ball_recycled,2026-02-20T07:22:40+00:00,52,51:14,away,Moana Pasifika,21,37,2,,,,,,,,,,,,,,
super_rugby_2026_hurricanes_vs_moana_pasifika_65866100.json,sr:sport_event:65866100,2026-02-20T06:05:00+00:00,Super Rugby,sr:competition:422,Super Rugby 2026,sr:season:137092,2026,league,regular season,2,Super Rugby Pacific 2026,Hurricanes,sr:competitor:4189,HUR,Moana Pasifika,sr:competitor:761406,MOA,Wellington Regional Stadium,Wellington,New Zealand,"-41.273056, 174.785833","Gardner, Angus",Australia,258,2275759242,ball_recycled,2026-02-20T07:22:49+00:00,52,51:22,away,Moana Pasifika,21,44,2,,,,,,,,,,,,,,
super_rugby_2026_hurricanes_vs_moana_pasifika_65866100.json,sr:sport_event:65866100,2026-02-20T06:05:00+00:00,Super Rugby,sr:competition:422,Super Rugby 2026,sr:season:137092,2026,league,regular season,2,Super Rugby Pacific 2026,Hurricanes,sr:competitor:4189,HUR,Moana Pasifika,sr:competitor:761406,MOA,Wellington Regional Stadium,Wellington,New Zealand,"-41.273056, 174.785833","Gardner, Angus",Australia,259,2275759270,ball_recycled,2026-02-20T07:22:54+00:00,52,51:28,away,Moana Pasifika,18,53,2,,,,,,,,,,,,,,
super_rugby_2026_hurricanes_vs_moana_pasifika_65866100.json,sr:sport_event:65866100,2026-02-20T06:05:00+00:00,Super Rugby,sr:competition:422,Super Rugby 2026,sr:season:137092,2026,league,regular season,2,Super Rugby Pacific 2026,Hurricanes,sr:competitor:4189,HUR,Moana Pasifika,sr:competitor:761406,MOA,Wellington Regional Stadium,Wellington,New Zealand,"-41.273056, 174.785833","Gardner, Angus",Australia,260,2275759310,ball_recycled,2026-02-20T07:23:03+00:00,52,51:37,away,Moana Pasifika,17,60,2,,,,,,,,,,,,,,
super_rugby_2026_hurricanes_vs_moana_pasifika_65866100.json,sr:sport_event:65866100,2026-02-20T06:05:00+00:00,Super Rugby,sr:competition:422,Super Rugby 2026,sr:season:137092,2026,league,regular season,2,Super Rugby Pacific 2026,Hurricanes,sr:competitor:4189,HUR,Moana Pasifika,sr:competitor:761406,MOA,Wellington Regional Stadium,Wellington,New Zealand,"-41.273056, 174.785833","Gardner, Angus",Australia,261,2275759392,substitution,2026-02-20T07:23:20+00:00,52,51:54,home,Hurricanes,,,2,,,,,,,,,,sr:player:2533539,"Lakai, Peter",sr:player:2911271,"Poliko, Arese","[{""id"": ""sr:player:2533539"", ""name"": ""Lakai, Peter"", ""type"": ""substituted_out""}, {""id"": ""sr:player:2911271"", ""name"": ""Poliko, Arese"", ""type"": ""substituted_in""}]"
super_rugby_2026_hurricanes_vs_moana_pasifika_65866100.json,sr:sport_event:65866100,2026-02-20T06:05:00+00:00,Super Rugby,sr:competition:422,Super Rugby 2026,sr:season:137092,2026,league,regular season,2,Super Rugby Pacific 2026,Hurricanes,sr:competitor:4189,HUR,Moana Pasifika,sr:competitor:761406,MOA,Wellington Regional Stadium,Wellington,New Zealand,"-41.273056, 174.785833","Gardner, Angus",Australia,262,2275759474,penalty_awarded,2026-02-20T07:23:31+00:00,53,52:04,away,Moana Pasifika,19,50,2,,,,,,,,,,,,,,
super_rugby_2026_hurricanes_vs_moana_pasifika_65866100.json,sr:sport_event:65866100,2026-02-20T06:05:00+00:00,Super Rugby,sr:competition:422,Super Rugby 2026,sr:season:137092,2026,league,regular season,2,Super Rugby Pacific 2026,Hurricanes,sr:competitor:4189,HUR,Moana Pasifika,sr:competitor:761406,MOA,Wellington Regional Stadium,Wellington,New Zealand,"-41.273056, 174.785833","Gardner, Angus",Australia,263,2275759478,kick_to_touch,2026-02-20T07:23:33+00:00,53,52:07,away,Moana Pasifika,19,50,2,,,,,,,,,,,,,,
super_rugby_2026_hurricanes_vs_moana_pasifika_65866100.json,sr:sport_event:65866100,2026-02-20T06:05:00+00:00,Super Rugby,sr:competition:422,Super Rugby 2026,sr:season:137092,2026,league,regular season,2,Super Rugby Pacific 2026,Hurricanes,sr:competitor:4189,HUR,Moana Pasifika,sr:competitor:761406,MOA,Wellington Regional Stadium,Wellington,New Zealand,"-41.273056, 174.785833","Gardner, Angus",Australia,264,2275759492,line_out,2026-02-20T07:23:36+00:00,53,52:10,away,Moana Pasifika,11,72,2,,,,,,,,,,,,,,
super_rugby_2026_hurricanes_vs_moana_pasifika_65866100.json,sr:sport_event:65866100,2026-02-20T06:05:00+00:00,Super Rugby,sr:competition:422,Super Rugby 2026,sr:season:137092,2026,league,regular season,2,Super Rugby Pacific 2026,Hurricanes,sr:competitor:4189,HUR,Moana Pasifika,sr:competitor:761406,MOA,Wellington Regional Stadium,Wellington,New Zealand,"-41.273056, 174.785833","Gardner, Angus",Australia,265,2275759592,line_out_won,2026-02-20T07:23:58+00:00,53,52:31,away,Moana Pasifika,11,72,2,,,,,,,,,,,,,,
super_rugby_2026_hurricanes_vs_moana_pasifika_65866100.json,sr:sport_event:65866100,2026-02-20T06:05:00+00:00,Super Rugby,sr:competition:422,Super Rugby 2026,sr:season:137092,2026,league,regular season,2,Super Rugby Pacific 2026,Hurricanes,sr:competitor:4189,HUR,Moana Pasifika,sr:competitor:761406,MOA,Wellington Regional Stadium,Wellington,New Zealand,"-41.273056, 174.785833","Gardner, Angus",Australia,266,2275759604,ball_recycled,2026-02-20T07:24:00+00:00,53,52:34,away,Moana Pasifika,11,72,2,,,,,,,,,,,,,,
super_rugby_2026_hurricanes_vs_moana_pasifika_65866100.json,sr:sport_event:65866100,2026-02-20T06:05:00+00:00,Super Rugby,sr:competition:422,Super Rugby 2026,sr:season:137092,2026,league,regular season,2,Super Rugby Pacific 2026,Hurricanes,sr:competitor:4189,HUR,Moana Pasifika,sr:competitor:761406,MOA,Wellington Regional Stadium,Wellington,New Zealand,"-41.273056, 174.785833","Gardner, Angus",Australia,267,2275759612,ball_recycled,2026-02-20T07:24:03+00:00,53,52:36,away,Moana Pasifika,9,51,2,,,,,,,,,,,,,,
super_rugby_2026_hurricanes_vs_moana_pasifika_65866100.json,sr:sport_event:65866100,2026-02-20T06:05:00+00:00,Super Rugby,sr:competition:422,Super Rugby 2026,sr:season:137092,2026,league,regular season,2,Super Rugby Pacific 2026,Hurricanes,sr:competitor:4189,HUR,Moana Pasifika,sr:competitor:761406,MOA,Wellington Regional Stadium,Wellington,New Zealand,"-41.273056, 174.785833","Gardner, Angus",Australia,268,2275759996,denied_try,2026-02-20T07:25:27+00:00,53,52:52,away,Moana Pasifika,,,2,,,,,,,,,,,,,,
super_rugby_2026_hurricanes_vs_moana_pasifika_65866100.json,sr:sport_event:65866100,2026-02-20T06:05:00+00:00,Super Rugby,sr:competition:422,Super Rugby 2026,sr:season:137092,2026,league,regular season,2,Super Rugby Pacific 2026,Hurricanes,sr:competitor:4189,HUR,Moana Pasifika,sr:competitor:761406,MOA,Wellington Regional Stadium,Wellington,New Zealand,"-41.273056, 174.785833","Gardner, Angus",Australia,269,2275760070,ball_kicked,2026-02-20T07:25:47+00:00,54,53:07,home,Hurricanes,21,37,2,,,,,,,,,,,,,,
super_rugby_2026_hurricanes_vs_moana_pasifika_65866100.json,sr:sport_event:65866100,2026-02-20T06:05:00+00:00,Super Rugby,sr:competition:422,Super Rugby 2026,sr:season:137092,2026,league,regular season,2,Super Rugby Pacific 2026,Hurricanes,sr:competitor:4189,HUR,Moana Pasifika,sr:competitor:761406,MOA,Wellington Regional Stadium,Wellington,New Zealand,"-41.273056, 174.785833","Gardner, Angus",Australia,270,2275760082,ball_recycled,2026-02-20T07:25:49+00:00,54,53:09,away,Moana Pasifika,48,29,2,,,,,,,,,,,,,,
super_rugby_2026_hurricanes_vs_moana_pasifika_65866100.json,sr:sport_event:65866100,2026-02-20T06:05:00+00:00,Super Rugby,sr:competition:422,Super Rugby 2026,sr:season:137092,2026,league,regular season,2,Super Rugby Pacific 2026,Hurricanes,sr:competitor:4189,HUR,Moana Pasifika,sr:competitor:761406,MOA,Wellington Regional Stadium,Wellington,New Zealand,"-41.273056, 174.785833","Gardner, Angus",Australia,271,2275760102,ball_recycled,2026-02-20T07:25:53+00:00,54,53:13,away,Moana Pasifika,37,22,2,,,,,,,,,,,,,,
super_rugby_2026_hurricanes_vs_moana_pasifika_65866100.json,sr:sport_event:65866100,2026-02-20T06:05:00+00:00,Super Rugby,sr:competition:422,Super Rugby 2026,sr:season:137092,2026,league,regular season,2,Super Rugby Pacific 2026,Hurricanes,sr:competitor:4189,HUR,Moana Pasifika,sr:competitor:761406,MOA,Wellington Regional Stadium,Wellington,New Zealand,"-41.273056, 174.785833","Gardner, Angus",Australia,272,2275760122,turnover,2026-02-20T07:25:56+00:00,54,53:16,home,Hurricanes,37,21,2,,,,,,,,,,,,,,
super_rugby_2026_hurricanes_vs_moana_pasifika_65866100.json,sr:sport_event:65866100,2026-02-20T06:05:00+00:00,Super Rugby,sr:competition:422,Super Rugby 2026,sr:season:137092,2026,league,regular season,2,Super Rugby Pacific 2026,Hurricanes,sr:competitor:4189,HUR,Moana Pasifika,sr:competitor:761406,MOA,Wellington Regional Stadium,Wellington,New Zealand,"-41.273056, 174.785833","Gardner, Angus",Australia,273,2275760142,ball_recycled,2026-02-20T07:26:00+00:00,54,53:20,home,Hurricanes,50,16,2,,,,,,,,,,,,,,
super_rugby_2026_hurricanes_vs_moana_pasifika_65866100.json,sr:sport_event:65866100,2026-02-20T06:05:00+00:00,Super Rugby,sr:competition:422,Super Rugby 2026,sr:season:137092,2026,league,regular season,2,Super Rugby Pacific 2026,Hurricanes,sr:competitor:4189,HUR,Moana Pasifika,sr:competitor:761406,MOA,Wellington Regional Stadium,Wellington,New Zealand,"-41.273056, 174.785833","Gardner, Angus",Australia,274,2275760172,ball_recycled,2026-02-20T07:26:06+00:00,54,53:26,home,Hurricanes,50,21,2,,,,,,,,,,,,,,
super_rugby_2026_hurricanes_vs_moana_pasifika_65866100.json,sr:sport_event:65866100,2026-02-20T06:05:00+00:00,Super Rugby,sr:competition:422,Super Rugby 2026,sr:season:137092,2026,league,regular season,2,Super Rugby Pacific 2026,Hurricanes,sr:competitor:4189,HUR,Moana Pasifika,sr:competitor:761406,MOA,Wellington Regional Stadium,Wellington,New Zealand,"-41.273056, 174.785833","Gardner, Angus",Australia,275,2275760188,ball_recycled,2026-02-20T07:26:09+00:00,54,53:29,home,Hurricanes,60,20,2,,,,,,,,,,,,,,
super_rugby_2026_hurricanes_vs_moana_pasifika_65866100.json,sr:sport_event:65866100,2026-02-20T06:05:00+00:00,Super Rugby,sr:competition:422,Super Rugby 2026,sr:season:137092,2026,league,regular season,2,Super Rugby Pacific 2026,Hurricanes,sr:competitor:4189,HUR,Moana Pasifika,sr:competitor:761406,MOA,Wellington Regional Stadium,Wellington,New Zealand,"-41.273056, 174.785833","Gardner, Angus",Australia,276,2275760222,ball_kicked,2026-02-20T07:26:16+00:00,54,53:35,home,Hurricanes,50,25,2,,,,,,,,,,,,,,
super_rugby_2026_hurricanes_vs_moana_pasifika_65866100.json,sr:sport_event:65866100,2026-02-20T06:05:00+00:00,Super Rugby,sr:competition:422,Super Rugby 2026,sr:season:137092,2026,league,regular season,2,Super Rugby Pacific 2026,Hurricanes,sr:competitor:4189,HUR,Moana Pasifika,sr:competitor:761406,MOA,Wellington Regional Stadium,Wellington,New Zealand,"-41.273056, 174.785833","Gardner, Angus",Australia,277,2275760226,ball_recycled,2026-02-20T07:26:18+00:00,54,53:38,away,Moana Pasifika,81,6,2,,,,,,,,,,,,,,
super_rugby_2026_hurricanes_vs_moana_pasifika_65866100.json,sr:sport_event:65866100,2026-02-20T06:05:00+00:00,Super Rugby,sr:competition:422,Super Rugby 2026,sr:season:137092,2026,league,regular season,2,Super Rugby Pacific 2026,Hurricanes,sr:competitor:4189,HUR,Moana Pasifika,sr:competitor:761406,MOA,Wellington Regional Stadium,Wellington,New Zealand,"-41.273056, 174.785833","Gardner, Angus",Australia,278,2275760228,ball_recycled,2026-02-20T07:26:20+00:00,54,53:40,away,Moana Pasifika,75,10,2,,,,,,,,,,,,,,
super_rugby_2026_hurricanes_vs_moana_pasifika_65866100.json,sr:sport_event:65866100,2026-02-20T06:05:00+00:00,Super Rugby,sr:competition:422,Super Rugby 2026,sr:season:137092,2026,league,regular season,2,Super Rugby Pacific 2026,Hurricanes,sr:competitor:4189,HUR,Moana Pasifika,sr:competitor:761406,MOA,Wellington Regional Stadium,Wellington,New Zealand,"-41.273056, 174.785833","Gardner, Angus",Australia,279,2275760292,ball_recycled,2026-02-20T07:26:31+00:00,54,53:50,away,Moana Pasifika,76,11,2,,,,,,,,,,,,,,
super_rugby_2026_hurricanes_vs_moana_pasifika_65866100.json,sr:sport_event:65866100,2026-02-20T06:05:00+00:00,Super Rugby,sr:competition:422,Super Rugby 2026,sr:season:137092,2026,league,regular season,2,Super Rugby Pacific 2026,Hurricanes,sr:competitor:4189,HUR,Moana Pasifika,sr:competitor:761406,MOA,Wellington Regional Stadium,Wellington,New Zealand,"-41.273056, 174.785833","Gardner, Angus",Australia,280,2275760332,ball_kicked,2026-02-20T07:26:41+00:00,54,54:00,away,Moana Pasifika,77,12,2,,,,,,,,,,,,,,
super_rugby_2026_hurricanes_vs_moana_pasifika_65866100.json,sr:sport_event:65866100,2026-02-20T06:05:00+00:00,Super Rugby,sr:competition:422,Super Rugby 2026,sr:season:137092,2026,league,regular season,2,Super Rugby Pacific 2026,Hurricanes,sr:competitor:4189,HUR,Moana Pasifika,sr:competitor:761406,MOA,Wellington Regional Stadium,Wellington,New Zealand,"-41.273056, 174.785833","Gardner, Angus",Australia,281,2275760356,ball_recycled,2026-02-20T07:26:44+00:00,55,54:04,home,Hurricanes,50,11,2,,,,,,,,,,,,,,
super_rugby_2026_hurricanes_vs_moana_pasifika_65866100.json,sr:sport_event:65866100,2026-02-20T06:05:00+00:00,Super Rugby,sr:competition:422,Super Rugby 2026,sr:season:137092,2026,league,regular season,2,Super Rugby Pacific 2026,Hurricanes,sr:competitor:4189,HUR,Moana Pasifika,sr:competitor:761406,MOA,Wellington Regional Stadium,Wellington,New Zealand,"-41.273056, 174.785833","Gardner, Angus",Australia,282,2275760372,ball_recycled,2026-02-20T07:26:48+00:00,55,54:08,home,Hurricanes,67,23,2,,,,,,,,,,,,,,
super_rugby_2026_hurricanes_vs_moana_pasifika_65866100.json,sr:sport_event:65866100,2026-02-20T06:05:00+00:00,Super Rugby,sr:competition:422,Super Rugby 2026,sr:season:137092,2026,league,regular season,2,Super Rugby Pacific 2026,Hurricanes,sr:competitor:4189,HUR,Moana Pasifika,sr:competitor:761406,MOA,Wellington Regional Stadium,Wellington,New Zealand,"-41.273056, 174.785833","Gardner, Angus",Australia,283,2275760452,ball_recycled,2026-02-20T07:27:02+00:00,55,54:21,home,Hurricanes,71,18,2,,,,,,,,,,,,,,
super_rugby_2026_hurricanes_vs_moana_pasifika_65866100.json,sr:sport_event:65866100,2026-02-20T06:05:00+00:00,Super Rugby,sr:competition:422,Super Rugby 2026,sr:season:137092,2026,league,regular season,2,Super Rugby Pacific 2026,Hurricanes,sr:competitor:4189,HUR,Moana Pasifika,sr:competitor:761406,MOA,Wellington Regional Stadium,Wellington,New Zealand,"-41.273056, 174.785833","Gardner, Angus",Australia,284,2275761166,scrum,2026-02-20T07:29:34+00:00,56,55:49,away,Moana Pasifika,93,29,2,,,,,,,,,,,,,,
super_rugby_2026_hurricanes_vs_moana_pasifika_65866100.json,sr:sport_event:65866100,2026-02-20T06:05:00+00:00,Super Rugby,sr:competition:422,Super Rugby 2026,sr:season:137092,2026,league,regular season,2,Super Rugby Pacific 2026,Hurricanes,sr:competitor:4189,HUR,Moana Pasifika,sr:competitor:761406,MOA,Wellington Regional Stadium,Wellington,New Zealand,"-41.273056, 174.785833","Gardner, Angus",Australia,285,2275761204,scrum_won,2026-02-20T07:29:45+00:00,57,56:01,away,Moana Pasifika,93,29,2,,,,,,,,,,,,,,
super_rugby_2026_hurricanes_vs_moana_pasifika_65866100.json,sr:sport_event:65866100,2026-02-20T06:05:00+00:00,Super Rugby,sr:competition:422,Super Rugby 2026,sr:season:137092,2026,league,regular season,2,Super Rugby Pacific 2026,Hurricanes,sr:competitor:4189,HUR,Moana Pasifika,sr:competitor:761406,MOA,Wellington Regional Stadium,Wellington,New Zealand,"-41.273056, 174.785833","Gardner, Angus",Australia,286,2275761208,ball_kicked,2026-02-20T07:29:49+00:00,57,56:05,away,Moana Pasifika,95,26,2,,,,,,,,,,,,,,
super_rugby_2026_hurricanes_vs_moana_pasifika_65866100.json,sr:sport_event:65866100,2026-02-20T06:05:00+00:00,Super Rugby,sr:competition:422,Super Rugby 2026,sr:season:137092,2026,league,regular season,2,Super Rugby Pacific 2026,Hurricanes,sr:competitor:4189,HUR,Moana Pasifika,sr:competitor:761406,MOA,Wellington Regional Stadium,Wellington,New Zealand,"-41.273056, 174.785833","Gardner, Angus",Australia,287,2275760980,turnover,2026-02-20T07:28:47+00:00,57,56:06,home,Hurricanes,83,31,2,,,,,,,,,,,,,,
super_rugby_2026_hurricanes_vs_moana_pasifika_65866100.json,sr:sport_event:65866100,2026-02-20T06:05:00+00:00,Super Rugby,sr:competition:422,Super Rugby 2026,sr:season:137092,2026,league,regular season,2,Super Rugby Pacific 2026,Hurricanes,sr:competitor:4189,HUR,Moana Pasifika,sr:competitor:761406,MOA,Wellington Regional Stadium,Wellington,New Zealand,"-41.273056, 174.785833","Gardner, Angus",Australia,288,2275761008,denied_try,2026-02-20T07:28:54+00:00,57,56:09,home,Hurricanes,,,2,,,,,,,,,,,,,,
super_rugby_2026_hurricanes_vs_moana_pasifika_65866100.json,sr:sport_event:65866100,2026-02-20T06:05:00+00:00,Super Rugby,sr:competition:422,Super Rugby 2026,sr:season:137092,2026,league,regular season,2,Super Rugby Pacific 2026,Hurricanes,sr:competitor:4189,HUR,Moana Pasifika,sr:competitor:761406,MOA,Wellington Regional Stadium,Wellington,New Zealand,"-41.273056, 174.785833","Gardner, Angus",Australia,289,2275761222,line_out,2026-02-20T07:29:54+00:00,57,56:10,home,Hurricanes,72,-2,2,,,,,,,,,,,,,,
super_rugby_2026_hurricanes_vs_moana_pasifika_65866100.json,sr:sport_event:65866100,2026-02-20T06:05:00+00:00,Super Rugby,sr:competition:422,Super Rugby 2026,sr:season:137092,2026,league,regular season,2,Super Rugby Pacific 2026,Hurricanes,sr:competitor:4189,HUR,Moana Pasifika,sr:competitor:761406,MOA,Wellington Regional Stadium,Wellington,New Zealand,"-41.273056, 174.785833","Gardner, Angus",Australia,290,2275761460,substitution,2026-02-20T07:30:18+00:00,57,56:18,away,Moana Pasifika,,,2,,,,,,,,,,sr:player:2800019,"Nginingini, Siaoisi",sr:player:848499,"Matavao, Melani","[{""id"": ""sr:player:2800019"", ""name"": ""Nginingini, Siaoisi"", ""type"": ""substituted_out""}, {""id"": ""sr:player:848499"", ""name"": ""Matavao, Melani"", ""type"": ""substituted_in""}]"
super_rugby_2026_hurricanes_vs_moana_pasifika_65866100.json,sr:sport_event:65866100,2026-02-20T06:05:00+00:00,Super Rugby,sr:competition:422,Super Rugby 2026,sr:season:137092,2026,league,regular season,2,Super Rugby Pacific 2026,Hurricanes,sr:competitor:4189,HUR,Moana Pasifika,sr:competitor:761406,MOA,Wellington Regional Stadium,Wellington,New Zealand,"-41.273056, 174.785833","Gardner, Angus",Australia,291,2275761550,substitution,2026-02-20T07:30:30+00:00,57,56:18,home,Hurricanes,,,2,,,,,,,,,,sr:player:2586807,"Plummer, Hugo",sr:player:498032,"Shields, Brad","[{""id"": ""sr:player:2586807"", ""name"": ""Plummer, Hugo"", ""type"": ""substituted_out""}, {""id"": ""sr:player:498032"", ""name"": ""Shields, Brad"", ""type"": ""substituted_in""}]"
super_rugby_2026_hurricanes_vs_moana_pasifika_65866100.json,sr:sport_event:65866100,2026-02-20T06:05:00+00:00,Super Rugby,sr:competition:422,Super Rugby 2026,sr:season:137092,2026,league,regular season,2,Super Rugby Pacific 2026,Hurricanes,sr:competitor:4189,HUR,Moana Pasifika,sr:competitor:761406,MOA,Wellington Regional Stadium,Wellington,New Zealand,"-41.273056, 174.785833","Gardner, Angus",Australia,292,2275761580,line_out_won,2026-02-20T07:30:37+00:00,57,56:20,home,Hurricanes,73,12,2,,,,,,,,,,,,,,
super_rugby_2026_hurricanes_vs_moana_pasifika_65866100.json,sr:sport_event:65866100,2026-02-20T06:05:00+00:00,Super Rugby,sr:competition:422,Super Rugby 2026,sr:season:137092,2026,league,regular season,2,Super Rugby Pacific 2026,Hurricanes,sr:competitor:4189,HUR,Moana Pasifika,sr:competitor:761406,MOA,Wellington Regional Stadium,Wellington,New Zealand,"-41.273056, 174.785833","Gardner, Angus",Australia,293,2275761642,ball_recycled,2026-02-20T07:30:46+00:00,57,56:29,home,Hurricanes,92,46,2,,,,,,,,,,,,,,
super_rugby_2026_hurricanes_vs_moana_pasifika_65866100.json,sr:sport_event:65866100,2026-02-20T06:05:00+00:00,Super Rugby,sr:competition:422,Super Rugby 2026,sr:season:137092,2026,league,regular season,2,Super Rugby Pacific 2026,Hurricanes,sr:competitor:4189,HUR,Moana Pasifika,sr:competitor:761406,MOA,Wellington Regional Stadium,Wellington,New Zealand,"-41.273056, 174.785833","Gardner, Angus",Australia,294,2275761670,ball_recycled,2026-02-20T07:30:52+00:00,57,56:34,home,Hurricanes,95,49,2,,,,,,,,,,,,,,
super_rugby_2026_hurricanes_vs_moana_pasifika_65866100.json,sr:sport_event:65866100,2026-02-20T06:05:00+00:00,Super Rugby,sr:competition:422,Super Rugby 2026,sr:season:137092,2026,league,regular season,2,Super Rugby Pacific 2026,Hurricanes,sr:competitor:4189,HUR,Moana Pasifika,sr:competitor:761406,MOA,Wellington Regional Stadium,Wellington,New Zealand,"-41.273056, 174.785833","Gardner, Angus",Australia,295,2275761732,ball_kicked,2026-02-20T07:31:03+00:00,57,56:45,home,Hurricanes,77,29,2,,,,,,,,,,,,,,
super_rugby_2026_hurricanes_vs_moana_pasifika_65866100.json,sr:sport_event:65866100,2026-02-20T06:05:00+00:00,Super Rugby,sr:competition:422,Super Rugby 2026,sr:season:137092,2026,league,regular season,2,Super Rugby Pacific 2026,Hurricanes,sr:competitor:4189,HUR,Moana Pasifika,sr:competitor:761406,MOA,Wellington Regional Stadium,Wellington,New Zealand,"-41.273056, 174.785833","Gardner, Angus",Australia,296,2275761754,line_out,2026-02-20T07:31:06+00:00,57,56:48,away,Moana Pasifika,96,-3,2,,,,,,,,,,,,,,
super_rugby_2026_hurricanes_vs_moana_pasifika_65866100.json,sr:sport_event:65866100,2026-02-20T06:05:00+00:00,Super Rugby,sr:competition:422,Super Rugby 2026,sr:season:137092,2026,league,regular season,2,Super Rugby Pacific 2026,Hurricanes,sr:competitor:4189,HUR,Moana Pasifika,sr:competitor:761406,MOA,Wellington Regional Stadium,Wellington,New Zealand,"-41.273056, 174.785833","Gardner, Angus",Australia,297,2275761876,line_out_won,2026-02-20T07:31:26+00:00,58,57:09,away,Moana Pasifika,96,10,2,,,,,,,,,,,,,,
super_rugby_2026_hurricanes_vs_moana_pasifika_65866100.json,sr:sport_event:65866100,2026-02-20T06:05:00+00:00,Super Rugby,sr:competition:422,Super Rugby 2026,sr:season:137092,2026,league,regular season,2,Super Rugby Pacific 2026,Hurricanes,sr:competitor:4189,HUR,Moana Pasifika,sr:competitor:761406,MOA,Wellington Regional Stadium,Wellington,New Zealand,"-41.273056, 174.785833","Gardner, Angus",Australia,298,2275761906,ball_recycled,2026-02-20T07:31:30+00:00,58,57:13,away,Moana Pasifika,95,19,2,,,,,,,,,,,,,,
super_rugby_2026_hurricanes_vs_moana_pasifika_65866100.json,sr:sport_event:65866100,2026-02-20T06:05:00+00:00,Super Rugby,sr:competition:422,Super Rugby 2026,sr:season:137092,2026,league,regular season,2,Super Rugby Pacific 2026,Hurricanes,sr:competitor:4189,HUR,Moana Pasifika,sr:competitor:761406,MOA,Wellington Regional Stadium,Wellington,New Zealand,"-41.273056, 174.785833","Gardner, Angus",Australia,299,2275761928,substitution,2026-02-20T07:31:37+00:00,58,57:20,home,Hurricanes,,,2,,,,,,,,,,sr:player:1001609,"Aumua, Asafo Junior",sr:player:2303133,"Devery, Jacob","[{""id"": ""sr:player:1001609"", ""name"": ""Aumua, Asafo Junior"", ""type"": ""substituted_out""}, {""id"": ""sr:player:2303133"", ""name"": ""Devery, Jacob"", ""type"": ""substituted_in""}]"
super_rugby_2026_hurricanes_vs_moana_pasifika_65866100.json,sr:sport_event:65866100,2026-02-20T06:05:00+00:00,Super Rugby,sr:competition:422,Super Rugby 2026,sr:season:137092,2026,league,regular season,2,Super Rugby Pacific 2026,Hurricanes,sr:competitor:4189,HUR,Moana Pasifika,sr:competitor:761406,MOA,Wellington Regional Stadium,Wellington,New Zealand,"-41.273056, 174.785833","Gardner, Angus",Australia,300,2275761960,ball_kicked,2026-02-20T07:31:42+00:00,58,57:24,away,Moana Pasifika,92,23,2,,,,,,,,,,,,,,
super_rugby_2026_hurricanes_vs_moana_pasifika_65866100.json,sr:sport_event:65866100,2026-02-20T06:05:00+00:00,Super Rugby,sr:competition:422,Super Rugby 2026,sr:season:137092,2026,league,regular season,2,Super Rugby Pacific 2026,Hurricanes,sr:competitor:4189,HUR,Moana Pasifika,sr:competitor:761406,MOA,Wellington Regional Stadium,Wellington,New Zealand,"-41.273056, 174.785833","Gardner, Angus",Australia,301,2275761980,ball_recycled,2026-02-20T07:31:44+00:00,58,57:27,home,Hurricanes,59,9,2,,,,,,,,,,,,,,
super_rugby_2026_hurricanes_vs_moana_pasifika_65866100.json,sr:sport_event:65866100,2026-02-20T06:05:00+00:00,Super Rugby,sr:competition:422,Super Rugby 2026,sr:season:137092,2026,league,regular season,2,Super Rugby Pacific 2026,Hurricanes,sr:competitor:4189,HUR,Moana Pasifika,sr:competitor:761406,MOA,Wellington Regional Stadium,Wellington,New Zealand,"-41.273056, 174.785833","Gardner, Angus",Australia,302,2275762036,ball_recycled,2026-02-20T07:31:48+00:00,58,57:31,home,Hurricanes,60,34,2,,,,,,,,,,,,,,
super_rugby_2026_hurricanes_vs_moana_pasifika_65866100.json,sr:sport_event:65866100,2026-02-20T06:05:00+00:00,Super Rugby,sr:competition:422,Super Rugby 2026,sr:season:137092,2026,league,regular season,2,Super Rugby Pacific 2026,Hurricanes,sr:competitor:4189,HUR,Moana Pasifika,sr:competitor:761406,MOA,Wellington Regional Stadium,Wellington,New Zealand,"-41.273056, 174.785833","Gardner, Angus",Australia,303,2275762052,ball_recycled,2026-02-20T07:31:51+00:00,58,57:34,home,Hurricanes,72,28,2,,,,,,,,,,,,,,
super_rugby_2026_hurricanes_vs_moana_pasifika_65866100.json,sr:sport_event:65866100,2026-02-20T06:05:00+00:00,Super Rugby,sr:competition:422,Super Rugby 2026,sr:season:137092,2026,league,regular season,2,Super Rugby Pacific 2026,Hurricanes,sr:competitor:4189,HUR,Moana Pasifika,sr:competitor:761406,MOA,Wellington Regional Stadium,Wellington,New Zealand,"-41.273056, 174.785833","Gardner, Angus",Australia,304,2275762100,ball_recycled,2026-02-20T07:31:58+00:00,58,57:41,home,Hurricanes,73,12,2,,,,,,,,,,,,,,
super_rugby_2026_hurricanes_vs_moana_pasifika_65866100.json,sr:sport_event:65866100,2026-02-20T06:05:00+00:00,Super Rugby,sr:competition:422,Super Rugby 2026,sr:season:137092,2026,league,regular season,2,Super Rugby Pacific 2026,Hurricanes,sr:competitor:4189,HUR,Moana Pasifika,sr:competitor:761406,MOA,Wellington Regional Stadium,Wellington,New Zealand,"-41.273056, 174.785833","Gardner, Angus",Australia,305,2275762136,ball_recycled,2026-02-20T07:32:05+00:00,58,57:48,home,Hurricanes,75,18,2,,,,,,,,,,,,,,
super_rugby_2026_hurricanes_vs_moana_pasifika_65866100.json,sr:sport_event:65866100,2026-02-20T06:05:00+00:00,Super Rugby,sr:competition:422,Super Rugby 2026,sr:season:137092,2026,league,regular season,2,Super Rugby Pacific 2026,Hurricanes,sr:competitor:4189,HUR,Moana Pasifika,sr:competitor:761406,MOA,Wellington Regional Stadium,Wellington,New Zealand,"-41.273056, 174.785833","Gardner, Angus",Australia,306,2275762172,ball_recycled,2026-02-20T07:32:10+00:00,58,57:52,home,Hurricanes,75,12,2,,,,,,,,,,,,,,
super_rugby_2026_hurricanes_vs_moana_pasifika_65866100.json,sr:sport_event:65866100,2026-02-20T06:05:00+00:00,Super Rugby,sr:competition:422,Super Rugby 2026,sr:season:137092,2026,league,regular season,2,Super Rugby Pacific 2026,Hurricanes,sr:competitor:4189,HUR,Moana Pasifika,sr:competitor:761406,MOA,Wellington Regional Stadium,Wellington,New Zealand,"-41.273056, 174.785833","Gardner, Angus",Australia,307,2275762184,ball_recycled,2026-02-20T07:32:14+00:00,58,57:57,home,Hurricanes,76,10,2,,,,,,,,,,,,,,
super_rugby_2026_hurricanes_vs_moana_pasifika_65866100.json,sr:sport_event:65866100,2026-02-20T06:05:00+00:00,Super Rugby,sr:competition:422,Super Rugby 2026,sr:season:137092,2026,league,regular season,2,Super Rugby Pacific 2026,Hurricanes,sr:competitor:4189,HUR,Moana Pasifika,sr:competitor:761406,MOA,Wellington Regional Stadium,Wellington,New Zealand,"-41.273056, 174.785833","Gardner, Angus",Australia,308,2275762230,ball_recycled,2026-02-20T07:32:20+00:00,59,58:03,home,Hurricanes,76,16,2,,,,,,,,,,,,,,
super_rugby_2026_hurricanes_vs_moana_pasifika_65866100.json,sr:sport_event:65866100,2026-02-20T06:05:00+00:00,Super Rugby,sr:competition:422,Super Rugby 2026,sr:season:137092,2026,league,regular season,2,Super Rugby Pacific 2026,Hurricanes,sr:competitor:4189,HUR,Moana Pasifika,sr:competitor:761406,MOA,Wellington Regional Stadium,Wellington,New Zealand,"-41.273056, 174.785833","Gardner, Angus",Australia,309,2275762468,turnover,2026-02-20T07:32:28+00:00,59,58:11,away,Moana Pasifika,77,23,2,,,,,,,,,,,,,,
super_rugby_2026_hurricanes_vs_moana_pasifika_65866100.json,sr:sport_event:65866100,2026-02-20T06:05:00+00:00,Super Rugby,sr:competition:422,Super Rugby 2026,sr:season:137092,2026,league,regular season,2,Super Rugby Pacific 2026,Hurricanes,sr:competitor:4189,HUR,Moana Pasifika,sr:competitor:761406,MOA,Wellington Regional Stadium,Wellington,New Zealand,"-41.273056, 174.785833","Gardner, Angus",Australia,310,2275762484,ball_recycled,2026-02-20T07:32:30+00:00,59,58:13,away,Moana Pasifika,71,23,2,,,,,,,,,,,,,,
super_rugby_2026_hurricanes_vs_moana_pasifika_65866100.json,sr:sport_event:65866100,2026-02-20T06:05:00+00:00,Super Rugby,sr:competition:422,Super Rugby 2026,sr:season:137092,2026,league,regular season,2,Super Rugby Pacific 2026,Hurricanes,sr:competitor:4189,HUR,Moana Pasifika,sr:competitor:761406,MOA,Wellington Regional Stadium,Wellington,New Zealand,"-41.273056, 174.785833","Gardner, Angus",Australia,311,2275762536,ball_recycled,2026-02-20T07:32:37+00:00,59,58:20,away,Moana Pasifika,68,22,2,,,,,,,,,,,,,,
super_rugby_2026_hurricanes_vs_moana_pasifika_65866100.json,sr:sport_event:65866100,2026-02-20T06:05:00+00:00,Super Rugby,sr:competition:422,Super Rugby 2026,sr:season:137092,2026,league,regular season,2,Super Rugby Pacific 2026,Hurricanes,sr:competitor:4189,HUR,Moana Pasifika,sr:competitor:761406,MOA,Wellington Regional Stadium,Wellington,New Zealand,"-41.273056, 174.785833","Gardner, Angus",Australia,312,2275762548,ball_recycled,2026-02-20T07:32:40+00:00,59,58:22,away,Moana Pasifika,62,24,2,,,,,,,,,,,,,,
super_rugby_2026_hurricanes_vs_moana_pasifika_65866100.json,sr:sport_event:65866100,2026-02-20T06:05:00+00:00,Super Rugby,sr:competition:422,Super Rugby 2026,sr:season:137092,2026,league,regular season,2,Super Rugby Pacific 2026,Hurricanes,sr:competitor:4189,HUR,Moana Pasifika,sr:competitor:761406,MOA,Wellington Regional Stadium,Wellington,New Zealand,"-41.273056, 174.785833","Gardner, Angus",Australia,313,2275762614,ball_kicked,2026-02-20T07:32:47+00:00,59,58:29,away,Moana Pasifika,62,35,2,,,,,,,,,,,,,,
super_rugby_2026_hurricanes_vs_moana_pasifika_65866100.json,sr:sport_event:65866100,2026-02-20T06:05:00+00:00,Super Rugby,sr:competition:422,Super Rugby 2026,sr:season:137092,2026,league,regular season,2,Super Rugby Pacific 2026,Hurricanes,sr:competitor:4189,HUR,Moana Pasifika,sr:competitor:761406,MOA,Wellington Regional Stadium,Wellington,New Zealand,"-41.273056, 174.785833","Gardner, Angus",Australia,314,2275762628,ball_recycled,2026-02-20T07:32:49+00:00,59,58:32,away,Moana Pasifika,46,47,2,,,,,,,,,,,,,,
super_rugby_2026_hurricanes_vs_moana_pasifika_65866100.json,sr:sport_event:65866100,2026-02-20T06:05:00+00:00,Super Rugby,sr:competition:422,Super Rugby 2026,sr:season:137092,2026,league,regular season,2,Super Rugby Pacific 2026,Hurricanes,sr:competitor:4189,HUR,Moana Pasifika,sr:competitor:761406,MOA,Wellington Regional Stadium,Wellington,New Zealand,"-41.273056, 174.785833","Gardner, Angus",Australia,315,2275762682,ball_recycled,2026-02-20T07:32:58+00:00,59,58:41,away,Moana Pasifika,48,41,2,,,,,,,,,,,,,,
super_rugby_2026_hurricanes_vs_moana_pasifika_65866100.json,sr:sport_event:65866100,2026-02-20T06:05:00+00:00,Super Rugby,sr:competition:422,Super Rugby 2026,sr:season:137092,2026,league,regular season,2,Super Rugby Pacific 2026,Hurricanes,sr:competitor:4189,HUR,Moana Pasifika,sr:competitor:761406,MOA,Wellington Regional Stadium,Wellington,New Zealand,"-41.273056, 174.785833","Gardner, Angus",Australia,316,2275762714,ball_recycled,2026-02-20T07:33:07+00:00,59,58:49,away,Moana Pasifika,48,32,2,,,,,,,,,,,,,,
super_rugby_2026_hurricanes_vs_moana_pasifika_65866100.json,sr:sport_event:65866100,2026-02-20T06:05:00+00:00,Super Rugby,sr:competition:422,Super Rugby 2026,sr:season:137092,2026,league,regular season,2,Super Rugby Pacific 2026,Hurricanes,sr:competitor:4189,HUR,Moana Pasifika,sr:competitor:761406,MOA,Wellington Regional Stadium,Wellington,New Zealand,"-41.273056, 174.785833","Gardner, Angus",Australia,317,2275762746,penalty_awarded,2026-02-20T07:33:12+00:00,59,58:55,away,Moana Pasifika,50,30,2,,,,,,,,,,,,,,
super_rugby_2026_hurricanes_vs_moana_pasifika_65866100.json,sr:sport_event:65866100,2026-02-20T06:05:00+00:00,Super Rugby,sr:competition:422,Super Rugby 2026,sr:season:137092,2026,league,regular season,2,Super Rugby Pacific 2026,Hurricanes,sr:competitor:4189,HUR,Moana Pasifika,sr:competitor:761406,MOA,Wellington Regional Stadium,Wellington,New Zealand,"-41.273056, 174.785833","Gardner, Angus",Australia,318,2275762814,kick_to_touch,2026-02-20T07:33:25+00:00,60,59:07,away,Moana Pasifika,50,30,2,,,,,,,,,,,,,,
super_rugby_2026_hurricanes_vs_moana_pasifika_65866100.json,sr:sport_event:65866100,2026-02-20T06:05:00+00:00,Super Rugby,sr:competition:422,Super Rugby 2026,sr:season:137092,2026,league,regular season,2,Super Rugby Pacific 2026,Hurricanes,sr:competitor:4189,HUR,Moana Pasifika,sr:competitor:761406,MOA,Wellington Regional Stadium,Wellington,New Zealand,"-41.273056, 174.785833","Gardner, Angus",Australia,319,2275762882,line_out,2026-02-20T07:33:35+00:00,60,59:17,away,Moana Pasifika,17,72,2,,,,,,,,,,,,,,
super_rugby_2026_hurricanes_vs_moana_pasifika_65866100.json,sr:sport_event:65866100,2026-02-20T06:05:00+00:00,Super Rugby,sr:competition:422,Super Rugby 2026,sr:season:137092,2026,league,regular season,2,Super Rugby Pacific 2026,Hurricanes,sr:competitor:4189,HUR,Moana Pasifika,sr:competitor:761406,MOA,Wellington Regional Stadium,Wellington,New Zealand,"-41.273056, 174.785833","Gardner, Angus",Australia,320,2275763062,line_out_won,2026-02-20T07:34:08+00:00,60,59:51,home,Hurricanes,17,72,2,,,,,,,,,,,,,,
super_rugby_2026_hurricanes_vs_moana_pasifika_65866100.json,sr:sport_event:65866100,2026-02-20T06:05:00+00:00,Super Rugby,sr:competition:422,Super Rugby 2026,sr:season:137092,2026,league,regular season,2,Super Rugby Pacific 2026,Hurricanes,sr:competitor:4189,HUR,Moana Pasifika,sr:competitor:761406,MOA,Wellington Regional Stadium,Wellington,New Zealand,"-41.273056, 174.785833","Gardner, Angus",Australia,321,2275763106,ball_recycled,2026-02-20T07:34:13+00:00,60,59:56,home,Hurricanes,18,37,2,,,,,,,,,,,,,,
super_rugby_2026_hurricanes_vs_moana_pasifika_65866100.json,sr:sport_event:65866100,2026-02-20T06:05:00+00:00,Super Rugby,sr:competition:422,Super Rugby 2026,sr:season:137092,2026,league,regular season,2,Super Rugby Pacific 2026,Hurricanes,sr:competitor:4189,HUR,Moana Pasifika,sr:competitor:761406,MOA,Wellington Regional Stadium,Wellington,New Zealand,"-41.273056, 174.785833","Gardner, Angus",Australia,322,2275763146,ball_kicked,2026-02-20T07:34:22+00:00,61,60:04,home,Hurricanes,15,44,2,,,,,,,,,,,,,,
super_rugby_2026_hurricanes_vs_moana_pasifika_65866100.json,sr:sport_event:65866100,2026-02-20T06:05:00+00:00,Super Rugby,sr:competition:422,Super Rugby 2026,sr:season:137092,2026,league,regular season,2,Super Rugby Pacific 2026,Hurricanes,sr:competitor:4189,HUR,Moana Pasifika,sr:competitor:761406,MOA,Wellington Regional Stadium,Wellington,New Zealand,"-41.273056, 174.785833","Gardner, Angus",Australia,323,2275763172,line_out,2026-02-20T07:34:26+00:00,61,60:09,away,Moana Pasifika,47,71,2,,,,,,,,,,,,,,
super_rugby_2026_hurricanes_vs_moana_pasifika_65866100.json,sr:sport_event:65866100,2026-02-20T06:05:00+00:00,Super Rugby,sr:competition:422,Super Rugby 2026,sr:season:137092,2026,league,regular season,2,Super Rugby Pacific 2026,Hurricanes,sr:competitor:4189,HUR,Moana Pasifika,sr:competitor:761406,MOA,Wellington Regional Stadium,Wellington,New Zealand,"-41.273056, 174.785833","Gardner, Angus",Australia,324,2275763364,line_out_won,2026-02-20T07:34:53+00:00,61,60:36,away,Moana Pasifika,47,71,2,,,,,,,,,,,,,,
super_rugby_2026_hurricanes_vs_moana_pasifika_65866100.json,sr:sport_event:65866100,2026-02-20T06:05:00+00:00,Super Rugby,sr:competition:422,Super Rugby 2026,sr:season:137092,2026,league,regular season,2,Super Rugby Pacific 2026,Hurricanes,sr:competitor:4189,HUR,Moana Pasifika,sr:competitor:761406,MOA,Wellington Regional Stadium,Wellington,New Zealand,"-41.273056, 174.785833","Gardner, Angus",Australia,325,2275763374,ball_recycled,2026-02-20T07:34:56+00:00,61,60:38,away,Moana Pasifika,46,58,2,,,,,,,,,,,,,,
super_rugby_2026_hurricanes_vs_moana_pasifika_65866100.json,sr:sport_event:65866100,2026-02-20T06:05:00+00:00,Super Rugby,sr:competition:422,Super Rugby 2026,sr:season:137092,2026,league,regular season,2,Super Rugby Pacific 2026,Hurricanes,sr:competitor:4189,HUR,Moana Pasifika,sr:competitor:761406,MOA,Wellington Regional Stadium,Wellington,New Zealand,"-41.273056, 174.785833","Gardner, Angus",Australia,326,2275763416,ball_recycled,2026-02-20T07:35:04+00:00,61,60:46,away,Moana Pasifika,48,47,2,,,,,,,,,,,,,,
super_rugby_2026_hurricanes_vs_moana_pasifika_65866100.json,sr:sport_event:65866100,2026-02-20T06:05:00+00:00,Super Rugby,sr:competition:422,Super Rugby 2026,sr:season:137092,2026,league,regular season,2,Super Rugby Pacific 2026,Hurricanes,sr:competitor:4189,HUR,Moana Pasifika,sr:competitor:761406,MOA,Wellington Regional Stadium,Wellington,New Zealand,"-41.273056, 174.785833","Gardner, Angus",Australia,327,2275763490,ball_recycled,2026-02-20T07:35:11+00:00,61,60:53,away,Moana Pasifika,48,42,2,,,,,,,,,,,,,,
super_rugby_2026_hurricanes_vs_moana_pasifika_65866100.json,sr:sport_event:65866100,2026-02-20T06:05:00+00:00,Super Rugby,sr:competition:422,Super Rugby 2026,sr:season:137092,2026,league,regular season,2,Super Rugby Pacific 2026,Hurricanes,sr:competitor:4189,HUR,Moana Pasifika,sr:competitor:761406,MOA,Wellington Regional Stadium,Wellington,New Zealand,"-41.273056, 174.785833","Gardner, Angus",Australia,328,2275763522,ball_recycled,2026-02-20T07:35:16+00:00,61,60:59,away,Moana Pasifika,44,58,2,,,,,,,,,,,,,,
super_rugby_2026_hurricanes_vs_moana_pasifika_65866100.json,sr:sport_event:65866100,2026-02-20T06:05:00+00:00,Super Rugby,sr:competition:422,Super Rugby 2026,sr:season:137092,2026,league,regular season,2,Super Rugby Pacific 2026,Hurricanes,sr:competitor:4189,HUR,Moana Pasifika,sr:competitor:761406,MOA,Wellington Regional Stadium,Wellington,New Zealand,"-41.273056, 174.785833","Gardner, Angus",Australia,329,2275763588,ball_kicked,2026-02-20T07:35:26+00:00,62,61:09,away,Moana Pasifika,44,27,2,,,,,,,,,,,,,,
super_rugby_2026_hurricanes_vs_moana_pasifika_65866100.json,sr:sport_event:65866100,2026-02-20T06:05:00+00:00,Super Rugby,sr:competition:422,Super Rugby 2026,sr:season:137092,2026,league,regular season,2,Super Rugby Pacific 2026,Hurricanes,sr:competitor:4189,HUR,Moana Pasifika,sr:competitor:761406,MOA,Wellington Regional Stadium,Wellington,New Zealand,"-41.273056, 174.785833","Gardner, Angus",Australia,330,2275763596,ball_recycled,2026-02-20T07:35:28+00:00,62,61:11,home,Hurricanes,37,24,2,,,,,,,,,,,,,,
super_rugby_2026_hurricanes_vs_moana_pasifika_65866100.json,sr:sport_event:65866100,2026-02-20T06:05:00+00:00,Super Rugby,sr:competition:422,Super Rugby 2026,sr:season:137092,2026,league,regular season,2,Super Rugby Pacific 2026,Hurricanes,sr:competitor:4189,HUR,Moana Pasifika,sr:competitor:761406,MOA,Wellington Regional Stadium,Wellington,New Zealand,"-41.273056, 174.785833","Gardner, Angus",Australia,331,2275763608,ball_recycled,2026-02-20T07:35:31+00:00,62,61:14,home,Hurricanes,50,24,2,,,,,,,,,,,,,,
super_rugby_2026_hurricanes_vs_moana_pasifika_65866100.json,sr:sport_event:65866100,2026-02-20T06:05:00+00:00,Super Rugby,sr:competition:422,Super Rugby 2026,sr:season:137092,2026,league,regular season,2,Super Rugby Pacific 2026,Hurricanes,sr:competitor:4189,HUR,Moana Pasifika,sr:competitor:761406,MOA,Wellington Regional Stadium,Wellington,New Zealand,"-41.273056, 174.785833","Gardner, Angus",Australia,332,2275763646,ball_kicked,2026-02-20T07:35:38+00:00,62,61:21,home,Hurricanes,50,29,2,,,,,,,,,,,,,,
super_rugby_2026_hurricanes_vs_moana_pasifika_65866100.json,sr:sport_event:65866100,2026-02-20T06:05:00+00:00,Super Rugby,sr:competition:422,Super Rugby 2026,sr:season:137092,2026,league,regular season,2,Super Rugby Pacific 2026,Hurricanes,sr:competitor:4189,HUR,Moana Pasifika,sr:competitor:761406,MOA,Wellington Regional Stadium,Wellington,New Zealand,"-41.273056, 174.785833","Gardner, Angus",Australia,333,2275763678,ball_recycled,2026-02-20T07:35:43+00:00,62,61:25,away,Moana Pasifika,85,45,2,,,,,,,,,,,,,,
super_rugby_2026_hurricanes_vs_moana_pasifika_65866100.json,sr:sport_event:65866100,2026-02-20T06:05:00+00:00,Super Rugby,sr:competition:422,Super Rugby 2026,sr:season:137092,2026,league,regular season,2,Super Rugby Pacific 2026,Hurricanes,sr:competitor:4189,HUR,Moana Pasifika,sr:competitor:761406,MOA,Wellington Regional Stadium,Wellington,New Zealand,"-41.273056, 174.785833","Gardner, Angus",Australia,334,2275763708,turnover,2026-02-20T07:35:47+00:00,62,61:30,home,Hurricanes,85,51,2,,,,,,,,,,,,,,
super_rugby_2026_hurricanes_vs_moana_pasifika_65866100.json,sr:sport_event:65866100,2026-02-20T06:05:00+00:00,Super Rugby,sr:competition:422,Super Rugby 2026,sr:season:137092,2026,league,regular season,2,Super Rugby Pacific 2026,Hurricanes,sr:competitor:4189,HUR,Moana Pasifika,sr:competitor:761406,MOA,Wellington Regional Stadium,Wellington,New Zealand,"-41.273056, 174.785833","Gardner, Angus",Australia,335,2275763754,ball_recycled,2026-02-20T07:35:55+00:00,62,61:38,home,Hurricanes,96,61,2,,,,,,,,,,,,,,
super_rugby_2026_hurricanes_vs_moana_pasifika_65866100.json,sr:sport_event:65866100,2026-02-20T06:05:00+00:00,Super Rugby,sr:competition:422,Super Rugby 2026,sr:season:137092,2026,league,regular season,2,Super Rugby Pacific 2026,Hurricanes,sr:competitor:4189,HUR,Moana Pasifika,sr:competitor:761406,MOA,Wellington Regional Stadium,Wellington,New Zealand,"-41.273056, 174.785833","Gardner, Angus",Australia,336,2275763788,ball_recycled,2026-02-20T07:36:01+00:00,62,61:43,home,Hurricanes,91,35,2,,,,,,,,,,,,,,
super_rugby_2026_hurricanes_vs_moana_pasifika_65866100.json,sr:sport_event:65866100,2026-02-20T06:05:00+00:00,Super Rugby,sr:competition:422,Super Rugby 2026,sr:season:137092,2026,league,regular season,2,Super Rugby Pacific 2026,Hurricanes,sr:competitor:4189,HUR,Moana Pasifika,sr:competitor:761406,MOA,Wellington Regional Stadium,Wellington,New Zealand,"-41.273056, 174.785833","Gardner, Angus",Australia,337,2275763868,score_change,2026-02-20T07:36:15+00:00,62,61:58,home,Hurricanes,91,35,2,,,36,5,try,,,sr:player:2288969,"Iose, Brayden",,,,,"[{""id"": ""sr:player:2288969"", ""name"": ""Iose, Brayden"", ""type"": ""scorer""}]"
super_rugby_2026_hurricanes_vs_moana_pasifika_65866100.json,sr:sport_event:65866100,2026-02-20T06:05:00+00:00,Super Rugby,sr:competition:422,Super Rugby 2026,sr:season:137092,2026,league,regular season,2,Super Rugby Pacific 2026,Hurricanes,sr:competitor:4189,HUR,Moana Pasifika,sr:competitor:761406,MOA,Wellington Regional Stadium,Wellington,New Zealand,"-41.273056, 174.785833","Gardner, Angus",Australia,338,2275764212,score_change,2026-02-20T07:37:09+00:00,63,62:51,home,Hurricanes,55,35,2,,,38,5,conversion,,,sr:player:1001611,"Barrett, Jordie Matthew",,,,,"[{""id"": ""sr:player:1001611"", ""name"": ""Barrett, Jordie Matthew"", ""type"": ""scorer""}]"
super_rugby_2026_hurricanes_vs_moana_pasifika_65866100.json,sr:sport_event:65866100,2026-02-20T06:05:00+00:00,Super Rugby,sr:competition:422,Super Rugby 2026,sr:season:137092,2026,league,regular season,2,Super Rugby Pacific 2026,Hurricanes,sr:competitor:4189,HUR,Moana Pasifika,sr:competitor:761406,MOA,Wellington Regional Stadium,Wellington,New Zealand,"-41.273056, 174.785833","Gardner, Angus",Australia,339,2275766216,substitution,2026-02-20T07:42:25+00:00,64,63:05,away,Moana Pasifika,,,2,,,,,,,,,,sr:player:2290241,"Havili, William",sr:player:2650483,"Pellegrini, Patrick","[{""id"": ""sr:player:2290241"", ""name"": ""Havili, William"", ""type"": ""substituted_out""}, {""id"": ""sr:player:2650483"", ""name"": ""Pellegrini, Patrick"", ""type"": ""substituted_in""}]"
super_rugby_2026_hurricanes_vs_moana_pasifika_65866100.json,sr:sport_event:65866100,2026-02-20T06:05:00+00:00,Super Rugby,sr:competition:422,Super Rugby 2026,sr:season:137092,2026,league,regular season,2,Super Rugby Pacific 2026,Hurricanes,sr:competitor:4189,HUR,Moana Pasifika,sr:competitor:761406,MOA,Wellington Regional Stadium,Wellington,New Zealand,"-41.273056, 174.785833","Gardner, Angus",Australia,340,2275766804,ball_kicked,2026-02-20T07:43:48+00:00,64,63:07,away,Moana Pasifika,54,35,2,,,,,,,,,,,,,,
super_rugby_2026_hurricanes_vs_moana_pasifika_65866100.json,sr:sport_event:65866100,2026-02-20T06:05:00+00:00,Super Rugby,sr:competition:422,Super Rugby 2026,sr:season:137092,2026,league,regular season,2,Super Rugby Pacific 2026,Hurricanes,sr:competitor:4189,HUR,Moana Pasifika,sr:competitor:761406,MOA,Wellington Regional Stadium,Wellington,New Zealand,"-41.273056, 174.785833","Gardner, Angus",Australia,341,2275766848,ball_recycled,2026-02-20T07:43:51+00:00,64,63:11,home,Hurricanes,31,8,2,,,,,,,,,,,,,,
super_rugby_2026_hurricanes_vs_moana_pasifika_65866100.json,sr:sport_event:65866100,2026-02-20T06:05:00+00:00,Super Rugby,sr:competition:422,Super Rugby 2026,sr:season:137092,2026,league,regular season,2,Super Rugby Pacific 2026,Hurricanes,sr:competitor:4189,HUR,Moana Pasifika,sr:competitor:761406,MOA,Wellington Regional Stadium,Wellington,New Zealand,"-41.273056, 174.785833","Gardner, Angus",Australia,342,2275766982,ball_recycled,2026-02-20T07:43:58+00:00,64,63:18,home,Hurricanes,23,15,2,,,,,,,,,,,,,,
super_rugby_2026_hurricanes_vs_moana_pasifika_65866100.json,sr:sport_event:65866100,2026-02-20T06:05:00+00:00,Super Rugby,sr:competition:422,Super Rugby 2026,sr:season:137092,2026,league,regular season,2,Super Rugby Pacific 2026,Hurricanes,sr:competitor:4189,HUR,Moana Pasifika,sr:competitor:761406,MOA,Wellington Regional Stadium,Wellington,New Zealand,"-41.273056, 174.785833","Gardner, Angus",Australia,343,2275767124,ball_kicked,2026-02-20T07:44:09+00:00,64,63:29,home,Hurricanes,25,16,2,,,,,,,,,,,,,,
super_rugby_2026_hurricanes_vs_moana_pasifika_65866100.json,sr:sport_event:65866100,2026-02-20T06:05:00+00:00,Super Rugby,sr:competition:422,Super Rugby 2026,sr:season:137092,2026,league,regular season,2,Super Rugby Pacific 2026,Hurricanes,sr:competitor:4189,HUR,Moana Pasifika,sr:competitor:761406,MOA,Wellington Regional Stadium,Wellington,New Zealand,"-41.273056, 174.785833","Gardner, Angus",Australia,344,2275767144,turnover,2026-02-20T07:44:14+00:00,64,63:33,home,Hurricanes,48,6,2,,,,,,,,,,,,,,
super_rugby_2026_hurricanes_vs_moana_pasifika_65866100.json,sr:sport_event:65866100,2026-02-20T06:05:00+00:00,Super Rugby,sr:competition:422,Super Rugby 2026,sr:season:137092,2026,league,regular season,2,Super Rugby Pacific 2026,Hurricanes,sr:competitor:4189,HUR,Moana Pasifika,sr:competitor:761406,MOA,Wellington Regional Stadium,Wellington,New Zealand,"-41.273056, 174.785833","Gardner, Angus",Australia,345,2275767464,scrum,2026-02-20T07:44:39+00:00,64,63:59,home,Hurricanes,48,5,2,,,,,,,,,,,,,,
super_rugby_2026_hurricanes_vs_moana_pasifika_65866100.json,sr:sport_event:65866100,2026-02-20T06:05:00+00:00,Super Rugby,sr:competition:422,Super Rugby 2026,sr:season:137092,2026,league,regular season,2,Super Rugby Pacific 2026,Hurricanes,sr:competitor:4189,HUR,Moana Pasifika,sr:competitor:761406,MOA,Wellington Regional Stadium,Wellington,New Zealand,"-41.273056, 174.785833","Gardner, Angus",Australia,346,2275767582,scrum_won,2026-02-20T07:45:01+00:00,65,64:21,home,Hurricanes,48,5,2,,,,,,,,,,,,,,
super_rugby_2026_hurricanes_vs_moana_pasifika_65866100.json,sr:sport_event:65866100,2026-02-20T06:05:00+00:00,Super Rugby,sr:competition:422,Super Rugby 2026,sr:season:137092,2026,league,regular season,2,Super Rugby Pacific 2026,Hurricanes,sr:competitor:4189,HUR,Moana Pasifika,sr:competitor:761406,MOA,Wellington Regional Stadium,Wellington,New Zealand,"-41.273056, 174.785833","Gardner, Angus",Australia,347,2275767646,ball_recycled,2026-02-20T07:45:06+00:00,65,64:26,home,Hurricanes,40,27,2,,,,,,,,,,,,,,
super_rugby_2026_hurricanes_vs_moana_pasifika_65866100.json,sr:sport_event:65866100,2026-02-20T06:05:00+00:00,Super Rugby,sr:competition:422,Super Rugby 2026,sr:season:137092,2026,league,regular season,2,Super Rugby Pacific 2026,Hurricanes,sr:competitor:4189,HUR,Moana Pasifika,sr:competitor:761406,MOA,Wellington Regional Stadium,Wellington,New Zealand,"-41.273056, 174.785833","Gardner, Angus",Australia,348,2275767722,ball_recycled,2026-02-20T07:45:12+00:00,65,64:32,home,Hurricanes,75,62,2,,,,,,,,,,,,,,
super_rugby_2026_hurricanes_vs_moana_pasifika_65866100.json,sr:sport_event:65866100,2026-02-20T06:05:00+00:00,Super Rugby,sr:competition:422,Super Rugby 2026,sr:season:137092,2026,league,regular season,2,Super Rugby Pacific 2026,Hurricanes,sr:competitor:4189,HUR,Moana Pasifika,sr:competitor:761406,MOA,Wellington Regional Stadium,Wellington,New Zealand,"-41.273056, 174.785833","Gardner, Angus",Australia,349,2275767732,turnover,2026-02-20T07:45:14+00:00,65,64:34,away,Moana Pasifika,84,54,2,,,,,,,,,,,,,,
super_rugby_2026_hurricanes_vs_moana_pasifika_65866100.json,sr:sport_event:65866100,2026-02-20T06:05:00+00:00,Super Rugby,sr:competition:422,Super Rugby 2026,sr:season:137092,2026,league,regular season,2,Super Rugby Pacific 2026,Hurricanes,sr:competitor:4189,HUR,Moana Pasifika,sr:competitor:761406,MOA,Wellington Regional Stadium,Wellington,New Zealand,"-41.273056, 174.785833","Gardner, Angus",Australia,350,2275767746,turnover,2026-02-20T07:45:18+00:00,65,64:37,home,Hurricanes,76,51,2,,,,,,,,,,,,,,
super_rugby_2026_hurricanes_vs_moana_pasifika_65866100.json,sr:sport_event:65866100,2026-02-20T06:05:00+00:00,Super Rugby,sr:competition:422,Super Rugby 2026,sr:season:137092,2026,league,regular season,2,Super Rugby Pacific 2026,Hurricanes,sr:competitor:4189,HUR,Moana Pasifika,sr:competitor:761406,MOA,Wellington Regional Stadium,Wellington,New Zealand,"-41.273056, 174.785833","Gardner, Angus",Australia,351,2275767758,ball_recycled,2026-02-20T07:45:21+00:00,65,64:41,home,Hurricanes,80,30,2,,,,,,,,,,,,,,
super_rugby_2026_hurricanes_vs_moana_pasifika_65866100.json,sr:sport_event:65866100,2026-02-20T06:05:00+00:00,Super Rugby,sr:competition:422,Super Rugby 2026,sr:season:137092,2026,league,regular season,2,Super Rugby Pacific 2026,Hurricanes,sr:competitor:4189,HUR,Moana Pasifika,sr:competitor:761406,MOA,Wellington Regional Stadium,Wellington,New Zealand,"-41.273056, 174.785833","Gardner, Angus",Australia,352,2275767800,ball_recycled,2026-02-20T07:45:27+00:00,65,64:47,home,Hurricanes,76,24,2,,,,,,,,,,,,,,
super_rugby_2026_hurricanes_vs_moana_pasifika_65866100.json,sr:sport_event:65866100,2026-02-20T06:05:00+00:00,Super Rugby,sr:competition:422,Super Rugby 2026,sr:season:137092,2026,league,regular season,2,Super Rugby Pacific 2026,Hurricanes,sr:competitor:4189,HUR,Moana Pasifika,sr:competitor:761406,MOA,Wellington Regional Stadium,Wellington,New Zealand,"-41.273056, 174.785833","Gardner, Angus",Australia,353,2275767854,ball_recycled,2026-02-20T07:45:36+00:00,65,64:56,home,Hurricanes,75,16,2,,,,,,,,,,,,,,
super_rugby_2026_hurricanes_vs_moana_pasifika_65866100.json,sr:sport_event:65866100,2026-02-20T06:05:00+00:00,Super Rugby,sr:competition:422,Super Rugby 2026,sr:season:137092,2026,league,regular season,2,Super Rugby Pacific 2026,Hurricanes,sr:competitor:4189,HUR,Moana Pasifika,sr:competitor:761406,MOA,Wellington Regional Stadium,Wellington,New Zealand,"-41.273056, 174.785833","Gardner, Angus",Australia,354,2275767880,ball_recycled,2026-02-20T07:45:40+00:00,65,65:00,home,Hurricanes,80,18,2,,,,,,,,,,,,,,
super_rugby_2026_hurricanes_vs_moana_pasifika_65866100.json,sr:sport_event:65866100,2026-02-20T06:05:00+00:00,Super Rugby,sr:competition:422,Super Rugby 2026,sr:season:137092,2026,league,regular season,2,Super Rugby Pacific 2026,Hurricanes,sr:competitor:4189,HUR,Moana Pasifika,sr:competitor:761406,MOA,Wellington Regional Stadium,Wellington,New Zealand,"-41.273056, 174.785833","Gardner, Angus",Australia,355,2275767898,ball_recycled,2026-02-20T07:45:43+00:00,66,65:03,home,Hurricanes,72,25,2,,,,,,,,,,,,,,
super_rugby_2026_hurricanes_vs_moana_pasifika_65866100.json,sr:sport_event:65866100,2026-02-20T06:05:00+00:00,Super Rugby,sr:competition:422,Super Rugby 2026,sr:season:137092,2026,league,regular season,2,Super Rugby Pacific 2026,Hurricanes,sr:competitor:4189,HUR,Moana Pasifika,sr:competitor:761406,MOA,Wellington Regional Stadium,Wellington,New Zealand,"-41.273056, 174.785833","Gardner, Angus",Australia,356,2275768142,ball_recycled,2026-02-20T07:45:52+00:00,66,65:12,home,Hurricanes,75,18,2,,,,,,,,,,,,,,
super_rugby_2026_hurricanes_vs_moana_pasifika_65866100.json,sr:sport_event:65866100,2026-02-20T06:05:00+00:00,Super Rugby,sr:competition:422,Super Rugby 2026,sr:season:137092,2026,league,regular season,2,Super Rugby Pacific 2026,Hurricanes,sr:competitor:4189,HUR,Moana Pasifika,sr:competitor:761406,MOA,Wellington Regional Stadium,Wellington,New Zealand,"-41.273056, 174.785833","Gardner, Angus",Australia,357,2275768196,ball_recycled,2026-02-20T07:46:00+00:00,66,65:19,home,Hurricanes,75,26,2,,,,,,,,,,,,,,
super_rugby_2026_hurricanes_vs_moana_pasifika_65866100.json,sr:sport_event:65866100,2026-02-20T06:05:00+00:00,Super Rugby,sr:competition:422,Super Rugby 2026,sr:season:137092,2026,league,regular season,2,Super Rugby Pacific 2026,Hurricanes,sr:competitor:4189,HUR,Moana Pasifika,sr:competitor:761406,MOA,Wellington Regional Stadium,Wellington,New Zealand,"-41.273056, 174.785833","Gardner, Angus",Australia,358,2275768232,ball_recycled,2026-02-20T07:46:07+00:00,66,65:26,home,Hurricanes,64,50,2,,,,,,,,,,,,,,
super_rugby_2026_hurricanes_vs_moana_pasifika_65866100.json,sr:sport_event:65866100,2026-02-20T06:05:00+00:00,Super Rugby,sr:competition:422,Super Rugby 2026,sr:season:137092,2026,league,regular season,2,Super Rugby Pacific 2026,Hurricanes,sr:competitor:4189,HUR,Moana Pasifika,sr:competitor:761406,MOA,Wellington Regional Stadium,Wellington,New Zealand,"-41.273056, 174.785833","Gardner, Angus",Australia,359,2275768316,turnover,2026-02-20T07:46:19+00:00,66,65:39,away,Moana Pasifika,56,21,2,,,,,,,,,,,,,,
super_rugby_2026_hurricanes_vs_moana_pasifika_65866100.json,sr:sport_event:65866100,2026-02-20T06:05:00+00:00,Super Rugby,sr:competition:422,Super Rugby 2026,sr:season:137092,2026,league,regular season,2,Super Rugby Pacific 2026,Hurricanes,sr:competitor:4189,HUR,Moana Pasifika,sr:competitor:761406,MOA,Wellington Regional Stadium,Wellington,New Zealand,"-41.273056, 174.785833","Gardner, Angus",Australia,360,2275768322,ball_recycled,2026-02-20T07:46:21+00:00,66,65:40,away,Moana Pasifika,42,23,2,,,,,,,,,,,,,,
super_rugby_2026_hurricanes_vs_moana_pasifika_65866100.json,sr:sport_event:65866100,2026-02-20T06:05:00+00:00,Super Rugby,sr:competition:422,Super Rugby 2026,sr:season:137092,2026,league,regular season,2,Super Rugby Pacific 2026,Hurricanes,sr:competitor:4189,HUR,Moana Pasifika,sr:competitor:761406,MOA,Wellington Regional Stadium,Wellington,New Zealand,"-41.273056, 174.785833","Gardner, Angus",Australia,361,2275768332,ball_kicked,2026-02-20T07:46:23+00:00,66,65:43,away,Moana Pasifika,29,30,2,,,,,,,,,,,,,,
super_rugby_2026_hurricanes_vs_moana_pasifika_65866100.json,sr:sport_event:65866100,2026-02-20T06:05:00+00:00,Super Rugby,sr:competition:422,Super Rugby 2026,sr:season:137092,2026,league,regular season,2,Super Rugby Pacific 2026,Hurricanes,sr:competitor:4189,HUR,Moana Pasifika,sr:competitor:761406,MOA,Wellington Regional Stadium,Wellington,New Zealand,"-41.273056, 174.785833","Gardner, Angus",Australia,362,2275768346,ball_recycled,2026-02-20T07:46:25+00:00,66,65:45,home,Hurricanes,17,37,2,,,,,,,,,,,,,,
super_rugby_2026_hurricanes_vs_moana_pasifika_65866100.json,sr:sport_event:65866100,2026-02-20T06:05:00+00:00,Super Rugby,sr:competition:422,Super Rugby 2026,sr:season:137092,2026,league,regular season,2,Super Rugby Pacific 2026,Hurricanes,sr:competitor:4189,HUR,Moana Pasifika,sr:competitor:761406,MOA,Wellington Regional Stadium,Wellington,New Zealand,"-41.273056, 174.785833","Gardner, Angus",Australia,363,2275768384,ball_recycled,2026-02-20T07:46:31+00:00,66,65:51,home,Hurricanes,23,59,2,,,,,,,,,,,,,,
super_rugby_2026_hurricanes_vs_moana_pasifika_65866100.json,sr:sport_event:65866100,2026-02-20T06:05:00+00:00,Super Rugby,sr:competition:422,Super Rugby 2026,sr:season:137092,2026,league,regular season,2,Super Rugby Pacific 2026,Hurricanes,sr:competitor:4189,HUR,Moana Pasifika,sr:competitor:761406,MOA,Wellington Regional Stadium,Wellington,New Zealand,"-41.273056, 174.785833","Gardner, Angus",Australia,364,2275768444,ball_recycled,2026-02-20T07:46:42+00:00,67,66:02,home,Hurricanes,21,48,2,,,,,,,,,,,,,,
super_rugby_2026_hurricanes_vs_moana_pasifika_65866100.json,sr:sport_event:65866100,2026-02-20T06:05:00+00:00,Super Rugby,sr:competition:422,Super Rugby 2026,sr:season:137092,2026,league,regular season,2,Super Rugby Pacific 2026,Hurricanes,sr:competitor:4189,HUR,Moana Pasifika,sr:competitor:761406,MOA,Wellington Regional Stadium,Wellington,New Zealand,"-41.273056, 174.785833","Gardner, Angus",Australia,365,2275768486,ball_kicked,2026-02-20T07:46:51+00:00,67,66:11,home,Hurricanes,18,40,2,,,,,,,,,,,,,,
super_rugby_2026_hurricanes_vs_moana_pasifika_65866100.json,sr:sport_event:65866100,2026-02-20T06:05:00+00:00,Super Rugby,sr:competition:422,Super Rugby 2026,sr:season:137092,2026,league,regular season,2,Super Rugby Pacific 2026,Hurricanes,sr:competitor:4189,HUR,Moana Pasifika,sr:competitor:761406,MOA,Wellington Regional Stadium,Wellington,New Zealand,"-41.273056, 174.785833","Gardner, Angus",Australia,366,2275768510,turnover,2026-02-20T07:46:54+00:00,67,66:14,away,Moana Pasifika,33,5,2,,,,,,,,,,,,,,
super_rugby_2026_hurricanes_vs_moana_pasifika_65866100.json,sr:sport_event:65866100,2026-02-20T06:05:00+00:00,Super Rugby,sr:competition:422,Super Rugby 2026,sr:season:137092,2026,league,regular season,2,Super Rugby Pacific 2026,Hurricanes,sr:competitor:4189,HUR,Moana Pasifika,sr:competitor:761406,MOA,Wellington Regional Stadium,Wellington,New Zealand,"-41.273056, 174.785833","Gardner, Angus",Australia,367,2275768570,substitution,2026-02-20T07:47:07+00:00,67,66:22,away,Moana Pasifika,,,2,,,,,,,,,,sr:player:3156048,"Ropeti, Dominic",sr:player:404110,"Tuitupou, Samuel","[{""id"": ""sr:player:3156048"", ""name"": ""Ropeti, Dominic"", ""type"": ""substituted_out""}, {""id"": ""sr:player:404110"", ""name"": ""Tuitupou, Samuel"", ""type"": ""substituted_in""}]"
super_rugby_2026_hurricanes_vs_moana_pasifika_65866100.json,sr:sport_event:65866100,2026-02-20T06:05:00+00:00,Super Rugby,sr:competition:422,Super Rugby 2026,sr:season:137092,2026,league,regular season,2,Super Rugby Pacific 2026,Hurricanes,sr:competitor:4189,HUR,Moana Pasifika,sr:competitor:761406,MOA,Wellington Regional Stadium,Wellington,New Zealand,"-41.273056, 174.785833","Gardner, Angus",Australia,368,2275768584,substitution,2026-02-20T07:47:11+00:00,67,66:22,home,Hurricanes,,,2,,,,,,,,,,sr:player:1984803,"Flanders, Devan",sr:player:3158318,"Petaia, Matolu","[{""id"": ""sr:player:1984803"", ""name"": ""Flanders, Devan"", ""type"": ""substituted_out""}, {""id"": ""sr:player:3158318"", ""name"": ""Petaia, Matolu"", ""type"": ""substituted_in""}]"
super_rugby_2026_hurricanes_vs_moana_pasifika_65866100.json,sr:sport_event:65866100,2026-02-20T06:05:00+00:00,Super Rugby,sr:competition:422,Super Rugby 2026,sr:season:137092,2026,league,regular season,2,Super Rugby Pacific 2026,Hurricanes,sr:competitor:4189,HUR,Moana Pasifika,sr:competitor:761406,MOA,Wellington Regional Stadium,Wellington,New Zealand,"-41.273056, 174.785833","Gardner, Angus",Australia,369,2275769206,scrum,2026-02-20T07:47:56+00:00,67,66:36,away,Moana Pasifika,33,5,2,,,,,,,,,,,,,,
super_rugby_2026_hurricanes_vs_moana_pasifika_65866100.json,sr:sport_event:65866100,2026-02-20T06:05:00+00:00,Super Rugby,sr:competition:422,Super Rugby 2026,sr:season:137092,2026,league,regular season,2,Super Rugby Pacific 2026,Hurricanes,sr:competitor:4189,HUR,Moana Pasifika,sr:competitor:761406,MOA,Wellington Regional Stadium,Wellington,New Zealand,"-41.273056, 174.785833","Gardner, Angus",Australia,370,2275769236,scrum_won,2026-02-20T07:48:01+00:00,67,66:41,away,Moana Pasifika,33,5,2,,,,,,,,,,,,,,
super_rugby_2026_hurricanes_vs_moana_pasifika_65866100.json,sr:sport_event:65866100,2026-02-20T06:05:00+00:00,Super Rugby,sr:competition:422,Super Rugby 2026,sr:season:137092,2026,league,regular season,2,Super Rugby Pacific 2026,Hurricanes,sr:competitor:4189,HUR,Moana Pasifika,sr:competitor:761406,MOA,Wellington Regional Stadium,Wellington,New Zealand,"-41.273056, 174.785833","Gardner, Angus",Australia,371,2275769260,ball_recycled,2026-02-20T07:48:06+00:00,67,66:46,away,Moana Pasifika,22,26,2,,,,,,,,,,,,,,
super_rugby_2026_hurricanes_vs_moana_pasifika_65866100.json,sr:sport_event:65866100,2026-02-20T06:05:00+00:00,Super Rugby,sr:competition:422,Super Rugby 2026,sr:season:137092,2026,league,regular season,2,Super Rugby Pacific 2026,Hurricanes,sr:competitor:4189,HUR,Moana Pasifika,sr:competitor:761406,MOA,Wellington Regional Stadium,Wellington,New Zealand,"-41.273056, 174.785833","Gardner, Angus",Australia,372,2275769458,ball_recycled,2026-02-20T07:48:10+00:00,67,66:50,away,Moana Pasifika,22,26,2,,,,,,,,,,,,,,
super_rugby_2026_hurricanes_vs_moana_pasifika_65866100.json,sr:sport_event:65866100,2026-02-20T06:05:00+00:00,Super Rugby,sr:competition:422,Super Rugby 2026,sr:season:137092,2026,league,regular season,2,Super Rugby Pacific 2026,Hurricanes,sr:competitor:4189,HUR,Moana Pasifika,sr:competitor:761406,MOA,Wellington Regional Stadium,Wellington,New Zealand,"-41.273056, 174.785833","Gardner, Angus",Australia,373,2275769508,score_change,2026-02-20T07:48:20+00:00,67,67:00,away,Moana Pasifika,22,26,2,,,38,10,try,,,sr:player:2650483,"Pellegrini, Patrick",,,,,"[{""id"": ""sr:player:2650483"", ""name"": ""Pellegrini, Patrick"", ""type"": ""scorer""}]"
super_rugby_2026_hurricanes_vs_moana_pasifika_65866100.json,sr:sport_event:65866100,2026-02-20T06:05:00+00:00,Super Rugby,sr:competition:422,Super Rugby 2026,sr:season:137092,2026,league,regular season,2,Super Rugby Pacific 2026,Hurricanes,sr:competitor:4189,HUR,Moana Pasifika,sr:competitor:761406,MOA,Wellington Regional Stadium,Wellington,New Zealand,"-41.273056, 174.785833","Gardner, Angus",Australia,374,2275770316,ball_kicked,2026-02-20T07:49:46+00:00,69,68:26,home,Hurricanes,56,33,2,,,,,,,,,,,,,,
super_rugby_2026_hurricanes_vs_moana_pasifika_65866100.json,sr:sport_event:65866100,2026-02-20T06:05:00+00:00,Super Rugby,sr:competition:422,Super Rugby 2026,sr:season:137092,2026,league,regular season,2,Super Rugby Pacific 2026,Hurricanes,sr:competitor:4189,HUR,Moana Pasifika,sr:competitor:761406,MOA,Wellington Regional Stadium,Wellington,New Zealand,"-41.273056, 174.785833","Gardner, Angus",Australia,375,2275770330,ball_recycled,2026-02-20T07:49:48+00:00,69,68:28,away,Moana Pasifika,75,48,2,,,,,,,,,,,,,,
super_rugby_2026_hurricanes_vs_moana_pasifika_65866100.json,sr:sport_event:65866100,2026-02-20T06:05:00+00:00,Super Rugby,sr:competition:422,Super Rugby 2026,sr:season:137092,2026,league,regular season,2,Super Rugby Pacific 2026,Hurricanes,sr:competitor:4189,HUR,Moana Pasifika,sr:competitor:761406,MOA,Wellington Regional Stadium,Wellington,New Zealand,"-41.273056, 174.785833","Gardner, Angus",Australia,376,2275770346,ball_recycled,2026-02-20T07:49:54+00:00,69,68:34,away,Moana Pasifika,67,52,2,,,,,,,,,,,,,,
super_rugby_2026_hurricanes_vs_moana_pasifika_65866100.json,sr:sport_event:65866100,2026-02-20T06:05:00+00:00,Super Rugby,sr:competition:422,Super Rugby 2026,sr:season:137092,2026,league,regular season,2,Super Rugby Pacific 2026,Hurricanes,sr:competitor:4189,HUR,Moana Pasifika,sr:competitor:761406,MOA,Wellington Regional Stadium,Wellington,New Zealand,"-41.273056, 174.785833","Gardner, Angus",Australia,377,2275770576,ball_kicked,2026-02-20T07:50:03+00:00,69,68:43,away,Moana Pasifika,68,51,2,,,,,,,,,,,,,,
super_rugby_2026_hurricanes_vs_moana_pasifika_65866100.json,sr:sport_event:65866100,2026-02-20T06:05:00+00:00,Super Rugby,sr:competition:422,Super Rugby 2026,sr:season:137092,2026,league,regular season,2,Super Rugby Pacific 2026,Hurricanes,sr:competitor:4189,HUR,Moana Pasifika,sr:competitor:761406,MOA,Wellington Regional Stadium,Wellington,New Zealand,"-41.273056, 174.785833","Gardner, Angus",Australia,378,2275770582,ball_recycled,2026-02-20T07:50:05+00:00,69,68:45,home,Hurricanes,48,50,2,,,,,,,,,,,,,,
super_rugby_2026_hurricanes_vs_moana_pasifika_65866100.json,sr:sport_event:65866100,2026-02-20T06:05:00+00:00,Super Rugby,sr:competition:422,Super Rugby 2026,sr:season:137092,2026,league,regular season,2,Super Rugby Pacific 2026,Hurricanes,sr:competitor:4189,HUR,Moana Pasifika,sr:competitor:761406,MOA,Wellington Regional Stadium,Wellington,New Zealand,"-41.273056, 174.785833","Gardner, Angus",Australia,379,2275770662,penalty_awarded,2026-02-20T07:50:13+00:00,69,68:52,away,Moana Pasifika,50,47,2,,,,,,,,,,,,,,
super_rugby_2026_hurricanes_vs_moana_pasifika_65866100.json,sr:sport_event:65866100,2026-02-20T06:05:00+00:00,Super Rugby,sr:competition:422,Super Rugby 2026,sr:season:137092,2026,league,regular season,2,Super Rugby Pacific 2026,Hurricanes,sr:competitor:4189,HUR,Moana Pasifika,sr:competitor:761406,MOA,Wellington Regional Stadium,Wellington,New Zealand,"-41.273056, 174.785833","Gardner, Angus",Australia,380,2275770698,kick_to_touch,2026-02-20T07:50:21+00:00,70,69:01,away,Moana Pasifika,50,47,2,,,,,,,,,,,,,,
super_rugby_2026_hurricanes_vs_moana_pasifika_65866100.json,sr:sport_event:65866100,2026-02-20T06:05:00+00:00,Super Rugby,sr:competition:422,Super Rugby 2026,sr:season:137092,2026,league,regular season,2,Super Rugby Pacific 2026,Hurricanes,sr:competitor:4189,HUR,Moana Pasifika,sr:competitor:761406,MOA,Wellington Regional Stadium,Wellington,New Zealand,"-41.273056, 174.785833","Gardner, Angus",Australia,381,2275770902,line_out,2026-02-20T07:50:28+00:00,70,69:08,away,Moana Pasifika,40,72,2,,,,,,,,,,,,,,
super_rugby_2026_hurricanes_vs_moana_pasifika_65866100.json,sr:sport_event:65866100,2026-02-20T06:05:00+00:00,Super Rugby,sr:competition:422,Super Rugby 2026,sr:season:137092,2026,league,regular season,2,Super Rugby Pacific 2026,Hurricanes,sr:competitor:4189,HUR,Moana Pasifika,sr:competitor:761406,MOA,Wellington Regional Stadium,Wellington,New Zealand,"-41.273056, 174.785833","Gardner, Angus",Australia,382,2275770920,line_out_won,2026-02-20T07:50:30+00:00,70,69:10,away,Moana Pasifika,40,72,2,,,,,,,,,,,,,,
super_rugby_2026_hurricanes_vs_moana_pasifika_65866100.json,sr:sport_event:65866100,2026-02-20T06:05:00+00:00,Super Rugby,sr:competition:422,Super Rugby 2026,sr:season:137092,2026,league,regular season,2,Super Rugby Pacific 2026,Hurricanes,sr:competitor:4189,HUR,Moana Pasifika,sr:competitor:761406,MOA,Wellington Regional Stadium,Wellington,New Zealand,"-41.273056, 174.785833","Gardner, Angus",Australia,383,2275770926,ball_recycled,2026-02-20T07:50:32+00:00,70,69:12,away,Moana Pasifika,38,47,2,,,,,,,,,,,,,,
super_rugby_2026_hurricanes_vs_moana_pasifika_65866100.json,sr:sport_event:65866100,2026-02-20T06:05:00+00:00,Super Rugby,sr:competition:422,Super Rugby 2026,sr:season:137092,2026,league,regular season,2,Super Rugby Pacific 2026,Hurricanes,sr:competitor:4189,HUR,Moana Pasifika,sr:competitor:761406,MOA,Wellington Regional Stadium,Wellington,New Zealand,"-41.273056, 174.785833","Gardner, Angus",Australia,384,2275770968,ball_recycled,2026-02-20T07:50:39+00:00,70,69:19,away,Moana Pasifika,35,51,2,,,,,,,,,,,,,,
super_rugby_2026_hurricanes_vs_moana_pasifika_65866100.json,sr:sport_event:65866100,2026-02-20T06:05:00+00:00,Super Rugby,sr:competition:422,Super Rugby 2026,sr:season:137092,2026,league,regular season,2,Super Rugby Pacific 2026,Hurricanes,sr:competitor:4189,HUR,Moana Pasifika,sr:competitor:761406,MOA,Wellington Regional Stadium,Wellington,New Zealand,"-41.273056, 174.785833","Gardner, Angus",Australia,385,2275771176,ball_recycled,2026-02-20T07:50:47+00:00,70,69:27,away,Moana Pasifika,34,58,2,,,,,,,,,,,,,,
super_rugby_2026_hurricanes_vs_moana_pasifika_65866100.json,sr:sport_event:65866100,2026-02-20T06:05:00+00:00,Super Rugby,sr:competition:422,Super Rugby 2026,sr:season:137092,2026,league,regular season,2,Super Rugby Pacific 2026,Hurricanes,sr:competitor:4189,HUR,Moana Pasifika,sr:competitor:761406,MOA,Wellington Regional Stadium,Wellington,New Zealand,"-41.273056, 174.785833","Gardner, Angus",Australia,386,2275771204,ball_recycled,2026-02-20T07:50:52+00:00,70,69:32,away,Moana Pasifika,33,52,2,,,,,,,,,,,,,,
super_rugby_2026_hurricanes_vs_moana_pasifika_65866100.json,sr:sport_event:65866100,2026-02-20T06:05:00+00:00,Super Rugby,sr:competition:422,Super Rugby 2026,sr:season:137092,2026,league,regular season,2,Super Rugby Pacific 2026,Hurricanes,sr:competitor:4189,HUR,Moana Pasifika,sr:competitor:761406,MOA,Wellington Regional Stadium,Wellington,New Zealand,"-41.273056, 174.785833","Gardner, Angus",Australia,387,2275771228,ball_recycled,2026-02-20T07:51:00+00:00,70,69:40,away,Moana Pasifika,38,37,2,,,,,,,,,,,,,,
super_rugby_2026_hurricanes_vs_moana_pasifika_65866100.json,sr:sport_event:65866100,2026-02-20T06:05:00+00:00,Super Rugby,sr:competition:422,Super Rugby 2026,sr:season:137092,2026,league,regular season,2,Super Rugby Pacific 2026,Hurricanes,sr:competitor:4189,HUR,Moana Pasifika,sr:competitor:761406,MOA,Wellington Regional Stadium,Wellington,New Zealand,"-41.273056, 174.785833","Gardner, Angus",Australia,388,2275771252,ball_recycled,2026-02-20T07:51:08+00:00,70,69:48,away,Moana Pasifika,37,51,2,,,,,,,,,,,,,,
super_rugby_2026_hurricanes_vs_moana_pasifika_65866100.json,sr:sport_event:65866100,2026-02-20T06:05:00+00:00,Super Rugby,sr:competition:422,Super Rugby 2026,sr:season:137092,2026,league,regular season,2,Super Rugby Pacific 2026,Hurricanes,sr:competitor:4189,HUR,Moana Pasifika,sr:competitor:761406,MOA,Wellington Regional Stadium,Wellington,New Zealand,"-41.273056, 174.785833","Gardner, Angus",Australia,389,2275771284,ball_recycled,2026-02-20T07:51:14+00:00,70,69:53,away,Moana Pasifika,29,64,2,,,,,,,,,,,,,,
super_rugby_2026_hurricanes_vs_moana_pasifika_65866100.json,sr:sport_event:65866100,2026-02-20T06:05:00+00:00,Super Rugby,sr:competition:422,Super Rugby 2026,sr:season:137092,2026,league,regular season,2,Super Rugby Pacific 2026,Hurricanes,sr:competitor:4189,HUR,Moana Pasifika,sr:competitor:761406,MOA,Wellington Regional Stadium,Wellington,New Zealand,"-41.273056, 174.785833","Gardner, Angus",Australia,390,2275771308,ball_recycled,2026-02-20T07:51:22+00:00,71,70:02,away,Moana Pasifika,29,62,2,,,,,,,,,,,,,,
super_rugby_2026_hurricanes_vs_moana_pasifika_65866100.json,sr:sport_event:65866100,2026-02-20T06:05:00+00:00,Super Rugby,sr:competition:422,Super Rugby 2026,sr:season:137092,2026,league,regular season,2,Super Rugby Pacific 2026,Hurricanes,sr:competitor:4189,HUR,Moana Pasifika,sr:competitor:761406,MOA,Wellington Regional Stadium,Wellington,New Zealand,"-41.273056, 174.785833","Gardner, Angus",Australia,391,2275771366,ball_recycled,2026-02-20T07:51:29+00:00,71,70:08,away,Moana Pasifika,33,51,2,,,,,,,,,,,,,,
super_rugby_2026_hurricanes_vs_moana_pasifika_65866100.json,sr:sport_event:65866100,2026-02-20T06:05:00+00:00,Super Rugby,sr:competition:422,Super Rugby 2026,sr:season:137092,2026,league,regular season,2,Super Rugby Pacific 2026,Hurricanes,sr:competitor:4189,HUR,Moana Pasifika,sr:competitor:761406,MOA,Wellington Regional Stadium,Wellington,New Zealand,"-41.273056, 174.785833","Gardner, Angus",Australia,392,2275771400,ball_recycled,2026-02-20T07:51:37+00:00,71,70:17,away,Moana Pasifika,34,47,2,,,,,,,,,,,,,,
super_rugby_2026_hurricanes_vs_moana_pasifika_65866100.json,sr:sport_event:65866100,2026-02-20T06:05:00+00:00,Super Rugby,sr:competition:422,Super Rugby 2026,sr:season:137092,2026,league,regular season,2,Super Rugby Pacific 2026,Hurricanes,sr:competitor:4189,HUR,Moana Pasifika,sr:competitor:761406,MOA,Wellington Regional Stadium,Wellington,New Zealand,"-41.273056, 174.785833","Gardner, Angus",Australia,393,2275771456,ball_recycled,2026-02-20T07:51:48+00:00,71,70:27,away,Moana Pasifika,25,63,2,,,,,,,,,,,,,,
super_rugby_2026_hurricanes_vs_moana_pasifika_65866100.json,sr:sport_event:65866100,2026-02-20T06:05:00+00:00,Super Rugby,sr:competition:422,Super Rugby 2026,sr:season:137092,2026,league,regular season,2,Super Rugby Pacific 2026,Hurricanes,sr:competitor:4189,HUR,Moana Pasifika,sr:competitor:761406,MOA,Wellington Regional Stadium,Wellington,New Zealand,"-41.273056, 174.785833","Gardner, Angus",Australia,394,2275771472,ball_recycled,2026-02-20T07:51:53+00:00,71,70:33,away,Moana Pasifika,25,51,2,,,,,,,,,,,,,,
super_rugby_2026_hurricanes_vs_moana_pasifika_65866100.json,sr:sport_event:65866100,2026-02-20T06:05:00+00:00,Super Rugby,sr:competition:422,Super Rugby 2026,sr:season:137092,2026,league,regular season,2,Super Rugby Pacific 2026,Hurricanes,sr:competitor:4189,HUR,Moana Pasifika,sr:competitor:761406,MOA,Wellington Regional Stadium,Wellington,New Zealand,"-41.273056, 174.785833","Gardner, Angus",Australia,395,2275771492,turnover,2026-02-20T07:51:58+00:00,71,70:38,home,Hurricanes,33,37,2,,,,,,,,,,,,,,
super_rugby_2026_hurricanes_vs_moana_pasifika_65866100.json,sr:sport_event:65866100,2026-02-20T06:05:00+00:00,Super Rugby,sr:competition:422,Super Rugby 2026,sr:season:137092,2026,league,regular season,2,Super Rugby Pacific 2026,Hurricanes,sr:competitor:4189,HUR,Moana Pasifika,sr:competitor:761406,MOA,Wellington Regional Stadium,Wellington,New Zealand,"-41.273056, 174.785833","Gardner, Angus",Australia,396,2275771504,ball_recycled,2026-02-20T07:52:00+00:00,71,70:40,home,Hurricanes,17,32,2,,,,,,,,,,,,,,
super_rugby_2026_hurricanes_vs_moana_pasifika_65866100.json,sr:sport_event:65866100,2026-02-20T06:05:00+00:00,Super Rugby,sr:competition:422,Super Rugby 2026,sr:season:137092,2026,league,regular season,2,Super Rugby Pacific 2026,Hurricanes,sr:competitor:4189,HUR,Moana Pasifika,sr:competitor:761406,MOA,Wellington Regional Stadium,Wellington,New Zealand,"-41.273056, 174.785833","Gardner, Angus",Australia,397,2275771518,ball_recycled,2026-02-20T07:52:03+00:00,71,70:43,home,Hurricanes,22,8,2,,,,,,,,,,,,,,
super_rugby_2026_hurricanes_vs_moana_pasifika_65866100.json,sr:sport_event:65866100,2026-02-20T06:05:00+00:00,Super Rugby,sr:competition:422,Super Rugby 2026,sr:season:137092,2026,league,regular season,2,Super Rugby Pacific 2026,Hurricanes,sr:competitor:4189,HUR,Moana Pasifika,sr:competitor:761406,MOA,Wellington Regional Stadium,Wellington,New Zealand,"-41.273056, 174.785833","Gardner, Angus",Australia,398,2275772288,scrum,2026-02-20T07:53:00+00:00,72,71:40,home,Hurricanes,33,50,2,,,,,,,,,,,,,,
super_rugby_2026_hurricanes_vs_moana_pasifika_65866100.json,sr:sport_event:65866100,2026-02-20T06:05:00+00:00,Super Rugby,sr:competition:422,Super Rugby 2026,sr:season:137092,2026,league,regular season,2,Super Rugby Pacific 2026,Hurricanes,sr:competitor:4189,HUR,Moana Pasifika,sr:competitor:761406,MOA,Wellington Regional Stadium,Wellington,New Zealand,"-41.273056, 174.785833","Gardner, Angus",Australia,399,2275772512,scrum_won,2026-02-20T07:53:10+00:00,72,71:50,home,Hurricanes,33,50,2,,,,,,,,,,,,,,
super_rugby_2026_hurricanes_vs_moana_pasifika_65866100.json,sr:sport_event:65866100,2026-02-20T06:05:00+00:00,Super Rugby,sr:competition:422,Super Rugby 2026,sr:season:137092,2026,league,regular season,2,Super Rugby Pacific 2026,Hurricanes,sr:competitor:4189,HUR,Moana Pasifika,sr:competitor:761406,MOA,Wellington Regional Stadium,Wellington,New Zealand,"-41.273056, 174.785833","Gardner, Angus",Australia,400,2275772514,penalty_awarded,2026-02-20T07:53:10+00:00,72,71:50,home,Hurricanes,33,50,2,,,,,,,,,,,,,,
super_rugby_2026_hurricanes_vs_moana_pasifika_65866100.json,sr:sport_event:65866100,2026-02-20T06:05:00+00:00,Super Rugby,sr:competition:422,Super Rugby 2026,sr:season:137092,2026,league,regular season,2,Super Rugby Pacific 2026,Hurricanes,sr:competitor:4189,HUR,Moana Pasifika,sr:competitor:761406,MOA,Wellington Regional Stadium,Wellington,New Zealand,"-41.273056, 174.785833","Gardner, Angus",Australia,401,2275772520,tap_and_go,2026-02-20T07:53:12+00:00,72,71:52,home,Hurricanes,33,50,2,,,,,,,,,,,,,,
super_rugby_2026_hurricanes_vs_moana_pasifika_65866100.json,sr:sport_event:65866100,2026-02-20T06:05:00+00:00,Super Rugby,sr:competition:422,Super Rugby 2026,sr:season:137092,2026,league,regular season,2,Super Rugby Pacific 2026,Hurricanes,sr:competitor:4189,HUR,Moana Pasifika,sr:competitor:761406,MOA,Wellington Regional Stadium,Wellington,New Zealand,"-41.273056, 174.785833","Gardner, Angus",Australia,402,2275772570,ball_recycled,2026-02-20T07:53:16+00:00,72,71:56,home,Hurricanes,51,30,2,,,,,,,,,,,,,,
super_rugby_2026_hurricanes_vs_moana_pasifika_65866100.json,sr:sport_event:65866100,2026-02-20T06:05:00+00:00,Super Rugby,sr:competition:422,Super Rugby 2026,sr:season:137092,2026,league,regular season,2,Super Rugby Pacific 2026,Hurricanes,sr:competitor:4189,HUR,Moana Pasifika,sr:competitor:761406,MOA,Wellington Regional Stadium,Wellington,New Zealand,"-41.273056, 174.785833","Gardner, Angus",Australia,403,2275772580,ball_recycled,2026-02-20T07:53:19+00:00,72,71:58,home,Hurricanes,63,29,2,,,,,,,,,,,,,,
super_rugby_2026_hurricanes_vs_moana_pasifika_65866100.json,sr:sport_event:65866100,2026-02-20T06:05:00+00:00,Super Rugby,sr:competition:422,Super Rugby 2026,sr:season:137092,2026,league,regular season,2,Super Rugby Pacific 2026,Hurricanes,sr:competitor:4189,HUR,Moana Pasifika,sr:competitor:761406,MOA,Wellington Regional Stadium,Wellington,New Zealand,"-41.273056, 174.785833","Gardner, Angus",Australia,404,2275772584,ball_recycled,2026-02-20T07:53:21+00:00,73,72:01,home,Hurricanes,75,33,2,,,,,,,,,,,,,,
super_rugby_2026_hurricanes_vs_moana_pasifika_65866100.json,sr:sport_event:65866100,2026-02-20T06:05:00+00:00,Super Rugby,sr:competition:422,Super Rugby 2026,sr:season:137092,2026,league,regular season,2,Super Rugby Pacific 2026,Hurricanes,sr:competitor:4189,HUR,Moana Pasifika,sr:competitor:761406,MOA,Wellington Regional Stadium,Wellington,New Zealand,"-41.273056, 174.785833","Gardner, Angus",Australia,405,2275772602,turnover,2026-02-20T07:53:25+00:00,73,72:05,away,Moana Pasifika,73,30,2,,,,,,,,,,,,,,
super_rugby_2026_hurricanes_vs_moana_pasifika_65866100.json,sr:sport_event:65866100,2026-02-20T06:05:00+00:00,Super Rugby,sr:competition:422,Super Rugby 2026,sr:season:137092,2026,league,regular season,2,Super Rugby Pacific 2026,Hurricanes,sr:competitor:4189,HUR,Moana Pasifika,sr:competitor:761406,MOA,Wellington Regional Stadium,Wellington,New Zealand,"-41.273056, 174.785833","Gardner, Angus",Australia,406,2275772828,ball_recycled,2026-02-20T07:53:32+00:00,73,72:12,away,Moana Pasifika,80,23,2,,,,,,,,,,,,,,
super_rugby_2026_hurricanes_vs_moana_pasifika_65866100.json,sr:sport_event:65866100,2026-02-20T06:05:00+00:00,Super Rugby,sr:competition:422,Super Rugby 2026,sr:season:137092,2026,league,regular season,2,Super Rugby Pacific 2026,Hurricanes,sr:competitor:4189,HUR,Moana Pasifika,sr:competitor:761406,MOA,Wellington Regional Stadium,Wellington,New Zealand,"-41.273056, 174.785833","Gardner, Angus",Australia,407,2275772862,ball_recycled,2026-02-20T07:53:38+00:00,73,72:18,away,Moana Pasifika,85,16,2,,,,,,,,,,,,,,
super_rugby_2026_hurricanes_vs_moana_pasifika_65866100.json,sr:sport_event:65866100,2026-02-20T06:05:00+00:00,Super Rugby,sr:competition:422,Super Rugby 2026,sr:season:137092,2026,league,regular season,2,Super Rugby Pacific 2026,Hurricanes,sr:competitor:4189,HUR,Moana Pasifika,sr:competitor:761406,MOA,Wellington Regional Stadium,Wellington,New Zealand,"-41.273056, 174.785833","Gardner, Angus",Australia,408,2275773072,ball_recycled,2026-02-20T07:53:48+00:00,73,72:28,away,Moana Pasifika,91,33,2,,,,,,,,,,,,,,
super_rugby_2026_hurricanes_vs_moana_pasifika_65866100.json,sr:sport_event:65866100,2026-02-20T06:05:00+00:00,Super Rugby,sr:competition:422,Super Rugby 2026,sr:season:137092,2026,league,regular season,2,Super Rugby Pacific 2026,Hurricanes,sr:competitor:4189,HUR,Moana Pasifika,sr:competitor:761406,MOA,Wellington Regional Stadium,Wellington,New Zealand,"-41.273056, 174.785833","Gardner, Angus",Australia,409,2275773084,ball_recycled,2026-02-20T07:53:50+00:00,73,72:30,away,Moana Pasifika,87,55,2,,,,,,,,,,,,,,
super_rugby_2026_hurricanes_vs_moana_pasifika_65866100.json,sr:sport_event:65866100,2026-02-20T06:05:00+00:00,Super Rugby,sr:competition:422,Super Rugby 2026,sr:season:137092,2026,league,regular season,2,Super Rugby Pacific 2026,Hurricanes,sr:competitor:4189,HUR,Moana Pasifika,sr:competitor:761406,MOA,Wellington Regional Stadium,Wellington,New Zealand,"-41.273056, 174.785833","Gardner, Angus",Australia,410,2275773096,ball_kicked,2026-02-20T07:53:54+00:00,73,72:34,away,Moana Pasifika,83,55,2,,,,,,,,,,,,,,
super_rugby_2026_hurricanes_vs_moana_pasifika_65866100.json,sr:sport_event:65866100,2026-02-20T06:05:00+00:00,Super Rugby,sr:competition:422,Super Rugby 2026,sr:season:137092,2026,league,regular season,2,Super Rugby Pacific 2026,Hurricanes,sr:competitor:4189,HUR,Moana Pasifika,sr:competitor:761406,MOA,Wellington Regional Stadium,Wellington,New Zealand,"-41.273056, 174.785833","Gardner, Angus",Australia,411,2275773100,line_out,2026-02-20T07:53:57+00:00,73,72:37,home,Hurricanes,52,71,2,,,,,,,,,,,,,,
super_rugby_2026_hurricanes_vs_moana_pasifika_65866100.json,sr:sport_event:65866100,2026-02-20T06:05:00+00:00,Super Rugby,sr:competition:422,Super Rugby 2026,sr:season:137092,2026,league,regular season,2,Super Rugby Pacific 2026,Hurricanes,sr:competitor:4189,HUR,Moana Pasifika,sr:competitor:761406,MOA,Wellington Regional Stadium,Wellington,New Zealand,"-41.273056, 174.785833","Gardner, Angus",Australia,412,2275773842,line_out_won,2026-02-20T07:54:41+00:00,74,73:20,home,Hurricanes,52,71,2,,,,,,,,,,,,,,
super_rugby_2026_hurricanes_vs_moana_pasifika_65866100.json,sr:sport_event:65866100,2026-02-20T06:05:00+00:00,Super Rugby,sr:competition:422,Super Rugby 2026,sr:season:137092,2026,league,regular season,2,Super Rugby Pacific 2026,Hurricanes,sr:competitor:4189,HUR,Moana Pasifika,sr:competitor:761406,MOA,Wellington Regional Stadium,Wellington,New Zealand,"-41.273056, 174.785833","Gardner, Angus",Australia,413,2275773866,ball_recycled,2026-02-20T07:54:47+00:00,74,73:26,home,Hurricanes,56,44,2,,,,,,,,,,,,,,
super_rugby_2026_hurricanes_vs_moana_pasifika_65866100.json,sr:sport_event:65866100,2026-02-20T06:05:00+00:00,Super Rugby,sr:competition:422,Super Rugby 2026,sr:season:137092,2026,league,regular season,2,Super Rugby Pacific 2026,Hurricanes,sr:competitor:4189,HUR,Moana Pasifika,sr:competitor:761406,MOA,Wellington Regional Stadium,Wellington,New Zealand,"-41.273056, 174.785833","Gardner, Angus",Australia,414,2275774034,ball_recycled,2026-02-20T07:54:53+00:00,74,73:31,home,Hurricanes,67,27,2,,,,,,,,,,,,,,
super_rugby_2026_hurricanes_vs_moana_pasifika_65866100.json,sr:sport_event:65866100,2026-02-20T06:05:00+00:00,Super Rugby,sr:competition:422,Super Rugby 2026,sr:season:137092,2026,league,regular season,2,Super Rugby Pacific 2026,Hurricanes,sr:competitor:4189,HUR,Moana Pasifika,sr:competitor:761406,MOA,Wellington Regional Stadium,Wellington,New Zealand,"-41.273056, 174.785833","Gardner, Angus",Australia,415,2275774062,ball_recycled,2026-02-20T07:54:53+00:00,74,73:33,home,Hurricanes,67,27,2,,,,,,,,,,,,,,
super_rugby_2026_hurricanes_vs_moana_pasifika_65866100.json,sr:sport_event:65866100,2026-02-20T06:05:00+00:00,Super Rugby,sr:competition:422,Super Rugby 2026,sr:season:137092,2026,league,regular season,2,Super Rugby Pacific 2026,Hurricanes,sr:competitor:4189,HUR,Moana Pasifika,sr:competitor:761406,MOA,Wellington Regional Stadium,Wellington,New Zealand,"-41.273056, 174.785833","Gardner, Angus",Australia,416,2275774142,score_change,2026-02-20T07:55:06+00:00,74,73:45,home,Hurricanes,67,27,2,,,43,10,try,,,sr:player:2288969,"Iose, Brayden",,,,,"[{""id"": ""sr:player:2288969"", ""name"": ""Iose, Brayden"", ""type"": ""scorer""}]"
super_rugby_2026_hurricanes_vs_moana_pasifika_65866100.json,sr:sport_event:65866100,2026-02-20T06:05:00+00:00,Super Rugby,sr:competition:422,Super Rugby 2026,sr:season:137092,2026,league,regular season,2,Super Rugby Pacific 2026,Hurricanes,sr:competitor:4189,HUR,Moana Pasifika,sr:competitor:761406,MOA,Wellington Regional Stadium,Wellington,New Zealand,"-41.273056, 174.785833","Gardner, Angus",Australia,417,2275774984,score_change,2026-02-20T07:56:04+00:00,75,74:44,home,Hurricanes,55,35,2,,,45,10,conversion,,,sr:player:1001611,"Barrett, Jordie Matthew",,,,,"[{""id"": ""sr:player:1001611"", ""name"": ""Barrett, Jordie Matthew"", ""type"": ""scorer""}]"
super_rugby_2026_hurricanes_vs_moana_pasifika_65866100.json,sr:sport_event:65866100,2026-02-20T06:05:00+00:00,Super Rugby,sr:competition:422,Super Rugby 2026,sr:season:137092,2026,league,regular season,2,Super Rugby Pacific 2026,Hurricanes,sr:competitor:4189,HUR,Moana Pasifika,sr:competitor:761406,MOA,Wellington Regional Stadium,Wellington,New Zealand,"-41.273056, 174.785833","Gardner, Angus",Australia,418,2275775306,ball_kicked,2026-02-20T07:56:37+00:00,76,75:16,away,Moana Pasifika,55,33,2,,,,,,,,,,,,,,
super_rugby_2026_hurricanes_vs_moana_pasifika_65866100.json,sr:sport_event:65866100,2026-02-20T06:05:00+00:00,Super Rugby,sr:competition:422,Super Rugby 2026,sr:season:137092,2026,league,regular season,2,Super Rugby Pacific 2026,Hurricanes,sr:competitor:4189,HUR,Moana Pasifika,sr:competitor:761406,MOA,Wellington Regional Stadium,Wellington,New Zealand,"-41.273056, 174.785833","Gardner, Angus",Australia,419,2275775328,penalty_awarded,2026-02-20T07:56:40+00:00,76,75:20,home,Hurricanes,44,12,2,,,,,,,,,,,,,,
super_rugby_2026_hurricanes_vs_moana_pasifika_65866100.json,sr:sport_event:65866100,2026-02-20T06:05:00+00:00,Super Rugby,sr:competition:422,Super Rugby 2026,sr:season:137092,2026,league,regular season,2,Super Rugby Pacific 2026,Hurricanes,sr:competitor:4189,HUR,Moana Pasifika,sr:competitor:761406,MOA,Wellington Regional Stadium,Wellington,New Zealand,"-41.273056, 174.785833","Gardner, Angus",Australia,420,2275775338,tap_and_go,2026-02-20T07:56:42+00:00,76,75:21,home,Hurricanes,44,12,2,,,,,,,,,,,,,,
super_rugby_2026_hurricanes_vs_moana_pasifika_65866100.json,sr:sport_event:65866100,2026-02-20T06:05:00+00:00,Super Rugby,sr:competition:422,Super Rugby 2026,sr:season:137092,2026,league,regular season,2,Super Rugby Pacific 2026,Hurricanes,sr:competitor:4189,HUR,Moana Pasifika,sr:competitor:761406,MOA,Wellington Regional Stadium,Wellington,New Zealand,"-41.273056, 174.785833","Gardner, Angus",Australia,421,2275775346,ball_recycled,2026-02-20T07:56:46+00:00,76,75:26,home,Hurricanes,34,35,2,,,,,,,,,,,,,,
super_rugby_2026_hurricanes_vs_moana_pasifika_65866100.json,sr:sport_event:65866100,2026-02-20T06:05:00+00:00,Super Rugby,sr:competition:422,Super Rugby 2026,sr:season:137092,2026,league,regular season,2,Super Rugby Pacific 2026,Hurricanes,sr:competitor:4189,HUR,Moana Pasifika,sr:competitor:761406,MOA,Wellington Regional Stadium,Wellington,New Zealand,"-41.273056, 174.785833","Gardner, Angus",Australia,422,2275775368,ball_recycled,2026-02-20T07:56:49+00:00,76,75:28,home,Hurricanes,35,46,2,,,,,,,,,,,,,,
super_rugby_2026_hurricanes_vs_moana_pasifika_65866100.json,sr:sport_event:65866100,2026-02-20T06:05:00+00:00,Super Rugby,sr:competition:422,Super Rugby 2026,sr:season:137092,2026,league,regular season,2,Super Rugby Pacific 2026,Hurricanes,sr:competitor:4189,HUR,Moana Pasifika,sr:competitor:761406,MOA,Wellington Regional Stadium,Wellington,New Zealand,"-41.273056, 174.785833","Gardner, Angus",Australia,423,2275775380,ball_kicked,2026-02-20T07:56:54+00:00,76,75:34,home,Hurricanes,56,59,2,,,,,,,,,,,,,,
super_rugby_2026_hurricanes_vs_moana_pasifika_65866100.json,sr:sport_event:65866100,2026-02-20T06:05:00+00:00,Super Rugby,sr:competition:422,Super Rugby 2026,sr:season:137092,2026,league,regular season,2,Super Rugby Pacific 2026,Hurricanes,sr:competitor:4189,HUR,Moana Pasifika,sr:competitor:761406,MOA,Wellington Regional Stadium,Wellington,New Zealand,"-41.273056, 174.785833","Gardner, Angus",Australia,424,2275775858,ball_kicked,2026-02-20T07:57:21+00:00,77,76:01,away,Moana Pasifika,92,33,2,,,,,,,,,,,,,,
super_rugby_2026_hurricanes_vs_moana_pasifika_65866100.json,sr:sport_event:65866100,2026-02-20T06:05:00+00:00,Super Rugby,sr:competition:422,Super Rugby 2026,sr:season:137092,2026,league,regular season,2,Super Rugby Pacific 2026,Hurricanes,sr:competitor:4189,HUR,Moana Pasifika,sr:competitor:761406,MOA,Wellington Regional Stadium,Wellington,New Zealand,"-41.273056, 174.785833","Gardner, Angus",Australia,425,2275776000,ball_recycled,2026-02-20T07:57:27+00:00,77,76:06,home,Hurricanes,70,64,2,,,,,,,,,,,,,,
super_rugby_2026_hurricanes_vs_moana_pasifika_65866100.json,sr:sport_event:65866100,2026-02-20T06:05:00+00:00,Super Rugby,sr:competition:422,Super Rugby 2026,sr:season:137092,2026,league,regular season,2,Super Rugby Pacific 2026,Hurricanes,sr:competitor:4189,HUR,Moana Pasifika,sr:competitor:761406,MOA,Wellington Regional Stadium,Wellington,New Zealand,"-41.273056, 174.785833","Gardner, Angus",Australia,426,2275776114,scrum,2026-02-20T07:57:35+00:00,77,76:14,away,Moana Pasifika,70,61,2,,,,,,,,,,,,,,
super_rugby_2026_hurricanes_vs_moana_pasifika_65866100.json,sr:sport_event:65866100,2026-02-20T06:05:00+00:00,Super Rugby,sr:competition:422,Super Rugby 2026,sr:season:137092,2026,league,regular season,2,Super Rugby Pacific 2026,Hurricanes,sr:competitor:4189,HUR,Moana Pasifika,sr:competitor:761406,MOA,Wellington Regional Stadium,Wellington,New Zealand,"-41.273056, 174.785833","Gardner, Angus",Australia,427,2275776858,scrum_won,2026-02-20T07:58:17+00:00,77,76:57,away,Moana Pasifika,70,61,2,,,,,,,,,,,,,,
super_rugby_2026_hurricanes_vs_moana_pasifika_65866100.json,sr:sport_event:65866100,2026-02-20T06:05:00+00:00,Super Rugby,sr:competition:422,Super Rugby 2026,sr:season:137092,2026,league,regular season,2,Super Rugby Pacific 2026,Hurricanes,sr:competitor:4189,HUR,Moana Pasifika,sr:competitor:761406,MOA,Wellington Regional Stadium,Wellington,New Zealand,"-41.273056, 174.785833","Gardner, Angus",Australia,428,2275776872,ball_recycled,2026-02-20T07:58:21+00:00,77,77:00,away,Moana Pasifika,76,41,2,,,,,,,,,,,,,,
super_rugby_2026_hurricanes_vs_moana_pasifika_65866100.json,sr:sport_event:65866100,2026-02-20T06:05:00+00:00,Super Rugby,sr:competition:422,Super Rugby 2026,sr:season:137092,2026,league,regular season,2,Super Rugby Pacific 2026,Hurricanes,sr:competitor:4189,HUR,Moana Pasifika,sr:competitor:761406,MOA,Wellington Regional Stadium,Wellington,New Zealand,"-41.273056, 174.785833","Gardner, Angus",Australia,429,2275776880,ball_recycled,2026-02-20T07:58:23+00:00,78,77:03,away,Moana Pasifika,73,11,2,,,,,,,,,,,,,,
super_rugby_2026_hurricanes_vs_moana_pasifika_65866100.json,sr:sport_event:65866100,2026-02-20T06:05:00+00:00,Super Rugby,sr:competition:422,Super Rugby 2026,sr:season:137092,2026,league,regular season,2,Super Rugby Pacific 2026,Hurricanes,sr:competitor:4189,HUR,Moana Pasifika,sr:competitor:761406,MOA,Wellington Regional Stadium,Wellington,New Zealand,"-41.273056, 174.785833","Gardner, Angus",Australia,430,2275777074,ball_recycled,2026-02-20T07:58:27+00:00,78,77:07,away,Moana Pasifika,52,16,2,,,,,,,,,,,,,,
super_rugby_2026_hurricanes_vs_moana_pasifika_65866100.json,sr:sport_event:65866100,2026-02-20T06:05:00+00:00,Super Rugby,sr:competition:422,Super Rugby 2026,sr:season:137092,2026,league,regular season,2,Super Rugby Pacific 2026,Hurricanes,sr:competitor:4189,HUR,Moana Pasifika,sr:competitor:761406,MOA,Wellington Regional Stadium,Wellington,New Zealand,"-41.273056, 174.785833","Gardner, Angus",Australia,431,2275777108,turnover,2026-02-20T07:58:31+00:00,78,77:11,home,Hurricanes,51,14,2,,,,,,,,,,,,,,
super_rugby_2026_hurricanes_vs_moana_pasifika_65866100.json,sr:sport_event:65866100,2026-02-20T06:05:00+00:00,Super Rugby,sr:competition:422,Super Rugby 2026,sr:season:137092,2026,league,regular season,2,Super Rugby Pacific 2026,Hurricanes,sr:competitor:4189,HUR,Moana Pasifika,sr:competitor:761406,MOA,Wellington Regional Stadium,Wellington,New Zealand,"-41.273056, 174.785833","Gardner, Angus",Australia,432,2275777140,penalty_awarded,2026-02-20T07:58:37+00:00,78,77:17,home,Hurricanes,50,12,2,,,,,,,,,,,,,,
super_rugby_2026_hurricanes_vs_moana_pasifika_65866100.json,sr:sport_event:65866100,2026-02-20T06:05:00+00:00,Super Rugby,sr:competition:422,Super Rugby 2026,sr:season:137092,2026,league,regular season,2,Super Rugby Pacific 2026,Hurricanes,sr:competitor:4189,HUR,Moana Pasifika,sr:competitor:761406,MOA,Wellington Regional Stadium,Wellington,New Zealand,"-41.273056, 174.785833","Gardner, Angus",Australia,433,2275777506,kick_to_touch,2026-02-20T07:58:48+00:00,78,77:27,home,Hurricanes,50,12,2,,,,,,,,,,,,,,
super_rugby_2026_hurricanes_vs_moana_pasifika_65866100.json,sr:sport_event:65866100,2026-02-20T06:05:00+00:00,Super Rugby,sr:competition:422,Super Rugby 2026,sr:season:137092,2026,league,regular season,2,Super Rugby Pacific 2026,Hurricanes,sr:competitor:4189,HUR,Moana Pasifika,sr:competitor:761406,MOA,Wellington Regional Stadium,Wellington,New Zealand,"-41.273056, 174.785833","Gardner, Angus",Australia,434,2275777532,line_out,2026-02-20T07:58:54+00:00,78,77:33,home,Hurricanes,88,-2,2,,,,,,,,,,,,,,
super_rugby_2026_hurricanes_vs_moana_pasifika_65866100.json,sr:sport_event:65866100,2026-02-20T06:05:00+00:00,Super Rugby,sr:competition:422,Super Rugby 2026,sr:season:137092,2026,league,regular season,2,Super Rugby Pacific 2026,Hurricanes,sr:competitor:4189,HUR,Moana Pasifika,sr:competitor:761406,MOA,Wellington Regional Stadium,Wellington,New Zealand,"-41.273056, 174.785833","Gardner, Angus",Australia,435,2275777974,line_out_won,2026-02-20T07:59:16+00:00,78,77:56,home,Hurricanes,88,-2,2,,,,,,,,,,,,,,
super_rugby_2026_hurricanes_vs_moana_pasifika_65866100.json,sr:sport_event:65866100,2026-02-20T06:05:00+00:00,Super Rugby,sr:competition:422,Super Rugby 2026,sr:season:137092,2026,league,regular season,2,Super Rugby Pacific 2026,Hurricanes,sr:competitor:4189,HUR,Moana Pasifika,sr:competitor:761406,MOA,Wellington Regional Stadium,Wellington,New Zealand,"-41.273056, 174.785833","Gardner, Angus",Australia,436,2275777998,ball_recycled,2026-02-20T07:59:21+00:00,79,78:01,home,Hurricanes,89,7,2,,,,,,,,,,,,,,
super_rugby_2026_hurricanes_vs_moana_pasifika_65866100.json,sr:sport_event:65866100,2026-02-20T06:05:00+00:00,Super Rugby,sr:competition:422,Super Rugby 2026,sr:season:137092,2026,league,regular season,2,Super Rugby Pacific 2026,Hurricanes,sr:competitor:4189,HUR,Moana Pasifika,sr:competitor:761406,MOA,Wellington Regional Stadium,Wellington,New Zealand,"-41.273056, 174.785833","Gardner, Angus",Australia,437,2275778014,ball_recycled,2026-02-20T07:59:24+00:00,79,78:04,home,Hurricanes,93,5,2,,,,,,,,,,,,,,
super_rugby_2026_hurricanes_vs_moana_pasifika_65866100.json,sr:sport_event:65866100,2026-02-20T06:05:00+00:00,Super Rugby,sr:competition:422,Super Rugby 2026,sr:season:137092,2026,league,regular season,2,Super Rugby Pacific 2026,Hurricanes,sr:competitor:4189,HUR,Moana Pasifika,sr:competitor:761406,MOA,Wellington Regional Stadium,Wellington,New Zealand,"-41.273056, 174.785833","Gardner, Angus",Australia,438,2275778244,ball_recycled,2026-02-20T07:59:32+00:00,79,78:11,home,Hurricanes,101,10,2,,,,,,,,,,,,,,
super_rugby_2026_hurricanes_vs_moana_pasifika_65866100.json,sr:sport_event:65866100,2026-02-20T06:05:00+00:00,Super Rugby,sr:competition:422,Super Rugby 2026,sr:season:137092,2026,league,regular season,2,Super Rugby Pacific 2026,Hurricanes,sr:competitor:4189,HUR,Moana Pasifika,sr:competitor:761406,MOA,Wellington Regional Stadium,Wellington,New Zealand,"-41.273056, 174.785833","Gardner, Angus",Australia,439,2275778264,ball_recycled,2026-02-20T07:59:37+00:00,79,78:16,home,Hurricanes,100,12,2,,,,,,,,,,,,,,
super_rugby_2026_hurricanes_vs_moana_pasifika_65866100.json,sr:sport_event:65866100,2026-02-20T06:05:00+00:00,Super Rugby,sr:competition:422,Super Rugby 2026,sr:season:137092,2026,league,regular season,2,Super Rugby Pacific 2026,Hurricanes,sr:competitor:4189,HUR,Moana Pasifika,sr:competitor:761406,MOA,Wellington Regional Stadium,Wellington,New Zealand,"-41.273056, 174.785833","Gardner, Angus",Australia,440,2275778332,score_change,2026-02-20T07:59:52+00:00,79,78:32,home,Hurricanes,100,12,2,,,50,10,try,,,sr:player:1651711,"Proctor, Billy",,,,,"[{""id"": ""sr:player:1651711"", ""name"": ""Proctor, Billy"", ""type"": ""scorer""}]"
super_rugby_2026_hurricanes_vs_moana_pasifika_65866100.json,sr:sport_event:65866100,2026-02-20T06:05:00+00:00,Super Rugby,sr:competition:422,Super Rugby 2026,sr:season:137092,2026,league,regular season,2,Super Rugby Pacific 2026,Hurricanes,sr:competitor:4189,HUR,Moana Pasifika,sr:competitor:761406,MOA,Wellington Regional Stadium,Wellington,New Zealand,"-41.273056, 174.785833","Gardner, Angus",Australia,441,2275779092,score_change,2026-02-20T08:00:35+00:00,80,79:13,home,Hurricanes,55,35,2,,,52,10,conversion,,,sr:player:1001611,"Barrett, Jordie Matthew",,,,,"[{""id"": ""sr:player:1001611"", ""name"": ""Barrett, Jordie Matthew"", ""type"": ""scorer""}]"
super_rugby_2026_hurricanes_vs_moana_pasifika_65866100.json,sr:sport_event:65866100,2026-02-20T06:05:00+00:00,Super Rugby,sr:competition:422,Super Rugby 2026,sr:season:137092,2026,league,regular season,2,Super Rugby Pacific 2026,Hurricanes,sr:competitor:4189,HUR,Moana Pasifika,sr:competitor:761406,MOA,Wellington Regional Stadium,Wellington,New Zealand,"-41.273056, 174.785833","Gardner, Angus",Australia,442,2275779872,ball_kicked,2026-02-20T08:01:17+00:00,80,79:55,away,Moana Pasifika,56,34,2,,,,,,,,,,,,,,
super_rugby_2026_hurricanes_vs_moana_pasifika_65866100.json,sr:sport_event:65866100,2026-02-20T06:05:00+00:00,Super Rugby,sr:competition:422,Super Rugby 2026,sr:season:137092,2026,league,regular season,2,Super Rugby Pacific 2026,Hurricanes,sr:competitor:4189,HUR,Moana Pasifika,sr:competitor:761406,MOA,Wellington Regional Stadium,Wellington,New Zealand,"-41.273056, 174.785833","Gardner, Angus",Australia,443,2275779886,ball_recycled,2026-02-20T08:01:19+00:00,80,79:57,home,Hurricanes,44,5,2,,,,,,,,,,,,,,
super_rugby_2026_hurricanes_vs_moana_pasifika_65866100.json,sr:sport_event:65866100,2026-02-20T06:05:00+00:00,Super Rugby,sr:competition:422,Super Rugby 2026,sr:season:137092,2026,league,regular season,2,Super Rugby Pacific 2026,Hurricanes,sr:competitor:4189,HUR,Moana Pasifika,sr:competitor:761406,MOA,Wellington Regional Stadium,Wellington,New Zealand,"-41.273056, 174.785833","Gardner, Angus",Australia,444,2275779904,ball_recycled,2026-02-20T08:01:22+00:00,80,80:00,home,Hurricanes,48,5,2,,,,,,,,,,,,,,
super_rugby_2026_hurricanes_vs_moana_pasifika_65866100.json,sr:sport_event:65866100,2026-02-20T06:05:00+00:00,Super Rugby,sr:competition:422,Super Rugby 2026,sr:season:137092,2026,league,regular season,2,Super Rugby Pacific 2026,Hurricanes,sr:competitor:4189,HUR,Moana Pasifika,sr:competitor:761406,MOA,Wellington Regional Stadium,Wellington,New Zealand,"-41.273056, 174.785833","Gardner, Angus",Australia,445,2275779956,ball_recycled,2026-02-20T08:01:29+00:00,80,80:00,home,Hurricanes,37,15,2,,,,,,,,,,,,,,
super_rugby_2026_hurricanes_vs_moana_pasifika_65866100.json,sr:sport_event:65866100,2026-02-20T06:05:00+00:00,Super Rugby,sr:competition:422,Super Rugby 2026,sr:season:137092,2026,league,regular season,2,Super Rugby Pacific 2026,Hurricanes,sr:competitor:4189,HUR,Moana Pasifika,sr:competitor:761406,MOA,Wellington Regional Stadium,Wellington,New Zealand,"-41.273056, 174.785833","Gardner, Angus",Australia,446,2275779972,ball_recycled,2026-02-20T08:01:32+00:00,80,80:00,home,Hurricanes,48,26,2,,,,,,,,,,,,,,
super_rugby_2026_hurricanes_vs_moana_pasifika_65866100.json,sr:sport_event:65866100,2026-02-20T06:05:00+00:00,Super Rugby,sr:competition:422,Super Rugby 2026,sr:season:137092,2026,league,regular season,2,Super Rugby Pacific 2026,Hurricanes,sr:competitor:4189,HUR,Moana Pasifika,sr:competitor:761406,MOA,Wellington Regional Stadium,Wellington,New Zealand,"-41.273056, 174.785833","Gardner, Angus",Australia,447,2275780276,ball_kicked,2026-02-20T08:01:39+00:00,80,80:00,home,Hurricanes,52,57,2,,,,,,,,,,,,,,
super_rugby_2026_hurricanes_vs_moana_pasifika_65866100.json,sr:sport_event:65866100,2026-02-20T06:05:00+00:00,Super Rugby,sr:competition:422,Super Rugby 2026,sr:season:137092,2026,league,regular season,2,Super Rugby Pacific 2026,Hurricanes,sr:competitor:4189,HUR,Moana Pasifika,sr:competitor:761406,MOA,Wellington Regional Stadium,Wellington,New Zealand,"-41.273056, 174.785833","Gardner, Angus",Australia,448,2275780298,ball_recycled,2026-02-20T08:01:44+00:00,80,80:00,away,Moana Pasifika,88,65,2,,,,,,,,,,,,,,
super_rugby_2026_hurricanes_vs_moana_pasifika_65866100.json,sr:sport_event:65866100,2026-02-20T06:05:00+00:00,Super Rugby,sr:competition:422,Super Rugby 2026,sr:season:137092,2026,league,regular season,2,Super Rugby Pacific 2026,Hurricanes,sr:competitor:4189,HUR,Moana Pasifika,sr:competitor:761406,MOA,Wellington Regional Stadium,Wellington,New Zealand,"-41.273056, 174.785833","Gardner, Angus",Australia,449,2275780538,ball_recycled,2026-02-20T08:01:53+00:00,80,80:00,home,Hurricanes,62,40,2,,,,,,,,,,,,,,
super_rugby_2026_hurricanes_vs_moana_pasifika_65866100.json,sr:sport_event:65866100,2026-02-20T06:05:00+00:00,Super Rugby,sr:competition:422,Super Rugby 2026,sr:season:137092,2026,league,regular season,2,Super Rugby Pacific 2026,Hurricanes,sr:competitor:4189,HUR,Moana Pasifika,sr:competitor:761406,MOA,Wellington Regional Stadium,Wellington,New Zealand,"-41.273056, 174.785833","Gardner, Angus",Australia,450,2275780574,ball_kicked,2026-02-20T08:02:00+00:00,80,80:00,home,Hurricanes,73,26,2,,,,,,,,,,,,,,
super_rugby_2026_hurricanes_vs_moana_pasifika_65866100.json,sr:sport_event:65866100,2026-02-20T06:05:00+00:00,Super Rugby,sr:competition:422,Super Rugby 2026,sr:season:137092,2026,league,regular season,2,Super Rugby Pacific 2026,Hurricanes,sr:competitor:4189,HUR,Moana Pasifika,sr:competitor:761406,MOA,Wellington Regional Stadium,Wellington,New Zealand,"-41.273056, 174.785833","Gardner, Angus",Australia,451,2275780512,turnover,2026-02-20T08:01:49+00:00,81,80:26,home,Hurricanes,88,64,,,,,,,,,,,,,,,
super_rugby_2026_hurricanes_vs_moana_pasifika_65866100.json,sr:sport_event:65866100,2026-02-20T06:05:00+00:00,Super Rugby,sr:competition:422,Super Rugby 2026,sr:season:137092,2026,league,regular season,2,Super Rugby Pacific 2026,Hurricanes,sr:competitor:4189,HUR,Moana Pasifika,sr:competitor:761406,MOA,Wellington Regional Stadium,Wellington,New Zealand,"-41.273056, 174.785833","Gardner, Angus",Australia,452,2275780852,match_ended,2026-02-20T08:02:11+00:00,,80:00,,,,,,,,,,,,,,,,,,,
