source_json,match_id,match_start_time,competition,competition_id,season,season_id,season_year,stage_type,stage_phase,round,group,home_team,home_team_id,home_abbreviation,away_team,away_team_id,away_abbreviation,venue,venue_city,venue_country,venue_map_coordinates,referee,referee_nationality,event_order,event_id,event_type,event_timestamp,match_time_minute,match_clock,competitor,team,x,y,period,period_name,break_name,home_score,away_score,method,player_id,player_name,scorer_id,scorer_name,substituted_out_id,substituted_out_name,substituted_in_id,substituted_in_name,players_json
super_rugby_2026_fijian_drua_vs_moana_pasifika_65866094.json,sr:sport_event:65866094,2026-02-14T03:35:00+00:00,Super Rugby,sr:competition:422,Super Rugby 2026,sr:season:137092,2026,league,regular season,1,Super Rugby Pacific 2026,Fijian Drua,sr:competitor:364712,FID,Moana Pasifika,sr:competitor:761406,MOA,,,,,"Playle, Marcus",,1,2270327518,match_started,2026-02-14T03:38:23+00:00,,,,,,,,,,,,,,,,,,,,,
super_rugby_2026_fijian_drua_vs_moana_pasifika_65866094.json,sr:sport_event:65866094,2026-02-14T03:35:00+00:00,Super Rugby,sr:competition:422,Super Rugby 2026,sr:season:137092,2026,league,regular season,1,Super Rugby Pacific 2026,Fijian Drua,sr:competitor:364712,FID,Moana Pasifika,sr:competitor:761406,MOA,,,,,"Playle, Marcus",,2,2270327520,period_start,2026-02-14T03:38:23+00:00,,,,,,,1,1st_half,,,,,,,,,,,,,
super_rugby_2026_fijian_drua_vs_moana_pasifika_65866094.json,sr:sport_event:65866094,2026-02-14T03:35:00+00:00,Super Rugby,sr:competition:422,Super Rugby 2026,sr:season:137092,2026,league,regular season,1,Super Rugby Pacific 2026,Fijian Drua,sr:competitor:364712,FID,Moana Pasifika,sr:competitor:761406,MOA,,,,,"Playle, Marcus",,3,2270327550,ball_kicked,2026-02-14T03:38:30+00:00,1,0:06,home,Fijian Drua,75,56,1,,,,,,,,,,,,,,
super_rugby_2026_fijian_drua_vs_moana_pasifika_65866094.json,sr:sport_event:65866094,2026-02-14T03:35:00+00:00,Super Rugby,sr:competition:422,Super Rugby 2026,sr:season:137092,2026,league,regular season,1,Super Rugby Pacific 2026,Fijian Drua,sr:competitor:364712,FID,Moana Pasifika,sr:competitor:761406,MOA,,,,,"Playle, Marcus",,4,2270327660,line_out,2026-02-14T03:38:50+00:00,1,0:25,home,Fijian Drua,50,70,1,,,,,,,,,,,,,,
super_rugby_2026_fijian_drua_vs_moana_pasifika_65866094.json,sr:sport_event:65866094,2026-02-14T03:35:00+00:00,Super Rugby,sr:competition:422,Super Rugby 2026,sr:season:137092,2026,league,regular season,1,Super Rugby Pacific 2026,Fijian Drua,sr:competitor:364712,FID,Moana Pasifika,sr:competitor:761406,MOA,,,,,"Playle, Marcus",,5,2270327696,line_out_won,2026-02-14T03:39:00+00:00,1,0:35,home,Fijian Drua,50,70,1,,,,,,,,,,,,,,
super_rugby_2026_fijian_drua_vs_moana_pasifika_65866094.json,sr:sport_event:65866094,2026-02-14T03:35:00+00:00,Super Rugby,sr:competition:422,Super Rugby 2026,sr:season:137092,2026,league,regular season,1,Super Rugby Pacific 2026,Fijian Drua,sr:competitor:364712,FID,Moana Pasifika,sr:competitor:761406,MOA,,,,,"Playle, Marcus",,6,2270327740,ball_recycled,2026-02-14T03:39:07+00:00,1,0:43,home,Fijian Drua,50,47,1,,,,,,,,,,,,,,
super_rugby_2026_fijian_drua_vs_moana_pasifika_65866094.json,sr:sport_event:65866094,2026-02-14T03:35:00+00:00,Super Rugby,sr:competition:422,Super Rugby 2026,sr:season:137092,2026,league,regular season,1,Super Rugby Pacific 2026,Fijian Drua,sr:competitor:364712,FID,Moana Pasifika,sr:competitor:761406,MOA,,,,,"Playle, Marcus",,7,2270327754,turnover,2026-02-14T03:39:09+00:00,1,0:45,away,Moana Pasifika,50,47,1,,,,,,,,,,,,,,
super_rugby_2026_fijian_drua_vs_moana_pasifika_65866094.json,sr:sport_event:65866094,2026-02-14T03:35:00+00:00,Super Rugby,sr:competition:422,Super Rugby 2026,sr:season:137092,2026,league,regular season,1,Super Rugby Pacific 2026,Fijian Drua,sr:competitor:364712,FID,Moana Pasifika,sr:competitor:761406,MOA,,,,,"Playle, Marcus",,8,2270327818,ball_recycled,2026-02-14T03:39:18+00:00,1,0:55,away,Moana Pasifika,51,16,1,,,,,,,,,,,,,,
super_rugby_2026_fijian_drua_vs_moana_pasifika_65866094.json,sr:sport_event:65866094,2026-02-14T03:35:00+00:00,Super Rugby,sr:competition:422,Super Rugby 2026,sr:season:137092,2026,league,regular season,1,Super Rugby Pacific 2026,Fijian Drua,sr:competitor:364712,FID,Moana Pasifika,sr:competitor:761406,MOA,,,,,"Playle, Marcus",,9,2270327930,ball_kicked,2026-02-14T03:39:43+00:00,2,1:19,away,Moana Pasifika,30,42,1,,,,,,,,,,,,,,
super_rugby_2026_fijian_drua_vs_moana_pasifika_65866094.json,sr:sport_event:65866094,2026-02-14T03:35:00+00:00,Super Rugby,sr:competition:422,Super Rugby 2026,sr:season:137092,2026,league,regular season,1,Super Rugby Pacific 2026,Fijian Drua,sr:competitor:364712,FID,Moana Pasifika,sr:competitor:761406,MOA,,,,,"Playle, Marcus",,10,2270327998,ball_recycled,2026-02-14T03:39:55+00:00,2,1:31,home,Fijian Drua,31,36,1,,,,,,,,,,,,,,
super_rugby_2026_fijian_drua_vs_moana_pasifika_65866094.json,sr:sport_event:65866094,2026-02-14T03:35:00+00:00,Super Rugby,sr:competition:422,Super Rugby 2026,sr:season:137092,2026,league,regular season,1,Super Rugby Pacific 2026,Fijian Drua,sr:competitor:364712,FID,Moana Pasifika,sr:competitor:761406,MOA,,,,,"Playle, Marcus",,11,2270328088,ball_recycled,2026-02-14T03:40:10+00:00,2,1:46,home,Fijian Drua,37,39,1,,,,,,,,,,,,,,
super_rugby_2026_fijian_drua_vs_moana_pasifika_65866094.json,sr:sport_event:65866094,2026-02-14T03:35:00+00:00,Super Rugby,sr:competition:422,Super Rugby 2026,sr:season:137092,2026,league,regular season,1,Super Rugby Pacific 2026,Fijian Drua,sr:competitor:364712,FID,Moana Pasifika,sr:competitor:761406,MOA,,,,,"Playle, Marcus",,12,2270328100,ball_kicked,2026-02-14T03:40:12+00:00,2,1:48,home,Fijian Drua,75,19,1,,,,,,,,,,,,,,
super_rugby_2026_fijian_drua_vs_moana_pasifika_65866094.json,sr:sport_event:65866094,2026-02-14T03:35:00+00:00,Super Rugby,sr:competition:422,Super Rugby 2026,sr:season:137092,2026,league,regular season,1,Super Rugby Pacific 2026,Fijian Drua,sr:competitor:364712,FID,Moana Pasifika,sr:competitor:761406,MOA,,,,,"Playle, Marcus",,13,2270328182,line_out,2026-02-14T03:40:21+00:00,2,1:57,home,Fijian Drua,34,71,1,,,,,,,,,,,,,,
super_rugby_2026_fijian_drua_vs_moana_pasifika_65866094.json,sr:sport_event:65866094,2026-02-14T03:35:00+00:00,Super Rugby,sr:competition:422,Super Rugby 2026,sr:season:137092,2026,league,regular season,1,Super Rugby Pacific 2026,Fijian Drua,sr:competitor:364712,FID,Moana Pasifika,sr:competitor:761406,MOA,,,,,"Playle, Marcus",,14,2270328420,line_out_won,2026-02-14T03:40:58+00:00,3,2:34,away,Moana Pasifika,34,71,1,,,,,,,,,,,,,,
super_rugby_2026_fijian_drua_vs_moana_pasifika_65866094.json,sr:sport_event:65866094,2026-02-14T03:35:00+00:00,Super Rugby,sr:competition:422,Super Rugby 2026,sr:season:137092,2026,league,regular season,1,Super Rugby Pacific 2026,Fijian Drua,sr:competitor:364712,FID,Moana Pasifika,sr:competitor:761406,MOA,,,,,"Playle, Marcus",,15,2270328530,ball_recycled,2026-02-14T03:41:11+00:00,3,2:47,away,Moana Pasifika,31,51,1,,,,,,,,,,,,,,
super_rugby_2026_fijian_drua_vs_moana_pasifika_65866094.json,sr:sport_event:65866094,2026-02-14T03:35:00+00:00,Super Rugby,sr:competition:422,Super Rugby 2026,sr:season:137092,2026,league,regular season,1,Super Rugby Pacific 2026,Fijian Drua,sr:competitor:364712,FID,Moana Pasifika,sr:competitor:761406,MOA,,,,,"Playle, Marcus",,16,2270328690,ball_recycled,2026-02-14T03:41:36+00:00,4,3:12,away,Moana Pasifika,22,23,1,,,,,,,,,,,,,,
super_rugby_2026_fijian_drua_vs_moana_pasifika_65866094.json,sr:sport_event:65866094,2026-02-14T03:35:00+00:00,Super Rugby,sr:competition:422,Super Rugby 2026,sr:season:137092,2026,league,regular season,1,Super Rugby Pacific 2026,Fijian Drua,sr:competitor:364712,FID,Moana Pasifika,sr:competitor:761406,MOA,,,,,"Playle, Marcus",,17,2270328768,ball_recycled,2026-02-14T03:41:46+00:00,4,3:23,away,Moana Pasifika,19,26,1,,,,,,,,,,,,,,
super_rugby_2026_fijian_drua_vs_moana_pasifika_65866094.json,sr:sport_event:65866094,2026-02-14T03:35:00+00:00,Super Rugby,sr:competition:422,Super Rugby 2026,sr:season:137092,2026,league,regular season,1,Super Rugby Pacific 2026,Fijian Drua,sr:competitor:364712,FID,Moana Pasifika,sr:competitor:761406,MOA,,,,,"Playle, Marcus",,18,2270328816,penalty_awarded,2026-02-14T03:41:55+00:00,4,3:31,away,Moana Pasifika,15,24,1,,,,,,,,,,,,,,
super_rugby_2026_fijian_drua_vs_moana_pasifika_65866094.json,sr:sport_event:65866094,2026-02-14T03:35:00+00:00,Super Rugby,sr:competition:422,Super Rugby 2026,sr:season:137092,2026,league,regular season,1,Super Rugby Pacific 2026,Fijian Drua,sr:competitor:364712,FID,Moana Pasifika,sr:competitor:761406,MOA,,,,,"Playle, Marcus",,19,2270328938,kick_to_touch,2026-02-14T03:42:14+00:00,4,3:50,away,Moana Pasifika,15,24,1,,,,,,,,,,,,,,
super_rugby_2026_fijian_drua_vs_moana_pasifika_65866094.json,sr:sport_event:65866094,2026-02-14T03:35:00+00:00,Super Rugby,sr:competition:422,Super Rugby 2026,sr:season:137092,2026,league,regular season,1,Super Rugby Pacific 2026,Fijian Drua,sr:competitor:364712,FID,Moana Pasifika,sr:competitor:761406,MOA,,,,,"Playle, Marcus",,20,2270328940,line_out,2026-02-14T03:42:15+00:00,4,3:52,away,Moana Pasifika,15,0,1,,,,,,,,,,,,,,
super_rugby_2026_fijian_drua_vs_moana_pasifika_65866094.json,sr:sport_event:65866094,2026-02-14T03:35:00+00:00,Super Rugby,sr:competition:422,Super Rugby 2026,sr:season:137092,2026,league,regular season,1,Super Rugby Pacific 2026,Fijian Drua,sr:competitor:364712,FID,Moana Pasifika,sr:competitor:761406,MOA,,,,,"Playle, Marcus",,21,2270329090,line_out_won,2026-02-14T03:42:34+00:00,5,4:10,away,Moana Pasifika,15,0,1,,,,,,,,,,,,,,
super_rugby_2026_fijian_drua_vs_moana_pasifika_65866094.json,sr:sport_event:65866094,2026-02-14T03:35:00+00:00,Super Rugby,sr:competition:422,Super Rugby 2026,sr:season:137092,2026,league,regular season,1,Super Rugby Pacific 2026,Fijian Drua,sr:competitor:364712,FID,Moana Pasifika,sr:competitor:761406,MOA,,,,,"Playle, Marcus",,22,2270329114,ball_recycled,2026-02-14T03:42:37+00:00,5,4:13,away,Moana Pasifika,15,21,1,,,,,,,,,,,,,,
super_rugby_2026_fijian_drua_vs_moana_pasifika_65866094.json,sr:sport_event:65866094,2026-02-14T03:35:00+00:00,Super Rugby,sr:competition:422,Super Rugby 2026,sr:season:137092,2026,league,regular season,1,Super Rugby Pacific 2026,Fijian Drua,sr:competitor:364712,FID,Moana Pasifika,sr:competitor:761406,MOA,,,,,"Playle, Marcus",,23,2270329204,ball_recycled,2026-02-14T03:42:48+00:00,5,4:24,away,Moana Pasifika,15,23,1,,,,,,,,,,,,,,
super_rugby_2026_fijian_drua_vs_moana_pasifika_65866094.json,sr:sport_event:65866094,2026-02-14T03:35:00+00:00,Super Rugby,sr:competition:422,Super Rugby 2026,sr:season:137092,2026,league,regular season,1,Super Rugby Pacific 2026,Fijian Drua,sr:competitor:364712,FID,Moana Pasifika,sr:competitor:761406,MOA,,,,,"Playle, Marcus",,24,2270329260,ball_recycled,2026-02-14T03:42:57+00:00,5,4:33,away,Moana Pasifika,15,23,1,,,,,,,,,,,,,,
super_rugby_2026_fijian_drua_vs_moana_pasifika_65866094.json,sr:sport_event:65866094,2026-02-14T03:35:00+00:00,Super Rugby,sr:competition:422,Super Rugby 2026,sr:season:137092,2026,league,regular season,1,Super Rugby Pacific 2026,Fijian Drua,sr:competitor:364712,FID,Moana Pasifika,sr:competitor:761406,MOA,,,,,"Playle, Marcus",,25,2270329382,score_change,2026-02-14T03:43:15+00:00,5,4:51,away,Moana Pasifika,2,20,1,,,0,5,try,,,sr:player:2945399,"Tupou Ta'eiloa, Semisi",,,,,"[{""id"": ""sr:player:2945399"", ""name"": ""Tupou Ta'eiloa, Semisi"", ""type"": ""scorer""}]"
super_rugby_2026_fijian_drua_vs_moana_pasifika_65866094.json,sr:sport_event:65866094,2026-02-14T03:35:00+00:00,Super Rugby,sr:competition:422,Super Rugby 2026,sr:season:137092,2026,league,regular season,1,Super Rugby Pacific 2026,Fijian Drua,sr:competitor:364712,FID,Moana Pasifika,sr:competitor:761406,MOA,,,,,"Playle, Marcus",,26,2270329794,score_change,2026-02-14T03:44:09+00:00,6,5:46,away,Moana Pasifika,25,16,1,,,0,7,conversion,,,sr:player:2650483,"Pellegrini, Patrick",,,,,"[{""id"": ""sr:player:2650483"", ""name"": ""Pellegrini, Patrick"", ""type"": ""scorer""}]"
super_rugby_2026_fijian_drua_vs_moana_pasifika_65866094.json,sr:sport_event:65866094,2026-02-14T03:35:00+00:00,Super Rugby,sr:competition:422,Super Rugby 2026,sr:season:137092,2026,league,regular season,1,Super Rugby Pacific 2026,Fijian Drua,sr:competitor:364712,FID,Moana Pasifika,sr:competitor:761406,MOA,,,,,"Playle, Marcus",,27,2270329906,ball_kicked,2026-02-14T03:44:33+00:00,7,6:10,home,Fijian Drua,80,55,1,,,,,,,,,,,,,,
super_rugby_2026_fijian_drua_vs_moana_pasifika_65866094.json,sr:sport_event:65866094,2026-02-14T03:35:00+00:00,Super Rugby,sr:competition:422,Super Rugby 2026,sr:season:137092,2026,league,regular season,1,Super Rugby Pacific 2026,Fijian Drua,sr:competitor:364712,FID,Moana Pasifika,sr:competitor:761406,MOA,,,,,"Playle, Marcus",,28,2270329958,line_out,2026-02-14T03:44:43+00:00,7,6:19,home,Fijian Drua,40,70,1,,,,,,,,,,,,,,
super_rugby_2026_fijian_drua_vs_moana_pasifika_65866094.json,sr:sport_event:65866094,2026-02-14T03:35:00+00:00,Super Rugby,sr:competition:422,Super Rugby 2026,sr:season:137092,2026,league,regular season,1,Super Rugby Pacific 2026,Fijian Drua,sr:competitor:364712,FID,Moana Pasifika,sr:competitor:761406,MOA,,,,,"Playle, Marcus",,29,2270330264,line_out_won,2026-02-14T03:45:24+00:00,7,7:00,home,Fijian Drua,40,70,1,,,,,,,,,,,,,,
super_rugby_2026_fijian_drua_vs_moana_pasifika_65866094.json,sr:sport_event:65866094,2026-02-14T03:35:00+00:00,Super Rugby,sr:competition:422,Super Rugby 2026,sr:season:137092,2026,league,regular season,1,Super Rugby Pacific 2026,Fijian Drua,sr:competitor:364712,FID,Moana Pasifika,sr:competitor:761406,MOA,,,,,"Playle, Marcus",,30,2270330298,ball_kicked,2026-02-14T03:45:29+00:00,8,7:05,away,Moana Pasifika,40,51,1,,,,,,,,,,,,,,
super_rugby_2026_fijian_drua_vs_moana_pasifika_65866094.json,sr:sport_event:65866094,2026-02-14T03:35:00+00:00,Super Rugby,sr:competition:422,Super Rugby 2026,sr:season:137092,2026,league,regular season,1,Super Rugby Pacific 2026,Fijian Drua,sr:competitor:364712,FID,Moana Pasifika,sr:competitor:761406,MOA,,,,,"Playle, Marcus",,31,2270330382,ball_recycled,2026-02-14T03:45:43+00:00,8,7:19,home,Fijian Drua,44,30,1,,,,,,,,,,,,,,
super_rugby_2026_fijian_drua_vs_moana_pasifika_65866094.json,sr:sport_event:65866094,2026-02-14T03:35:00+00:00,Super Rugby,sr:competition:422,Super Rugby 2026,sr:season:137092,2026,league,regular season,1,Super Rugby Pacific 2026,Fijian Drua,sr:competitor:364712,FID,Moana Pasifika,sr:competitor:761406,MOA,,,,,"Playle, Marcus",,32,2270330446,ball_kicked,2026-02-14T03:45:55+00:00,8,7:31,home,Fijian Drua,67,56,1,,,,,,,,,,,,,,
super_rugby_2026_fijian_drua_vs_moana_pasifika_65866094.json,sr:sport_event:65866094,2026-02-14T03:35:00+00:00,Super Rugby,sr:competition:422,Super Rugby 2026,sr:season:137092,2026,league,regular season,1,Super Rugby Pacific 2026,Fijian Drua,sr:competitor:364712,FID,Moana Pasifika,sr:competitor:761406,MOA,,,,,"Playle, Marcus",,33,2270330476,ball_recycled,2026-02-14T03:46:02+00:00,8,7:39,away,Moana Pasifika,67,56,1,,,,,,,,,,,,,,
super_rugby_2026_fijian_drua_vs_moana_pasifika_65866094.json,sr:sport_event:65866094,2026-02-14T03:35:00+00:00,Super Rugby,sr:competition:422,Super Rugby 2026,sr:season:137092,2026,league,regular season,1,Super Rugby Pacific 2026,Fijian Drua,sr:competitor:364712,FID,Moana Pasifika,sr:competitor:761406,MOA,,,,,"Playle, Marcus",,34,2270330532,ball_recycled,2026-02-14T03:46:13+00:00,8,7:49,away,Moana Pasifika,70,53,1,,,,,,,,,,,,,,
super_rugby_2026_fijian_drua_vs_moana_pasifika_65866094.json,sr:sport_event:65866094,2026-02-14T03:35:00+00:00,Super Rugby,sr:competition:422,Super Rugby 2026,sr:season:137092,2026,league,regular season,1,Super Rugby Pacific 2026,Fijian Drua,sr:competitor:364712,FID,Moana Pasifika,sr:competitor:761406,MOA,,,,,"Playle, Marcus",,35,2270330616,ball_recycled,2026-02-14T03:46:34+00:00,9,8:10,away,Moana Pasifika,46,58,1,,,,,,,,,,,,,,
super_rugby_2026_fijian_drua_vs_moana_pasifika_65866094.json,sr:sport_event:65866094,2026-02-14T03:35:00+00:00,Super Rugby,sr:competition:422,Super Rugby 2026,sr:season:137092,2026,league,regular season,1,Super Rugby Pacific 2026,Fijian Drua,sr:competitor:364712,FID,Moana Pasifika,sr:competitor:761406,MOA,,,,,"Playle, Marcus",,36,2270330712,ball_recycled,2026-02-14T03:46:47+00:00,9,8:23,away,Moana Pasifika,29,43,1,,,,,,,,,,,,,,
super_rugby_2026_fijian_drua_vs_moana_pasifika_65866094.json,sr:sport_event:65866094,2026-02-14T03:35:00+00:00,Super Rugby,sr:competition:422,Super Rugby 2026,sr:season:137092,2026,league,regular season,1,Super Rugby Pacific 2026,Fijian Drua,sr:competitor:364712,FID,Moana Pasifika,sr:competitor:761406,MOA,,,,,"Playle, Marcus",,37,2270330800,ball_recycled,2026-02-14T03:46:58+00:00,9,8:34,away,Moana Pasifika,23,17,1,,,,,,,,,,,,,,
super_rugby_2026_fijian_drua_vs_moana_pasifika_65866094.json,sr:sport_event:65866094,2026-02-14T03:35:00+00:00,Super Rugby,sr:competition:422,Super Rugby 2026,sr:season:137092,2026,league,regular season,1,Super Rugby Pacific 2026,Fijian Drua,sr:competitor:364712,FID,Moana Pasifika,sr:competitor:761406,MOA,,,,,"Playle, Marcus",,38,2270330856,ball_recycled,2026-02-14T03:47:11+00:00,9,8:47,away,Moana Pasifika,27,33,1,,,,,,,,,,,,,,
super_rugby_2026_fijian_drua_vs_moana_pasifika_65866094.json,sr:sport_event:65866094,2026-02-14T03:35:00+00:00,Super Rugby,sr:competition:422,Super Rugby 2026,sr:season:137092,2026,league,regular season,1,Super Rugby Pacific 2026,Fijian Drua,sr:competitor:364712,FID,Moana Pasifika,sr:competitor:761406,MOA,,,,,"Playle, Marcus",,39,2270330914,ball_recycled,2026-02-14T03:47:20+00:00,9,8:55,away,Moana Pasifika,26,44,1,,,,,,,,,,,,,,
super_rugby_2026_fijian_drua_vs_moana_pasifika_65866094.json,sr:sport_event:65866094,2026-02-14T03:35:00+00:00,Super Rugby,sr:competition:422,Super Rugby 2026,sr:season:137092,2026,league,regular season,1,Super Rugby Pacific 2026,Fijian Drua,sr:competitor:364712,FID,Moana Pasifika,sr:competitor:761406,MOA,,,,,"Playle, Marcus",,40,2270330968,ball_recycled,2026-02-14T03:47:28+00:00,10,9:03,away,Moana Pasifika,23,50,1,,,,,,,,,,,,,,
super_rugby_2026_fijian_drua_vs_moana_pasifika_65866094.json,sr:sport_event:65866094,2026-02-14T03:35:00+00:00,Super Rugby,sr:competition:422,Super Rugby 2026,sr:season:137092,2026,league,regular season,1,Super Rugby Pacific 2026,Fijian Drua,sr:competitor:364712,FID,Moana Pasifika,sr:competitor:761406,MOA,,,,,"Playle, Marcus",,41,2270331016,ball_recycled,2026-02-14T03:47:36+00:00,10,9:11,away,Moana Pasifika,23,44,1,,,,,,,,,,,,,,
super_rugby_2026_fijian_drua_vs_moana_pasifika_65866094.json,sr:sport_event:65866094,2026-02-14T03:35:00+00:00,Super Rugby,sr:competition:422,Super Rugby 2026,sr:season:137092,2026,league,regular season,1,Super Rugby Pacific 2026,Fijian Drua,sr:competitor:364712,FID,Moana Pasifika,sr:competitor:761406,MOA,,,,,"Playle, Marcus",,42,2270331092,ball_recycled,2026-02-14T03:47:48+00:00,10,9:23,away,Moana Pasifika,17,57,1,,,,,,,,,,,,,,
super_rugby_2026_fijian_drua_vs_moana_pasifika_65866094.json,sr:sport_event:65866094,2026-02-14T03:35:00+00:00,Super Rugby,sr:competition:422,Super Rugby 2026,sr:season:137092,2026,league,regular season,1,Super Rugby Pacific 2026,Fijian Drua,sr:competitor:364712,FID,Moana Pasifika,sr:competitor:761406,MOA,,,,,"Playle, Marcus",,43,2270331180,score_change,2026-02-14T03:48:03+00:00,10,9:38,away,Moana Pasifika,2,57,1,,,0,12,try,,,sr:player:2537025,"Faiʻilagi, Miracle",,,,,"[{""id"": ""sr:player:2537025"", ""name"": ""Faiʻilagi, Miracle"", ""type"": ""scorer""}]"
super_rugby_2026_fijian_drua_vs_moana_pasifika_65866094.json,sr:sport_event:65866094,2026-02-14T03:35:00+00:00,Super Rugby,sr:competition:422,Super Rugby 2026,sr:season:137092,2026,league,regular season,1,Super Rugby Pacific 2026,Fijian Drua,sr:competitor:364712,FID,Moana Pasifika,sr:competitor:761406,MOA,,,,,"Playle, Marcus",,44,2270331550,score_change,2026-02-14T03:49:17+00:00,11,10:53,away,Moana Pasifika,25,58,1,,,0,14,conversion,,,sr:player:2650483,"Pellegrini, Patrick",,,,,"[{""id"": ""sr:player:2650483"", ""name"": ""Pellegrini, Patrick"", ""type"": ""scorer""}]"
super_rugby_2026_fijian_drua_vs_moana_pasifika_65866094.json,sr:sport_event:65866094,2026-02-14T03:35:00+00:00,Super Rugby,sr:competition:422,Super Rugby 2026,sr:season:137092,2026,league,regular season,1,Super Rugby Pacific 2026,Fijian Drua,sr:competitor:364712,FID,Moana Pasifika,sr:competitor:761406,MOA,,,,,"Playle, Marcus",,45,2270331658,ball_kicked,2026-02-14T03:49:34+00:00,12,11:10,home,Fijian Drua,81,55,1,,,,,,,,,,,,,,
super_rugby_2026_fijian_drua_vs_moana_pasifika_65866094.json,sr:sport_event:65866094,2026-02-14T03:35:00+00:00,Super Rugby,sr:competition:422,Super Rugby 2026,sr:season:137092,2026,league,regular season,1,Super Rugby Pacific 2026,Fijian Drua,sr:competitor:364712,FID,Moana Pasifika,sr:competitor:761406,MOA,,,,,"Playle, Marcus",,46,2270331672,ball_recycled,2026-02-14T03:49:38+00:00,12,11:14,away,Moana Pasifika,72,55,1,,,,,,,,,,,,,,
super_rugby_2026_fijian_drua_vs_moana_pasifika_65866094.json,sr:sport_event:65866094,2026-02-14T03:35:00+00:00,Super Rugby,sr:competition:422,Super Rugby 2026,sr:season:137092,2026,league,regular season,1,Super Rugby Pacific 2026,Fijian Drua,sr:competitor:364712,FID,Moana Pasifika,sr:competitor:761406,MOA,,,,,"Playle, Marcus",,47,2270331712,ball_recycled,2026-02-14T03:49:46+00:00,12,11:22,away,Moana Pasifika,73,47,1,,,,,,,,,,,,,,
super_rugby_2026_fijian_drua_vs_moana_pasifika_65866094.json,sr:sport_event:65866094,2026-02-14T03:35:00+00:00,Super Rugby,sr:competition:422,Super Rugby 2026,sr:season:137092,2026,league,regular season,1,Super Rugby Pacific 2026,Fijian Drua,sr:competitor:364712,FID,Moana Pasifika,sr:competitor:761406,MOA,,,,,"Playle, Marcus",,48,2270331754,ball_recycled,2026-02-14T03:49:56+00:00,12,11:32,away,Moana Pasifika,72,51,1,,,,,,,,,,,,,,
super_rugby_2026_fijian_drua_vs_moana_pasifika_65866094.json,sr:sport_event:65866094,2026-02-14T03:35:00+00:00,Super Rugby,sr:competition:422,Super Rugby 2026,sr:season:137092,2026,league,regular season,1,Super Rugby Pacific 2026,Fijian Drua,sr:competitor:364712,FID,Moana Pasifika,sr:competitor:761406,MOA,,,,,"Playle, Marcus",,49,2270331818,ball_kicked,2026-02-14T03:50:06+00:00,12,11:42,away,Moana Pasifika,44,53,1,,,,,,,,,,,,,,
super_rugby_2026_fijian_drua_vs_moana_pasifika_65866094.json,sr:sport_event:65866094,2026-02-14T03:35:00+00:00,Super Rugby,sr:competition:422,Super Rugby 2026,sr:season:137092,2026,league,regular season,1,Super Rugby Pacific 2026,Fijian Drua,sr:competitor:364712,FID,Moana Pasifika,sr:competitor:761406,MOA,,,,,"Playle, Marcus",,50,2270331908,tap_and_go,2026-02-14T03:50:18+00:00,12,11:54,away,Moana Pasifika,60,55,1,,,,,,,,,,,,,,
super_rugby_2026_fijian_drua_vs_moana_pasifika_65866094.json,sr:sport_event:65866094,2026-02-14T03:35:00+00:00,Super Rugby,sr:competition:422,Super Rugby 2026,sr:season:137092,2026,league,regular season,1,Super Rugby Pacific 2026,Fijian Drua,sr:competitor:364712,FID,Moana Pasifika,sr:competitor:761406,MOA,,,,,"Playle, Marcus",,51,2270331970,line_out,2026-02-14T03:50:23+00:00,12,12:00,home,Fijian Drua,27,70,1,,,,,,,,,,,,,,
super_rugby_2026_fijian_drua_vs_moana_pasifika_65866094.json,sr:sport_event:65866094,2026-02-14T03:35:00+00:00,Super Rugby,sr:competition:422,Super Rugby 2026,sr:season:137092,2026,league,regular season,1,Super Rugby Pacific 2026,Fijian Drua,sr:competitor:364712,FID,Moana Pasifika,sr:competitor:761406,MOA,,,,,"Playle, Marcus",,52,2270332164,line_out_won,2026-02-14T03:50:54+00:00,13,12:30,away,Moana Pasifika,27,70,1,,,,,,,,,,,,,,
super_rugby_2026_fijian_drua_vs_moana_pasifika_65866094.json,sr:sport_event:65866094,2026-02-14T03:35:00+00:00,Super Rugby,sr:competition:422,Super Rugby 2026,sr:season:137092,2026,league,regular season,1,Super Rugby Pacific 2026,Fijian Drua,sr:competitor:364712,FID,Moana Pasifika,sr:competitor:761406,MOA,,,,,"Playle, Marcus",,53,2270332186,ball_recycled,2026-02-14T03:50:56+00:00,13,12:32,away,Moana Pasifika,21,51,1,,,,,,,,,,,,,,
super_rugby_2026_fijian_drua_vs_moana_pasifika_65866094.json,sr:sport_event:65866094,2026-02-14T03:35:00+00:00,Super Rugby,sr:competition:422,Super Rugby 2026,sr:season:137092,2026,league,regular season,1,Super Rugby Pacific 2026,Fijian Drua,sr:competitor:364712,FID,Moana Pasifika,sr:competitor:761406,MOA,,,,,"Playle, Marcus",,54,2270332338,ball_recycled,2026-02-14T03:51:20+00:00,13,12:56,away,Moana Pasifika,18,47,1,,,,,,,,,,,,,,
super_rugby_2026_fijian_drua_vs_moana_pasifika_65866094.json,sr:sport_event:65866094,2026-02-14T03:35:00+00:00,Super Rugby,sr:competition:422,Super Rugby 2026,sr:season:137092,2026,league,regular season,1,Super Rugby Pacific 2026,Fijian Drua,sr:competitor:364712,FID,Moana Pasifika,sr:competitor:761406,MOA,,,,,"Playle, Marcus",,55,2270332438,turnover,2026-02-14T03:51:39+00:00,14,13:15,home,Fijian Drua,17,54,1,,,,,,,,,,,,,,
super_rugby_2026_fijian_drua_vs_moana_pasifika_65866094.json,sr:sport_event:65866094,2026-02-14T03:35:00+00:00,Super Rugby,sr:competition:422,Super Rugby 2026,sr:season:137092,2026,league,regular season,1,Super Rugby Pacific 2026,Fijian Drua,sr:competitor:364712,FID,Moana Pasifika,sr:competitor:761406,MOA,,,,,"Playle, Marcus",,56,2270332444,ball_recycled,2026-02-14T03:51:41+00:00,14,13:18,home,Fijian Drua,17,54,1,,,,,,,,,,,,,,
super_rugby_2026_fijian_drua_vs_moana_pasifika_65866094.json,sr:sport_event:65866094,2026-02-14T03:35:00+00:00,Super Rugby,sr:competition:422,Super Rugby 2026,sr:season:137092,2026,league,regular season,1,Super Rugby Pacific 2026,Fijian Drua,sr:competitor:364712,FID,Moana Pasifika,sr:competitor:761406,MOA,,,,,"Playle, Marcus",,57,2270332482,ball_recycled,2026-02-14T03:51:50+00:00,14,13:27,home,Fijian Drua,19,30,1,,,,,,,,,,,,,,
super_rugby_2026_fijian_drua_vs_moana_pasifika_65866094.json,sr:sport_event:65866094,2026-02-14T03:35:00+00:00,Super Rugby,sr:competition:422,Super Rugby 2026,sr:season:137092,2026,league,regular season,1,Super Rugby Pacific 2026,Fijian Drua,sr:competitor:364712,FID,Moana Pasifika,sr:competitor:761406,MOA,,,,,"Playle, Marcus",,58,2270332496,ball_recycled,2026-02-14T03:51:54+00:00,14,13:30,home,Fijian Drua,21,23,1,,,,,,,,,,,,,,
super_rugby_2026_fijian_drua_vs_moana_pasifika_65866094.json,sr:sport_event:65866094,2026-02-14T03:35:00+00:00,Super Rugby,sr:competition:422,Super Rugby 2026,sr:season:137092,2026,league,regular season,1,Super Rugby Pacific 2026,Fijian Drua,sr:competitor:364712,FID,Moana Pasifika,sr:competitor:761406,MOA,,,,,"Playle, Marcus",,59,2270332524,ball_recycled,2026-02-14T03:51:59+00:00,14,13:35,home,Fijian Drua,37,19,1,,,,,,,,,,,,,,
super_rugby_2026_fijian_drua_vs_moana_pasifika_65866094.json,sr:sport_event:65866094,2026-02-14T03:35:00+00:00,Super Rugby,sr:competition:422,Super Rugby 2026,sr:season:137092,2026,league,regular season,1,Super Rugby Pacific 2026,Fijian Drua,sr:competitor:364712,FID,Moana Pasifika,sr:competitor:761406,MOA,,,,,"Playle, Marcus",,60,2270332556,penalty_awarded,2026-02-14T03:52:06+00:00,14,13:43,home,Fijian Drua,38,22,1,,,,,,,,,,,,,,
super_rugby_2026_fijian_drua_vs_moana_pasifika_65866094.json,sr:sport_event:65866094,2026-02-14T03:35:00+00:00,Super Rugby,sr:competition:422,Super Rugby 2026,sr:season:137092,2026,league,regular season,1,Super Rugby Pacific 2026,Fijian Drua,sr:competitor:364712,FID,Moana Pasifika,sr:competitor:761406,MOA,,,,,"Playle, Marcus",,61,2270332700,kick_to_touch,2026-02-14T03:52:31+00:00,15,14:07,home,Fijian Drua,38,22,1,,,,,,,,,,,,,,
super_rugby_2026_fijian_drua_vs_moana_pasifika_65866094.json,sr:sport_event:65866094,2026-02-14T03:35:00+00:00,Super Rugby,sr:competition:422,Super Rugby 2026,sr:season:137092,2026,league,regular season,1,Super Rugby Pacific 2026,Fijian Drua,sr:competitor:364712,FID,Moana Pasifika,sr:competitor:761406,MOA,,,,,"Playle, Marcus",,62,2270332716,line_out,2026-02-14T03:52:35+00:00,15,14:11,home,Fijian Drua,71,-1,1,,,,,,,,,,,,,,
super_rugby_2026_fijian_drua_vs_moana_pasifika_65866094.json,sr:sport_event:65866094,2026-02-14T03:35:00+00:00,Super Rugby,sr:competition:422,Super Rugby 2026,sr:season:137092,2026,league,regular season,1,Super Rugby Pacific 2026,Fijian Drua,sr:competitor:364712,FID,Moana Pasifika,sr:competitor:761406,MOA,,,,,"Playle, Marcus",,63,2270332768,line_out_won,2026-02-14T03:52:48+00:00,15,14:25,home,Fijian Drua,71,-1,1,,,,,,,,,,,,,,
super_rugby_2026_fijian_drua_vs_moana_pasifika_65866094.json,sr:sport_event:65866094,2026-02-14T03:35:00+00:00,Super Rugby,sr:competition:422,Super Rugby 2026,sr:season:137092,2026,league,regular season,1,Super Rugby Pacific 2026,Fijian Drua,sr:competitor:364712,FID,Moana Pasifika,sr:competitor:761406,MOA,,,,,"Playle, Marcus",,64,2270332790,ball_recycled,2026-02-14T03:52:54+00:00,15,14:30,home,Fijian Drua,63,39,1,,,,,,,,,,,,,,
super_rugby_2026_fijian_drua_vs_moana_pasifika_65866094.json,sr:sport_event:65866094,2026-02-14T03:35:00+00:00,Super Rugby,sr:competition:422,Super Rugby 2026,sr:season:137092,2026,league,regular season,1,Super Rugby Pacific 2026,Fijian Drua,sr:competitor:364712,FID,Moana Pasifika,sr:competitor:761406,MOA,,,,,"Playle, Marcus",,65,2270332856,scrum,2026-02-14T03:53:05+00:00,15,14:41,away,Moana Pasifika,67,24,1,,,,,,,,,,,,,,
super_rugby_2026_fijian_drua_vs_moana_pasifika_65866094.json,sr:sport_event:65866094,2026-02-14T03:35:00+00:00,Super Rugby,sr:competition:422,Super Rugby 2026,sr:season:137092,2026,league,regular season,1,Super Rugby Pacific 2026,Fijian Drua,sr:competitor:364712,FID,Moana Pasifika,sr:competitor:761406,MOA,,,,,"Playle, Marcus",,66,2270333110,scrum_won,2026-02-14T03:53:52+00:00,16,15:28,away,Moana Pasifika,67,24,1,,,,,,,,,,,,,,
super_rugby_2026_fijian_drua_vs_moana_pasifika_65866094.json,sr:sport_event:65866094,2026-02-14T03:35:00+00:00,Super Rugby,sr:competition:422,Super Rugby 2026,sr:season:137092,2026,league,regular season,1,Super Rugby Pacific 2026,Fijian Drua,sr:competitor:364712,FID,Moana Pasifika,sr:competitor:761406,MOA,,,,,"Playle, Marcus",,67,2270333168,line_out,2026-02-14T03:54:01+00:00,16,15:37,away,Moana Pasifika,19,0,1,,,,,,,,,,,,,,
super_rugby_2026_fijian_drua_vs_moana_pasifika_65866094.json,sr:sport_event:65866094,2026-02-14T03:35:00+00:00,Super Rugby,sr:competition:422,Super Rugby 2026,sr:season:137092,2026,league,regular season,1,Super Rugby Pacific 2026,Fijian Drua,sr:competitor:364712,FID,Moana Pasifika,sr:competitor:761406,MOA,,,,,"Playle, Marcus",,68,2270333352,line_out_won,2026-02-14T03:54:35+00:00,17,16:11,away,Moana Pasifika,19,0,1,,,,,,,,,,,,,,
super_rugby_2026_fijian_drua_vs_moana_pasifika_65866094.json,sr:sport_event:65866094,2026-02-14T03:35:00+00:00,Super Rugby,sr:competition:422,Super Rugby 2026,sr:season:137092,2026,league,regular season,1,Super Rugby Pacific 2026,Fijian Drua,sr:competitor:364712,FID,Moana Pasifika,sr:competitor:761406,MOA,,,,,"Playle, Marcus",,69,2270333418,score_change,2026-02-14T03:54:44+00:00,17,16:20,away,Moana Pasifika,1,24,1,,,0,19,try,,,sr:player:2537025,"Faiʻilagi, Miracle",,,,,"[{""id"": ""sr:player:2537025"", ""name"": ""Faiʻilagi, Miracle"", ""type"": ""scorer""}]"
super_rugby_2026_fijian_drua_vs_moana_pasifika_65866094.json,sr:sport_event:65866094,2026-02-14T03:35:00+00:00,Super Rugby,sr:competition:422,Super Rugby 2026,sr:season:137092,2026,league,regular season,1,Super Rugby Pacific 2026,Fijian Drua,sr:competitor:364712,FID,Moana Pasifika,sr:competitor:761406,MOA,,,,,"Playle, Marcus",,70,2270333734,score_change,2026-02-14T03:55:38+00:00,18,17:14,away,Moana Pasifika,21,34,1,,,0,21,conversion,,,sr:player:2650483,"Pellegrini, Patrick",,,,,"[{""id"": ""sr:player:2650483"", ""name"": ""Pellegrini, Patrick"", ""type"": ""scorer""}]"
super_rugby_2026_fijian_drua_vs_moana_pasifika_65866094.json,sr:sport_event:65866094,2026-02-14T03:35:00+00:00,Super Rugby,sr:competition:422,Super Rugby 2026,sr:season:137092,2026,league,regular season,1,Super Rugby Pacific 2026,Fijian Drua,sr:competitor:364712,FID,Moana Pasifika,sr:competitor:761406,MOA,,,,,"Playle, Marcus",,71,2270333876,ball_kicked,2026-02-14T03:56:07+00:00,18,17:43,home,Fijian Drua,81,55,1,,,,,,,,,,,,,,
super_rugby_2026_fijian_drua_vs_moana_pasifika_65866094.json,sr:sport_event:65866094,2026-02-14T03:35:00+00:00,Super Rugby,sr:competition:422,Super Rugby 2026,sr:season:137092,2026,league,regular season,1,Super Rugby Pacific 2026,Fijian Drua,sr:competitor:364712,FID,Moana Pasifika,sr:competitor:761406,MOA,,,,,"Playle, Marcus",,72,2270333928,ball_recycled,2026-02-14T03:56:15+00:00,18,17:52,away,Moana Pasifika,79,54,1,,,,,,,,,,,,,,
super_rugby_2026_fijian_drua_vs_moana_pasifika_65866094.json,sr:sport_event:65866094,2026-02-14T03:35:00+00:00,Super Rugby,sr:competition:422,Super Rugby 2026,sr:season:137092,2026,league,regular season,1,Super Rugby Pacific 2026,Fijian Drua,sr:competitor:364712,FID,Moana Pasifika,sr:competitor:761406,MOA,,,,,"Playle, Marcus",,73,2270333982,ball_kicked,2026-02-14T03:56:28+00:00,19,18:04,away,Moana Pasifika,43,53,1,,,,,,,,,,,,,,
super_rugby_2026_fijian_drua_vs_moana_pasifika_65866094.json,sr:sport_event:65866094,2026-02-14T03:35:00+00:00,Super Rugby,sr:competition:422,Super Rugby 2026,sr:season:137092,2026,league,regular season,1,Super Rugby Pacific 2026,Fijian Drua,sr:competitor:364712,FID,Moana Pasifika,sr:competitor:761406,MOA,,,,,"Playle, Marcus",,74,2270334042,ball_recycled,2026-02-14T03:56:39+00:00,19,18:15,home,Fijian Drua,48,28,1,,,,,,,,,,,,,,
super_rugby_2026_fijian_drua_vs_moana_pasifika_65866094.json,sr:sport_event:65866094,2026-02-14T03:35:00+00:00,Super Rugby,sr:competition:422,Super Rugby 2026,sr:season:137092,2026,league,regular season,1,Super Rugby Pacific 2026,Fijian Drua,sr:competitor:364712,FID,Moana Pasifika,sr:competitor:761406,MOA,,,,,"Playle, Marcus",,75,2270334088,ball_recycled,2026-02-14T03:56:49+00:00,19,18:25,home,Fijian Drua,46,36,1,,,,,,,,,,,,,,
super_rugby_2026_fijian_drua_vs_moana_pasifika_65866094.json,sr:sport_event:65866094,2026-02-14T03:35:00+00:00,Super Rugby,sr:competition:422,Super Rugby 2026,sr:season:137092,2026,league,regular season,1,Super Rugby Pacific 2026,Fijian Drua,sr:competitor:364712,FID,Moana Pasifika,sr:competitor:761406,MOA,,,,,"Playle, Marcus",,76,2270334124,ball_recycled,2026-02-14T03:57:01+00:00,19,18:37,home,Fijian Drua,48,37,1,,,,,,,,,,,,,,
super_rugby_2026_fijian_drua_vs_moana_pasifika_65866094.json,sr:sport_event:65866094,2026-02-14T03:35:00+00:00,Super Rugby,sr:competition:422,Super Rugby 2026,sr:season:137092,2026,league,regular season,1,Super Rugby Pacific 2026,Fijian Drua,sr:competitor:364712,FID,Moana Pasifika,sr:competitor:761406,MOA,,,,,"Playle, Marcus",,77,2270334196,ball_recycled,2026-02-14T03:57:16+00:00,19,18:52,home,Fijian Drua,63,32,1,,,,,,,,,,,,,,
super_rugby_2026_fijian_drua_vs_moana_pasifika_65866094.json,sr:sport_event:65866094,2026-02-14T03:35:00+00:00,Super Rugby,sr:competition:422,Super Rugby 2026,sr:season:137092,2026,league,regular season,1,Super Rugby Pacific 2026,Fijian Drua,sr:competitor:364712,FID,Moana Pasifika,sr:competitor:761406,MOA,,,,,"Playle, Marcus",,78,2270334238,ball_recycled,2026-02-14T03:57:25+00:00,20,19:02,home,Fijian Drua,71,51,1,,,,,,,,,,,,,,
super_rugby_2026_fijian_drua_vs_moana_pasifika_65866094.json,sr:sport_event:65866094,2026-02-14T03:35:00+00:00,Super Rugby,sr:competition:422,Super Rugby 2026,sr:season:137092,2026,league,regular season,1,Super Rugby Pacific 2026,Fijian Drua,sr:competitor:364712,FID,Moana Pasifika,sr:competitor:761406,MOA,,,,,"Playle, Marcus",,79,2270334268,ball_recycled,2026-02-14T03:57:34+00:00,20,19:10,home,Fijian Drua,71,37,1,,,,,,,,,,,,,,
super_rugby_2026_fijian_drua_vs_moana_pasifika_65866094.json,sr:sport_event:65866094,2026-02-14T03:35:00+00:00,Super Rugby,sr:competition:422,Super Rugby 2026,sr:season:137092,2026,league,regular season,1,Super Rugby Pacific 2026,Fijian Drua,sr:competitor:364712,FID,Moana Pasifika,sr:competitor:761406,MOA,,,,,"Playle, Marcus",,80,2270334308,ball_recycled,2026-02-14T03:57:42+00:00,20,19:18,home,Fijian Drua,89,57,1,,,,,,,,,,,,,,
super_rugby_2026_fijian_drua_vs_moana_pasifika_65866094.json,sr:sport_event:65866094,2026-02-14T03:35:00+00:00,Super Rugby,sr:competition:422,Super Rugby 2026,sr:season:137092,2026,league,regular season,1,Super Rugby Pacific 2026,Fijian Drua,sr:competitor:364712,FID,Moana Pasifika,sr:competitor:761406,MOA,,,,,"Playle, Marcus",,81,2270334350,ball_recycled,2026-02-14T03:57:48+00:00,20,19:24,home,Fijian Drua,89,45,1,,,,,,,,,,,,,,
super_rugby_2026_fijian_drua_vs_moana_pasifika_65866094.json,sr:sport_event:65866094,2026-02-14T03:35:00+00:00,Super Rugby,sr:competition:422,Super Rugby 2026,sr:season:137092,2026,league,regular season,1,Super Rugby Pacific 2026,Fijian Drua,sr:competitor:364712,FID,Moana Pasifika,sr:competitor:761406,MOA,,,,,"Playle, Marcus",,82,2270334370,ball_recycled,2026-02-14T03:57:53+00:00,20,19:29,home,Fijian Drua,89,52,1,,,,,,,,,,,,,,
super_rugby_2026_fijian_drua_vs_moana_pasifika_65866094.json,sr:sport_event:65866094,2026-02-14T03:35:00+00:00,Super Rugby,sr:competition:422,Super Rugby 2026,sr:season:137092,2026,league,regular season,1,Super Rugby Pacific 2026,Fijian Drua,sr:competitor:364712,FID,Moana Pasifika,sr:competitor:761406,MOA,,,,,"Playle, Marcus",,83,2270334386,ball_recycled,2026-02-14T03:57:57+00:00,20,19:33,home,Fijian Drua,89,52,1,,,,,,,,,,,,,,
super_rugby_2026_fijian_drua_vs_moana_pasifika_65866094.json,sr:sport_event:65866094,2026-02-14T03:35:00+00:00,Super Rugby,sr:competition:422,Super Rugby 2026,sr:season:137092,2026,league,regular season,1,Super Rugby Pacific 2026,Fijian Drua,sr:competitor:364712,FID,Moana Pasifika,sr:competitor:761406,MOA,,,,,"Playle, Marcus",,84,2270334434,ball_recycled,2026-02-14T03:58:06+00:00,20,19:42,home,Fijian Drua,91,48,1,,,,,,,,,,,,,,
super_rugby_2026_fijian_drua_vs_moana_pasifika_65866094.json,sr:sport_event:65866094,2026-02-14T03:35:00+00:00,Super Rugby,sr:competition:422,Super Rugby 2026,sr:season:137092,2026,league,regular season,1,Super Rugby Pacific 2026,Fijian Drua,sr:competitor:364712,FID,Moana Pasifika,sr:competitor:761406,MOA,,,,,"Playle, Marcus",,85,2270334486,ball_recycled,2026-02-14T03:58:13+00:00,20,19:49,home,Fijian Drua,89,33,1,,,,,,,,,,,,,,
super_rugby_2026_fijian_drua_vs_moana_pasifika_65866094.json,sr:sport_event:65866094,2026-02-14T03:35:00+00:00,Super Rugby,sr:competition:422,Super Rugby 2026,sr:season:137092,2026,league,regular season,1,Super Rugby Pacific 2026,Fijian Drua,sr:competitor:364712,FID,Moana Pasifika,sr:competitor:761406,MOA,,,,,"Playle, Marcus",,86,2270334608,ball_recycled,2026-02-14T03:58:22+00:00,20,19:58,home,Fijian Drua,88,20,1,,,,,,,,,,,,,,
super_rugby_2026_fijian_drua_vs_moana_pasifika_65866094.json,sr:sport_event:65866094,2026-02-14T03:35:00+00:00,Super Rugby,sr:competition:422,Super Rugby 2026,sr:season:137092,2026,league,regular season,1,Super Rugby Pacific 2026,Fijian Drua,sr:competitor:364712,FID,Moana Pasifika,sr:competitor:761406,MOA,,,,,"Playle, Marcus",,87,2270334620,turnover,2026-02-14T03:58:27+00:00,21,20:03,away,Moana Pasifika,87,29,1,,,,,,,,,,,,,,
super_rugby_2026_fijian_drua_vs_moana_pasifika_65866094.json,sr:sport_event:65866094,2026-02-14T03:35:00+00:00,Super Rugby,sr:competition:422,Super Rugby 2026,sr:season:137092,2026,league,regular season,1,Super Rugby Pacific 2026,Fijian Drua,sr:competitor:364712,FID,Moana Pasifika,sr:competitor:761406,MOA,,,,,"Playle, Marcus",,88,2270334642,turnover,2026-02-14T03:58:34+00:00,21,20:10,home,Fijian Drua,70,46,1,,,,,,,,,,,,,,
super_rugby_2026_fijian_drua_vs_moana_pasifika_65866094.json,sr:sport_event:65866094,2026-02-14T03:35:00+00:00,Super Rugby,sr:competition:422,Super Rugby 2026,sr:season:137092,2026,league,regular season,1,Super Rugby Pacific 2026,Fijian Drua,sr:competitor:364712,FID,Moana Pasifika,sr:competitor:761406,MOA,,,,,"Playle, Marcus",,89,2270334678,ball_recycled,2026-02-14T03:58:42+00:00,21,20:18,home,Fijian Drua,72,55,1,,,,,,,,,,,,,,
super_rugby_2026_fijian_drua_vs_moana_pasifika_65866094.json,sr:sport_event:65866094,2026-02-14T03:35:00+00:00,Super Rugby,sr:competition:422,Super Rugby 2026,sr:season:137092,2026,league,regular season,1,Super Rugby Pacific 2026,Fijian Drua,sr:competitor:364712,FID,Moana Pasifika,sr:competitor:761406,MOA,,,,,"Playle, Marcus",,90,2270334686,turnover,2026-02-14T03:58:44+00:00,21,20:20,away,Moana Pasifika,80,55,1,,,,,,,,,,,,,,
super_rugby_2026_fijian_drua_vs_moana_pasifika_65866094.json,sr:sport_event:65866094,2026-02-14T03:35:00+00:00,Super Rugby,sr:competition:422,Super Rugby 2026,sr:season:137092,2026,league,regular season,1,Super Rugby Pacific 2026,Fijian Drua,sr:competitor:364712,FID,Moana Pasifika,sr:competitor:761406,MOA,,,,,"Playle, Marcus",,91,2270335774,scrum,2026-02-14T04:01:52+00:00,22,21:28,home,Fijian Drua,79,55,1,,,,,,,,,,,,,,
super_rugby_2026_fijian_drua_vs_moana_pasifika_65866094.json,sr:sport_event:65866094,2026-02-14T03:35:00+00:00,Super Rugby,sr:competition:422,Super Rugby 2026,sr:season:137092,2026,league,regular season,1,Super Rugby Pacific 2026,Fijian Drua,sr:competitor:364712,FID,Moana Pasifika,sr:competitor:761406,MOA,,,,,"Playle, Marcus",,92,2270335826,scrum_won,2026-02-14T04:02:04+00:00,22,21:30,home,Fijian Drua,79,55,1,,,,,,,,,,,,,,
super_rugby_2026_fijian_drua_vs_moana_pasifika_65866094.json,sr:sport_event:65866094,2026-02-14T03:35:00+00:00,Super Rugby,sr:competition:422,Super Rugby 2026,sr:season:137092,2026,league,regular season,1,Super Rugby Pacific 2026,Fijian Drua,sr:competitor:364712,FID,Moana Pasifika,sr:competitor:761406,MOA,,,,,"Playle, Marcus",,93,2270335884,ball_recycled,2026-02-14T04:02:15+00:00,22,21:42,home,Fijian Drua,33,37,1,,,,,,,,,,,,,,
super_rugby_2026_fijian_drua_vs_moana_pasifika_65866094.json,sr:sport_event:65866094,2026-02-14T03:35:00+00:00,Super Rugby,sr:competition:422,Super Rugby 2026,sr:season:137092,2026,league,regular season,1,Super Rugby Pacific 2026,Fijian Drua,sr:competitor:364712,FID,Moana Pasifika,sr:competitor:761406,MOA,,,,,"Playle, Marcus",,94,2270335960,ball_kicked,2026-02-14T04:02:34+00:00,22,21:49,home,Fijian Drua,35,51,1,,,,,,,,,,,,,,
super_rugby_2026_fijian_drua_vs_moana_pasifika_65866094.json,sr:sport_event:65866094,2026-02-14T03:35:00+00:00,Super Rugby,sr:competition:422,Super Rugby 2026,sr:season:137092,2026,league,regular season,1,Super Rugby Pacific 2026,Fijian Drua,sr:competitor:364712,FID,Moana Pasifika,sr:competitor:761406,MOA,,,,,"Playle, Marcus",,95,2270336002,ball_recycled,2026-02-14T04:02:39+00:00,22,21:54,home,Fijian Drua,34,44,1,,,,,,,,,,,,,,
super_rugby_2026_fijian_drua_vs_moana_pasifika_65866094.json,sr:sport_event:65866094,2026-02-14T03:35:00+00:00,Super Rugby,sr:competition:422,Super Rugby 2026,sr:season:137092,2026,league,regular season,1,Super Rugby Pacific 2026,Fijian Drua,sr:competitor:364712,FID,Moana Pasifika,sr:competitor:761406,MOA,,,,,"Playle, Marcus",,96,2270336092,ball_recycled,2026-02-14T04:02:54+00:00,23,22:09,home,Fijian Drua,87,19,1,,,,,,,,,,,,,,
super_rugby_2026_fijian_drua_vs_moana_pasifika_65866094.json,sr:sport_event:65866094,2026-02-14T03:35:00+00:00,Super Rugby,sr:competition:422,Super Rugby 2026,sr:season:137092,2026,league,regular season,1,Super Rugby Pacific 2026,Fijian Drua,sr:competitor:364712,FID,Moana Pasifika,sr:competitor:761406,MOA,,,,,"Playle, Marcus",,97,2270336144,ball_recycled,2026-02-14T04:03:02+00:00,23,22:18,home,Fijian Drua,91,23,1,,,,,,,,,,,,,,
super_rugby_2026_fijian_drua_vs_moana_pasifika_65866094.json,sr:sport_event:65866094,2026-02-14T03:35:00+00:00,Super Rugby,sr:competition:422,Super Rugby 2026,sr:season:137092,2026,league,regular season,1,Super Rugby Pacific 2026,Fijian Drua,sr:competitor:364712,FID,Moana Pasifika,sr:competitor:761406,MOA,,,,,"Playle, Marcus",,98,2270336190,score_change,2026-02-14T04:03:12+00:00,23,22:27,home,Fijian Drua,109,48,1,,,5,21,try,,,sr:player:2092936,"Samusamuvodre, Tuidraki",,,,,"[{""id"": ""sr:player:2092936"", ""name"": ""Samusamuvodre, Tuidraki"", ""type"": ""scorer""}]"
super_rugby_2026_fijian_drua_vs_moana_pasifika_65866094.json,sr:sport_event:65866094,2026-02-14T03:35:00+00:00,Super Rugby,sr:competition:422,Super Rugby 2026,sr:season:137092,2026,league,regular season,1,Super Rugby Pacific 2026,Fijian Drua,sr:competitor:364712,FID,Moana Pasifika,sr:competitor:761406,MOA,,,,,"Playle, Marcus",,99,2270336520,score_change,2026-02-14T04:04:05+00:00,24,23:20,home,Fijian Drua,88,45,1,,,7,21,conversion,,,sr:player:2573405,"Valetini, Kemu",,,,,"[{""id"": ""sr:player:2573405"", ""name"": ""Valetini, Kemu"", ""type"": ""scorer""}]"
super_rugby_2026_fijian_drua_vs_moana_pasifika_65866094.json,sr:sport_event:65866094,2026-02-14T03:35:00+00:00,Super Rugby,sr:competition:422,Super Rugby 2026,sr:season:137092,2026,league,regular season,1,Super Rugby Pacific 2026,Fijian Drua,sr:competitor:364712,FID,Moana Pasifika,sr:competitor:761406,MOA,,,,,"Playle, Marcus",,100,2270336718,ball_kicked,2026-02-14T04:04:47+00:00,25,24:02,away,Moana Pasifika,26,57,1,,,,,,,,,,,,,,
super_rugby_2026_fijian_drua_vs_moana_pasifika_65866094.json,sr:sport_event:65866094,2026-02-14T03:35:00+00:00,Super Rugby,sr:competition:422,Super Rugby 2026,sr:season:137092,2026,league,regular season,1,Super Rugby Pacific 2026,Fijian Drua,sr:competitor:364712,FID,Moana Pasifika,sr:competitor:761406,MOA,,,,,"Playle, Marcus",,101,2270336760,ball_recycled,2026-02-14T04:04:50+00:00,25,24:05,home,Fijian Drua,25,47,1,,,,,,,,,,,,,,
super_rugby_2026_fijian_drua_vs_moana_pasifika_65866094.json,sr:sport_event:65866094,2026-02-14T03:35:00+00:00,Super Rugby,sr:competition:422,Super Rugby 2026,sr:season:137092,2026,league,regular season,1,Super Rugby Pacific 2026,Fijian Drua,sr:competitor:364712,FID,Moana Pasifika,sr:competitor:761406,MOA,,,,,"Playle, Marcus",,102,2270336868,line_out,2026-02-14T04:05:07+00:00,25,24:23,away,Moana Pasifika,44,71,1,,,,,,,,,,,,,,
super_rugby_2026_fijian_drua_vs_moana_pasifika_65866094.json,sr:sport_event:65866094,2026-02-14T03:35:00+00:00,Super Rugby,sr:competition:422,Super Rugby 2026,sr:season:137092,2026,league,regular season,1,Super Rugby Pacific 2026,Fijian Drua,sr:competitor:364712,FID,Moana Pasifika,sr:competitor:761406,MOA,,,,,"Playle, Marcus",,103,2270337094,line_out_won,2026-02-14T04:05:35+00:00,25,24:50,away,Moana Pasifika,44,71,1,,,,,,,,,,,,,,
super_rugby_2026_fijian_drua_vs_moana_pasifika_65866094.json,sr:sport_event:65866094,2026-02-14T03:35:00+00:00,Super Rugby,sr:competition:422,Super Rugby 2026,sr:season:137092,2026,league,regular season,1,Super Rugby Pacific 2026,Fijian Drua,sr:competitor:364712,FID,Moana Pasifika,sr:competitor:761406,MOA,,,,,"Playle, Marcus",,104,2270337116,ball_recycled,2026-02-14T04:05:38+00:00,25,24:53,away,Moana Pasifika,47,54,1,,,,,,,,,,,,,,
super_rugby_2026_fijian_drua_vs_moana_pasifika_65866094.json,sr:sport_event:65866094,2026-02-14T03:35:00+00:00,Super Rugby,sr:competition:422,Super Rugby 2026,sr:season:137092,2026,league,regular season,1,Super Rugby Pacific 2026,Fijian Drua,sr:competitor:364712,FID,Moana Pasifika,sr:competitor:761406,MOA,,,,,"Playle, Marcus",,105,2270337170,penalty_awarded,2026-02-14T04:05:47+00:00,26,25:02,away,Moana Pasifika,44,58,1,,,,,,,,,,,,,,
super_rugby_2026_fijian_drua_vs_moana_pasifika_65866094.json,sr:sport_event:65866094,2026-02-14T03:35:00+00:00,Super Rugby,sr:competition:422,Super Rugby 2026,sr:season:137092,2026,league,regular season,1,Super Rugby Pacific 2026,Fijian Drua,sr:competitor:364712,FID,Moana Pasifika,sr:competitor:761406,MOA,,,,,"Playle, Marcus",,106,2270337304,kick_to_touch,2026-02-14T04:06:04+00:00,26,25:19,away,Moana Pasifika,44,58,1,,,,,,,,,,,,,,
super_rugby_2026_fijian_drua_vs_moana_pasifika_65866094.json,sr:sport_event:65866094,2026-02-14T03:35:00+00:00,Super Rugby,sr:competition:422,Super Rugby 2026,sr:season:137092,2026,league,regular season,1,Super Rugby Pacific 2026,Fijian Drua,sr:competitor:364712,FID,Moana Pasifika,sr:competitor:761406,MOA,,,,,"Playle, Marcus",,107,2270337324,line_out,2026-02-14T04:06:07+00:00,26,25:22,away,Moana Pasifika,17,70,1,,,,,,,,,,,,,,
super_rugby_2026_fijian_drua_vs_moana_pasifika_65866094.json,sr:sport_event:65866094,2026-02-14T03:35:00+00:00,Super Rugby,sr:competition:422,Super Rugby 2026,sr:season:137092,2026,league,regular season,1,Super Rugby Pacific 2026,Fijian Drua,sr:competitor:364712,FID,Moana Pasifika,sr:competitor:761406,MOA,,,,,"Playle, Marcus",,108,2270337542,line_out_won,2026-02-14T04:06:32+00:00,26,25:47,away,Moana Pasifika,22,51,1,,,,,,,,,,,,,,
super_rugby_2026_fijian_drua_vs_moana_pasifika_65866094.json,sr:sport_event:65866094,2026-02-14T03:35:00+00:00,Super Rugby,sr:competition:422,Super Rugby 2026,sr:season:137092,2026,league,regular season,1,Super Rugby Pacific 2026,Fijian Drua,sr:competitor:364712,FID,Moana Pasifika,sr:competitor:761406,MOA,,,,,"Playle, Marcus",,109,2270337574,ball_recycled,2026-02-14T04:06:36+00:00,26,25:51,away,Moana Pasifika,22,44,1,,,,,,,,,,,,,,
super_rugby_2026_fijian_drua_vs_moana_pasifika_65866094.json,sr:sport_event:65866094,2026-02-14T03:35:00+00:00,Super Rugby,sr:competition:422,Super Rugby 2026,sr:season:137092,2026,league,regular season,1,Super Rugby Pacific 2026,Fijian Drua,sr:competitor:364712,FID,Moana Pasifika,sr:competitor:761406,MOA,,,,,"Playle, Marcus",,110,2270337728,ball_recycled,2026-02-14T04:06:55+00:00,27,26:10,away,Moana Pasifika,17,46,1,,,,,,,,,,,,,,
super_rugby_2026_fijian_drua_vs_moana_pasifika_65866094.json,sr:sport_event:65866094,2026-02-14T03:35:00+00:00,Super Rugby,sr:competition:422,Super Rugby 2026,sr:season:137092,2026,league,regular season,1,Super Rugby Pacific 2026,Fijian Drua,sr:competitor:364712,FID,Moana Pasifika,sr:competitor:761406,MOA,,,,,"Playle, Marcus",,111,2270337774,ball_recycled,2026-02-14T04:07:02+00:00,27,26:17,away,Moana Pasifika,19,27,1,,,,,,,,,,,,,,
super_rugby_2026_fijian_drua_vs_moana_pasifika_65866094.json,sr:sport_event:65866094,2026-02-14T03:35:00+00:00,Super Rugby,sr:competition:422,Super Rugby 2026,sr:season:137092,2026,league,regular season,1,Super Rugby Pacific 2026,Fijian Drua,sr:competitor:364712,FID,Moana Pasifika,sr:competitor:761406,MOA,,,,,"Playle, Marcus",,112,2270337894,ball_recycled,2026-02-14T04:07:21+00:00,27,26:36,away,Moana Pasifika,18,47,1,,,,,,,,,,,,,,
super_rugby_2026_fijian_drua_vs_moana_pasifika_65866094.json,sr:sport_event:65866094,2026-02-14T03:35:00+00:00,Super Rugby,sr:competition:422,Super Rugby 2026,sr:season:137092,2026,league,regular season,1,Super Rugby Pacific 2026,Fijian Drua,sr:competitor:364712,FID,Moana Pasifika,sr:competitor:761406,MOA,,,,,"Playle, Marcus",,113,2270338106,penalty_awarded,2026-02-14T04:08:01+00:00,28,27:17,away,Moana Pasifika,18,47,1,,,,,,,,,,,,,,
super_rugby_2026_fijian_drua_vs_moana_pasifika_65866094.json,sr:sport_event:65866094,2026-02-14T03:35:00+00:00,Super Rugby,sr:competition:422,Super Rugby 2026,sr:season:137092,2026,league,regular season,1,Super Rugby Pacific 2026,Fijian Drua,sr:competitor:364712,FID,Moana Pasifika,sr:competitor:761406,MOA,,,,,"Playle, Marcus",,114,2270338110,scrum,2026-02-14T04:08:02+00:00,28,27:18,away,Moana Pasifika,18,47,1,,,,,,,,,,,,,,
super_rugby_2026_fijian_drua_vs_moana_pasifika_65866094.json,sr:sport_event:65866094,2026-02-14T03:35:00+00:00,Super Rugby,sr:competition:422,Super Rugby 2026,sr:season:137092,2026,league,regular season,1,Super Rugby Pacific 2026,Fijian Drua,sr:competitor:364712,FID,Moana Pasifika,sr:competitor:761406,MOA,,,,,"Playle, Marcus",,115,2270338384,scrum_reset,2026-02-14T04:08:51+00:00,29,28:07,away,Moana Pasifika,18,47,1,,,,,,,,,,,,,,
super_rugby_2026_fijian_drua_vs_moana_pasifika_65866094.json,sr:sport_event:65866094,2026-02-14T03:35:00+00:00,Super Rugby,sr:competition:422,Super Rugby 2026,sr:season:137092,2026,league,regular season,1,Super Rugby Pacific 2026,Fijian Drua,sr:competitor:364712,FID,Moana Pasifika,sr:competitor:761406,MOA,,,,,"Playle, Marcus",,116,2270338662,scrum_won,2026-02-14T04:09:34+00:00,29,28:50,away,Moana Pasifika,18,47,1,,,,,,,,,,,,,,
super_rugby_2026_fijian_drua_vs_moana_pasifika_65866094.json,sr:sport_event:65866094,2026-02-14T03:35:00+00:00,Super Rugby,sr:competition:422,Super Rugby 2026,sr:season:137092,2026,league,regular season,1,Super Rugby Pacific 2026,Fijian Drua,sr:competitor:364712,FID,Moana Pasifika,sr:competitor:761406,MOA,,,,,"Playle, Marcus",,117,2270338718,scrum,2026-02-14T04:09:42+00:00,29,28:58,away,Moana Pasifika,18,46,1,,,,,,,,,,,,,,
super_rugby_2026_fijian_drua_vs_moana_pasifika_65866094.json,sr:sport_event:65866094,2026-02-14T03:35:00+00:00,Super Rugby,sr:competition:422,Super Rugby 2026,sr:season:137092,2026,league,regular season,1,Super Rugby Pacific 2026,Fijian Drua,sr:competitor:364712,FID,Moana Pasifika,sr:competitor:761406,MOA,,,,,"Playle, Marcus",,118,2270339010,scrum_won,2026-02-14T04:10:27+00:00,30,29:43,away,Moana Pasifika,18,46,1,,,,,,,,,,,,,,
super_rugby_2026_fijian_drua_vs_moana_pasifika_65866094.json,sr:sport_event:65866094,2026-02-14T03:35:00+00:00,Super Rugby,sr:competition:422,Super Rugby 2026,sr:season:137092,2026,league,regular season,1,Super Rugby Pacific 2026,Fijian Drua,sr:competitor:364712,FID,Moana Pasifika,sr:competitor:761406,MOA,,,,,"Playle, Marcus",,119,2270339314,yellow_card,2026-02-14T04:11:09+00:00,30,29:53,home,Fijian Drua,,,1,,,,,,sr:player:2770191,"Vocevoce, Mesake",,,,,,,
super_rugby_2026_fijian_drua_vs_moana_pasifika_65866094.json,sr:sport_event:65866094,2026-02-14T03:35:00+00:00,Super Rugby,sr:competition:422,Super Rugby 2026,sr:season:137092,2026,league,regular season,1,Super Rugby Pacific 2026,Fijian Drua,sr:competitor:364712,FID,Moana Pasifika,sr:competitor:761406,MOA,,,,,"Playle, Marcus",,120,2270339706,scrum,2026-02-14T04:12:06+00:00,31,30:16,away,Moana Pasifika,15,48,1,,,,,,,,,,,,,,
super_rugby_2026_fijian_drua_vs_moana_pasifika_65866094.json,sr:sport_event:65866094,2026-02-14T03:35:00+00:00,Super Rugby,sr:competition:422,Super Rugby 2026,sr:season:137092,2026,league,regular season,1,Super Rugby Pacific 2026,Fijian Drua,sr:competitor:364712,FID,Moana Pasifika,sr:competitor:761406,MOA,,,,,"Playle, Marcus",,121,2270339856,scrum_won,2026-02-14T04:12:28+00:00,31,30:38,away,Moana Pasifika,15,48,1,,,,,,,,,,,,,,
super_rugby_2026_fijian_drua_vs_moana_pasifika_65866094.json,sr:sport_event:65866094,2026-02-14T03:35:00+00:00,Super Rugby,sr:competition:422,Super Rugby 2026,sr:season:137092,2026,league,regular season,1,Super Rugby Pacific 2026,Fijian Drua,sr:competitor:364712,FID,Moana Pasifika,sr:competitor:761406,MOA,,,,,"Playle, Marcus",,122,2270339910,score_change,2026-02-14T04:12:37+00:00,31,30:47,away,Moana Pasifika,1,16,1,,,7,26,try,,,sr:player:2943129,"Ofa, Tevita",,,,,"[{""id"": ""sr:player:2943129"", ""name"": ""Ofa, Tevita"", ""type"": ""scorer""}]"
super_rugby_2026_fijian_drua_vs_moana_pasifika_65866094.json,sr:sport_event:65866094,2026-02-14T03:35:00+00:00,Super Rugby,sr:competition:422,Super Rugby 2026,sr:season:137092,2026,league,regular season,1,Super Rugby Pacific 2026,Fijian Drua,sr:competitor:364712,FID,Moana Pasifika,sr:competitor:761406,MOA,,,,,"Playle, Marcus",,123,2270340388,score_change,2026-02-14T04:13:41+00:00,32,31:51,away,Moana Pasifika,25,16,1,,,7,28,conversion,,,sr:player:2650483,"Pellegrini, Patrick",,,,,"[{""id"": ""sr:player:2650483"", ""name"": ""Pellegrini, Patrick"", ""type"": ""scorer""}]"
super_rugby_2026_fijian_drua_vs_moana_pasifika_65866094.json,sr:sport_event:65866094,2026-02-14T03:35:00+00:00,Super Rugby,sr:competition:422,Super Rugby 2026,sr:season:137092,2026,league,regular season,1,Super Rugby Pacific 2026,Fijian Drua,sr:competitor:364712,FID,Moana Pasifika,sr:competitor:761406,MOA,,,,,"Playle, Marcus",,124,2270340758,ball_kicked,2026-02-14T04:14:13+00:00,33,32:23,home,Fijian Drua,72,54,1,,,,,,,,,,,,,,
super_rugby_2026_fijian_drua_vs_moana_pasifika_65866094.json,sr:sport_event:65866094,2026-02-14T03:35:00+00:00,Super Rugby,sr:competition:422,Super Rugby 2026,sr:season:137092,2026,league,regular season,1,Super Rugby Pacific 2026,Fijian Drua,sr:competitor:364712,FID,Moana Pasifika,sr:competitor:761406,MOA,,,,,"Playle, Marcus",,125,2270340958,line_out,2026-02-14T04:14:37+00:00,33,32:47,home,Fijian Drua,58,72,1,,,,,,,,,,,,,,
super_rugby_2026_fijian_drua_vs_moana_pasifika_65866094.json,sr:sport_event:65866094,2026-02-14T03:35:00+00:00,Super Rugby,sr:competition:422,Super Rugby 2026,sr:season:137092,2026,league,regular season,1,Super Rugby Pacific 2026,Fijian Drua,sr:competitor:364712,FID,Moana Pasifika,sr:competitor:761406,MOA,,,,,"Playle, Marcus",,126,2270341264,line_out_won,2026-02-14T04:15:15+00:00,34,33:25,home,Fijian Drua,58,72,1,,,,,,,,,,,,,,
super_rugby_2026_fijian_drua_vs_moana_pasifika_65866094.json,sr:sport_event:65866094,2026-02-14T03:35:00+00:00,Super Rugby,sr:competition:422,Super Rugby 2026,sr:season:137092,2026,league,regular season,1,Super Rugby Pacific 2026,Fijian Drua,sr:competitor:364712,FID,Moana Pasifika,sr:competitor:761406,MOA,,,,,"Playle, Marcus",,127,2270341316,ball_recycled,2026-02-14T04:15:21+00:00,34,33:31,home,Fijian Drua,60,52,1,,,,,,,,,,,,,,
super_rugby_2026_fijian_drua_vs_moana_pasifika_65866094.json,sr:sport_event:65866094,2026-02-14T03:35:00+00:00,Super Rugby,sr:competition:422,Super Rugby 2026,sr:season:137092,2026,league,regular season,1,Super Rugby Pacific 2026,Fijian Drua,sr:competitor:364712,FID,Moana Pasifika,sr:competitor:761406,MOA,,,,,"Playle, Marcus",,128,2270341332,ball_kicked,2026-02-14T04:15:27+00:00,34,33:37,home,Fijian Drua,72,29,1,,,,,,,,,,,,,,
super_rugby_2026_fijian_drua_vs_moana_pasifika_65866094.json,sr:sport_event:65866094,2026-02-14T03:35:00+00:00,Super Rugby,sr:competition:422,Super Rugby 2026,sr:season:137092,2026,league,regular season,1,Super Rugby Pacific 2026,Fijian Drua,sr:competitor:364712,FID,Moana Pasifika,sr:competitor:761406,MOA,,,,,"Playle, Marcus",,129,2270341382,line_out,2026-02-14T04:15:33+00:00,34,33:43,home,Fijian Drua,39,0,1,,,,,,,,,,,,,,
super_rugby_2026_fijian_drua_vs_moana_pasifika_65866094.json,sr:sport_event:65866094,2026-02-14T03:35:00+00:00,Super Rugby,sr:competition:422,Super Rugby 2026,sr:season:137092,2026,league,regular season,1,Super Rugby Pacific 2026,Fijian Drua,sr:competitor:364712,FID,Moana Pasifika,sr:competitor:761406,MOA,,,,,"Playle, Marcus",,130,2270341662,line_out_won,2026-02-14T04:16:15+00:00,35,34:25,home,Fijian Drua,39,0,1,,,,,,,,,,,,,,
super_rugby_2026_fijian_drua_vs_moana_pasifika_65866094.json,sr:sport_event:65866094,2026-02-14T03:35:00+00:00,Super Rugby,sr:competition:422,Super Rugby 2026,sr:season:137092,2026,league,regular season,1,Super Rugby Pacific 2026,Fijian Drua,sr:competitor:364712,FID,Moana Pasifika,sr:competitor:761406,MOA,,,,,"Playle, Marcus",,131,2270341688,ball_recycled,2026-02-14T04:16:19+00:00,35,34:29,home,Fijian Drua,50,37,1,,,,,,,,,,,,,,
super_rugby_2026_fijian_drua_vs_moana_pasifika_65866094.json,sr:sport_event:65866094,2026-02-14T03:35:00+00:00,Super Rugby,sr:competition:422,Super Rugby 2026,sr:season:137092,2026,league,regular season,1,Super Rugby Pacific 2026,Fijian Drua,sr:competitor:364712,FID,Moana Pasifika,sr:competitor:761406,MOA,,,,,"Playle, Marcus",,132,2270341738,ball_recycled,2026-02-14T04:16:26+00:00,35,34:36,home,Fijian Drua,68,23,1,,,,,,,,,,,,,,
super_rugby_2026_fijian_drua_vs_moana_pasifika_65866094.json,sr:sport_event:65866094,2026-02-14T03:35:00+00:00,Super Rugby,sr:competition:422,Super Rugby 2026,sr:season:137092,2026,league,regular season,1,Super Rugby Pacific 2026,Fijian Drua,sr:competitor:364712,FID,Moana Pasifika,sr:competitor:761406,MOA,,,,,"Playle, Marcus",,133,2270341790,ball_recycled,2026-02-14T04:16:33+00:00,35,34:43,home,Fijian Drua,70,32,1,,,,,,,,,,,,,,
super_rugby_2026_fijian_drua_vs_moana_pasifika_65866094.json,sr:sport_event:65866094,2026-02-14T03:35:00+00:00,Super Rugby,sr:competition:422,Super Rugby 2026,sr:season:137092,2026,league,regular season,1,Super Rugby Pacific 2026,Fijian Drua,sr:competitor:364712,FID,Moana Pasifika,sr:competitor:761406,MOA,,,,,"Playle, Marcus",,134,2270341846,ball_recycled,2026-02-14T04:16:41+00:00,35,34:51,home,Fijian Drua,64,45,1,,,,,,,,,,,,,,
super_rugby_2026_fijian_drua_vs_moana_pasifika_65866094.json,sr:sport_event:65866094,2026-02-14T03:35:00+00:00,Super Rugby,sr:competition:422,Super Rugby 2026,sr:season:137092,2026,league,regular season,1,Super Rugby Pacific 2026,Fijian Drua,sr:competitor:364712,FID,Moana Pasifika,sr:competitor:761406,MOA,,,,,"Playle, Marcus",,135,2270341894,ball_recycled,2026-02-14T04:16:50+00:00,35,35:00,home,Fijian Drua,64,36,1,,,,,,,,,,,,,,
super_rugby_2026_fijian_drua_vs_moana_pasifika_65866094.json,sr:sport_event:65866094,2026-02-14T03:35:00+00:00,Super Rugby,sr:competition:422,Super Rugby 2026,sr:season:137092,2026,league,regular season,1,Super Rugby Pacific 2026,Fijian Drua,sr:competitor:364712,FID,Moana Pasifika,sr:competitor:761406,MOA,,,,,"Playle, Marcus",,136,2270341956,ball_recycled,2026-02-14T04:17:01+00:00,36,35:11,home,Fijian Drua,63,55,1,,,,,,,,,,,,,,
super_rugby_2026_fijian_drua_vs_moana_pasifika_65866094.json,sr:sport_event:65866094,2026-02-14T03:35:00+00:00,Super Rugby,sr:competition:422,Super Rugby 2026,sr:season:137092,2026,league,regular season,1,Super Rugby Pacific 2026,Fijian Drua,sr:competitor:364712,FID,Moana Pasifika,sr:competitor:761406,MOA,,,,,"Playle, Marcus",,137,2270342048,substitution,2026-02-14T04:17:13+00:00,36,35:23,away,Moana Pasifika,,,1,,,,,,,,,,sr:player:2915105,"Tuipulotu, Tito",sr:player:2311797,"Pole, Abraham","[{""id"": ""sr:player:2915105"", ""name"": ""Tuipulotu, Tito"", ""type"": ""substituted_out""}, {""id"": ""sr:player:2311797"", ""name"": ""Pole, Abraham"", ""type"": ""substituted_in""}]"
super_rugby_2026_fijian_drua_vs_moana_pasifika_65866094.json,sr:sport_event:65866094,2026-02-14T03:35:00+00:00,Super Rugby,sr:competition:422,Super Rugby 2026,sr:season:137092,2026,league,regular season,1,Super Rugby Pacific 2026,Fijian Drua,sr:competitor:364712,FID,Moana Pasifika,sr:competitor:761406,MOA,,,,,"Playle, Marcus",,138,2270342056,substitution,2026-02-14T04:17:14+00:00,36,35:24,away,Moana Pasifika,,,1,,,,,,,,,,sr:player:2290199,"Apoua, Chris",sr:player:2945397,"Sae-Ta'ufo'ou, Feteleti","[{""id"": ""sr:player:2290199"", ""name"": ""Apoua, Chris"", ""type"": ""substituted_out""}, {""id"": ""sr:player:2945397"", ""name"": ""Sae-Ta'ufo'ou, Feteleti"", ""type"": ""substituted_in""}]"
super_rugby_2026_fijian_drua_vs_moana_pasifika_65866094.json,sr:sport_event:65866094,2026-02-14T03:35:00+00:00,Super Rugby,sr:competition:422,Super Rugby 2026,sr:season:137092,2026,league,regular season,1,Super Rugby Pacific 2026,Fijian Drua,sr:competitor:364712,FID,Moana Pasifika,sr:competitor:761406,MOA,,,,,"Playle, Marcus",,139,2270342066,ball_recycled,2026-02-14T04:17:15+00:00,36,35:25,home,Fijian Drua,62,34,1,,,,,,,,,,,,,,
super_rugby_2026_fijian_drua_vs_moana_pasifika_65866094.json,sr:sport_event:65866094,2026-02-14T03:35:00+00:00,Super Rugby,sr:competition:422,Super Rugby 2026,sr:season:137092,2026,league,regular season,1,Super Rugby Pacific 2026,Fijian Drua,sr:competitor:364712,FID,Moana Pasifika,sr:competitor:761406,MOA,,,,,"Playle, Marcus",,140,2270342174,ball_recycled,2026-02-14T04:17:35+00:00,36,35:44,home,Fijian Drua,64,50,1,,,,,,,,,,,,,,
super_rugby_2026_fijian_drua_vs_moana_pasifika_65866094.json,sr:sport_event:65866094,2026-02-14T03:35:00+00:00,Super Rugby,sr:competition:422,Super Rugby 2026,sr:season:137092,2026,league,regular season,1,Super Rugby Pacific 2026,Fijian Drua,sr:competitor:364712,FID,Moana Pasifika,sr:competitor:761406,MOA,,,,,"Playle, Marcus",,141,2270342270,penalty_awarded,2026-02-14T04:17:50+00:00,36,36:00,home,Fijian Drua,68,55,1,,,,,,,,,,,,,,
super_rugby_2026_fijian_drua_vs_moana_pasifika_65866094.json,sr:sport_event:65866094,2026-02-14T03:35:00+00:00,Super Rugby,sr:competition:422,Super Rugby 2026,sr:season:137092,2026,league,regular season,1,Super Rugby Pacific 2026,Fijian Drua,sr:competitor:364712,FID,Moana Pasifika,sr:competitor:761406,MOA,,,,,"Playle, Marcus",,142,2270342446,kick_to_touch,2026-02-14T04:18:09+00:00,37,36:19,home,Fijian Drua,68,55,1,,,,,,,,,,,,,,
super_rugby_2026_fijian_drua_vs_moana_pasifika_65866094.json,sr:sport_event:65866094,2026-02-14T03:35:00+00:00,Super Rugby,sr:competition:422,Super Rugby 2026,sr:season:137092,2026,league,regular season,1,Super Rugby Pacific 2026,Fijian Drua,sr:competitor:364712,FID,Moana Pasifika,sr:competitor:761406,MOA,,,,,"Playle, Marcus",,143,2270342520,line_out,2026-02-14T04:18:11+00:00,37,36:21,home,Fijian Drua,87,70,1,,,,,,,,,,,,,,
super_rugby_2026_fijian_drua_vs_moana_pasifika_65866094.json,sr:sport_event:65866094,2026-02-14T03:35:00+00:00,Super Rugby,sr:competition:422,Super Rugby 2026,sr:season:137092,2026,league,regular season,1,Super Rugby Pacific 2026,Fijian Drua,sr:competitor:364712,FID,Moana Pasifika,sr:competitor:761406,MOA,,,,,"Playle, Marcus",,144,2270342704,line_out_won,2026-02-14T04:18:30+00:00,37,36:40,away,Moana Pasifika,87,70,1,,,,,,,,,,,,,,
super_rugby_2026_fijian_drua_vs_moana_pasifika_65866094.json,sr:sport_event:65866094,2026-02-14T03:35:00+00:00,Super Rugby,sr:competition:422,Super Rugby 2026,sr:season:137092,2026,league,regular season,1,Super Rugby Pacific 2026,Fijian Drua,sr:competitor:364712,FID,Moana Pasifika,sr:competitor:761406,MOA,,,,,"Playle, Marcus",,145,2270342744,line_out,2026-02-14T04:18:43+00:00,37,36:53,home,Fijian Drua,47,72,1,,,,,,,,,,,,,,
super_rugby_2026_fijian_drua_vs_moana_pasifika_65866094.json,sr:sport_event:65866094,2026-02-14T03:35:00+00:00,Super Rugby,sr:competition:422,Super Rugby 2026,sr:season:137092,2026,league,regular season,1,Super Rugby Pacific 2026,Fijian Drua,sr:competitor:364712,FID,Moana Pasifika,sr:competitor:761406,MOA,,,,,"Playle, Marcus",,146,2270342910,line_out_won,2026-02-14T04:19:02+00:00,38,37:12,home,Fijian Drua,47,72,1,,,,,,,,,,,,,,
super_rugby_2026_fijian_drua_vs_moana_pasifika_65866094.json,sr:sport_event:65866094,2026-02-14T03:35:00+00:00,Super Rugby,sr:competition:422,Super Rugby 2026,sr:season:137092,2026,league,regular season,1,Super Rugby Pacific 2026,Fijian Drua,sr:competitor:364712,FID,Moana Pasifika,sr:competitor:761406,MOA,,,,,"Playle, Marcus",,147,2270342956,ball_recycled,2026-02-14T04:19:12+00:00,38,37:22,home,Fijian Drua,68,53,1,,,,,,,,,,,,,,
super_rugby_2026_fijian_drua_vs_moana_pasifika_65866094.json,sr:sport_event:65866094,2026-02-14T03:35:00+00:00,Super Rugby,sr:competition:422,Super Rugby 2026,sr:season:137092,2026,league,regular season,1,Super Rugby Pacific 2026,Fijian Drua,sr:competitor:364712,FID,Moana Pasifika,sr:competitor:761406,MOA,,,,,"Playle, Marcus",,148,2270343032,ball_recycled,2026-02-14T04:19:23+00:00,38,37:33,home,Fijian Drua,66,42,1,,,,,,,,,,,,,,
super_rugby_2026_fijian_drua_vs_moana_pasifika_65866094.json,sr:sport_event:65866094,2026-02-14T03:35:00+00:00,Super Rugby,sr:competition:422,Super Rugby 2026,sr:season:137092,2026,league,regular season,1,Super Rugby Pacific 2026,Fijian Drua,sr:competitor:364712,FID,Moana Pasifika,sr:competitor:761406,MOA,,,,,"Playle, Marcus",,149,2270343098,ball_recycled,2026-02-14T04:19:32+00:00,38,37:42,home,Fijian Drua,71,40,1,,,,,,,,,,,,,,
super_rugby_2026_fijian_drua_vs_moana_pasifika_65866094.json,sr:sport_event:65866094,2026-02-14T03:35:00+00:00,Super Rugby,sr:competition:422,Super Rugby 2026,sr:season:137092,2026,league,regular season,1,Super Rugby Pacific 2026,Fijian Drua,sr:competitor:364712,FID,Moana Pasifika,sr:competitor:761406,MOA,,,,,"Playle, Marcus",,150,2270343160,ball_recycled,2026-02-14T04:19:41+00:00,38,37:51,home,Fijian Drua,73,47,1,,,,,,,,,,,,,,
super_rugby_2026_fijian_drua_vs_moana_pasifika_65866094.json,sr:sport_event:65866094,2026-02-14T03:35:00+00:00,Super Rugby,sr:competition:422,Super Rugby 2026,sr:season:137092,2026,league,regular season,1,Super Rugby Pacific 2026,Fijian Drua,sr:competitor:364712,FID,Moana Pasifika,sr:competitor:761406,MOA,,,,,"Playle, Marcus",,151,2270343356,score_change,2026-02-14T04:20:09+00:00,39,38:47,home,Fijian Drua,108,18,1,,,12,28,try,,,sr:player:2287855,"Salawa Junior, Kitinoe",,,,,"[{""id"": ""sr:player:2287855"", ""name"": ""Salawa Junior, Kitinoe"", ""type"": ""scorer""}]"
super_rugby_2026_fijian_drua_vs_moana_pasifika_65866094.json,sr:sport_event:65866094,2026-02-14T03:35:00+00:00,Super Rugby,sr:competition:422,Super Rugby 2026,sr:season:137092,2026,league,regular season,1,Super Rugby Pacific 2026,Fijian Drua,sr:competitor:364712,FID,Moana Pasifika,sr:competitor:761406,MOA,,,,,"Playle, Marcus",,152,2270344110,ball_kicked,2026-02-14T04:22:00+00:00,40,40:00,away,Moana Pasifika,27,55,1,,,,,,,,,,,,,,
super_rugby_2026_fijian_drua_vs_moana_pasifika_65866094.json,sr:sport_event:65866094,2026-02-14T03:35:00+00:00,Super Rugby,sr:competition:422,Super Rugby 2026,sr:season:137092,2026,league,regular season,1,Super Rugby Pacific 2026,Fijian Drua,sr:competitor:364712,FID,Moana Pasifika,sr:competitor:761406,MOA,,,,,"Playle, Marcus",,153,2270344180,ball_recycled,2026-02-14T04:22:10+00:00,40,40:00,home,Fijian Drua,35,41,1,,,,,,,,,,,,,,
super_rugby_2026_fijian_drua_vs_moana_pasifika_65866094.json,sr:sport_event:65866094,2026-02-14T03:35:00+00:00,Super Rugby,sr:competition:422,Super Rugby 2026,sr:season:137092,2026,league,regular season,1,Super Rugby Pacific 2026,Fijian Drua,sr:competitor:364712,FID,Moana Pasifika,sr:competitor:761406,MOA,,,,,"Playle, Marcus",,154,2270344298,ball_kicked,2026-02-14T04:22:27+00:00,40,40:00,home,Fijian Drua,66,58,1,,,,,,,,,,,,,,
super_rugby_2026_fijian_drua_vs_moana_pasifika_65866094.json,sr:sport_event:65866094,2026-02-14T03:35:00+00:00,Super Rugby,sr:competition:422,Super Rugby 2026,sr:season:137092,2026,league,regular season,1,Super Rugby Pacific 2026,Fijian Drua,sr:competitor:364712,FID,Moana Pasifika,sr:competitor:761406,MOA,,,,,"Playle, Marcus",,155,2270344336,ball_recycled,2026-02-14T04:22:30+00:00,40,40:00,away,Moana Pasifika,48,51,1,,,,,,,,,,,,,,
super_rugby_2026_fijian_drua_vs_moana_pasifika_65866094.json,sr:sport_event:65866094,2026-02-14T03:35:00+00:00,Super Rugby,sr:competition:422,Super Rugby 2026,sr:season:137092,2026,league,regular season,1,Super Rugby Pacific 2026,Fijian Drua,sr:competitor:364712,FID,Moana Pasifika,sr:competitor:761406,MOA,,,,,"Playle, Marcus",,156,2270344420,ball_recycled,2026-02-14T04:22:42+00:00,40,40:00,away,Moana Pasifika,47,51,1,,,,,,,,,,,,,,
super_rugby_2026_fijian_drua_vs_moana_pasifika_65866094.json,sr:sport_event:65866094,2026-02-14T03:35:00+00:00,Super Rugby,sr:competition:422,Super Rugby 2026,sr:season:137092,2026,league,regular season,1,Super Rugby Pacific 2026,Fijian Drua,sr:competitor:364712,FID,Moana Pasifika,sr:competitor:761406,MOA,,,,,"Playle, Marcus",,157,2270344456,ball_recycled,2026-02-14T04:22:51+00:00,40,40:00,away,Moana Pasifika,47,51,1,,,,,,,,,,,,,,
super_rugby_2026_fijian_drua_vs_moana_pasifika_65866094.json,sr:sport_event:65866094,2026-02-14T03:35:00+00:00,Super Rugby,sr:competition:422,Super Rugby 2026,sr:season:137092,2026,league,regular season,1,Super Rugby Pacific 2026,Fijian Drua,sr:competitor:364712,FID,Moana Pasifika,sr:competitor:761406,MOA,,,,,"Playle, Marcus",,158,2270344540,line_out,2026-02-14T04:23:02+00:00,40,40:00,home,Fijian Drua,42,72,1,,,,,,,,,,,,,,
super_rugby_2026_fijian_drua_vs_moana_pasifika_65866094.json,sr:sport_event:65866094,2026-02-14T03:35:00+00:00,Super Rugby,sr:competition:422,Super Rugby 2026,sr:season:137092,2026,league,regular season,1,Super Rugby Pacific 2026,Fijian Drua,sr:competitor:364712,FID,Moana Pasifika,sr:competitor:761406,MOA,,,,,"Playle, Marcus",,159,2270344776,ball_recycled,2026-02-14T04:23:36+00:00,40,40:00,away,Moana Pasifika,39,55,1,,,,,,,,,,,,,,
super_rugby_2026_fijian_drua_vs_moana_pasifika_65866094.json,sr:sport_event:65866094,2026-02-14T03:35:00+00:00,Super Rugby,sr:competition:422,Super Rugby 2026,sr:season:137092,2026,league,regular season,1,Super Rugby Pacific 2026,Fijian Drua,sr:competitor:364712,FID,Moana Pasifika,sr:competitor:761406,MOA,,,,,"Playle, Marcus",,160,2270344894,period_score,2026-02-14T04:23:55+00:00,,,,,,,1,,,12,28,,,,,,,,,,
super_rugby_2026_fijian_drua_vs_moana_pasifika_65866094.json,sr:sport_event:65866094,2026-02-14T03:35:00+00:00,Super Rugby,sr:competition:422,Super Rugby 2026,sr:season:137092,2026,league,regular season,1,Super Rugby Pacific 2026,Fijian Drua,sr:competitor:364712,FID,Moana Pasifika,sr:competitor:761406,MOA,,,,,"Playle, Marcus",,161,2270344898,break_start,2026-02-14T04:23:55+00:00,,,,,,,,,pause,,,,,,,,,,,,
super_rugby_2026_fijian_drua_vs_moana_pasifika_65866094.json,sr:sport_event:65866094,2026-02-14T03:35:00+00:00,Super Rugby,sr:competition:422,Super Rugby 2026,sr:season:137092,2026,league,regular season,1,Super Rugby Pacific 2026,Fijian Drua,sr:competitor:364712,FID,Moana Pasifika,sr:competitor:761406,MOA,,,,,"Playle, Marcus",,162,2270351822,period_start,2026-02-14T04:43:44+00:00,,,,,,,2,2nd_half,,,,,,,,,,,,,
super_rugby_2026_fijian_drua_vs_moana_pasifika_65866094.json,sr:sport_event:65866094,2026-02-14T03:35:00+00:00,Super Rugby,sr:competition:422,Super Rugby 2026,sr:season:137092,2026,league,regular season,1,Super Rugby Pacific 2026,Fijian Drua,sr:competitor:364712,FID,Moana Pasifika,sr:competitor:761406,MOA,,,,,"Playle, Marcus",,163,2270351848,ball_kicked,2026-02-14T04:43:48+00:00,41,40:05,away,Moana Pasifika,30,51,2,,,,,,,,,,,,,,
super_rugby_2026_fijian_drua_vs_moana_pasifika_65866094.json,sr:sport_event:65866094,2026-02-14T03:35:00+00:00,Super Rugby,sr:competition:422,Super Rugby 2026,sr:season:137092,2026,league,regular season,1,Super Rugby Pacific 2026,Fijian Drua,sr:competitor:364712,FID,Moana Pasifika,sr:competitor:761406,MOA,,,,,"Playle, Marcus",,164,2270351932,ball_recycled,2026-02-14T04:43:56+00:00,41,40:12,home,Fijian Drua,35,51,2,,,,,,,,,,,,,,
super_rugby_2026_fijian_drua_vs_moana_pasifika_65866094.json,sr:sport_event:65866094,2026-02-14T03:35:00+00:00,Super Rugby,sr:competition:422,Super Rugby 2026,sr:season:137092,2026,league,regular season,1,Super Rugby Pacific 2026,Fijian Drua,sr:competitor:364712,FID,Moana Pasifika,sr:competitor:761406,MOA,,,,,"Playle, Marcus",,165,2270351998,line_out,2026-02-14T04:44:10+00:00,41,40:26,away,Moana Pasifika,67,71,2,,,,,,,,,,,,,,
super_rugby_2026_fijian_drua_vs_moana_pasifika_65866094.json,sr:sport_event:65866094,2026-02-14T03:35:00+00:00,Super Rugby,sr:competition:422,Super Rugby 2026,sr:season:137092,2026,league,regular season,1,Super Rugby Pacific 2026,Fijian Drua,sr:competitor:364712,FID,Moana Pasifika,sr:competitor:761406,MOA,,,,,"Playle, Marcus",,166,2270352102,line_out_won,2026-02-14T04:44:35+00:00,41,40:50,away,Moana Pasifika,67,71,2,,,,,,,,,,,,,,
super_rugby_2026_fijian_drua_vs_moana_pasifika_65866094.json,sr:sport_event:65866094,2026-02-14T03:35:00+00:00,Super Rugby,sr:competition:422,Super Rugby 2026,sr:season:137092,2026,league,regular season,1,Super Rugby Pacific 2026,Fijian Drua,sr:competitor:364712,FID,Moana Pasifika,sr:competitor:761406,MOA,,,,,"Playle, Marcus",,167,2270352178,ball_recycled,2026-02-14T04:44:48+00:00,42,41:04,away,Moana Pasifika,46,47,2,,,,,,,,,,,,,,
super_rugby_2026_fijian_drua_vs_moana_pasifika_65866094.json,sr:sport_event:65866094,2026-02-14T03:35:00+00:00,Super Rugby,sr:competition:422,Super Rugby 2026,sr:season:137092,2026,league,regular season,1,Super Rugby Pacific 2026,Fijian Drua,sr:competitor:364712,FID,Moana Pasifika,sr:competitor:761406,MOA,,,,,"Playle, Marcus",,168,2270352210,score_change,2026-02-14T04:44:58+00:00,42,41:15,away,Moana Pasifika,2,57,2,,,12,33,try,,,sr:player:2537025,"Faiʻilagi, Miracle",,,,,"[{""id"": ""sr:player:2537025"", ""name"": ""Faiʻilagi, Miracle"", ""type"": ""scorer""}]"
super_rugby_2026_fijian_drua_vs_moana_pasifika_65866094.json,sr:sport_event:65866094,2026-02-14T03:35:00+00:00,Super Rugby,sr:competition:422,Super Rugby 2026,sr:season:137092,2026,league,regular season,1,Super Rugby Pacific 2026,Fijian Drua,sr:competitor:364712,FID,Moana Pasifika,sr:competitor:761406,MOA,,,,,"Playle, Marcus",,169,2270344758,line_out_won,2026-02-14T04:23:34+00:00,43,42:12,away,Moana Pasifika,38,51,2,,,,,,,,,,,,,,
super_rugby_2026_fijian_drua_vs_moana_pasifika_65866094.json,sr:sport_event:65866094,2026-02-14T03:35:00+00:00,Super Rugby,sr:competition:422,Super Rugby 2026,sr:season:137092,2026,league,regular season,1,Super Rugby Pacific 2026,Fijian Drua,sr:competitor:364712,FID,Moana Pasifika,sr:competitor:761406,MOA,,,,,"Playle, Marcus",,170,2270352778,ball_kicked,2026-02-14T04:46:27+00:00,43,42:44,home,Fijian Drua,84,39,2,,,,,,,,,,,,,,
super_rugby_2026_fijian_drua_vs_moana_pasifika_65866094.json,sr:sport_event:65866094,2026-02-14T03:35:00+00:00,Super Rugby,sr:competition:422,Super Rugby 2026,sr:season:137092,2026,league,regular season,1,Super Rugby Pacific 2026,Fijian Drua,sr:competitor:364712,FID,Moana Pasifika,sr:competitor:761406,MOA,,,,,"Playle, Marcus",,171,2270352844,ball_recycled,2026-02-14T04:46:38+00:00,43,42:55,away,Moana Pasifika,67,36,2,,,,,,,,,,,,,,
super_rugby_2026_fijian_drua_vs_moana_pasifika_65866094.json,sr:sport_event:65866094,2026-02-14T03:35:00+00:00,Super Rugby,sr:competition:422,Super Rugby 2026,sr:season:137092,2026,league,regular season,1,Super Rugby Pacific 2026,Fijian Drua,sr:competitor:364712,FID,Moana Pasifika,sr:competitor:761406,MOA,,,,,"Playle, Marcus",,172,2270352920,ball_recycled,2026-02-14T04:46:53+00:00,44,43:09,away,Moana Pasifika,68,36,2,,,,,,,,,,,,,,
super_rugby_2026_fijian_drua_vs_moana_pasifika_65866094.json,sr:sport_event:65866094,2026-02-14T03:35:00+00:00,Super Rugby,sr:competition:422,Super Rugby 2026,sr:season:137092,2026,league,regular season,1,Super Rugby Pacific 2026,Fijian Drua,sr:competitor:364712,FID,Moana Pasifika,sr:competitor:761406,MOA,,,,,"Playle, Marcus",,173,2270352940,turnover,2026-02-14T04:46:58+00:00,44,43:15,home,Fijian Drua,71,42,2,,,,,,,,,,,,,,
super_rugby_2026_fijian_drua_vs_moana_pasifika_65866094.json,sr:sport_event:65866094,2026-02-14T03:35:00+00:00,Super Rugby,sr:competition:422,Super Rugby 2026,sr:season:137092,2026,league,regular season,1,Super Rugby Pacific 2026,Fijian Drua,sr:competitor:364712,FID,Moana Pasifika,sr:competitor:761406,MOA,,,,,"Playle, Marcus",,174,2270352946,ball_recycled,2026-02-14T04:47:02+00:00,44,43:19,home,Fijian Drua,73,40,2,,,,,,,,,,,,,,
super_rugby_2026_fijian_drua_vs_moana_pasifika_65866094.json,sr:sport_event:65866094,2026-02-14T03:35:00+00:00,Super Rugby,sr:competition:422,Super Rugby 2026,sr:season:137092,2026,league,regular season,1,Super Rugby Pacific 2026,Fijian Drua,sr:competitor:364712,FID,Moana Pasifika,sr:competitor:761406,MOA,,,,,"Playle, Marcus",,175,2270353024,ball_recycled,2026-02-14T04:47:15+00:00,44,43:31,home,Fijian Drua,71,33,2,,,,,,,,,,,,,,
super_rugby_2026_fijian_drua_vs_moana_pasifika_65866094.json,sr:sport_event:65866094,2026-02-14T03:35:00+00:00,Super Rugby,sr:competition:422,Super Rugby 2026,sr:season:137092,2026,league,regular season,1,Super Rugby Pacific 2026,Fijian Drua,sr:competitor:364712,FID,Moana Pasifika,sr:competitor:761406,MOA,,,,,"Playle, Marcus",,176,2270353064,ball_recycled,2026-02-14T04:47:24+00:00,44,43:41,home,Fijian Drua,73,54,2,,,,,,,,,,,,,,
super_rugby_2026_fijian_drua_vs_moana_pasifika_65866094.json,sr:sport_event:65866094,2026-02-14T03:35:00+00:00,Super Rugby,sr:competition:422,Super Rugby 2026,sr:season:137092,2026,league,regular season,1,Super Rugby Pacific 2026,Fijian Drua,sr:competitor:364712,FID,Moana Pasifika,sr:competitor:761406,MOA,,,,,"Playle, Marcus",,177,2270353114,ball_recycled,2026-02-14T04:47:35+00:00,44,43:51,home,Fijian Drua,73,22,2,,,,,,,,,,,,,,
super_rugby_2026_fijian_drua_vs_moana_pasifika_65866094.json,sr:sport_event:65866094,2026-02-14T03:35:00+00:00,Super Rugby,sr:competition:422,Super Rugby 2026,sr:season:137092,2026,league,regular season,1,Super Rugby Pacific 2026,Fijian Drua,sr:competitor:364712,FID,Moana Pasifika,sr:competitor:761406,MOA,,,,,"Playle, Marcus",,178,2270353140,ball_recycled,2026-02-14T04:47:42+00:00,44,43:59,home,Fijian Drua,87,12,2,,,,,,,,,,,,,,
super_rugby_2026_fijian_drua_vs_moana_pasifika_65866094.json,sr:sport_event:65866094,2026-02-14T03:35:00+00:00,Super Rugby,sr:competition:422,Super Rugby 2026,sr:season:137092,2026,league,regular season,1,Super Rugby Pacific 2026,Fijian Drua,sr:competitor:364712,FID,Moana Pasifika,sr:competitor:761406,MOA,,,,,"Playle, Marcus",,179,2270353302,ball_recycled,2026-02-14T04:48:11+00:00,45,44:28,home,Fijian Drua,87,27,2,,,,,,,,,,,,,,
super_rugby_2026_fijian_drua_vs_moana_pasifika_65866094.json,sr:sport_event:65866094,2026-02-14T03:35:00+00:00,Super Rugby,sr:competition:422,Super Rugby 2026,sr:season:137092,2026,league,regular season,1,Super Rugby Pacific 2026,Fijian Drua,sr:competitor:364712,FID,Moana Pasifika,sr:competitor:761406,MOA,,,,,"Playle, Marcus",,180,2270353352,ball_recycled,2026-02-14T04:48:25+00:00,45,44:41,home,Fijian Drua,92,31,2,,,,,,,,,,,,,,
super_rugby_2026_fijian_drua_vs_moana_pasifika_65866094.json,sr:sport_event:65866094,2026-02-14T03:35:00+00:00,Super Rugby,sr:competition:422,Super Rugby 2026,sr:season:137092,2026,league,regular season,1,Super Rugby Pacific 2026,Fijian Drua,sr:competitor:364712,FID,Moana Pasifika,sr:competitor:761406,MOA,,,,,"Playle, Marcus",,181,2270353570,ball_recycled,2026-02-14T04:48:42+00:00,45,44:58,home,Fijian Drua,92,29,2,,,,,,,,,,,,,,
super_rugby_2026_fijian_drua_vs_moana_pasifika_65866094.json,sr:sport_event:65866094,2026-02-14T03:35:00+00:00,Super Rugby,sr:competition:422,Super Rugby 2026,sr:season:137092,2026,league,regular season,1,Super Rugby Pacific 2026,Fijian Drua,sr:competitor:364712,FID,Moana Pasifika,sr:competitor:761406,MOA,,,,,"Playle, Marcus",,182,2270353612,score_change,2026-02-14T04:48:53+00:00,46,45:10,home,Fijian Drua,109,16,2,,,17,33,try,,,sr:player:2131482,"Droasese, Ilaisa",,,,,"[{""id"": ""sr:player:2131482"", ""name"": ""Droasese, Ilaisa"", ""type"": ""scorer""}]"
super_rugby_2026_fijian_drua_vs_moana_pasifika_65866094.json,sr:sport_event:65866094,2026-02-14T03:35:00+00:00,Super Rugby,sr:competition:422,Super Rugby 2026,sr:season:137092,2026,league,regular season,1,Super Rugby Pacific 2026,Fijian Drua,sr:competitor:364712,FID,Moana Pasifika,sr:competitor:761406,MOA,,,,,"Playle, Marcus",,183,2270353886,score_change,2026-02-14T04:49:48+00:00,47,46:04,home,Fijian Drua,84,17,2,,,19,33,conversion,,,sr:player:2573405,"Valetini, Kemu",,,,,"[{""id"": ""sr:player:2573405"", ""name"": ""Valetini, Kemu"", ""type"": ""scorer""}]"
super_rugby_2026_fijian_drua_vs_moana_pasifika_65866094.json,sr:sport_event:65866094,2026-02-14T03:35:00+00:00,Super Rugby,sr:competition:422,Super Rugby 2026,sr:season:137092,2026,league,regular season,1,Super Rugby Pacific 2026,Fijian Drua,sr:competitor:364712,FID,Moana Pasifika,sr:competitor:761406,MOA,,,,,"Playle, Marcus",,184,2270353896,substitution,2026-02-14T04:49:51+00:00,47,46:08,home,Fijian Drua,,,2,,,,,,,,,,sr:player:498388,"Vakatawa, Virimi",sr:player:2531933,"Rabitu, Isikeli","[{""id"": ""sr:player:498388"", ""name"": ""Vakatawa, Virimi"", ""type"": ""substituted_out""}, {""id"": ""sr:player:2531933"", ""name"": ""Rabitu, Isikeli"", ""type"": ""substituted_in""}]"
super_rugby_2026_fijian_drua_vs_moana_pasifika_65866094.json,sr:sport_event:65866094,2026-02-14T03:35:00+00:00,Super Rugby,sr:competition:422,Super Rugby 2026,sr:season:137092,2026,league,regular season,1,Super Rugby Pacific 2026,Fijian Drua,sr:competitor:364712,FID,Moana Pasifika,sr:competitor:761406,MOA,,,,,"Playle, Marcus",,185,2270354084,substitution,2026-02-14T04:50:24+00:00,47,46:41,home,Fijian Drua,,,2,,,,,,,,,,sr:player:2531921,"Canakaivata, Elia",sr:player:1343380,"Lomani, Frank","[{""id"": ""sr:player:2531921"", ""name"": ""Canakaivata, Elia"", ""type"": ""substituted_out""}, {""id"": ""sr:player:1343380"", ""name"": ""Lomani, Frank"", ""type"": ""substituted_in""}]"
super_rugby_2026_fijian_drua_vs_moana_pasifika_65866094.json,sr:sport_event:65866094,2026-02-14T03:35:00+00:00,Super Rugby,sr:competition:422,Super Rugby 2026,sr:season:137092,2026,league,regular season,1,Super Rugby Pacific 2026,Fijian Drua,sr:competitor:364712,FID,Moana Pasifika,sr:competitor:761406,MOA,,,,,"Playle, Marcus",,186,2270354092,substitution,2026-02-14T04:50:25+00:00,47,46:41,home,Fijian Drua,,,2,,,,,,,,,,sr:player:2287855,"Salawa Junior, Kitinoe",sr:player:2944023,"Tuwai, Isoa","[{""id"": ""sr:player:2287855"", ""name"": ""Salawa Junior, Kitinoe"", ""type"": ""substituted_out""}, {""id"": ""sr:player:2944023"", ""name"": ""Tuwai, Isoa"", ""type"": ""substituted_in""}]"
super_rugby_2026_fijian_drua_vs_moana_pasifika_65866094.json,sr:sport_event:65866094,2026-02-14T03:35:00+00:00,Super Rugby,sr:competition:422,Super Rugby 2026,sr:season:137092,2026,league,regular season,1,Super Rugby Pacific 2026,Fijian Drua,sr:competitor:364712,FID,Moana Pasifika,sr:competitor:761406,MOA,,,,,"Playle, Marcus",,187,2270354132,ball_kicked,2026-02-14T04:50:34+00:00,47,46:51,away,Moana Pasifika,35,23,2,,,,,,,,,,,,,,
super_rugby_2026_fijian_drua_vs_moana_pasifika_65866094.json,sr:sport_event:65866094,2026-02-14T03:35:00+00:00,Super Rugby,sr:competition:422,Super Rugby 2026,sr:season:137092,2026,league,regular season,1,Super Rugby Pacific 2026,Fijian Drua,sr:competitor:364712,FID,Moana Pasifika,sr:competitor:761406,MOA,,,,,"Playle, Marcus",,188,2270354148,ball_recycled,2026-02-14T04:50:39+00:00,47,46:56,home,Fijian Drua,44,12,2,,,,,,,,,,,,,,
super_rugby_2026_fijian_drua_vs_moana_pasifika_65866094.json,sr:sport_event:65866094,2026-02-14T03:35:00+00:00,Super Rugby,sr:competition:422,Super Rugby 2026,sr:season:137092,2026,league,regular season,1,Super Rugby Pacific 2026,Fijian Drua,sr:competitor:364712,FID,Moana Pasifika,sr:competitor:761406,MOA,,,,,"Playle, Marcus",,189,2270354180,turnover,2026-02-14T04:50:48+00:00,48,47:05,away,Moana Pasifika,62,15,2,,,,,,,,,,,,,,
super_rugby_2026_fijian_drua_vs_moana_pasifika_65866094.json,sr:sport_event:65866094,2026-02-14T03:35:00+00:00,Super Rugby,sr:competition:422,Super Rugby 2026,sr:season:137092,2026,league,regular season,1,Super Rugby Pacific 2026,Fijian Drua,sr:competitor:364712,FID,Moana Pasifika,sr:competitor:761406,MOA,,,,,"Playle, Marcus",,190,2270354210,turnover,2026-02-14T04:50:54+00:00,48,47:11,home,Fijian Drua,62,29,2,,,,,,,,,,,,,,
super_rugby_2026_fijian_drua_vs_moana_pasifika_65866094.json,sr:sport_event:65866094,2026-02-14T03:35:00+00:00,Super Rugby,sr:competition:422,Super Rugby 2026,sr:season:137092,2026,league,regular season,1,Super Rugby Pacific 2026,Fijian Drua,sr:competitor:364712,FID,Moana Pasifika,sr:competitor:761406,MOA,,,,,"Playle, Marcus",,191,2270354226,ball_recycled,2026-02-14T04:50:57+00:00,48,47:14,home,Fijian Drua,72,43,2,,,,,,,,,,,,,,
super_rugby_2026_fijian_drua_vs_moana_pasifika_65866094.json,sr:sport_event:65866094,2026-02-14T03:35:00+00:00,Super Rugby,sr:competition:422,Super Rugby 2026,sr:season:137092,2026,league,regular season,1,Super Rugby Pacific 2026,Fijian Drua,sr:competitor:364712,FID,Moana Pasifika,sr:competitor:761406,MOA,,,,,"Playle, Marcus",,192,2270354268,ball_recycled,2026-02-14T04:51:05+00:00,48,47:22,home,Fijian Drua,67,28,2,,,,,,,,,,,,,,
super_rugby_2026_fijian_drua_vs_moana_pasifika_65866094.json,sr:sport_event:65866094,2026-02-14T03:35:00+00:00,Super Rugby,sr:competition:422,Super Rugby 2026,sr:season:137092,2026,league,regular season,1,Super Rugby Pacific 2026,Fijian Drua,sr:competitor:364712,FID,Moana Pasifika,sr:competitor:761406,MOA,,,,,"Playle, Marcus",,193,2270354328,ball_recycled,2026-02-14T04:51:12+00:00,48,47:29,home,Fijian Drua,68,25,2,,,,,,,,,,,,,,
super_rugby_2026_fijian_drua_vs_moana_pasifika_65866094.json,sr:sport_event:65866094,2026-02-14T03:35:00+00:00,Super Rugby,sr:competition:422,Super Rugby 2026,sr:season:137092,2026,league,regular season,1,Super Rugby Pacific 2026,Fijian Drua,sr:competitor:364712,FID,Moana Pasifika,sr:competitor:761406,MOA,,,,,"Playle, Marcus",,194,2270354384,ball_recycled,2026-02-14T04:51:23+00:00,48,47:40,home,Fijian Drua,68,25,2,,,,,,,,,,,,,,
super_rugby_2026_fijian_drua_vs_moana_pasifika_65866094.json,sr:sport_event:65866094,2026-02-14T03:35:00+00:00,Super Rugby,sr:competition:422,Super Rugby 2026,sr:season:137092,2026,league,regular season,1,Super Rugby Pacific 2026,Fijian Drua,sr:competitor:364712,FID,Moana Pasifika,sr:competitor:761406,MOA,,,,,"Playle, Marcus",,195,2270354430,ball_recycled,2026-02-14T04:51:31+00:00,48,47:47,home,Fijian Drua,73,16,2,,,,,,,,,,,,,,
super_rugby_2026_fijian_drua_vs_moana_pasifika_65866094.json,sr:sport_event:65866094,2026-02-14T03:35:00+00:00,Super Rugby,sr:competition:422,Super Rugby 2026,sr:season:137092,2026,league,regular season,1,Super Rugby Pacific 2026,Fijian Drua,sr:competitor:364712,FID,Moana Pasifika,sr:competitor:761406,MOA,,,,,"Playle, Marcus",,196,2270354484,ball_recycled,2026-02-14T04:51:41+00:00,48,47:58,home,Fijian Drua,71,40,2,,,,,,,,,,,,,,
super_rugby_2026_fijian_drua_vs_moana_pasifika_65866094.json,sr:sport_event:65866094,2026-02-14T03:35:00+00:00,Super Rugby,sr:competition:422,Super Rugby 2026,sr:season:137092,2026,league,regular season,1,Super Rugby Pacific 2026,Fijian Drua,sr:competitor:364712,FID,Moana Pasifika,sr:competitor:761406,MOA,,,,,"Playle, Marcus",,197,2270354804,scrum,2026-02-14T04:52:10+00:00,49,48:27,home,Fijian Drua,83,12,2,,,,,,,,,,,,,,
super_rugby_2026_fijian_drua_vs_moana_pasifika_65866094.json,sr:sport_event:65866094,2026-02-14T03:35:00+00:00,Super Rugby,sr:competition:422,Super Rugby 2026,sr:season:137092,2026,league,regular season,1,Super Rugby Pacific 2026,Fijian Drua,sr:competitor:364712,FID,Moana Pasifika,sr:competitor:761406,MOA,,,,,"Playle, Marcus",,198,2270355194,scrum_won,2026-02-14T04:53:32+00:00,49,48:42,home,Fijian Drua,83,12,2,,,,,,,,,,,,,,
super_rugby_2026_fijian_drua_vs_moana_pasifika_65866094.json,sr:sport_event:65866094,2026-02-14T03:35:00+00:00,Super Rugby,sr:competition:422,Super Rugby 2026,sr:season:137092,2026,league,regular season,1,Super Rugby Pacific 2026,Fijian Drua,sr:competitor:364712,FID,Moana Pasifika,sr:competitor:761406,MOA,,,,,"Playle, Marcus",,199,2270355214,ball_recycled,2026-02-14T04:53:36+00:00,49,48:45,home,Fijian Drua,88,13,2,,,,,,,,,,,,,,
super_rugby_2026_fijian_drua_vs_moana_pasifika_65866094.json,sr:sport_event:65866094,2026-02-14T03:35:00+00:00,Super Rugby,sr:competition:422,Super Rugby 2026,sr:season:137092,2026,league,regular season,1,Super Rugby Pacific 2026,Fijian Drua,sr:competitor:364712,FID,Moana Pasifika,sr:competitor:761406,MOA,,,,,"Playle, Marcus",,200,2270355370,scrum,2026-02-14T04:54:16+00:00,50,49:25,away,Moana Pasifika,89,12,2,,,,,,,,,,,,,,
super_rugby_2026_fijian_drua_vs_moana_pasifika_65866094.json,sr:sport_event:65866094,2026-02-14T03:35:00+00:00,Super Rugby,sr:competition:422,Super Rugby 2026,sr:season:137092,2026,league,regular season,1,Super Rugby Pacific 2026,Fijian Drua,sr:competitor:364712,FID,Moana Pasifika,sr:competitor:761406,MOA,,,,,"Playle, Marcus",,201,2270355436,scrum_won,2026-02-14T04:54:35+00:00,50,49:44,away,Moana Pasifika,89,12,2,,,,,,,,,,,,,,
super_rugby_2026_fijian_drua_vs_moana_pasifika_65866094.json,sr:sport_event:65866094,2026-02-14T03:35:00+00:00,Super Rugby,sr:competition:422,Super Rugby 2026,sr:season:137092,2026,league,regular season,1,Super Rugby Pacific 2026,Fijian Drua,sr:competitor:364712,FID,Moana Pasifika,sr:competitor:761406,MOA,,,,,"Playle, Marcus",,202,2270355472,ball_recycled,2026-02-14T04:54:43+00:00,50,49:52,away,Moana Pasifika,87,19,2,,,,,,,,,,,,,,
super_rugby_2026_fijian_drua_vs_moana_pasifika_65866094.json,sr:sport_event:65866094,2026-02-14T03:35:00+00:00,Super Rugby,sr:competition:422,Super Rugby 2026,sr:season:137092,2026,league,regular season,1,Super Rugby Pacific 2026,Fijian Drua,sr:competitor:364712,FID,Moana Pasifika,sr:competitor:761406,MOA,,,,,"Playle, Marcus",,203,2270355552,ball_kicked,2026-02-14T04:55:04+00:00,51,50:14,away,Moana Pasifika,72,15,2,,,,,,,,,,,,,,
super_rugby_2026_fijian_drua_vs_moana_pasifika_65866094.json,sr:sport_event:65866094,2026-02-14T03:35:00+00:00,Super Rugby,sr:competition:422,Super Rugby 2026,sr:season:137092,2026,league,regular season,1,Super Rugby Pacific 2026,Fijian Drua,sr:competitor:364712,FID,Moana Pasifika,sr:competitor:761406,MOA,,,,,"Playle, Marcus",,204,2270355576,ball_recycled,2026-02-14T04:55:10+00:00,51,50:20,home,Fijian Drua,77,19,2,,,,,,,,,,,,,,
super_rugby_2026_fijian_drua_vs_moana_pasifika_65866094.json,sr:sport_event:65866094,2026-02-14T03:35:00+00:00,Super Rugby,sr:competition:422,Super Rugby 2026,sr:season:137092,2026,league,regular season,1,Super Rugby Pacific 2026,Fijian Drua,sr:competitor:364712,FID,Moana Pasifika,sr:competitor:761406,MOA,,,,,"Playle, Marcus",,205,2270355636,substitution,2026-02-14T04:55:27+00:00,51,50:37,away,Moana Pasifika,,,2,,,,,,,,,,sr:player:2670265,"Paea, Semisi",sr:player:3156048,"Ropeti, Dominic","[{""id"": ""sr:player:2670265"", ""name"": ""Paea, Semisi"", ""type"": ""substituted_out""}, {""id"": ""sr:player:3156048"", ""name"": ""Ropeti, Dominic"", ""type"": ""substituted_in""}]"
super_rugby_2026_fijian_drua_vs_moana_pasifika_65866094.json,sr:sport_event:65866094,2026-02-14T03:35:00+00:00,Super Rugby,sr:competition:422,Super Rugby 2026,sr:season:137092,2026,league,regular season,1,Super Rugby Pacific 2026,Fijian Drua,sr:competitor:364712,FID,Moana Pasifika,sr:competitor:761406,MOA,,,,,"Playle, Marcus",,206,2270355640,substitution,2026-02-14T04:55:28+00:00,51,50:38,away,Moana Pasifika,,,2,,,,,,,,,,sr:player:2537025,"Faiʻilagi, Miracle",sr:player:2739725,"Tauatevalu, Ofa","[{""id"": ""sr:player:2537025"", ""name"": ""Faiʻilagi, Miracle"", ""type"": ""substituted_out""}, {""id"": ""sr:player:2739725"", ""name"": ""Tauatevalu, Ofa"", ""type"": ""substituted_in""}]"
super_rugby_2026_fijian_drua_vs_moana_pasifika_65866094.json,sr:sport_event:65866094,2026-02-14T03:35:00+00:00,Super Rugby,sr:competition:422,Super Rugby 2026,sr:season:137092,2026,league,regular season,1,Super Rugby Pacific 2026,Fijian Drua,sr:competitor:364712,FID,Moana Pasifika,sr:competitor:761406,MOA,,,,,"Playle, Marcus",,207,2270355646,ball_recycled,2026-02-14T04:55:30+00:00,51,50:39,home,Fijian Drua,73,23,2,,,,,,,,,,,,,,
super_rugby_2026_fijian_drua_vs_moana_pasifika_65866094.json,sr:sport_event:65866094,2026-02-14T03:35:00+00:00,Super Rugby,sr:competition:422,Super Rugby 2026,sr:season:137092,2026,league,regular season,1,Super Rugby Pacific 2026,Fijian Drua,sr:competitor:364712,FID,Moana Pasifika,sr:competitor:761406,MOA,,,,,"Playle, Marcus",,208,2270355888,scrum,2026-02-14T04:56:46+00:00,52,51:16,away,Moana Pasifika,88,14,2,,,,,,,,,,,,,,
super_rugby_2026_fijian_drua_vs_moana_pasifika_65866094.json,sr:sport_event:65866094,2026-02-14T03:35:00+00:00,Super Rugby,sr:competition:422,Super Rugby 2026,sr:season:137092,2026,league,regular season,1,Super Rugby Pacific 2026,Fijian Drua,sr:competitor:364712,FID,Moana Pasifika,sr:competitor:761406,MOA,,,,,"Playle, Marcus",,209,2270356260,scrum_reset,2026-02-14T04:57:50+00:00,53,52:19,away,Moana Pasifika,88,14,2,,,,,,,,,,,,,,
super_rugby_2026_fijian_drua_vs_moana_pasifika_65866094.json,sr:sport_event:65866094,2026-02-14T03:35:00+00:00,Super Rugby,sr:competition:422,Super Rugby 2026,sr:season:137092,2026,league,regular season,1,Super Rugby Pacific 2026,Fijian Drua,sr:competitor:364712,FID,Moana Pasifika,sr:competitor:761406,MOA,,,,,"Playle, Marcus",,210,2270356404,scrum_won,2026-02-14T04:58:21+00:00,53,52:51,away,Moana Pasifika,88,14,2,,,,,,,,,,,,,,
super_rugby_2026_fijian_drua_vs_moana_pasifika_65866094.json,sr:sport_event:65866094,2026-02-14T03:35:00+00:00,Super Rugby,sr:competition:422,Super Rugby 2026,sr:season:137092,2026,league,regular season,1,Super Rugby Pacific 2026,Fijian Drua,sr:competitor:364712,FID,Moana Pasifika,sr:competitor:761406,MOA,,,,,"Playle, Marcus",,211,2270356406,penalty_awarded,2026-02-14T04:58:21+00:00,53,52:51,away,Moana Pasifika,88,14,2,,,,,,,,,,,,,,
super_rugby_2026_fijian_drua_vs_moana_pasifika_65866094.json,sr:sport_event:65866094,2026-02-14T03:35:00+00:00,Super Rugby,sr:competition:422,Super Rugby 2026,sr:season:137092,2026,league,regular season,1,Super Rugby Pacific 2026,Fijian Drua,sr:competitor:364712,FID,Moana Pasifika,sr:competitor:761406,MOA,,,,,"Playle, Marcus",,212,2270356456,kick_to_touch,2026-02-14T04:58:36+00:00,54,53:05,away,Moana Pasifika,88,14,2,,,,,,,,,,,,,,
super_rugby_2026_fijian_drua_vs_moana_pasifika_65866094.json,sr:sport_event:65866094,2026-02-14T03:35:00+00:00,Super Rugby,sr:competition:422,Super Rugby 2026,sr:season:137092,2026,league,regular season,1,Super Rugby Pacific 2026,Fijian Drua,sr:competitor:364712,FID,Moana Pasifika,sr:competitor:761406,MOA,,,,,"Playle, Marcus",,213,2270356460,line_out,2026-02-14T04:58:37+00:00,54,53:07,away,Moana Pasifika,52,-1,2,,,,,,,,,,,,,,
super_rugby_2026_fijian_drua_vs_moana_pasifika_65866094.json,sr:sport_event:65866094,2026-02-14T03:35:00+00:00,Super Rugby,sr:competition:422,Super Rugby 2026,sr:season:137092,2026,league,regular season,1,Super Rugby Pacific 2026,Fijian Drua,sr:competitor:364712,FID,Moana Pasifika,sr:competitor:761406,MOA,,,,,"Playle, Marcus",,214,2270356838,line_out_won,2026-02-14T04:59:09+00:00,54,53:38,away,Moana Pasifika,52,-1,2,,,,,,,,,,,,,,
super_rugby_2026_fijian_drua_vs_moana_pasifika_65866094.json,sr:sport_event:65866094,2026-02-14T03:35:00+00:00,Super Rugby,sr:competition:422,Super Rugby 2026,sr:season:137092,2026,league,regular season,1,Super Rugby Pacific 2026,Fijian Drua,sr:competitor:364712,FID,Moana Pasifika,sr:competitor:761406,MOA,,,,,"Playle, Marcus",,215,2270356914,substitution,2026-02-14T04:59:29+00:00,54,53:59,away,Moana Pasifika,,,2,,,,,,,,,,sr:player:2816791,"Sanerivi, Millennium",sr:player:2177416,"Moli, Sam","[{""id"": ""sr:player:2816791"", ""name"": ""Sanerivi, Millennium"", ""type"": ""substituted_out""}, {""id"": ""sr:player:2177416"", ""name"": ""Moli, Sam"", ""type"": ""substituted_in""}]"
super_rugby_2026_fijian_drua_vs_moana_pasifika_65866094.json,sr:sport_event:65866094,2026-02-14T03:35:00+00:00,Super Rugby,sr:competition:422,Super Rugby 2026,sr:season:137092,2026,league,regular season,1,Super Rugby Pacific 2026,Fijian Drua,sr:competitor:364712,FID,Moana Pasifika,sr:competitor:761406,MOA,,,,,"Playle, Marcus",,216,2270356924,ball_recycled,2026-02-14T04:59:32+00:00,55,54:01,away,Moana Pasifika,44,16,2,,,,,,,,,,,,,,
super_rugby_2026_fijian_drua_vs_moana_pasifika_65866094.json,sr:sport_event:65866094,2026-02-14T03:35:00+00:00,Super Rugby,sr:competition:422,Super Rugby 2026,sr:season:137092,2026,league,regular season,1,Super Rugby Pacific 2026,Fijian Drua,sr:competitor:364712,FID,Moana Pasifika,sr:competitor:761406,MOA,,,,,"Playle, Marcus",,217,2270356974,scrum,2026-02-14T04:59:46+00:00,55,54:16,home,Fijian Drua,39,17,2,,,,,,,,,,,,,,
super_rugby_2026_fijian_drua_vs_moana_pasifika_65866094.json,sr:sport_event:65866094,2026-02-14T03:35:00+00:00,Super Rugby,sr:competition:422,Super Rugby 2026,sr:season:137092,2026,league,regular season,1,Super Rugby Pacific 2026,Fijian Drua,sr:competitor:364712,FID,Moana Pasifika,sr:competitor:761406,MOA,,,,,"Playle, Marcus",,218,2270357262,scrum_won,2026-02-14T05:00:33+00:00,56,55:03,home,Fijian Drua,39,17,2,,,,,,,,,,,,,,
super_rugby_2026_fijian_drua_vs_moana_pasifika_65866094.json,sr:sport_event:65866094,2026-02-14T03:35:00+00:00,Super Rugby,sr:competition:422,Super Rugby 2026,sr:season:137092,2026,league,regular season,1,Super Rugby Pacific 2026,Fijian Drua,sr:competitor:364712,FID,Moana Pasifika,sr:competitor:761406,MOA,,,,,"Playle, Marcus",,219,2270357306,ball_recycled,2026-02-14T05:00:37+00:00,56,55:07,home,Fijian Drua,43,21,2,,,,,,,,,,,,,,
super_rugby_2026_fijian_drua_vs_moana_pasifika_65866094.json,sr:sport_event:65866094,2026-02-14T03:35:00+00:00,Super Rugby,sr:competition:422,Super Rugby 2026,sr:season:137092,2026,league,regular season,1,Super Rugby Pacific 2026,Fijian Drua,sr:competitor:364712,FID,Moana Pasifika,sr:competitor:761406,MOA,,,,,"Playle, Marcus",,220,2270357314,ball_kicked,2026-02-14T05:00:40+00:00,56,55:11,home,Fijian Drua,88,49,2,,,,,,,,,,,,,,
super_rugby_2026_fijian_drua_vs_moana_pasifika_65866094.json,sr:sport_event:65866094,2026-02-14T03:35:00+00:00,Super Rugby,sr:competition:422,Super Rugby 2026,sr:season:137092,2026,league,regular season,1,Super Rugby Pacific 2026,Fijian Drua,sr:competitor:364712,FID,Moana Pasifika,sr:competitor:761406,MOA,,,,,"Playle, Marcus",,221,2270357546,line_out,2026-02-14T05:01:13+00:00,56,55:44,away,Moana Pasifika,64,71,2,,,,,,,,,,,,,,
super_rugby_2026_fijian_drua_vs_moana_pasifika_65866094.json,sr:sport_event:65866094,2026-02-14T03:35:00+00:00,Super Rugby,sr:competition:422,Super Rugby 2026,sr:season:137092,2026,league,regular season,1,Super Rugby Pacific 2026,Fijian Drua,sr:competitor:364712,FID,Moana Pasifika,sr:competitor:761406,MOA,,,,,"Playle, Marcus",,222,2270357622,line_out_won,2026-02-14T05:01:28+00:00,56,55:59,away,Moana Pasifika,79,50,2,,,,,,,,,,,,,,
super_rugby_2026_fijian_drua_vs_moana_pasifika_65866094.json,sr:sport_event:65866094,2026-02-14T03:35:00+00:00,Super Rugby,sr:competition:422,Super Rugby 2026,sr:season:137092,2026,league,regular season,1,Super Rugby Pacific 2026,Fijian Drua,sr:competitor:364712,FID,Moana Pasifika,sr:competitor:761406,MOA,,,,,"Playle, Marcus",,223,2270357636,ball_recycled,2026-02-14T05:01:30+00:00,57,56:01,away,Moana Pasifika,73,44,2,,,,,,,,,,,,,,
super_rugby_2026_fijian_drua_vs_moana_pasifika_65866094.json,sr:sport_event:65866094,2026-02-14T03:35:00+00:00,Super Rugby,sr:competition:422,Super Rugby 2026,sr:season:137092,2026,league,regular season,1,Super Rugby Pacific 2026,Fijian Drua,sr:competitor:364712,FID,Moana Pasifika,sr:competitor:761406,MOA,,,,,"Playle, Marcus",,224,2270357682,substitution,2026-02-14T05:01:41+00:00,57,56:12,home,Fijian Drua,,,2,,,,,,,,,,sr:player:2085137,"Hete, Haereiti",sr:player:533434,"Ravai, Peni","[{""id"": ""sr:player:2085137"", ""name"": ""Hete, Haereiti"", ""type"": ""substituted_out""}, {""id"": ""sr:player:533434"", ""name"": ""Ravai, Peni"", ""type"": ""substituted_in""}]"
super_rugby_2026_fijian_drua_vs_moana_pasifika_65866094.json,sr:sport_event:65866094,2026-02-14T03:35:00+00:00,Super Rugby,sr:competition:422,Super Rugby 2026,sr:season:137092,2026,league,regular season,1,Super Rugby Pacific 2026,Fijian Drua,sr:competitor:364712,FID,Moana Pasifika,sr:competitor:761406,MOA,,,,,"Playle, Marcus",,225,2270357690,substitution,2026-02-14T05:01:42+00:00,57,56:13,home,Fijian Drua,,,2,,,,,,,,,,sr:player:2257625,"Togiatama, Zuriel",sr:player:2886489,"Cakobau, Pena","[{""id"": ""sr:player:2257625"", ""name"": ""Togiatama, Zuriel"", ""type"": ""substituted_out""}, {""id"": ""sr:player:2886489"", ""name"": ""Cakobau, Pena"", ""type"": ""substituted_in""}]"
super_rugby_2026_fijian_drua_vs_moana_pasifika_65866094.json,sr:sport_event:65866094,2026-02-14T03:35:00+00:00,Super Rugby,sr:competition:422,Super Rugby 2026,sr:season:137092,2026,league,regular season,1,Super Rugby Pacific 2026,Fijian Drua,sr:competitor:364712,FID,Moana Pasifika,sr:competitor:761406,MOA,,,,,"Playle, Marcus",,226,2270357700,substitution,2026-02-14T05:01:43+00:00,57,56:13,home,Fijian Drua,,,2,,,,,,,,,,sr:player:1004423,"Doge, Mesake",sr:player:762906,"Tawake, Samuela","[{""id"": ""sr:player:1004423"", ""name"": ""Doge, Mesake"", ""type"": ""substituted_out""}, {""id"": ""sr:player:762906"", ""name"": ""Tawake, Samuela"", ""type"": ""substituted_in""}]"
super_rugby_2026_fijian_drua_vs_moana_pasifika_65866094.json,sr:sport_event:65866094,2026-02-14T03:35:00+00:00,Super Rugby,sr:competition:422,Super Rugby 2026,sr:season:137092,2026,league,regular season,1,Super Rugby Pacific 2026,Fijian Drua,sr:competitor:364712,FID,Moana Pasifika,sr:competitor:761406,MOA,,,,,"Playle, Marcus",,227,2270357710,ball_recycled,2026-02-14T05:01:45+00:00,57,56:15,away,Moana Pasifika,73,42,2,,,,,,,,,,,,,,
super_rugby_2026_fijian_drua_vs_moana_pasifika_65866094.json,sr:sport_event:65866094,2026-02-14T03:35:00+00:00,Super Rugby,sr:competition:422,Super Rugby 2026,sr:season:137092,2026,league,regular season,1,Super Rugby Pacific 2026,Fijian Drua,sr:competitor:364712,FID,Moana Pasifika,sr:competitor:761406,MOA,,,,,"Playle, Marcus",,228,2270357762,ball_recycled,2026-02-14T05:01:59+00:00,57,56:29,away,Moana Pasifika,87,33,2,,,,,,,,,,,,,,
super_rugby_2026_fijian_drua_vs_moana_pasifika_65866094.json,sr:sport_event:65866094,2026-02-14T03:35:00+00:00,Super Rugby,sr:competition:422,Super Rugby 2026,sr:season:137092,2026,league,regular season,1,Super Rugby Pacific 2026,Fijian Drua,sr:competitor:364712,FID,Moana Pasifika,sr:competitor:761406,MOA,,,,,"Playle, Marcus",,229,2270357822,line_out,2026-02-14T05:02:07+00:00,57,56:37,home,Fijian Drua,42,71,2,,,,,,,,,,,,,,
super_rugby_2026_fijian_drua_vs_moana_pasifika_65866094.json,sr:sport_event:65866094,2026-02-14T03:35:00+00:00,Super Rugby,sr:competition:422,Super Rugby 2026,sr:season:137092,2026,league,regular season,1,Super Rugby Pacific 2026,Fijian Drua,sr:competitor:364712,FID,Moana Pasifika,sr:competitor:761406,MOA,,,,,"Playle, Marcus",,230,2270357940,line_out_won,2026-02-14T05:02:29+00:00,57,56:59,home,Fijian Drua,42,71,2,,,,,,,,,,,,,,
super_rugby_2026_fijian_drua_vs_moana_pasifika_65866094.json,sr:sport_event:65866094,2026-02-14T03:35:00+00:00,Super Rugby,sr:competition:422,Super Rugby 2026,sr:season:137092,2026,league,regular season,1,Super Rugby Pacific 2026,Fijian Drua,sr:competitor:364712,FID,Moana Pasifika,sr:competitor:761406,MOA,,,,,"Playle, Marcus",,231,2270357970,ball_recycled,2026-02-14T05:02:35+00:00,58,57:06,home,Fijian Drua,47,46,2,,,,,,,,,,,,,,
super_rugby_2026_fijian_drua_vs_moana_pasifika_65866094.json,sr:sport_event:65866094,2026-02-14T03:35:00+00:00,Super Rugby,sr:competition:422,Super Rugby 2026,sr:season:137092,2026,league,regular season,1,Super Rugby Pacific 2026,Fijian Drua,sr:competitor:364712,FID,Moana Pasifika,sr:competitor:761406,MOA,,,,,"Playle, Marcus",,232,2270358002,ball_kicked,2026-02-14T05:02:43+00:00,58,57:14,home,Fijian Drua,81,45,2,,,,,,,,,,,,,,
super_rugby_2026_fijian_drua_vs_moana_pasifika_65866094.json,sr:sport_event:65866094,2026-02-14T03:35:00+00:00,Super Rugby,sr:competition:422,Super Rugby 2026,sr:season:137092,2026,league,regular season,1,Super Rugby Pacific 2026,Fijian Drua,sr:competitor:364712,FID,Moana Pasifika,sr:competitor:761406,MOA,,,,,"Playle, Marcus",,233,2270358024,ball_kicked,2026-02-14T05:02:49+00:00,58,57:19,away,Moana Pasifika,27,51,2,,,,,,,,,,,,,,
super_rugby_2026_fijian_drua_vs_moana_pasifika_65866094.json,sr:sport_event:65866094,2026-02-14T03:35:00+00:00,Super Rugby,sr:competition:422,Super Rugby 2026,sr:season:137092,2026,league,regular season,1,Super Rugby Pacific 2026,Fijian Drua,sr:competitor:364712,FID,Moana Pasifika,sr:competitor:761406,MOA,,,,,"Playle, Marcus",,234,2270358064,line_out,2026-02-14T05:02:56+00:00,58,57:27,away,Moana Pasifika,76,70,2,,,,,,,,,,,,,,
super_rugby_2026_fijian_drua_vs_moana_pasifika_65866094.json,sr:sport_event:65866094,2026-02-14T03:35:00+00:00,Super Rugby,sr:competition:422,Super Rugby 2026,sr:season:137092,2026,league,regular season,1,Super Rugby Pacific 2026,Fijian Drua,sr:competitor:364712,FID,Moana Pasifika,sr:competitor:761406,MOA,,,,,"Playle, Marcus",,235,2270358206,substitution,2026-02-14T05:03:19+00:00,58,57:50,away,Moana Pasifika,,,2,,,,,,,,,,sr:player:2290241,"Havili, William",sr:player:2131478,"Vaihu, Glen","[{""id"": ""sr:player:2290241"", ""name"": ""Havili, William"", ""type"": ""substituted_out""}, {""id"": ""sr:player:2131478"", ""name"": ""Vaihu, Glen"", ""type"": ""substituted_in""}]"
super_rugby_2026_fijian_drua_vs_moana_pasifika_65866094.json,sr:sport_event:65866094,2026-02-14T03:35:00+00:00,Super Rugby,sr:competition:422,Super Rugby 2026,sr:season:137092,2026,league,regular season,1,Super Rugby Pacific 2026,Fijian Drua,sr:competitor:364712,FID,Moana Pasifika,sr:competitor:761406,MOA,,,,,"Playle, Marcus",,236,2270358328,line_out_won,2026-02-14T05:03:36+00:00,59,58:07,away,Moana Pasifika,29,35,2,,,,,,,,,,,,,,
super_rugby_2026_fijian_drua_vs_moana_pasifika_65866094.json,sr:sport_event:65866094,2026-02-14T03:35:00+00:00,Super Rugby,sr:competition:422,Super Rugby 2026,sr:season:137092,2026,league,regular season,1,Super Rugby Pacific 2026,Fijian Drua,sr:competitor:364712,FID,Moana Pasifika,sr:competitor:761406,MOA,,,,,"Playle, Marcus",,237,2270358336,ball_recycled,2026-02-14T05:03:39+00:00,59,58:10,away,Moana Pasifika,60,57,2,,,,,,,,,,,,,,
super_rugby_2026_fijian_drua_vs_moana_pasifika_65866094.json,sr:sport_event:65866094,2026-02-14T03:35:00+00:00,Super Rugby,sr:competition:422,Super Rugby 2026,sr:season:137092,2026,league,regular season,1,Super Rugby Pacific 2026,Fijian Drua,sr:competitor:364712,FID,Moana Pasifika,sr:competitor:761406,MOA,,,,,"Playle, Marcus",,238,2270358456,ball_recycled,2026-02-14T05:03:52+00:00,59,58:23,away,Moana Pasifika,67,33,2,,,,,,,,,,,,,,
super_rugby_2026_fijian_drua_vs_moana_pasifika_65866094.json,sr:sport_event:65866094,2026-02-14T03:35:00+00:00,Super Rugby,sr:competition:422,Super Rugby 2026,sr:season:137092,2026,league,regular season,1,Super Rugby Pacific 2026,Fijian Drua,sr:competitor:364712,FID,Moana Pasifika,sr:competitor:761406,MOA,,,,,"Playle, Marcus",,239,2270358476,ball_kicked,2026-02-14T05:03:56+00:00,59,58:27,away,Moana Pasifika,35,47,2,,,,,,,,,,,,,,
super_rugby_2026_fijian_drua_vs_moana_pasifika_65866094.json,sr:sport_event:65866094,2026-02-14T03:35:00+00:00,Super Rugby,sr:competition:422,Super Rugby 2026,sr:season:137092,2026,league,regular season,1,Super Rugby Pacific 2026,Fijian Drua,sr:competitor:364712,FID,Moana Pasifika,sr:competitor:761406,MOA,,,,,"Playle, Marcus",,240,2270358504,ball_recycled,2026-02-14T05:04:03+00:00,59,58:34,home,Fijian Drua,70,53,2,,,,,,,,,,,,,,
super_rugby_2026_fijian_drua_vs_moana_pasifika_65866094.json,sr:sport_event:65866094,2026-02-14T03:35:00+00:00,Super Rugby,sr:competition:422,Super Rugby 2026,sr:season:137092,2026,league,regular season,1,Super Rugby Pacific 2026,Fijian Drua,sr:competitor:364712,FID,Moana Pasifika,sr:competitor:761406,MOA,,,,,"Playle, Marcus",,241,2270358582,ball_recycled,2026-02-14T05:04:14+00:00,59,58:44,home,Fijian Drua,60,19,2,,,,,,,,,,,,,,
super_rugby_2026_fijian_drua_vs_moana_pasifika_65866094.json,sr:sport_event:65866094,2026-02-14T03:35:00+00:00,Super Rugby,sr:competition:422,Super Rugby 2026,sr:season:137092,2026,league,regular season,1,Super Rugby Pacific 2026,Fijian Drua,sr:competitor:364712,FID,Moana Pasifika,sr:competitor:761406,MOA,,,,,"Playle, Marcus",,242,2270358632,ball_recycled,2026-02-14T05:04:23+00:00,59,58:53,home,Fijian Drua,58,27,2,,,,,,,,,,,,,,
super_rugby_2026_fijian_drua_vs_moana_pasifika_65866094.json,sr:sport_event:65866094,2026-02-14T03:35:00+00:00,Super Rugby,sr:competition:422,Super Rugby 2026,sr:season:137092,2026,league,regular season,1,Super Rugby Pacific 2026,Fijian Drua,sr:competitor:364712,FID,Moana Pasifika,sr:competitor:761406,MOA,,,,,"Playle, Marcus",,243,2270358738,ball_recycled,2026-02-14T05:04:36+00:00,60,59:06,home,Fijian Drua,56,27,2,,,,,,,,,,,,,,
super_rugby_2026_fijian_drua_vs_moana_pasifika_65866094.json,sr:sport_event:65866094,2026-02-14T03:35:00+00:00,Super Rugby,sr:competition:422,Super Rugby 2026,sr:season:137092,2026,league,regular season,1,Super Rugby Pacific 2026,Fijian Drua,sr:competitor:364712,FID,Moana Pasifika,sr:competitor:761406,MOA,,,,,"Playle, Marcus",,244,2270359462,denied_try,2026-02-14T05:06:19+00:00,60,59:57,home,Fijian Drua,,,2,,,,,,,,,,,,,,
super_rugby_2026_fijian_drua_vs_moana_pasifika_65866094.json,sr:sport_event:65866094,2026-02-14T03:35:00+00:00,Super Rugby,sr:competition:422,Super Rugby 2026,sr:season:137092,2026,league,regular season,1,Super Rugby Pacific 2026,Fijian Drua,sr:competitor:364712,FID,Moana Pasifika,sr:competitor:761406,MOA,,,,,"Playle, Marcus",,245,2270360962,penalty_awarded,2026-02-14T05:09:37+00:00,61,60:51,home,Fijian Drua,63,19,2,,,,,,,,,,,,,,
super_rugby_2026_fijian_drua_vs_moana_pasifika_65866094.json,sr:sport_event:65866094,2026-02-14T03:35:00+00:00,Super Rugby,sr:competition:422,Super Rugby 2026,sr:season:137092,2026,league,regular season,1,Super Rugby Pacific 2026,Fijian Drua,sr:competitor:364712,FID,Moana Pasifika,sr:competitor:761406,MOA,,,,,"Playle, Marcus",,246,2270360968,kick_to_touch,2026-02-14T05:09:39+00:00,61,60:53,home,Fijian Drua,63,19,2,,,,,,,,,,,,,,
super_rugby_2026_fijian_drua_vs_moana_pasifika_65866094.json,sr:sport_event:65866094,2026-02-14T03:35:00+00:00,Super Rugby,sr:competition:422,Super Rugby 2026,sr:season:137092,2026,league,regular season,1,Super Rugby Pacific 2026,Fijian Drua,sr:competitor:364712,FID,Moana Pasifika,sr:competitor:761406,MOA,,,,,"Playle, Marcus",,247,2270360982,line_out,2026-02-14T05:09:41+00:00,61,60:55,home,Fijian Drua,92,72,2,,,,,,,,,,,,,,
super_rugby_2026_fijian_drua_vs_moana_pasifika_65866094.json,sr:sport_event:65866094,2026-02-14T03:35:00+00:00,Super Rugby,sr:competition:422,Super Rugby 2026,sr:season:137092,2026,league,regular season,1,Super Rugby Pacific 2026,Fijian Drua,sr:competitor:364712,FID,Moana Pasifika,sr:competitor:761406,MOA,,,,,"Playle, Marcus",,248,2270361120,line_out_won,2026-02-14T05:10:09+00:00,61,60:57,away,Moana Pasifika,92,72,2,,,,,,,,,,,,,,
super_rugby_2026_fijian_drua_vs_moana_pasifika_65866094.json,sr:sport_event:65866094,2026-02-14T03:35:00+00:00,Super Rugby,sr:competition:422,Super Rugby 2026,sr:season:137092,2026,league,regular season,1,Super Rugby Pacific 2026,Fijian Drua,sr:competitor:364712,FID,Moana Pasifika,sr:competitor:761406,MOA,,,,,"Playle, Marcus",,249,2270361142,ball_recycled,2026-02-14T05:10:11+00:00,61,60:59,away,Moana Pasifika,75,24,2,,,,,,,,,,,,,,
super_rugby_2026_fijian_drua_vs_moana_pasifika_65866094.json,sr:sport_event:65866094,2026-02-14T03:35:00+00:00,Super Rugby,sr:competition:422,Super Rugby 2026,sr:season:137092,2026,league,regular season,1,Super Rugby Pacific 2026,Fijian Drua,sr:competitor:364712,FID,Moana Pasifika,sr:competitor:761406,MOA,,,,,"Playle, Marcus",,250,2270361234,ball_recycled,2026-02-14T05:10:22+00:00,62,61:02,away,Moana Pasifika,75,15,2,,,,,,,,,,,,,,
super_rugby_2026_fijian_drua_vs_moana_pasifika_65866094.json,sr:sport_event:65866094,2026-02-14T03:35:00+00:00,Super Rugby,sr:competition:422,Super Rugby 2026,sr:season:137092,2026,league,regular season,1,Super Rugby Pacific 2026,Fijian Drua,sr:competitor:364712,FID,Moana Pasifika,sr:competitor:761406,MOA,,,,,"Playle, Marcus",,251,2270361344,line_out,2026-02-14T05:10:36+00:00,62,61:10,home,Fijian Drua,58,0,2,,,,,,,,,,,,,,
super_rugby_2026_fijian_drua_vs_moana_pasifika_65866094.json,sr:sport_event:65866094,2026-02-14T03:35:00+00:00,Super Rugby,sr:competition:422,Super Rugby 2026,sr:season:137092,2026,league,regular season,1,Super Rugby Pacific 2026,Fijian Drua,sr:competitor:364712,FID,Moana Pasifika,sr:competitor:761406,MOA,,,,,"Playle, Marcus",,252,2270361506,line_out_won,2026-02-14T05:10:54+00:00,62,61:28,home,Fijian Drua,58,0,2,,,,,,,,,,,,,,
super_rugby_2026_fijian_drua_vs_moana_pasifika_65866094.json,sr:sport_event:65866094,2026-02-14T03:35:00+00:00,Super Rugby,sr:competition:422,Super Rugby 2026,sr:season:137092,2026,league,regular season,1,Super Rugby Pacific 2026,Fijian Drua,sr:competitor:364712,FID,Moana Pasifika,sr:competitor:761406,MOA,,,,,"Playle, Marcus",,253,2270361530,ball_recycled,2026-02-14T05:10:56+00:00,62,61:30,home,Fijian Drua,72,18,2,,,,,,,,,,,,,,
super_rugby_2026_fijian_drua_vs_moana_pasifika_65866094.json,sr:sport_event:65866094,2026-02-14T03:35:00+00:00,Super Rugby,sr:competition:422,Super Rugby 2026,sr:season:137092,2026,league,regular season,1,Super Rugby Pacific 2026,Fijian Drua,sr:competitor:364712,FID,Moana Pasifika,sr:competitor:761406,MOA,,,,,"Playle, Marcus",,254,2270361620,scrum,2026-02-14T05:11:09+00:00,62,61:43,away,Moana Pasifika,70,22,2,,,,,,,,,,,,,,
super_rugby_2026_fijian_drua_vs_moana_pasifika_65866094.json,sr:sport_event:65866094,2026-02-14T03:35:00+00:00,Super Rugby,sr:competition:422,Super Rugby 2026,sr:season:137092,2026,league,regular season,1,Super Rugby Pacific 2026,Fijian Drua,sr:competitor:364712,FID,Moana Pasifika,sr:competitor:761406,MOA,,,,,"Playle, Marcus",,255,2270361892,scrum_won,2026-02-14T05:11:48+00:00,63,62:22,away,Moana Pasifika,70,22,2,,,,,,,,,,,,,,
super_rugby_2026_fijian_drua_vs_moana_pasifika_65866094.json,sr:sport_event:65866094,2026-02-14T03:35:00+00:00,Super Rugby,sr:competition:422,Super Rugby 2026,sr:season:137092,2026,league,regular season,1,Super Rugby Pacific 2026,Fijian Drua,sr:competitor:364712,FID,Moana Pasifika,sr:competitor:761406,MOA,,,,,"Playle, Marcus",,256,2270361928,ball_kicked,2026-02-14T05:11:53+00:00,63,62:27,away,Moana Pasifika,31,14,2,,,,,,,,,,,,,,
super_rugby_2026_fijian_drua_vs_moana_pasifika_65866094.json,sr:sport_event:65866094,2026-02-14T03:35:00+00:00,Super Rugby,sr:competition:422,Super Rugby 2026,sr:season:137092,2026,league,regular season,1,Super Rugby Pacific 2026,Fijian Drua,sr:competitor:364712,FID,Moana Pasifika,sr:competitor:761406,MOA,,,,,"Playle, Marcus",,257,2270362016,line_out,2026-02-14T05:12:07+00:00,63,62:41,home,Fijian Drua,87,0,2,,,,,,,,,,,,,,
super_rugby_2026_fijian_drua_vs_moana_pasifika_65866094.json,sr:sport_event:65866094,2026-02-14T03:35:00+00:00,Super Rugby,sr:competition:422,Super Rugby 2026,sr:season:137092,2026,league,regular season,1,Super Rugby Pacific 2026,Fijian Drua,sr:competitor:364712,FID,Moana Pasifika,sr:competitor:761406,MOA,,,,,"Playle, Marcus",,258,2270362122,line_out_won,2026-02-14T05:12:24+00:00,63,62:59,home,Fijian Drua,87,0,2,,,,,,,,,,,,,,
super_rugby_2026_fijian_drua_vs_moana_pasifika_65866094.json,sr:sport_event:65866094,2026-02-14T03:35:00+00:00,Super Rugby,sr:competition:422,Super Rugby 2026,sr:season:137092,2026,league,regular season,1,Super Rugby Pacific 2026,Fijian Drua,sr:competitor:364712,FID,Moana Pasifika,sr:competitor:761406,MOA,,,,,"Playle, Marcus",,259,2270362138,ball_recycled,2026-02-14T05:12:27+00:00,64,63:01,home,Fijian Drua,84,15,2,,,,,,,,,,,,,,
super_rugby_2026_fijian_drua_vs_moana_pasifika_65866094.json,sr:sport_event:65866094,2026-02-14T03:35:00+00:00,Super Rugby,sr:competition:422,Super Rugby 2026,sr:season:137092,2026,league,regular season,1,Super Rugby Pacific 2026,Fijian Drua,sr:competitor:364712,FID,Moana Pasifika,sr:competitor:761406,MOA,,,,,"Playle, Marcus",,260,2270362198,ball_recycled,2026-02-14T05:12:38+00:00,64,63:12,home,Fijian Drua,89,15,2,,,,,,,,,,,,,,
super_rugby_2026_fijian_drua_vs_moana_pasifika_65866094.json,sr:sport_event:65866094,2026-02-14T03:35:00+00:00,Super Rugby,sr:competition:422,Super Rugby 2026,sr:season:137092,2026,league,regular season,1,Super Rugby Pacific 2026,Fijian Drua,sr:competitor:364712,FID,Moana Pasifika,sr:competitor:761406,MOA,,,,,"Playle, Marcus",,261,2270362296,score_change,2026-02-14T05:12:51+00:00,64,63:26,home,Fijian Drua,109,23,2,,,24,33,try,,,sr:player:2092932,"Mayanavanua, Temo",,,,,"[{""id"": ""sr:player:2092932"", ""name"": ""Mayanavanua, Temo"", ""type"": ""scorer""}]"
super_rugby_2026_fijian_drua_vs_moana_pasifika_65866094.json,sr:sport_event:65866094,2026-02-14T03:35:00+00:00,Super Rugby,sr:competition:422,Super Rugby 2026,sr:season:137092,2026,league,regular season,1,Super Rugby Pacific 2026,Fijian Drua,sr:competitor:364712,FID,Moana Pasifika,sr:competitor:761406,MOA,,,,,"Playle, Marcus",,262,2270362666,score_change,2026-02-14T05:13:41+00:00,65,64:15,home,Fijian Drua,85,20,2,,,26,33,conversion,,,sr:player:2573405,"Valetini, Kemu",,,,,"[{""id"": ""sr:player:2573405"", ""name"": ""Valetini, Kemu"", ""type"": ""scorer""}]"
super_rugby_2026_fijian_drua_vs_moana_pasifika_65866094.json,sr:sport_event:65866094,2026-02-14T03:35:00+00:00,Super Rugby,sr:competition:422,Super Rugby 2026,sr:season:137092,2026,league,regular season,1,Super Rugby Pacific 2026,Fijian Drua,sr:competitor:364712,FID,Moana Pasifika,sr:competitor:761406,MOA,,,,,"Playle, Marcus",,263,2270362724,substitution,2026-02-14T05:13:48+00:00,65,64:22,home,Fijian Drua,,,2,,,,,,,,,,sr:player:2770191,"Vocevoce, Mesake",sr:player:2287839,"Tamani, Joseva","[{""id"": ""sr:player:2770191"", ""name"": ""Vocevoce, Mesake"", ""type"": ""substituted_out""}, {""id"": ""sr:player:2287839"", ""name"": ""Tamani, Joseva"", ""type"": ""substituted_in""}]"
super_rugby_2026_fijian_drua_vs_moana_pasifika_65866094.json,sr:sport_event:65866094,2026-02-14T03:35:00+00:00,Super Rugby,sr:competition:422,Super Rugby 2026,sr:season:137092,2026,league,regular season,1,Super Rugby Pacific 2026,Fijian Drua,sr:competitor:364712,FID,Moana Pasifika,sr:competitor:761406,MOA,,,,,"Playle, Marcus",,264,2270362844,substitution,2026-02-14T05:14:05+00:00,65,64:39,away,Moana Pasifika,,,2,,,,,,,,,,sr:player:2131488,"Alaimalo, Solomon",sr:player:3156046,"Samoa, Denzel","[{""id"": ""sr:player:2131488"", ""name"": ""Alaimalo, Solomon"", ""type"": ""substituted_out""}, {""id"": ""sr:player:3156046"", ""name"": ""Samoa, Denzel"", ""type"": ""substituted_in""}]"
super_rugby_2026_fijian_drua_vs_moana_pasifika_65866094.json,sr:sport_event:65866094,2026-02-14T03:35:00+00:00,Super Rugby,sr:competition:422,Super Rugby 2026,sr:season:137092,2026,league,regular season,1,Super Rugby Pacific 2026,Fijian Drua,sr:competitor:364712,FID,Moana Pasifika,sr:competitor:761406,MOA,,,,,"Playle, Marcus",,265,2270362894,ball_kicked,2026-02-14T05:14:15+00:00,65,64:50,away,Moana Pasifika,29,50,2,,,,,,,,,,,,,,
super_rugby_2026_fijian_drua_vs_moana_pasifika_65866094.json,sr:sport_event:65866094,2026-02-14T03:35:00+00:00,Super Rugby,sr:competition:422,Super Rugby 2026,sr:season:137092,2026,league,regular season,1,Super Rugby Pacific 2026,Fijian Drua,sr:competitor:364712,FID,Moana Pasifika,sr:competitor:761406,MOA,,,,,"Playle, Marcus",,266,2270362984,line_out,2026-02-14T05:14:27+00:00,66,65:01,away,Moana Pasifika,72,72,2,,,,,,,,,,,,,,
super_rugby_2026_fijian_drua_vs_moana_pasifika_65866094.json,sr:sport_event:65866094,2026-02-14T03:35:00+00:00,Super Rugby,sr:competition:422,Super Rugby 2026,sr:season:137092,2026,league,regular season,1,Super Rugby Pacific 2026,Fijian Drua,sr:competitor:364712,FID,Moana Pasifika,sr:competitor:761406,MOA,,,,,"Playle, Marcus",,267,2270363164,line_out_won,2026-02-14T05:14:53+00:00,66,65:28,away,Moana Pasifika,72,72,2,,,,,,,,,,,,,,
super_rugby_2026_fijian_drua_vs_moana_pasifika_65866094.json,sr:sport_event:65866094,2026-02-14T03:35:00+00:00,Super Rugby,sr:competition:422,Super Rugby 2026,sr:season:137092,2026,league,regular season,1,Super Rugby Pacific 2026,Fijian Drua,sr:competitor:364712,FID,Moana Pasifika,sr:competitor:761406,MOA,,,,,"Playle, Marcus",,268,2270363198,ball_recycled,2026-02-14T05:14:58+00:00,66,65:32,away,Moana Pasifika,73,45,2,,,,,,,,,,,,,,
super_rugby_2026_fijian_drua_vs_moana_pasifika_65866094.json,sr:sport_event:65866094,2026-02-14T03:35:00+00:00,Super Rugby,sr:competition:422,Super Rugby 2026,sr:season:137092,2026,league,regular season,1,Super Rugby Pacific 2026,Fijian Drua,sr:competitor:364712,FID,Moana Pasifika,sr:competitor:761406,MOA,,,,,"Playle, Marcus",,269,2270363230,line_out,2026-02-14T05:15:04+00:00,66,65:37,home,Fijian Drua,37,72,2,,,,,,,,,,,,,,
super_rugby_2026_fijian_drua_vs_moana_pasifika_65866094.json,sr:sport_event:65866094,2026-02-14T03:35:00+00:00,Super Rugby,sr:competition:422,Super Rugby 2026,sr:season:137092,2026,league,regular season,1,Super Rugby Pacific 2026,Fijian Drua,sr:competitor:364712,FID,Moana Pasifika,sr:competitor:761406,MOA,,,,,"Playle, Marcus",,270,2270363352,line_out_won,2026-02-14T05:15:10+00:00,66,65:44,home,Fijian Drua,37,72,2,,,,,,,,,,,,,,
super_rugby_2026_fijian_drua_vs_moana_pasifika_65866094.json,sr:sport_event:65866094,2026-02-14T03:35:00+00:00,Super Rugby,sr:competition:422,Super Rugby 2026,sr:season:137092,2026,league,regular season,1,Super Rugby Pacific 2026,Fijian Drua,sr:competitor:364712,FID,Moana Pasifika,sr:competitor:761406,MOA,,,,,"Playle, Marcus",,271,2270363396,line_out,2026-02-14T05:15:18+00:00,66,65:52,home,Fijian Drua,60,0,2,,,,,,,,,,,,,,
super_rugby_2026_fijian_drua_vs_moana_pasifika_65866094.json,sr:sport_event:65866094,2026-02-14T03:35:00+00:00,Super Rugby,sr:competition:422,Super Rugby 2026,sr:season:137092,2026,league,regular season,1,Super Rugby Pacific 2026,Fijian Drua,sr:competitor:364712,FID,Moana Pasifika,sr:competitor:761406,MOA,,,,,"Playle, Marcus",,272,2270363668,penalty_awarded,2026-02-14T05:16:03+00:00,67,66:37,away,Moana Pasifika,60,0,2,,,,,,,,,,,,,,
super_rugby_2026_fijian_drua_vs_moana_pasifika_65866094.json,sr:sport_event:65866094,2026-02-14T03:35:00+00:00,Super Rugby,sr:competition:422,Super Rugby 2026,sr:season:137092,2026,league,regular season,1,Super Rugby Pacific 2026,Fijian Drua,sr:competitor:364712,FID,Moana Pasifika,sr:competitor:761406,MOA,,,,,"Playle, Marcus",,273,2270363698,kick_to_touch,2026-02-14T05:16:08+00:00,67,66:42,away,Moana Pasifika,60,0,2,,,,,,,,,,,,,,
super_rugby_2026_fijian_drua_vs_moana_pasifika_65866094.json,sr:sport_event:65866094,2026-02-14T03:35:00+00:00,Super Rugby,sr:competition:422,Super Rugby 2026,sr:season:137092,2026,league,regular season,1,Super Rugby Pacific 2026,Fijian Drua,sr:competitor:364712,FID,Moana Pasifika,sr:competitor:761406,MOA,,,,,"Playle, Marcus",,274,2270363722,ball_kicked,2026-02-14T05:16:10+00:00,67,66:45,away,Moana Pasifika,29,18,2,,,,,,,,,,,,,,
super_rugby_2026_fijian_drua_vs_moana_pasifika_65866094.json,sr:sport_event:65866094,2026-02-14T03:35:00+00:00,Super Rugby,sr:competition:422,Super Rugby 2026,sr:season:137092,2026,league,regular season,1,Super Rugby Pacific 2026,Fijian Drua,sr:competitor:364712,FID,Moana Pasifika,sr:competitor:761406,MOA,,,,,"Playle, Marcus",,275,2270363754,line_out,2026-02-14T05:16:15+00:00,67,66:49,away,Moana Pasifika,72,70,2,,,,,,,,,,,,,,
super_rugby_2026_fijian_drua_vs_moana_pasifika_65866094.json,sr:sport_event:65866094,2026-02-14T03:35:00+00:00,Super Rugby,sr:competition:422,Super Rugby 2026,sr:season:137092,2026,league,regular season,1,Super Rugby Pacific 2026,Fijian Drua,sr:competitor:364712,FID,Moana Pasifika,sr:competitor:761406,MOA,,,,,"Playle, Marcus",,276,2270363944,line_out_won,2026-02-14T05:16:43+00:00,68,67:16,away,Moana Pasifika,72,70,2,,,,,,,,,,,,,,
super_rugby_2026_fijian_drua_vs_moana_pasifika_65866094.json,sr:sport_event:65866094,2026-02-14T03:35:00+00:00,Super Rugby,sr:competition:422,Super Rugby 2026,sr:season:137092,2026,league,regular season,1,Super Rugby Pacific 2026,Fijian Drua,sr:competitor:364712,FID,Moana Pasifika,sr:competitor:761406,MOA,,,,,"Playle, Marcus",,277,2270364010,penalty_awarded,2026-02-14T05:16:51+00:00,68,67:24,away,Moana Pasifika,79,29,2,,,,,,,,,,,,,,
super_rugby_2026_fijian_drua_vs_moana_pasifika_65866094.json,sr:sport_event:65866094,2026-02-14T03:35:00+00:00,Super Rugby,sr:competition:422,Super Rugby 2026,sr:season:137092,2026,league,regular season,1,Super Rugby Pacific 2026,Fijian Drua,sr:competitor:364712,FID,Moana Pasifika,sr:competitor:761406,MOA,,,,,"Playle, Marcus",,278,2270364658,kick_to_touch,2026-02-14T05:18:40+00:00,68,67:59,away,Moana Pasifika,79,29,2,,,,,,,,,,,,,,
super_rugby_2026_fijian_drua_vs_moana_pasifika_65866094.json,sr:sport_event:65866094,2026-02-14T03:35:00+00:00,Super Rugby,sr:competition:422,Super Rugby 2026,sr:season:137092,2026,league,regular season,1,Super Rugby Pacific 2026,Fijian Drua,sr:competitor:364712,FID,Moana Pasifika,sr:competitor:761406,MOA,,,,,"Playle, Marcus",,279,2270364670,line_out,2026-02-14T05:18:41+00:00,68,68:00,away,Moana Pasifika,40,-1,2,,,,,,,,,,,,,,
super_rugby_2026_fijian_drua_vs_moana_pasifika_65866094.json,sr:sport_event:65866094,2026-02-14T03:35:00+00:00,Super Rugby,sr:competition:422,Super Rugby 2026,sr:season:137092,2026,league,regular season,1,Super Rugby Pacific 2026,Fijian Drua,sr:competitor:364712,FID,Moana Pasifika,sr:competitor:761406,MOA,,,,,"Playle, Marcus",,280,2270364872,line_out_won,2026-02-14T05:19:05+00:00,69,68:24,away,Moana Pasifika,40,-1,2,,,,,,,,,,,,,,
super_rugby_2026_fijian_drua_vs_moana_pasifika_65866094.json,sr:sport_event:65866094,2026-02-14T03:35:00+00:00,Super Rugby,sr:competition:422,Super Rugby 2026,sr:season:137092,2026,league,regular season,1,Super Rugby Pacific 2026,Fijian Drua,sr:competitor:364712,FID,Moana Pasifika,sr:competitor:761406,MOA,,,,,"Playle, Marcus",,281,2270364926,ball_recycled,2026-02-14T05:19:12+00:00,69,68:31,away,Moana Pasifika,35,17,2,,,,,,,,,,,,,,
super_rugby_2026_fijian_drua_vs_moana_pasifika_65866094.json,sr:sport_event:65866094,2026-02-14T03:35:00+00:00,Super Rugby,sr:competition:422,Super Rugby 2026,sr:season:137092,2026,league,regular season,1,Super Rugby Pacific 2026,Fijian Drua,sr:competitor:364712,FID,Moana Pasifika,sr:competitor:761406,MOA,,,,,"Playle, Marcus",,282,2270365096,ball_recycled,2026-02-14T05:19:35+00:00,69,68:54,away,Moana Pasifika,30,13,2,,,,,,,,,,,,,,
super_rugby_2026_fijian_drua_vs_moana_pasifika_65866094.json,sr:sport_event:65866094,2026-02-14T03:35:00+00:00,Super Rugby,sr:competition:422,Super Rugby 2026,sr:season:137092,2026,league,regular season,1,Super Rugby Pacific 2026,Fijian Drua,sr:competitor:364712,FID,Moana Pasifika,sr:competitor:761406,MOA,,,,,"Playle, Marcus",,283,2270365174,penalty_awarded,2026-02-14T05:19:51+00:00,70,69:10,away,Moana Pasifika,29,19,2,,,,,,,,,,,,,,
super_rugby_2026_fijian_drua_vs_moana_pasifika_65866094.json,sr:sport_event:65866094,2026-02-14T03:35:00+00:00,Super Rugby,sr:competition:422,Super Rugby 2026,sr:season:137092,2026,league,regular season,1,Super Rugby Pacific 2026,Fijian Drua,sr:competitor:364712,FID,Moana Pasifika,sr:competitor:761406,MOA,,,,,"Playle, Marcus",,284,2270365898,ball_kicked,2026-02-14T05:21:26+00:00,71,70:45,home,Fijian Drua,85,42,2,,,,,,,,,,,,,,
super_rugby_2026_fijian_drua_vs_moana_pasifika_65866094.json,sr:sport_event:65866094,2026-02-14T03:35:00+00:00,Super Rugby,sr:competition:422,Super Rugby 2026,sr:season:137092,2026,league,regular season,1,Super Rugby Pacific 2026,Fijian Drua,sr:competitor:364712,FID,Moana Pasifika,sr:competitor:761406,MOA,,,,,"Playle, Marcus",,285,2270366138,scrum,2026-02-14T05:21:54+00:00,72,71:13,home,Fijian Drua,71,26,2,,,,,,,,,,,,,,
super_rugby_2026_fijian_drua_vs_moana_pasifika_65866094.json,sr:sport_event:65866094,2026-02-14T03:35:00+00:00,Super Rugby,sr:competition:422,Super Rugby 2026,sr:season:137092,2026,league,regular season,1,Super Rugby Pacific 2026,Fijian Drua,sr:competitor:364712,FID,Moana Pasifika,sr:competitor:761406,MOA,,,,,"Playle, Marcus",,286,2270366668,scrum_won,2026-02-14T05:23:16+00:00,72,71:43,home,Fijian Drua,71,26,2,,,,,,,,,,,,,,
super_rugby_2026_fijian_drua_vs_moana_pasifika_65866094.json,sr:sport_event:65866094,2026-02-14T03:35:00+00:00,Super Rugby,sr:competition:422,Super Rugby 2026,sr:season:137092,2026,league,regular season,1,Super Rugby Pacific 2026,Fijian Drua,sr:competitor:364712,FID,Moana Pasifika,sr:competitor:761406,MOA,,,,,"Playle, Marcus",,287,2270366734,ball_recycled,2026-02-14T05:23:26+00:00,72,71:53,home,Fijian Drua,87,11,2,,,,,,,,,,,,,,
super_rugby_2026_fijian_drua_vs_moana_pasifika_65866094.json,sr:sport_event:65866094,2026-02-14T03:35:00+00:00,Super Rugby,sr:competition:422,Super Rugby 2026,sr:season:137092,2026,league,regular season,1,Super Rugby Pacific 2026,Fijian Drua,sr:competitor:364712,FID,Moana Pasifika,sr:competitor:761406,MOA,,,,,"Playle, Marcus",,288,2270366866,penalty_awarded,2026-02-14T05:23:48+00:00,73,72:16,away,Moana Pasifika,85,22,2,,,,,,,,,,,,,,
super_rugby_2026_fijian_drua_vs_moana_pasifika_65866094.json,sr:sport_event:65866094,2026-02-14T03:35:00+00:00,Super Rugby,sr:competition:422,Super Rugby 2026,sr:season:137092,2026,league,regular season,1,Super Rugby Pacific 2026,Fijian Drua,sr:competitor:364712,FID,Moana Pasifika,sr:competitor:761406,MOA,,,,,"Playle, Marcus",,289,2270367458,kick_to_touch,2026-02-14T05:25:16+00:00,73,72:58,away,Moana Pasifika,85,22,2,,,,,,,,,,,,,,
super_rugby_2026_fijian_drua_vs_moana_pasifika_65866094.json,sr:sport_event:65866094,2026-02-14T03:35:00+00:00,Super Rugby,sr:competition:422,Super Rugby 2026,sr:season:137092,2026,league,regular season,1,Super Rugby Pacific 2026,Fijian Drua,sr:competitor:364712,FID,Moana Pasifika,sr:competitor:761406,MOA,,,,,"Playle, Marcus",,290,2270367480,ball_recycled,2026-02-14T05:25:21+00:00,74,73:04,away,Moana Pasifika,50,21,2,,,,,,,,,,,,,,
super_rugby_2026_fijian_drua_vs_moana_pasifika_65866094.json,sr:sport_event:65866094,2026-02-14T03:35:00+00:00,Super Rugby,sr:competition:422,Super Rugby 2026,sr:season:137092,2026,league,regular season,1,Super Rugby Pacific 2026,Fijian Drua,sr:competitor:364712,FID,Moana Pasifika,sr:competitor:761406,MOA,,,,,"Playle, Marcus",,291,2270367546,ball_recycled,2026-02-14T05:25:32+00:00,74,73:14,away,Moana Pasifika,42,24,2,,,,,,,,,,,,,,
super_rugby_2026_fijian_drua_vs_moana_pasifika_65866094.json,sr:sport_event:65866094,2026-02-14T03:35:00+00:00,Super Rugby,sr:competition:422,Super Rugby 2026,sr:season:137092,2026,league,regular season,1,Super Rugby Pacific 2026,Fijian Drua,sr:competitor:364712,FID,Moana Pasifika,sr:competitor:761406,MOA,,,,,"Playle, Marcus",,292,2270367610,ball_recycled,2026-02-14T05:25:41+00:00,74,73:23,away,Moana Pasifika,40,44,2,,,,,,,,,,,,,,
super_rugby_2026_fijian_drua_vs_moana_pasifika_65866094.json,sr:sport_event:65866094,2026-02-14T03:35:00+00:00,Super Rugby,sr:competition:422,Super Rugby 2026,sr:season:137092,2026,league,regular season,1,Super Rugby Pacific 2026,Fijian Drua,sr:competitor:364712,FID,Moana Pasifika,sr:competitor:761406,MOA,,,,,"Playle, Marcus",,293,2270367644,ball_recycled,2026-02-14T05:25:50+00:00,74,73:33,away,Moana Pasifika,39,51,2,,,,,,,,,,,,,,
super_rugby_2026_fijian_drua_vs_moana_pasifika_65866094.json,sr:sport_event:65866094,2026-02-14T03:35:00+00:00,Super Rugby,sr:competition:422,Super Rugby 2026,sr:season:137092,2026,league,regular season,1,Super Rugby Pacific 2026,Fijian Drua,sr:competitor:364712,FID,Moana Pasifika,sr:competitor:761406,MOA,,,,,"Playle, Marcus",,294,2270367658,substitution,2026-02-14T05:25:53+00:00,74,73:35,home,Fijian Drua,,,2,,,,,,,,,,sr:player:2886491,"Loganimasi, Ponepati",sr:player:2735983,"Momo, Epeli","[{""id"": ""sr:player:2886491"", ""name"": ""Loganimasi, Ponepati"", ""type"": ""substituted_out""}, {""id"": ""sr:player:2735983"", ""name"": ""Momo, Epeli"", ""type"": ""substituted_in""}]"
super_rugby_2026_fijian_drua_vs_moana_pasifika_65866094.json,sr:sport_event:65866094,2026-02-14T03:35:00+00:00,Super Rugby,sr:competition:422,Super Rugby 2026,sr:season:137092,2026,league,regular season,1,Super Rugby Pacific 2026,Fijian Drua,sr:competitor:364712,FID,Moana Pasifika,sr:competitor:761406,MOA,,,,,"Playle, Marcus",,295,2270367786,ball_recycled,2026-02-14T05:26:12+00:00,74,73:54,away,Moana Pasifika,46,51,2,,,,,,,,,,,,,,
super_rugby_2026_fijian_drua_vs_moana_pasifika_65866094.json,sr:sport_event:65866094,2026-02-14T03:35:00+00:00,Super Rugby,sr:competition:422,Super Rugby 2026,sr:season:137092,2026,league,regular season,1,Super Rugby Pacific 2026,Fijian Drua,sr:competitor:364712,FID,Moana Pasifika,sr:competitor:761406,MOA,,,,,"Playle, Marcus",,296,2270367906,scrum,2026-02-14T05:26:36+00:00,75,74:18,away,Moana Pasifika,51,44,2,,,,,,,,,,,,,,
super_rugby_2026_fijian_drua_vs_moana_pasifika_65866094.json,sr:sport_event:65866094,2026-02-14T03:35:00+00:00,Super Rugby,sr:competition:422,Super Rugby 2026,sr:season:137092,2026,league,regular season,1,Super Rugby Pacific 2026,Fijian Drua,sr:competitor:364712,FID,Moana Pasifika,sr:competitor:761406,MOA,,,,,"Playle, Marcus",,297,2270367998,scrum_won,2026-02-14T05:26:49+00:00,75,74:31,away,Moana Pasifika,51,44,2,,,,,,,,,,,,,,
super_rugby_2026_fijian_drua_vs_moana_pasifika_65866094.json,sr:sport_event:65866094,2026-02-14T03:35:00+00:00,Super Rugby,sr:competition:422,Super Rugby 2026,sr:season:137092,2026,league,regular season,1,Super Rugby Pacific 2026,Fijian Drua,sr:competitor:364712,FID,Moana Pasifika,sr:competitor:761406,MOA,,,,,"Playle, Marcus",,298,2270368004,penalty_awarded,2026-02-14T05:26:49+00:00,75,74:31,away,Moana Pasifika,51,44,2,,,,,,,,,,,,,,
super_rugby_2026_fijian_drua_vs_moana_pasifika_65866094.json,sr:sport_event:65866094,2026-02-14T03:35:00+00:00,Super Rugby,sr:competition:422,Super Rugby 2026,sr:season:137092,2026,league,regular season,1,Super Rugby Pacific 2026,Fijian Drua,sr:competitor:364712,FID,Moana Pasifika,sr:competitor:761406,MOA,,,,,"Playle, Marcus",,299,2270368100,kick_to_touch,2026-02-14T05:27:04+00:00,75,74:46,away,Moana Pasifika,51,44,2,,,,,,,,,,,,,,
super_rugby_2026_fijian_drua_vs_moana_pasifika_65866094.json,sr:sport_event:65866094,2026-02-14T03:35:00+00:00,Super Rugby,sr:competition:422,Super Rugby 2026,sr:season:137092,2026,league,regular season,1,Super Rugby Pacific 2026,Fijian Drua,sr:competitor:364712,FID,Moana Pasifika,sr:competitor:761406,MOA,,,,,"Playle, Marcus",,300,2270368108,line_out,2026-02-14T05:27:06+00:00,75,74:48,away,Moana Pasifika,23,71,2,,,,,,,,,,,,,,
super_rugby_2026_fijian_drua_vs_moana_pasifika_65866094.json,sr:sport_event:65866094,2026-02-14T03:35:00+00:00,Super Rugby,sr:competition:422,Super Rugby 2026,sr:season:137092,2026,league,regular season,1,Super Rugby Pacific 2026,Fijian Drua,sr:competitor:364712,FID,Moana Pasifika,sr:competitor:761406,MOA,,,,,"Playle, Marcus",,301,2270368304,line_out_won,2026-02-14T05:27:32+00:00,76,75:15,away,Moana Pasifika,23,71,2,,,,,,,,,,,,,,
super_rugby_2026_fijian_drua_vs_moana_pasifika_65866094.json,sr:sport_event:65866094,2026-02-14T03:35:00+00:00,Super Rugby,sr:competition:422,Super Rugby 2026,sr:season:137092,2026,league,regular season,1,Super Rugby Pacific 2026,Fijian Drua,sr:competitor:364712,FID,Moana Pasifika,sr:competitor:761406,MOA,,,,,"Playle, Marcus",,302,2270368458,ball_recycled,2026-02-14T05:27:45+00:00,76,75:27,away,Moana Pasifika,21,51,2,,,,,,,,,,,,,,
super_rugby_2026_fijian_drua_vs_moana_pasifika_65866094.json,sr:sport_event:65866094,2026-02-14T03:35:00+00:00,Super Rugby,sr:competition:422,Super Rugby 2026,sr:season:137092,2026,league,regular season,1,Super Rugby Pacific 2026,Fijian Drua,sr:competitor:364712,FID,Moana Pasifika,sr:competitor:761406,MOA,,,,,"Playle, Marcus",,303,2270368556,substitution,2026-02-14T05:27:59+00:00,76,75:42,away,Moana Pasifika,,,2,,,,,,,,,,sr:player:2943129,"Ofa, Tevita",sr:player:2800019,"Nginingini, Siaoisi","[{""id"": ""sr:player:2943129"", ""name"": ""Ofa, Tevita"", ""type"": ""substituted_out""}, {""id"": ""sr:player:2800019"", ""name"": ""Nginingini, Siaoisi"", ""type"": ""substituted_in""}]"
super_rugby_2026_fijian_drua_vs_moana_pasifika_65866094.json,sr:sport_event:65866094,2026-02-14T03:35:00+00:00,Super Rugby,sr:competition:422,Super Rugby 2026,sr:season:137092,2026,league,regular season,1,Super Rugby Pacific 2026,Fijian Drua,sr:competitor:364712,FID,Moana Pasifika,sr:competitor:761406,MOA,,,,,"Playle, Marcus",,304,2270368822,scrum,2026-02-14T05:28:31+00:00,77,76:13,home,Fijian Drua,56,34,2,,,,,,,,,,,,,,
super_rugby_2026_fijian_drua_vs_moana_pasifika_65866094.json,sr:sport_event:65866094,2026-02-14T03:35:00+00:00,Super Rugby,sr:competition:422,Super Rugby 2026,sr:season:137092,2026,league,regular season,1,Super Rugby Pacific 2026,Fijian Drua,sr:competitor:364712,FID,Moana Pasifika,sr:competitor:761406,MOA,,,,,"Playle, Marcus",,305,2270368896,scrum_won,2026-02-14T05:28:43+00:00,77,76:25,home,Fijian Drua,56,34,2,,,,,,,,,,,,,,
super_rugby_2026_fijian_drua_vs_moana_pasifika_65866094.json,sr:sport_event:65866094,2026-02-14T03:35:00+00:00,Super Rugby,sr:competition:422,Super Rugby 2026,sr:season:137092,2026,league,regular season,1,Super Rugby Pacific 2026,Fijian Drua,sr:competitor:364712,FID,Moana Pasifika,sr:competitor:761406,MOA,,,,,"Playle, Marcus",,306,2270368958,ball_recycled,2026-02-14T05:28:52+00:00,77,76:34,home,Fijian Drua,42,33,2,,,,,,,,,,,,,,
super_rugby_2026_fijian_drua_vs_moana_pasifika_65866094.json,sr:sport_event:65866094,2026-02-14T03:35:00+00:00,Super Rugby,sr:competition:422,Super Rugby 2026,sr:season:137092,2026,league,regular season,1,Super Rugby Pacific 2026,Fijian Drua,sr:competitor:364712,FID,Moana Pasifika,sr:competitor:761406,MOA,,,,,"Playle, Marcus",,307,2270368988,turnover,2026-02-14T05:28:58+00:00,77,76:40,away,Moana Pasifika,46,16,2,,,,,,,,,,,,,,
super_rugby_2026_fijian_drua_vs_moana_pasifika_65866094.json,sr:sport_event:65866094,2026-02-14T03:35:00+00:00,Super Rugby,sr:competition:422,Super Rugby 2026,sr:season:137092,2026,league,regular season,1,Super Rugby Pacific 2026,Fijian Drua,sr:competitor:364712,FID,Moana Pasifika,sr:competitor:761406,MOA,,,,,"Playle, Marcus",,308,2270369016,ball_recycled,2026-02-14T05:29:02+00:00,77,76:44,away,Moana Pasifika,22,19,2,,,,,,,,,,,,,,
super_rugby_2026_fijian_drua_vs_moana_pasifika_65866094.json,sr:sport_event:65866094,2026-02-14T03:35:00+00:00,Super Rugby,sr:competition:422,Super Rugby 2026,sr:season:137092,2026,league,regular season,1,Super Rugby Pacific 2026,Fijian Drua,sr:competitor:364712,FID,Moana Pasifika,sr:competitor:761406,MOA,,,,,"Playle, Marcus",,309,2270369118,score_change,2026-02-14T05:29:21+00:00,78,77:04,away,Moana Pasifika,4,18,2,,,26,38,try,,,sr:player:2739725,"Tauatevalu, Ofa",,,,,"[{""id"": ""sr:player:2739725"", ""name"": ""Tauatevalu, Ofa"", ""type"": ""scorer""}]"
super_rugby_2026_fijian_drua_vs_moana_pasifika_65866094.json,sr:sport_event:65866094,2026-02-14T03:35:00+00:00,Super Rugby,sr:competition:422,Super Rugby 2026,sr:season:137092,2026,league,regular season,1,Super Rugby Pacific 2026,Fijian Drua,sr:competitor:364712,FID,Moana Pasifika,sr:competitor:761406,MOA,,,,,"Playle, Marcus",,310,2270369648,score_change,2026-02-14T05:30:28+00:00,79,78:11,away,Moana Pasifika,23,17,2,,,26,40,conversion,,,sr:player:2650483,"Pellegrini, Patrick",,,,,"[{""id"": ""sr:player:2650483"", ""name"": ""Pellegrini, Patrick"", ""type"": ""scorer""}]"
super_rugby_2026_fijian_drua_vs_moana_pasifika_65866094.json,sr:sport_event:65866094,2026-02-14T03:35:00+00:00,Super Rugby,sr:competition:422,Super Rugby 2026,sr:season:137092,2026,league,regular season,1,Super Rugby Pacific 2026,Fijian Drua,sr:competitor:364712,FID,Moana Pasifika,sr:competitor:761406,MOA,,,,,"Playle, Marcus",,311,2270369834,ball_kicked,2026-02-14T05:30:53+00:00,79,78:36,home,Fijian Drua,83,49,2,,,,,,,,,,,,,,
super_rugby_2026_fijian_drua_vs_moana_pasifika_65866094.json,sr:sport_event:65866094,2026-02-14T03:35:00+00:00,Super Rugby,sr:competition:422,Super Rugby 2026,sr:season:137092,2026,league,regular season,1,Super Rugby Pacific 2026,Fijian Drua,sr:competitor:364712,FID,Moana Pasifika,sr:competitor:761406,MOA,,,,,"Playle, Marcus",,312,2270369946,ball_recycled,2026-02-14T05:31:05+00:00,79,78:48,away,Moana Pasifika,73,43,2,,,,,,,,,,,,,,
super_rugby_2026_fijian_drua_vs_moana_pasifika_65866094.json,sr:sport_event:65866094,2026-02-14T03:35:00+00:00,Super Rugby,sr:competition:422,Super Rugby 2026,sr:season:137092,2026,league,regular season,1,Super Rugby Pacific 2026,Fijian Drua,sr:competitor:364712,FID,Moana Pasifika,sr:competitor:761406,MOA,,,,,"Playle, Marcus",,313,2270370036,ball_recycled,2026-02-14T05:31:18+00:00,79,79:00,away,Moana Pasifika,73,44,2,,,,,,,,,,,,,,
super_rugby_2026_fijian_drua_vs_moana_pasifika_65866094.json,sr:sport_event:65866094,2026-02-14T03:35:00+00:00,Super Rugby,sr:competition:422,Super Rugby 2026,sr:season:137092,2026,league,regular season,1,Super Rugby Pacific 2026,Fijian Drua,sr:competitor:364712,FID,Moana Pasifika,sr:competitor:761406,MOA,,,,,"Playle, Marcus",,314,2270370158,ball_recycled,2026-02-14T05:31:31+00:00,80,79:13,away,Moana Pasifika,76,38,2,,,,,,,,,,,,,,
super_rugby_2026_fijian_drua_vs_moana_pasifika_65866094.json,sr:sport_event:65866094,2026-02-14T03:35:00+00:00,Super Rugby,sr:competition:422,Super Rugby 2026,sr:season:137092,2026,league,regular season,1,Super Rugby Pacific 2026,Fijian Drua,sr:competitor:364712,FID,Moana Pasifika,sr:competitor:761406,MOA,,,,,"Playle, Marcus",,315,2270370230,ball_recycled,2026-02-14T05:31:40+00:00,80,79:22,away,Moana Pasifika,77,34,2,,,,,,,,,,,,,,
super_rugby_2026_fijian_drua_vs_moana_pasifika_65866094.json,sr:sport_event:65866094,2026-02-14T03:35:00+00:00,Super Rugby,sr:competition:422,Super Rugby 2026,sr:season:137092,2026,league,regular season,1,Super Rugby Pacific 2026,Fijian Drua,sr:competitor:364712,FID,Moana Pasifika,sr:competitor:761406,MOA,,,,,"Playle, Marcus",,316,2270370346,ball_recycled,2026-02-14T05:31:57+00:00,80,79:39,away,Moana Pasifika,76,40,2,,,,,,,,,,,,,,
super_rugby_2026_fijian_drua_vs_moana_pasifika_65866094.json,sr:sport_event:65866094,2026-02-14T03:35:00+00:00,Super Rugby,sr:competition:422,Super Rugby 2026,sr:season:137092,2026,league,regular season,1,Super Rugby Pacific 2026,Fijian Drua,sr:competitor:364712,FID,Moana Pasifika,sr:competitor:761406,MOA,,,,,"Playle, Marcus",,317,2270370412,ball_recycled,2026-02-14T05:32:09+00:00,80,79:52,away,Moana Pasifika,81,47,2,,,,,,,,,,,,,,
super_rugby_2026_fijian_drua_vs_moana_pasifika_65866094.json,sr:sport_event:65866094,2026-02-14T03:35:00+00:00,Super Rugby,sr:competition:422,Super Rugby 2026,sr:season:137092,2026,league,regular season,1,Super Rugby Pacific 2026,Fijian Drua,sr:competitor:364712,FID,Moana Pasifika,sr:competitor:761406,MOA,,,,,"Playle, Marcus",,318,2270370622,match_ended,2026-02-14T05:32:35+00:00,,80:00,,,,,,,,,,,,,,,,,,,
