source_json,match_id,match_start_time,competition,competition_id,season,season_id,season_year,stage_type,stage_phase,round,group,home_team,home_team_id,home_abbreviation,away_team,away_team_id,away_abbreviation,venue,venue_city,venue_country,venue_map_coordinates,referee,referee_nationality,event_order,event_id,event_type,event_timestamp,match_time_minute,match_clock,competitor,team,x,y,period,period_name,break_name,home_score,away_score,method,player_id,player_name,scorer_id,scorer_name,substituted_out_id,substituted_out_name,substituted_in_id,substituted_in_name,players_json
super_rugby_2026_blues_vs_chiefs_65866096.json,sr:sport_event:65866096,2026-02-14T06:05:00+00:00,Super Rugby,sr:competition:422,Super Rugby 2026,sr:season:137092,2026,league,regular season,1,Super Rugby Pacific 2026,Blues,sr:competitor:4190,BLU,Chiefs,sr:competitor:4185,CHI,Eden Park,Auckland,New Zealand,"-36.87499, 174.744908","O'Keeffe, Ben",New Zealand,1,2270384146,match_started,2026-02-14T06:09:05+00:00,,,,,,,,,,,,,,,,,,,,,
super_rugby_2026_blues_vs_chiefs_65866096.json,sr:sport_event:65866096,2026-02-14T06:05:00+00:00,Super Rugby,sr:competition:422,Super Rugby 2026,sr:season:137092,2026,league,regular season,1,Super Rugby Pacific 2026,Blues,sr:competitor:4190,BLU,Chiefs,sr:competitor:4185,CHI,Eden Park,Auckland,New Zealand,"-36.87499, 174.744908","O'Keeffe, Ben",New Zealand,2,2270384144,period_start,2026-02-14T06:09:05+00:00,,,,,,,1,1st_half,,,,,,,,,,,,,
super_rugby_2026_blues_vs_chiefs_65866096.json,sr:sport_event:65866096,2026-02-14T06:05:00+00:00,Super Rugby,sr:competition:422,Super Rugby 2026,sr:season:137092,2026,league,regular season,1,Super Rugby Pacific 2026,Blues,sr:competitor:4190,BLU,Chiefs,sr:competitor:4185,CHI,Eden Park,Auckland,New Zealand,"-36.87499, 174.744908","O'Keeffe, Ben",New Zealand,3,2270395760,penalty_awarded,2026-02-14T06:32:39+00:00,27,26:56,away,Chiefs,15,26,1,,,,,,,,,,,,,,
super_rugby_2026_blues_vs_chiefs_65866096.json,sr:sport_event:65866096,2026-02-14T06:05:00+00:00,Super Rugby,sr:competition:422,Super Rugby 2026,sr:season:137092,2026,league,regular season,1,Super Rugby Pacific 2026,Blues,sr:competitor:4190,BLU,Chiefs,sr:competitor:4185,CHI,Eden Park,Auckland,New Zealand,"-36.87499, 174.744908","O'Keeffe, Ben",New Zealand,4,2270395820,kick_to_touch,2026-02-14T06:32:47+00:00,28,27:05,away,Chiefs,15,26,1,,,,,,,,,,,,,,
super_rugby_2026_blues_vs_chiefs_65866096.json,sr:sport_event:65866096,2026-02-14T06:05:00+00:00,Super Rugby,sr:competition:422,Super Rugby 2026,sr:season:137092,2026,league,regular season,1,Super Rugby Pacific 2026,Blues,sr:competitor:4190,BLU,Chiefs,sr:competitor:4185,CHI,Eden Park,Auckland,New Zealand,"-36.87499, 174.744908","O'Keeffe, Ben",New Zealand,5,2270395842,line_out,2026-02-14T06:32:50+00:00,28,27:07,home,Blues,13,-1,1,,,,,,,,,,,,,,
super_rugby_2026_blues_vs_chiefs_65866096.json,sr:sport_event:65866096,2026-02-14T06:05:00+00:00,Super Rugby,sr:competition:422,Super Rugby 2026,sr:season:137092,2026,league,regular season,1,Super Rugby Pacific 2026,Blues,sr:competitor:4190,BLU,Chiefs,sr:competitor:4185,CHI,Eden Park,Auckland,New Zealand,"-36.87499, 174.744908","O'Keeffe, Ben",New Zealand,6,2270396082,line_out_won,2026-02-14T06:33:11+00:00,28,27:29,away,Chiefs,13,-1,1,,,,,,,,,,,,,,
super_rugby_2026_blues_vs_chiefs_65866096.json,sr:sport_event:65866096,2026-02-14T06:05:00+00:00,Super Rugby,sr:competition:422,Super Rugby 2026,sr:season:137092,2026,league,regular season,1,Super Rugby Pacific 2026,Blues,sr:competitor:4190,BLU,Chiefs,sr:competitor:4185,CHI,Eden Park,Auckland,New Zealand,"-36.87499, 174.744908","O'Keeffe, Ben",New Zealand,7,2270396162,ball_recycled,2026-02-14T06:33:20+00:00,28,27:38,away,Chiefs,18,47,1,,,,,,,,,,,,,,
super_rugby_2026_blues_vs_chiefs_65866096.json,sr:sport_event:65866096,2026-02-14T06:05:00+00:00,Super Rugby,sr:competition:422,Super Rugby 2026,sr:season:137092,2026,league,regular season,1,Super Rugby Pacific 2026,Blues,sr:competitor:4190,BLU,Chiefs,sr:competitor:4185,CHI,Eden Park,Auckland,New Zealand,"-36.87499, 174.744908","O'Keeffe, Ben",New Zealand,8,2270396218,ball_recycled,2026-02-14T06:33:26+00:00,28,27:44,away,Chiefs,19,53,1,,,,,,,,,,,,,,
super_rugby_2026_blues_vs_chiefs_65866096.json,sr:sport_event:65866096,2026-02-14T06:05:00+00:00,Super Rugby,sr:competition:422,Super Rugby 2026,sr:season:137092,2026,league,regular season,1,Super Rugby Pacific 2026,Blues,sr:competitor:4190,BLU,Chiefs,sr:competitor:4185,CHI,Eden Park,Auckland,New Zealand,"-36.87499, 174.744908","O'Keeffe, Ben",New Zealand,9,2270396568,drop_out,2026-02-14T06:34:04+00:00,29,28:21,home,Blues,27,35,1,,,,,,,,,,,,,,
super_rugby_2026_blues_vs_chiefs_65866096.json,sr:sport_event:65866096,2026-02-14T06:05:00+00:00,Super Rugby,sr:competition:422,Super Rugby 2026,sr:season:137092,2026,league,regular season,1,Super Rugby Pacific 2026,Blues,sr:competitor:4190,BLU,Chiefs,sr:competitor:4185,CHI,Eden Park,Auckland,New Zealand,"-36.87499, 174.744908","O'Keeffe, Ben",New Zealand,10,2270396638,ball_kicked,2026-02-14T06:34:14+00:00,29,28:32,home,Blues,80,13,1,,,,,,,,,,,,,,
super_rugby_2026_blues_vs_chiefs_65866096.json,sr:sport_event:65866096,2026-02-14T06:05:00+00:00,Super Rugby,sr:competition:422,Super Rugby 2026,sr:season:137092,2026,league,regular season,1,Super Rugby Pacific 2026,Blues,sr:competitor:4190,BLU,Chiefs,sr:competitor:4185,CHI,Eden Park,Auckland,New Zealand,"-36.87499, 174.744908","O'Keeffe, Ben",New Zealand,11,2270396676,ball_recycled,2026-02-14T06:34:19+00:00,29,28:36,away,Chiefs,88,37,1,,,,,,,,,,,,,,
super_rugby_2026_blues_vs_chiefs_65866096.json,sr:sport_event:65866096,2026-02-14T06:05:00+00:00,Super Rugby,sr:competition:422,Super Rugby 2026,sr:season:137092,2026,league,regular season,1,Super Rugby Pacific 2026,Blues,sr:competitor:4190,BLU,Chiefs,sr:competitor:4185,CHI,Eden Park,Auckland,New Zealand,"-36.87499, 174.744908","O'Keeffe, Ben",New Zealand,12,2270396922,line_out,2026-02-14T06:34:45+00:00,30,29:03,home,Blues,46,0,1,,,,,,,,,,,,,,
super_rugby_2026_blues_vs_chiefs_65866096.json,sr:sport_event:65866096,2026-02-14T06:05:00+00:00,Super Rugby,sr:competition:422,Super Rugby 2026,sr:season:137092,2026,league,regular season,1,Super Rugby Pacific 2026,Blues,sr:competitor:4190,BLU,Chiefs,sr:competitor:4185,CHI,Eden Park,Auckland,New Zealand,"-36.87499, 174.744908","O'Keeffe, Ben",New Zealand,13,2270396980,line_out_won,2026-02-14T06:34:54+00:00,30,29:11,home,Blues,46,0,1,,,,,,,,,,,,,,
super_rugby_2026_blues_vs_chiefs_65866096.json,sr:sport_event:65866096,2026-02-14T06:05:00+00:00,Super Rugby,sr:competition:422,Super Rugby 2026,sr:season:137092,2026,league,regular season,1,Super Rugby Pacific 2026,Blues,sr:competitor:4190,BLU,Chiefs,sr:competitor:4185,CHI,Eden Park,Auckland,New Zealand,"-36.87499, 174.744908","O'Keeffe, Ben",New Zealand,14,2270396998,ball_recycled,2026-02-14T06:34:56+00:00,30,29:14,home,Blues,46,21,1,,,,,,,,,,,,,,
super_rugby_2026_blues_vs_chiefs_65866096.json,sr:sport_event:65866096,2026-02-14T06:05:00+00:00,Super Rugby,sr:competition:422,Super Rugby 2026,sr:season:137092,2026,league,regular season,1,Super Rugby Pacific 2026,Blues,sr:competitor:4190,BLU,Chiefs,sr:competitor:4185,CHI,Eden Park,Auckland,New Zealand,"-36.87499, 174.744908","O'Keeffe, Ben",New Zealand,15,2270397012,ball_recycled,2026-02-14T06:34:57+00:00,30,29:14,home,Blues,43,32,1,,,,,,,,,,,,,,
super_rugby_2026_blues_vs_chiefs_65866096.json,sr:sport_event:65866096,2026-02-14T06:05:00+00:00,Super Rugby,sr:competition:422,Super Rugby 2026,sr:season:137092,2026,league,regular season,1,Super Rugby Pacific 2026,Blues,sr:competitor:4190,BLU,Chiefs,sr:competitor:4185,CHI,Eden Park,Auckland,New Zealand,"-36.87499, 174.744908","O'Keeffe, Ben",New Zealand,16,2270397026,ball_recycled,2026-02-14T06:34:58+00:00,30,29:16,home,Blues,40,43,1,,,,,,,,,,,,,,
super_rugby_2026_blues_vs_chiefs_65866096.json,sr:sport_event:65866096,2026-02-14T06:05:00+00:00,Super Rugby,sr:competition:422,Super Rugby 2026,sr:season:137092,2026,league,regular season,1,Super Rugby Pacific 2026,Blues,sr:competitor:4190,BLU,Chiefs,sr:competitor:4185,CHI,Eden Park,Auckland,New Zealand,"-36.87499, 174.744908","O'Keeffe, Ben",New Zealand,17,2270397044,ball_recycled,2026-02-14T06:35:01+00:00,30,29:18,home,Blues,48,53,1,,,,,,,,,,,,,,
super_rugby_2026_blues_vs_chiefs_65866096.json,sr:sport_event:65866096,2026-02-14T06:05:00+00:00,Super Rugby,sr:competition:422,Super Rugby 2026,sr:season:137092,2026,league,regular season,1,Super Rugby Pacific 2026,Blues,sr:competitor:4190,BLU,Chiefs,sr:competitor:4185,CHI,Eden Park,Auckland,New Zealand,"-36.87499, 174.744908","O'Keeffe, Ben",New Zealand,18,2270397066,ball_recycled,2026-02-14T06:35:04+00:00,30,29:21,away,Chiefs,47,60,1,,,,,,,,,,,,,,
super_rugby_2026_blues_vs_chiefs_65866096.json,sr:sport_event:65866096,2026-02-14T06:05:00+00:00,Super Rugby,sr:competition:422,Super Rugby 2026,sr:season:137092,2026,league,regular season,1,Super Rugby Pacific 2026,Blues,sr:competitor:4190,BLU,Chiefs,sr:competitor:4185,CHI,Eden Park,Auckland,New Zealand,"-36.87499, 174.744908","O'Keeffe, Ben",New Zealand,19,2270397076,ball_recycled,2026-02-14T06:35:06+00:00,30,29:23,away,Chiefs,39,60,1,,,,,,,,,,,,,,
super_rugby_2026_blues_vs_chiefs_65866096.json,sr:sport_event:65866096,2026-02-14T06:05:00+00:00,Super Rugby,sr:competition:422,Super Rugby 2026,sr:season:137092,2026,league,regular season,1,Super Rugby Pacific 2026,Blues,sr:competitor:4190,BLU,Chiefs,sr:competitor:4185,CHI,Eden Park,Auckland,New Zealand,"-36.87499, 174.744908","O'Keeffe, Ben",New Zealand,20,2270397086,ball_recycled,2026-02-14T06:35:07+00:00,30,29:24,away,Chiefs,30,54,1,,,,,,,,,,,,,,
super_rugby_2026_blues_vs_chiefs_65866096.json,sr:sport_event:65866096,2026-02-14T06:05:00+00:00,Super Rugby,sr:competition:422,Super Rugby 2026,sr:season:137092,2026,league,regular season,1,Super Rugby Pacific 2026,Blues,sr:competitor:4190,BLU,Chiefs,sr:competitor:4185,CHI,Eden Park,Auckland,New Zealand,"-36.87499, 174.744908","O'Keeffe, Ben",New Zealand,21,2270397134,ball_recycled,2026-02-14T06:35:11+00:00,30,29:29,home,Blues,35,49,1,,,,,,,,,,,,,,
super_rugby_2026_blues_vs_chiefs_65866096.json,sr:sport_event:65866096,2026-02-14T06:05:00+00:00,Super Rugby,sr:competition:422,Super Rugby 2026,sr:season:137092,2026,league,regular season,1,Super Rugby Pacific 2026,Blues,sr:competitor:4190,BLU,Chiefs,sr:competitor:4185,CHI,Eden Park,Auckland,New Zealand,"-36.87499, 174.744908","O'Keeffe, Ben",New Zealand,22,2270397192,ball_recycled,2026-02-14T06:35:21+00:00,30,29:40,home,Blues,40,12,1,,,,,,,,,,,,,,
super_rugby_2026_blues_vs_chiefs_65866096.json,sr:sport_event:65866096,2026-02-14T06:05:00+00:00,Super Rugby,sr:competition:422,Super Rugby 2026,sr:season:137092,2026,league,regular season,1,Super Rugby Pacific 2026,Blues,sr:competitor:4190,BLU,Chiefs,sr:competitor:4185,CHI,Eden Park,Auckland,New Zealand,"-36.87499, 174.744908","O'Keeffe, Ben",New Zealand,23,2270397234,ball_recycled,2026-02-14T06:35:25+00:00,30,29:43,home,Blues,40,12,1,,,,,,,,,,,,,,
super_rugby_2026_blues_vs_chiefs_65866096.json,sr:sport_event:65866096,2026-02-14T06:05:00+00:00,Super Rugby,sr:competition:422,Super Rugby 2026,sr:season:137092,2026,league,regular season,1,Super Rugby Pacific 2026,Blues,sr:competitor:4190,BLU,Chiefs,sr:competitor:4185,CHI,Eden Park,Auckland,New Zealand,"-36.87499, 174.744908","O'Keeffe, Ben",New Zealand,24,2270397236,ball_recycled,2026-02-14T06:35:26+00:00,30,29:44,home,Blues,50,14,1,,,,,,,,,,,,,,
super_rugby_2026_blues_vs_chiefs_65866096.json,sr:sport_event:65866096,2026-02-14T06:05:00+00:00,Super Rugby,sr:competition:422,Super Rugby 2026,sr:season:137092,2026,league,regular season,1,Super Rugby Pacific 2026,Blues,sr:competitor:4190,BLU,Chiefs,sr:competitor:4185,CHI,Eden Park,Auckland,New Zealand,"-36.87499, 174.744908","O'Keeffe, Ben",New Zealand,25,2270397250,ball_recycled,2026-02-14T06:35:28+00:00,30,29:46,home,Blues,73,24,1,,,,,,,,,,,,,,
super_rugby_2026_blues_vs_chiefs_65866096.json,sr:sport_event:65866096,2026-02-14T06:05:00+00:00,Super Rugby,sr:competition:422,Super Rugby 2026,sr:season:137092,2026,league,regular season,1,Super Rugby Pacific 2026,Blues,sr:competitor:4190,BLU,Chiefs,sr:competitor:4185,CHI,Eden Park,Auckland,New Zealand,"-36.87499, 174.744908","O'Keeffe, Ben",New Zealand,26,2270397288,ball_recycled,2026-02-14T06:35:32+00:00,30,29:50,away,Chiefs,71,30,1,,,,,,,,,,,,,,
super_rugby_2026_blues_vs_chiefs_65866096.json,sr:sport_event:65866096,2026-02-14T06:05:00+00:00,Super Rugby,sr:competition:422,Super Rugby 2026,sr:season:137092,2026,league,regular season,1,Super Rugby Pacific 2026,Blues,sr:competitor:4190,BLU,Chiefs,sr:competitor:4185,CHI,Eden Park,Auckland,New Zealand,"-36.87499, 174.744908","O'Keeffe, Ben",New Zealand,27,2270397610,line_out,2026-02-14T06:36:17+00:00,31,30:35,away,Chiefs,25,72,1,,,,,,,,,,,,,,
super_rugby_2026_blues_vs_chiefs_65866096.json,sr:sport_event:65866096,2026-02-14T06:05:00+00:00,Super Rugby,sr:competition:422,Super Rugby 2026,sr:season:137092,2026,league,regular season,1,Super Rugby Pacific 2026,Blues,sr:competitor:4190,BLU,Chiefs,sr:competitor:4185,CHI,Eden Park,Auckland,New Zealand,"-36.87499, 174.744908","O'Keeffe, Ben",New Zealand,28,2270397698,line_out_won,2026-02-14T06:36:28+00:00,31,30:46,away,Chiefs,25,72,1,,,,,,,,,,,,,,
super_rugby_2026_blues_vs_chiefs_65866096.json,sr:sport_event:65866096,2026-02-14T06:05:00+00:00,Super Rugby,sr:competition:422,Super Rugby 2026,sr:season:137092,2026,league,regular season,1,Super Rugby Pacific 2026,Blues,sr:competitor:4190,BLU,Chiefs,sr:competitor:4185,CHI,Eden Park,Auckland,New Zealand,"-36.87499, 174.744908","O'Keeffe, Ben",New Zealand,29,2270397714,ball_recycled,2026-02-14T06:36:30+00:00,31,30:48,away,Chiefs,22,45,1,,,,,,,,,,,,,,
super_rugby_2026_blues_vs_chiefs_65866096.json,sr:sport_event:65866096,2026-02-14T06:05:00+00:00,Super Rugby,sr:competition:422,Super Rugby 2026,sr:season:137092,2026,league,regular season,1,Super Rugby Pacific 2026,Blues,sr:competitor:4190,BLU,Chiefs,sr:competitor:4185,CHI,Eden Park,Auckland,New Zealand,"-36.87499, 174.744908","O'Keeffe, Ben",New Zealand,30,2270397744,ball_recycled,2026-02-14T06:36:33+00:00,31,30:51,away,Chiefs,22,45,1,,,,,,,,,,,,,,
super_rugby_2026_blues_vs_chiefs_65866096.json,sr:sport_event:65866096,2026-02-14T06:05:00+00:00,Super Rugby,sr:competition:422,Super Rugby 2026,sr:season:137092,2026,league,regular season,1,Super Rugby Pacific 2026,Blues,sr:competitor:4190,BLU,Chiefs,sr:competitor:4185,CHI,Eden Park,Auckland,New Zealand,"-36.87499, 174.744908","O'Keeffe, Ben",New Zealand,31,2270397790,ball_recycled,2026-02-14T06:36:38+00:00,31,30:57,away,Chiefs,15,46,1,,,,,,,,,,,,,,
super_rugby_2026_blues_vs_chiefs_65866096.json,sr:sport_event:65866096,2026-02-14T06:05:00+00:00,Super Rugby,sr:competition:422,Super Rugby 2026,sr:season:137092,2026,league,regular season,1,Super Rugby Pacific 2026,Blues,sr:competitor:4190,BLU,Chiefs,sr:competitor:4185,CHI,Eden Park,Auckland,New Zealand,"-36.87499, 174.744908","O'Keeffe, Ben",New Zealand,32,2270397858,ball_recycled,2026-02-14T06:36:46+00:00,32,31:04,away,Chiefs,9,48,1,,,,,,,,,,,,,,
super_rugby_2026_blues_vs_chiefs_65866096.json,sr:sport_event:65866096,2026-02-14T06:05:00+00:00,Super Rugby,sr:competition:422,Super Rugby 2026,sr:season:137092,2026,league,regular season,1,Super Rugby Pacific 2026,Blues,sr:competitor:4190,BLU,Chiefs,sr:competitor:4185,CHI,Eden Park,Auckland,New Zealand,"-36.87499, 174.744908","O'Keeffe, Ben",New Zealand,33,2270398050,score_change,2026-02-14T06:37:10+00:00,32,31:29,away,Chiefs,2,58,1,,,0,5,try,,,sr:player:2045051,"Vaa'i, Tupou",,,,,"[{""id"": ""sr:player:2045051"", ""name"": ""Vaa'i, Tupou"", ""type"": ""scorer""}]"
super_rugby_2026_blues_vs_chiefs_65866096.json,sr:sport_event:65866096,2026-02-14T06:05:00+00:00,Super Rugby,sr:competition:422,Super Rugby 2026,sr:season:137092,2026,league,regular season,1,Super Rugby Pacific 2026,Blues,sr:competitor:4190,BLU,Chiefs,sr:competitor:4185,CHI,Eden Park,Auckland,New Zealand,"-36.87499, 174.744908","O'Keeffe, Ben",New Zealand,34,2270398838,ball_kicked,2026-02-14T06:38:37+00:00,33,32:56,home,Blues,81,55,1,,,,,,,,,,,,,,
super_rugby_2026_blues_vs_chiefs_65866096.json,sr:sport_event:65866096,2026-02-14T06:05:00+00:00,Super Rugby,sr:competition:422,Super Rugby 2026,sr:season:137092,2026,league,regular season,1,Super Rugby Pacific 2026,Blues,sr:competitor:4190,BLU,Chiefs,sr:competitor:4185,CHI,Eden Park,Auckland,New Zealand,"-36.87499, 174.744908","O'Keeffe, Ben",New Zealand,35,2270398938,ball_recycled,2026-02-14T06:38:47+00:00,34,33:05,away,Chiefs,84,37,1,,,,,,,,,,,,,,
super_rugby_2026_blues_vs_chiefs_65866096.json,sr:sport_event:65866096,2026-02-14T06:05:00+00:00,Super Rugby,sr:competition:422,Super Rugby 2026,sr:season:137092,2026,league,regular season,1,Super Rugby Pacific 2026,Blues,sr:competitor:4190,BLU,Chiefs,sr:competitor:4185,CHI,Eden Park,Auckland,New Zealand,"-36.87499, 174.744908","O'Keeffe, Ben",New Zealand,36,2270399012,ball_kicked,2026-02-14T06:38:53+00:00,34,33:11,away,Chiefs,35,51,1,,,,,,,,,,,,,,
super_rugby_2026_blues_vs_chiefs_65866096.json,sr:sport_event:65866096,2026-02-14T06:05:00+00:00,Super Rugby,sr:competition:422,Super Rugby 2026,sr:season:137092,2026,league,regular season,1,Super Rugby Pacific 2026,Blues,sr:competitor:4190,BLU,Chiefs,sr:competitor:4185,CHI,Eden Park,Auckland,New Zealand,"-36.87499, 174.744908","O'Keeffe, Ben",New Zealand,37,2270399040,ball_recycled,2026-02-14T06:38:55+00:00,34,33:13,home,Blues,31,28,1,,,,,,,,,,,,,,
super_rugby_2026_blues_vs_chiefs_65866096.json,sr:sport_event:65866096,2026-02-14T06:05:00+00:00,Super Rugby,sr:competition:422,Super Rugby 2026,sr:season:137092,2026,league,regular season,1,Super Rugby Pacific 2026,Blues,sr:competitor:4190,BLU,Chiefs,sr:competitor:4185,CHI,Eden Park,Auckland,New Zealand,"-36.87499, 174.744908","O'Keeffe, Ben",New Zealand,38,2270399084,ball_kicked,2026-02-14T06:39:01+00:00,34,33:19,home,Blues,70,37,1,,,,,,,,,,,,,,
super_rugby_2026_blues_vs_chiefs_65866096.json,sr:sport_event:65866096,2026-02-14T06:05:00+00:00,Super Rugby,sr:competition:422,Super Rugby 2026,sr:season:137092,2026,league,regular season,1,Super Rugby Pacific 2026,Blues,sr:competitor:4190,BLU,Chiefs,sr:competitor:4185,CHI,Eden Park,Auckland,New Zealand,"-36.87499, 174.744908","O'Keeffe, Ben",New Zealand,39,2270399100,ball_recycled,2026-02-14T06:39:03+00:00,34,33:21,away,Chiefs,70,37,1,,,,,,,,,,,,,,
super_rugby_2026_blues_vs_chiefs_65866096.json,sr:sport_event:65866096,2026-02-14T06:05:00+00:00,Super Rugby,sr:competition:422,Super Rugby 2026,sr:season:137092,2026,league,regular season,1,Super Rugby Pacific 2026,Blues,sr:competitor:4190,BLU,Chiefs,sr:competitor:4185,CHI,Eden Park,Auckland,New Zealand,"-36.87499, 174.744908","O'Keeffe, Ben",New Zealand,40,2270399168,ball_recycled,2026-02-14T06:39:11+00:00,34,33:30,away,Chiefs,54,42,1,,,,,,,,,,,,,,
super_rugby_2026_blues_vs_chiefs_65866096.json,sr:sport_event:65866096,2026-02-14T06:05:00+00:00,Super Rugby,sr:competition:422,Super Rugby 2026,sr:season:137092,2026,league,regular season,1,Super Rugby Pacific 2026,Blues,sr:competitor:4190,BLU,Chiefs,sr:competitor:4185,CHI,Eden Park,Auckland,New Zealand,"-36.87499, 174.744908","O'Keeffe, Ben",New Zealand,41,2270399192,ball_recycled,2026-02-14T06:39:13+00:00,34,33:32,away,Chiefs,54,42,1,,,,,,,,,,,,,,
super_rugby_2026_blues_vs_chiefs_65866096.json,sr:sport_event:65866096,2026-02-14T06:05:00+00:00,Super Rugby,sr:competition:422,Super Rugby 2026,sr:season:137092,2026,league,regular season,1,Super Rugby Pacific 2026,Blues,sr:competitor:4190,BLU,Chiefs,sr:competitor:4185,CHI,Eden Park,Auckland,New Zealand,"-36.87499, 174.744908","O'Keeffe, Ben",New Zealand,42,2270399246,ball_recycled,2026-02-14T06:39:19+00:00,34,33:37,away,Chiefs,59,23,1,,,,,,,,,,,,,,
super_rugby_2026_blues_vs_chiefs_65866096.json,sr:sport_event:65866096,2026-02-14T06:05:00+00:00,Super Rugby,sr:competition:422,Super Rugby 2026,sr:season:137092,2026,league,regular season,1,Super Rugby Pacific 2026,Blues,sr:competitor:4190,BLU,Chiefs,sr:competitor:4185,CHI,Eden Park,Auckland,New Zealand,"-36.87499, 174.744908","O'Keeffe, Ben",New Zealand,43,2270399336,ball_recycled,2026-02-14T06:39:31+00:00,34,33:49,home,Blues,56,28,1,,,,,,,,,,,,,,
super_rugby_2026_blues_vs_chiefs_65866096.json,sr:sport_event:65866096,2026-02-14T06:05:00+00:00,Super Rugby,sr:competition:422,Super Rugby 2026,sr:season:137092,2026,league,regular season,1,Super Rugby Pacific 2026,Blues,sr:competitor:4190,BLU,Chiefs,sr:competitor:4185,CHI,Eden Park,Auckland,New Zealand,"-36.87499, 174.744908","O'Keeffe, Ben",New Zealand,44,2270399360,ball_recycled,2026-02-14T06:39:34+00:00,34,33:52,home,Blues,50,19,1,,,,,,,,,,,,,,
super_rugby_2026_blues_vs_chiefs_65866096.json,sr:sport_event:65866096,2026-02-14T06:05:00+00:00,Super Rugby,sr:competition:422,Super Rugby 2026,sr:season:137092,2026,league,regular season,1,Super Rugby Pacific 2026,Blues,sr:competitor:4190,BLU,Chiefs,sr:competitor:4185,CHI,Eden Park,Auckland,New Zealand,"-36.87499, 174.744908","O'Keeffe, Ben",New Zealand,45,2270399386,ball_recycled,2026-02-14T06:39:38+00:00,34,33:56,home,Blues,60,22,1,,,,,,,,,,,,,,
super_rugby_2026_blues_vs_chiefs_65866096.json,sr:sport_event:65866096,2026-02-14T06:05:00+00:00,Super Rugby,sr:competition:422,Super Rugby 2026,sr:season:137092,2026,league,regular season,1,Super Rugby Pacific 2026,Blues,sr:competitor:4190,BLU,Chiefs,sr:competitor:4185,CHI,Eden Park,Auckland,New Zealand,"-36.87499, 174.744908","O'Keeffe, Ben",New Zealand,46,2270399450,ball_recycled,2026-02-14T06:39:46+00:00,35,34:03,home,Blues,81,12,1,,,,,,,,,,,,,,
super_rugby_2026_blues_vs_chiefs_65866096.json,sr:sport_event:65866096,2026-02-14T06:05:00+00:00,Super Rugby,sr:competition:422,Super Rugby 2026,sr:season:137092,2026,league,regular season,1,Super Rugby Pacific 2026,Blues,sr:competitor:4190,BLU,Chiefs,sr:competitor:4185,CHI,Eden Park,Auckland,New Zealand,"-36.87499, 174.744908","O'Keeffe, Ben",New Zealand,47,2270399542,score_change,2026-02-14T06:39:59+00:00,35,34:16,home,Blues,109,15,1,,,5,5,try,,,sr:player:2285599,"Sullivan, Zarn",,,,,"[{""id"": ""sr:player:2285599"", ""name"": ""Sullivan, Zarn"", ""type"": ""scorer""}]"
super_rugby_2026_blues_vs_chiefs_65866096.json,sr:sport_event:65866096,2026-02-14T06:05:00+00:00,Super Rugby,sr:competition:422,Super Rugby 2026,sr:season:137092,2026,league,regular season,1,Super Rugby Pacific 2026,Blues,sr:competitor:4190,BLU,Chiefs,sr:competitor:4185,CHI,Eden Park,Auckland,New Zealand,"-36.87499, 174.744908","O'Keeffe, Ben",New Zealand,48,2270400384,ball_kicked,2026-02-14T06:41:29+00:00,36,35:47,away,Chiefs,25,23,1,,,,,,,,,,,,,,
super_rugby_2026_blues_vs_chiefs_65866096.json,sr:sport_event:65866096,2026-02-14T06:05:00+00:00,Super Rugby,sr:competition:422,Super Rugby 2026,sr:season:137092,2026,league,regular season,1,Super Rugby Pacific 2026,Blues,sr:competitor:4190,BLU,Chiefs,sr:competitor:4185,CHI,Eden Park,Auckland,New Zealand,"-36.87499, 174.744908","O'Keeffe, Ben",New Zealand,49,2270400468,ball_recycled,2026-02-14T06:41:39+00:00,36,35:56,home,Blues,19,17,1,,,,,,,,,,,,,,
super_rugby_2026_blues_vs_chiefs_65866096.json,sr:sport_event:65866096,2026-02-14T06:05:00+00:00,Super Rugby,sr:competition:422,Super Rugby 2026,sr:season:137092,2026,league,regular season,1,Super Rugby Pacific 2026,Blues,sr:competitor:4190,BLU,Chiefs,sr:competitor:4185,CHI,Eden Park,Auckland,New Zealand,"-36.87499, 174.744908","O'Keeffe, Ben",New Zealand,50,2270400576,penalty_awarded,2026-02-14T06:41:54+00:00,37,36:11,home,Blues,29,16,1,,,,,,,,,,,,,,
super_rugby_2026_blues_vs_chiefs_65866096.json,sr:sport_event:65866096,2026-02-14T06:05:00+00:00,Super Rugby,sr:competition:422,Super Rugby 2026,sr:season:137092,2026,league,regular season,1,Super Rugby Pacific 2026,Blues,sr:competitor:4190,BLU,Chiefs,sr:competitor:4185,CHI,Eden Park,Auckland,New Zealand,"-36.87499, 174.744908","O'Keeffe, Ben",New Zealand,51,2270400732,kick_to_touch,2026-02-14T06:42:12+00:00,37,36:29,home,Blues,29,16,1,,,,,,,,,,,,,,
super_rugby_2026_blues_vs_chiefs_65866096.json,sr:sport_event:65866096,2026-02-14T06:05:00+00:00,Super Rugby,sr:competition:422,Super Rugby 2026,sr:season:137092,2026,league,regular season,1,Super Rugby Pacific 2026,Blues,sr:competitor:4190,BLU,Chiefs,sr:competitor:4185,CHI,Eden Park,Auckland,New Zealand,"-36.87499, 174.744908","O'Keeffe, Ben",New Zealand,52,2270400814,line_out,2026-02-14T06:42:23+00:00,37,36:41,home,Blues,46,-1,1,,,,,,,,,,,,,,
super_rugby_2026_blues_vs_chiefs_65866096.json,sr:sport_event:65866096,2026-02-14T06:05:00+00:00,Super Rugby,sr:competition:422,Super Rugby 2026,sr:season:137092,2026,league,regular season,1,Super Rugby Pacific 2026,Blues,sr:competitor:4190,BLU,Chiefs,sr:competitor:4185,CHI,Eden Park,Auckland,New Zealand,"-36.87499, 174.744908","O'Keeffe, Ben",New Zealand,53,2270400874,line_out_won,2026-02-14T06:42:34+00:00,37,36:51,home,Blues,46,-1,1,,,,,,,,,,,,,,
super_rugby_2026_blues_vs_chiefs_65866096.json,sr:sport_event:65866096,2026-02-14T06:05:00+00:00,Super Rugby,sr:competition:422,Super Rugby 2026,sr:season:137092,2026,league,regular season,1,Super Rugby Pacific 2026,Blues,sr:competitor:4190,BLU,Chiefs,sr:competitor:4185,CHI,Eden Park,Auckland,New Zealand,"-36.87499, 174.744908","O'Keeffe, Ben",New Zealand,54,2270400958,ball_recycled,2026-02-14T06:42:41+00:00,37,36:59,home,Blues,58,18,1,,,,,,,,,,,,,,
super_rugby_2026_blues_vs_chiefs_65866096.json,sr:sport_event:65866096,2026-02-14T06:05:00+00:00,Super Rugby,sr:competition:422,Super Rugby 2026,sr:season:137092,2026,league,regular season,1,Super Rugby Pacific 2026,Blues,sr:competitor:4190,BLU,Chiefs,sr:competitor:4185,CHI,Eden Park,Auckland,New Zealand,"-36.87499, 174.744908","O'Keeffe, Ben",New Zealand,55,2270400994,ball_recycled,2026-02-14T06:42:48+00:00,38,37:06,home,Blues,59,26,1,,,,,,,,,,,,,,
super_rugby_2026_blues_vs_chiefs_65866096.json,sr:sport_event:65866096,2026-02-14T06:05:00+00:00,Super Rugby,sr:competition:422,Super Rugby 2026,sr:season:137092,2026,league,regular season,1,Super Rugby Pacific 2026,Blues,sr:competitor:4190,BLU,Chiefs,sr:competitor:4185,CHI,Eden Park,Auckland,New Zealand,"-36.87499, 174.744908","O'Keeffe, Ben",New Zealand,56,2270401002,ball_recycled,2026-02-14T06:42:49+00:00,38,37:07,home,Blues,56,33,1,,,,,,,,,,,,,,
super_rugby_2026_blues_vs_chiefs_65866096.json,sr:sport_event:65866096,2026-02-14T06:05:00+00:00,Super Rugby,sr:competition:422,Super Rugby 2026,sr:season:137092,2026,league,regular season,1,Super Rugby Pacific 2026,Blues,sr:competitor:4190,BLU,Chiefs,sr:competitor:4185,CHI,Eden Park,Auckland,New Zealand,"-36.87499, 174.744908","O'Keeffe, Ben",New Zealand,57,2270401040,ball_recycled,2026-02-14T06:42:54+00:00,38,37:11,home,Blues,60,41,1,,,,,,,,,,,,,,
super_rugby_2026_blues_vs_chiefs_65866096.json,sr:sport_event:65866096,2026-02-14T06:05:00+00:00,Super Rugby,sr:competition:422,Super Rugby 2026,sr:season:137092,2026,league,regular season,1,Super Rugby Pacific 2026,Blues,sr:competitor:4190,BLU,Chiefs,sr:competitor:4185,CHI,Eden Park,Auckland,New Zealand,"-36.87499, 174.744908","O'Keeffe, Ben",New Zealand,58,2270401088,ball_recycled,2026-02-14T06:42:59+00:00,38,37:16,home,Blues,60,51,1,,,,,,,,,,,,,,
super_rugby_2026_blues_vs_chiefs_65866096.json,sr:sport_event:65866096,2026-02-14T06:05:00+00:00,Super Rugby,sr:competition:422,Super Rugby 2026,sr:season:137092,2026,league,regular season,1,Super Rugby Pacific 2026,Blues,sr:competitor:4190,BLU,Chiefs,sr:competitor:4185,CHI,Eden Park,Auckland,New Zealand,"-36.87499, 174.744908","O'Keeffe, Ben",New Zealand,59,2270401150,ball_recycled,2026-02-14T06:43:04+00:00,38,37:22,home,Blues,60,40,1,,,,,,,,,,,,,,
super_rugby_2026_blues_vs_chiefs_65866096.json,sr:sport_event:65866096,2026-02-14T06:05:00+00:00,Super Rugby,sr:competition:422,Super Rugby 2026,sr:season:137092,2026,league,regular season,1,Super Rugby Pacific 2026,Blues,sr:competitor:4190,BLU,Chiefs,sr:competitor:4185,CHI,Eden Park,Auckland,New Zealand,"-36.87499, 174.744908","O'Keeffe, Ben",New Zealand,60,2270401282,ball_kicked,2026-02-14T06:43:17+00:00,38,37:34,home,Blues,77,61,1,,,,,,,,,,,,,,
super_rugby_2026_blues_vs_chiefs_65866096.json,sr:sport_event:65866096,2026-02-14T06:05:00+00:00,Super Rugby,sr:competition:422,Super Rugby 2026,sr:season:137092,2026,league,regular season,1,Super Rugby Pacific 2026,Blues,sr:competitor:4190,BLU,Chiefs,sr:competitor:4185,CHI,Eden Park,Auckland,New Zealand,"-36.87499, 174.744908","O'Keeffe, Ben",New Zealand,61,2270401362,line_out,2026-02-14T06:43:26+00:00,38,37:43,away,Chiefs,59,71,1,,,,,,,,,,,,,,
super_rugby_2026_blues_vs_chiefs_65866096.json,sr:sport_event:65866096,2026-02-14T06:05:00+00:00,Super Rugby,sr:competition:422,Super Rugby 2026,sr:season:137092,2026,league,regular season,1,Super Rugby Pacific 2026,Blues,sr:competitor:4190,BLU,Chiefs,sr:competitor:4185,CHI,Eden Park,Auckland,New Zealand,"-36.87499, 174.744908","O'Keeffe, Ben",New Zealand,62,2270402206,line_out_won,2026-02-14T06:44:58+00:00,39,38:16,home,Blues,40,42,1,,,,,,,,,,,,,,
super_rugby_2026_blues_vs_chiefs_65866096.json,sr:sport_event:65866096,2026-02-14T06:05:00+00:00,Super Rugby,sr:competition:422,Super Rugby 2026,sr:season:137092,2026,league,regular season,1,Super Rugby Pacific 2026,Blues,sr:competitor:4190,BLU,Chiefs,sr:competitor:4185,CHI,Eden Park,Auckland,New Zealand,"-36.87499, 174.744908","O'Keeffe, Ben",New Zealand,63,2270402360,yellow_card,2026-02-14T06:45:06+00:00,39,38:23,away,Chiefs,,,1,,,,,,sr:player:2286133,"Boshier, Kaylum",,,,,,,
super_rugby_2026_blues_vs_chiefs_65866096.json,sr:sport_event:65866096,2026-02-14T06:05:00+00:00,Super Rugby,sr:competition:422,Super Rugby 2026,sr:season:137092,2026,league,regular season,1,Super Rugby Pacific 2026,Blues,sr:competitor:4190,BLU,Chiefs,sr:competitor:4185,CHI,Eden Park,Auckland,New Zealand,"-36.87499, 174.744908","O'Keeffe, Ben",New Zealand,64,2270402560,line_out,2026-02-14T06:45:29+00:00,39,38:46,home,Blues,40,42,1,,,,,,,,,,,,,,
super_rugby_2026_blues_vs_chiefs_65866096.json,sr:sport_event:65866096,2026-02-14T06:05:00+00:00,Super Rugby,sr:competition:422,Super Rugby 2026,sr:season:137092,2026,league,regular season,1,Super Rugby Pacific 2026,Blues,sr:competitor:4190,BLU,Chiefs,sr:competitor:4185,CHI,Eden Park,Auckland,New Zealand,"-36.87499, 174.744908","O'Keeffe, Ben",New Zealand,65,2270402644,line_out_won,2026-02-14T06:45:39+00:00,39,38:57,home,Blues,88,72,1,,,,,,,,,,,,,,
super_rugby_2026_blues_vs_chiefs_65866096.json,sr:sport_event:65866096,2026-02-14T06:05:00+00:00,Super Rugby,sr:competition:422,Super Rugby 2026,sr:season:137092,2026,league,regular season,1,Super Rugby Pacific 2026,Blues,sr:competitor:4190,BLU,Chiefs,sr:competitor:4185,CHI,Eden Park,Auckland,New Zealand,"-36.87499, 174.744908","O'Keeffe, Ben",New Zealand,66,2270402822,ball_recycled,2026-02-14T06:45:56+00:00,40,39:13,home,Blues,85,36,1,,,,,,,,,,,,,,
super_rugby_2026_blues_vs_chiefs_65866096.json,sr:sport_event:65866096,2026-02-14T06:05:00+00:00,Super Rugby,sr:competition:422,Super Rugby 2026,sr:season:137092,2026,league,regular season,1,Super Rugby Pacific 2026,Blues,sr:competitor:4190,BLU,Chiefs,sr:competitor:4185,CHI,Eden Park,Auckland,New Zealand,"-36.87499, 174.744908","O'Keeffe, Ben",New Zealand,67,2270402892,ball_recycled,2026-02-14T06:46:03+00:00,40,39:21,home,Blues,84,38,1,,,,,,,,,,,,,,
super_rugby_2026_blues_vs_chiefs_65866096.json,sr:sport_event:65866096,2026-02-14T06:05:00+00:00,Super Rugby,sr:competition:422,Super Rugby 2026,sr:season:137092,2026,league,regular season,1,Super Rugby Pacific 2026,Blues,sr:competitor:4190,BLU,Chiefs,sr:competitor:4185,CHI,Eden Park,Auckland,New Zealand,"-36.87499, 174.744908","O'Keeffe, Ben",New Zealand,68,2270402960,ball_recycled,2026-02-14T06:46:09+00:00,40,39:26,home,Blues,92,44,1,,,,,,,,,,,,,,
super_rugby_2026_blues_vs_chiefs_65866096.json,sr:sport_event:65866096,2026-02-14T06:05:00+00:00,Super Rugby,sr:competition:422,Super Rugby 2026,sr:season:137092,2026,league,regular season,1,Super Rugby Pacific 2026,Blues,sr:competitor:4190,BLU,Chiefs,sr:competitor:4185,CHI,Eden Park,Auckland,New Zealand,"-36.87499, 174.744908","O'Keeffe, Ben",New Zealand,69,2270403140,ball_recycled,2026-02-14T06:46:25+00:00,40,39:43,home,Blues,96,29,1,,,,,,,,,,,,,,
super_rugby_2026_blues_vs_chiefs_65866096.json,sr:sport_event:65866096,2026-02-14T06:05:00+00:00,Super Rugby,sr:competition:422,Super Rugby 2026,sr:season:137092,2026,league,regular season,1,Super Rugby Pacific 2026,Blues,sr:competitor:4190,BLU,Chiefs,sr:competitor:4185,CHI,Eden Park,Auckland,New Zealand,"-36.87499, 174.744908","O'Keeffe, Ben",New Zealand,70,2270403160,ball_recycled,2026-02-14T06:46:26+00:00,40,39:44,home,Blues,96,29,1,,,,,,,,,,,,,,
super_rugby_2026_blues_vs_chiefs_65866096.json,sr:sport_event:65866096,2026-02-14T06:05:00+00:00,Super Rugby,sr:competition:422,Super Rugby 2026,sr:season:137092,2026,league,regular season,1,Super Rugby Pacific 2026,Blues,sr:competitor:4190,BLU,Chiefs,sr:competitor:4185,CHI,Eden Park,Auckland,New Zealand,"-36.87499, 174.744908","O'Keeffe, Ben",New Zealand,71,2270411224,substitution,2026-02-14T07:01:47+00:00,40,40:00,away,Chiefs,,,1,,,,,,,,,,sr:player:2286179,"Roe, Xavier",sr:player:2286167,"Ratima, Cortez","[{""id"": ""sr:player:2286179"", ""name"": ""Roe, Xavier"", ""type"": ""substituted_out""}, {""id"": ""sr:player:2286167"", ""name"": ""Ratima, Cortez"", ""type"": ""substituted_in""}]"
super_rugby_2026_blues_vs_chiefs_65866096.json,sr:sport_event:65866096,2026-02-14T06:05:00+00:00,Super Rugby,sr:competition:422,Super Rugby 2026,sr:season:137092,2026,league,regular season,1,Super Rugby Pacific 2026,Blues,sr:competitor:4190,BLU,Chiefs,sr:competitor:4185,CHI,Eden Park,Auckland,New Zealand,"-36.87499, 174.744908","O'Keeffe, Ben",New Zealand,72,2270403480,kick_to_touch,2026-02-14T06:47:03+00:00,40,40:00,away,Chiefs,103,23,1,,,,,,,,,,,,,,
super_rugby_2026_blues_vs_chiefs_65866096.json,sr:sport_event:65866096,2026-02-14T06:05:00+00:00,Super Rugby,sr:competition:422,Super Rugby 2026,sr:season:137092,2026,league,regular season,1,Super Rugby Pacific 2026,Blues,sr:competitor:4190,BLU,Chiefs,sr:competitor:4185,CHI,Eden Park,Auckland,New Zealand,"-36.87499, 174.744908","O'Keeffe, Ben",New Zealand,73,2270403542,period_score,2026-02-14T06:47:09+00:00,,,,,,,1,,,5,5,,,,,,,,,,
super_rugby_2026_blues_vs_chiefs_65866096.json,sr:sport_event:65866096,2026-02-14T06:05:00+00:00,Super Rugby,sr:competition:422,Super Rugby 2026,sr:season:137092,2026,league,regular season,1,Super Rugby Pacific 2026,Blues,sr:competitor:4190,BLU,Chiefs,sr:competitor:4185,CHI,Eden Park,Auckland,New Zealand,"-36.87499, 174.744908","O'Keeffe, Ben",New Zealand,74,2270403546,break_start,2026-02-14T06:47:09+00:00,,,,,,,,,pause,,,,,,,,,,,,
super_rugby_2026_blues_vs_chiefs_65866096.json,sr:sport_event:65866096,2026-02-14T06:05:00+00:00,Super Rugby,sr:competition:422,Super Rugby 2026,sr:season:137092,2026,league,regular season,1,Super Rugby Pacific 2026,Blues,sr:competitor:4190,BLU,Chiefs,sr:competitor:4185,CHI,Eden Park,Auckland,New Zealand,"-36.87499, 174.744908","O'Keeffe, Ben",New Zealand,75,2270411574,period_start,2026-02-14T07:02:28+00:00,,,,,,,2,2nd_half,,,,,,,,,,,,,
super_rugby_2026_blues_vs_chiefs_65866096.json,sr:sport_event:65866096,2026-02-14T06:05:00+00:00,Super Rugby,sr:competition:422,Super Rugby 2026,sr:season:137092,2026,league,regular season,1,Super Rugby Pacific 2026,Blues,sr:competitor:4190,BLU,Chiefs,sr:competitor:4185,CHI,Eden Park,Auckland,New Zealand,"-36.87499, 174.744908","O'Keeffe, Ben",New Zealand,76,2270403316,penalty_awarded,2026-02-14T06:46:43+00:00,41,40:01,away,Chiefs,103,23,2,,,,,,,,,,,,,,
super_rugby_2026_blues_vs_chiefs_65866096.json,sr:sport_event:65866096,2026-02-14T06:05:00+00:00,Super Rugby,sr:competition:422,Super Rugby 2026,sr:season:137092,2026,league,regular season,1,Super Rugby Pacific 2026,Blues,sr:competitor:4190,BLU,Chiefs,sr:competitor:4185,CHI,Eden Park,Auckland,New Zealand,"-36.87499, 174.744908","O'Keeffe, Ben",New Zealand,77,2270411614,ball_kicked,2026-02-14T07:02:33+00:00,41,40:05,away,Chiefs,37,12,2,,,,,,,,,,,,,,
super_rugby_2026_blues_vs_chiefs_65866096.json,sr:sport_event:65866096,2026-02-14T06:05:00+00:00,Super Rugby,sr:competition:422,Super Rugby 2026,sr:season:137092,2026,league,regular season,1,Super Rugby Pacific 2026,Blues,sr:competitor:4190,BLU,Chiefs,sr:competitor:4185,CHI,Eden Park,Auckland,New Zealand,"-36.87499, 174.744908","O'Keeffe, Ben",New Zealand,78,2270411698,ball_recycled,2026-02-14T07:02:42+00:00,41,40:14,home,Blues,25,16,2,,,,,,,,,,,,,,
super_rugby_2026_blues_vs_chiefs_65866096.json,sr:sport_event:65866096,2026-02-14T06:05:00+00:00,Super Rugby,sr:competition:422,Super Rugby 2026,sr:season:137092,2026,league,regular season,1,Super Rugby Pacific 2026,Blues,sr:competitor:4190,BLU,Chiefs,sr:competitor:4185,CHI,Eden Park,Auckland,New Zealand,"-36.87499, 174.744908","O'Keeffe, Ben",New Zealand,79,2270411796,ball_recycled,2026-02-14T07:02:54+00:00,41,40:26,home,Blues,11,26,2,,,,,,,,,,,,,,
super_rugby_2026_blues_vs_chiefs_65866096.json,sr:sport_event:65866096,2026-02-14T06:05:00+00:00,Super Rugby,sr:competition:422,Super Rugby 2026,sr:season:137092,2026,league,regular season,1,Super Rugby Pacific 2026,Blues,sr:competitor:4190,BLU,Chiefs,sr:competitor:4185,CHI,Eden Park,Auckland,New Zealand,"-36.87499, 174.744908","O'Keeffe, Ben",New Zealand,80,2270411922,line_out,2026-02-14T07:03:09+00:00,41,40:41,away,Chiefs,52,-2,2,,,,,,,,,,,,,,
super_rugby_2026_blues_vs_chiefs_65866096.json,sr:sport_event:65866096,2026-02-14T06:05:00+00:00,Super Rugby,sr:competition:422,Super Rugby 2026,sr:season:137092,2026,league,regular season,1,Super Rugby Pacific 2026,Blues,sr:competitor:4190,BLU,Chiefs,sr:competitor:4185,CHI,Eden Park,Auckland,New Zealand,"-36.87499, 174.744908","O'Keeffe, Ben",New Zealand,81,2270412088,line_out_won,2026-02-14T07:03:28+00:00,41,41:00,home,Blues,52,-2,2,,,,,,,,,,,,,,
super_rugby_2026_blues_vs_chiefs_65866096.json,sr:sport_event:65866096,2026-02-14T06:05:00+00:00,Super Rugby,sr:competition:422,Super Rugby 2026,sr:season:137092,2026,league,regular season,1,Super Rugby Pacific 2026,Blues,sr:competitor:4190,BLU,Chiefs,sr:competitor:4185,CHI,Eden Park,Auckland,New Zealand,"-36.87499, 174.744908","O'Keeffe, Ben",New Zealand,82,2270412140,ball_recycled,2026-02-14T07:03:31+00:00,42,41:03,home,Blues,37,26,2,,,,,,,,,,,,,,
super_rugby_2026_blues_vs_chiefs_65866096.json,sr:sport_event:65866096,2026-02-14T06:05:00+00:00,Super Rugby,sr:competition:422,Super Rugby 2026,sr:season:137092,2026,league,regular season,1,Super Rugby Pacific 2026,Blues,sr:competitor:4190,BLU,Chiefs,sr:competitor:4185,CHI,Eden Park,Auckland,New Zealand,"-36.87499, 174.744908","O'Keeffe, Ben",New Zealand,83,2270412160,ball_recycled,2026-02-14T07:03:33+00:00,42,41:05,home,Blues,34,39,2,,,,,,,,,,,,,,
super_rugby_2026_blues_vs_chiefs_65866096.json,sr:sport_event:65866096,2026-02-14T06:05:00+00:00,Super Rugby,sr:competition:422,Super Rugby 2026,sr:season:137092,2026,league,regular season,1,Super Rugby Pacific 2026,Blues,sr:competitor:4190,BLU,Chiefs,sr:competitor:4185,CHI,Eden Park,Auckland,New Zealand,"-36.87499, 174.744908","O'Keeffe, Ben",New Zealand,84,2270412180,ball_recycled,2026-02-14T07:03:35+00:00,42,41:07,home,Blues,38,49,2,,,,,,,,,,,,,,
super_rugby_2026_blues_vs_chiefs_65866096.json,sr:sport_event:65866096,2026-02-14T06:05:00+00:00,Super Rugby,sr:competition:422,Super Rugby 2026,sr:season:137092,2026,league,regular season,1,Super Rugby Pacific 2026,Blues,sr:competitor:4190,BLU,Chiefs,sr:competitor:4185,CHI,Eden Park,Auckland,New Zealand,"-36.87499, 174.744908","O'Keeffe, Ben",New Zealand,85,2270412234,ball_kicked,2026-02-14T07:03:41+00:00,42,41:13,home,Blues,76,62,2,,,,,,,,,,,,,,
super_rugby_2026_blues_vs_chiefs_65866096.json,sr:sport_event:65866096,2026-02-14T06:05:00+00:00,Super Rugby,sr:competition:422,Super Rugby 2026,sr:season:137092,2026,league,regular season,1,Super Rugby Pacific 2026,Blues,sr:competitor:4190,BLU,Chiefs,sr:competitor:4185,CHI,Eden Park,Auckland,New Zealand,"-36.87499, 174.744908","O'Keeffe, Ben",New Zealand,86,2270412320,ball_recycled,2026-02-14T07:03:50+00:00,42,41:22,away,Chiefs,70,52,2,,,,,,,,,,,,,,
super_rugby_2026_blues_vs_chiefs_65866096.json,sr:sport_event:65866096,2026-02-14T06:05:00+00:00,Super Rugby,sr:competition:422,Super Rugby 2026,sr:season:137092,2026,league,regular season,1,Super Rugby Pacific 2026,Blues,sr:competitor:4190,BLU,Chiefs,sr:competitor:4185,CHI,Eden Park,Auckland,New Zealand,"-36.87499, 174.744908","O'Keeffe, Ben",New Zealand,87,2270412384,ball_kicked,2026-02-14T07:03:57+00:00,42,41:29,away,Chiefs,31,46,2,,,,,,,,,,,,,,
super_rugby_2026_blues_vs_chiefs_65866096.json,sr:sport_event:65866096,2026-02-14T06:05:00+00:00,Super Rugby,sr:competition:422,Super Rugby 2026,sr:season:137092,2026,league,regular season,1,Super Rugby Pacific 2026,Blues,sr:competitor:4190,BLU,Chiefs,sr:competitor:4185,CHI,Eden Park,Auckland,New Zealand,"-36.87499, 174.744908","O'Keeffe, Ben",New Zealand,88,2270412408,ball_recycled,2026-02-14T07:03:59+00:00,42,41:31,home,Blues,33,40,2,,,,,,,,,,,,,,
super_rugby_2026_blues_vs_chiefs_65866096.json,sr:sport_event:65866096,2026-02-14T06:05:00+00:00,Super Rugby,sr:competition:422,Super Rugby 2026,sr:season:137092,2026,league,regular season,1,Super Rugby Pacific 2026,Blues,sr:competitor:4190,BLU,Chiefs,sr:competitor:4185,CHI,Eden Park,Auckland,New Zealand,"-36.87499, 174.744908","O'Keeffe, Ben",New Zealand,89,2270412448,ball_kicked,2026-02-14T07:04:05+00:00,42,41:37,home,Blues,77,27,2,,,,,,,,,,,,,,
super_rugby_2026_blues_vs_chiefs_65866096.json,sr:sport_event:65866096,2026-02-14T06:05:00+00:00,Super Rugby,sr:competition:422,Super Rugby 2026,sr:season:137092,2026,league,regular season,1,Super Rugby Pacific 2026,Blues,sr:competitor:4190,BLU,Chiefs,sr:competitor:4185,CHI,Eden Park,Auckland,New Zealand,"-36.87499, 174.744908","O'Keeffe, Ben",New Zealand,90,2270412532,ball_kicked,2026-02-14T07:04:12+00:00,42,41:44,away,Chiefs,51,39,2,,,,,,,,,,,,,,
super_rugby_2026_blues_vs_chiefs_65866096.json,sr:sport_event:65866096,2026-02-14T06:05:00+00:00,Super Rugby,sr:competition:422,Super Rugby 2026,sr:season:137092,2026,league,regular season,1,Super Rugby Pacific 2026,Blues,sr:competitor:4190,BLU,Chiefs,sr:competitor:4185,CHI,Eden Park,Auckland,New Zealand,"-36.87499, 174.744908","O'Keeffe, Ben",New Zealand,91,2270412572,ball_recycled,2026-02-14T07:04:16+00:00,42,41:49,home,Blues,48,43,2,,,,,,,,,,,,,,
super_rugby_2026_blues_vs_chiefs_65866096.json,sr:sport_event:65866096,2026-02-14T06:05:00+00:00,Super Rugby,sr:competition:422,Super Rugby 2026,sr:season:137092,2026,league,regular season,1,Super Rugby Pacific 2026,Blues,sr:competitor:4190,BLU,Chiefs,sr:competitor:4185,CHI,Eden Park,Auckland,New Zealand,"-36.87499, 174.744908","O'Keeffe, Ben",New Zealand,92,2270412634,ball_recycled,2026-02-14T07:04:23+00:00,42,41:55,home,Blues,58,41,2,,,,,,,,,,,,,,
super_rugby_2026_blues_vs_chiefs_65866096.json,sr:sport_event:65866096,2026-02-14T06:05:00+00:00,Super Rugby,sr:competition:422,Super Rugby 2026,sr:season:137092,2026,league,regular season,1,Super Rugby Pacific 2026,Blues,sr:competitor:4190,BLU,Chiefs,sr:competitor:4185,CHI,Eden Park,Auckland,New Zealand,"-36.87499, 174.744908","O'Keeffe, Ben",New Zealand,93,2270412684,ball_recycled,2026-02-14T07:04:28+00:00,42,42:00,home,Blues,56,33,2,,,,,,,,,,,,,,
super_rugby_2026_blues_vs_chiefs_65866096.json,sr:sport_event:65866096,2026-02-14T06:05:00+00:00,Super Rugby,sr:competition:422,Super Rugby 2026,sr:season:137092,2026,league,regular season,1,Super Rugby Pacific 2026,Blues,sr:competitor:4190,BLU,Chiefs,sr:competitor:4185,CHI,Eden Park,Auckland,New Zealand,"-36.87499, 174.744908","O'Keeffe, Ben",New Zealand,94,2270412736,ball_recycled,2026-02-14T07:04:36+00:00,43,42:08,home,Blues,51,41,2,,,,,,,,,,,,,,
super_rugby_2026_blues_vs_chiefs_65866096.json,sr:sport_event:65866096,2026-02-14T06:05:00+00:00,Super Rugby,sr:competition:422,Super Rugby 2026,sr:season:137092,2026,league,regular season,1,Super Rugby Pacific 2026,Blues,sr:competitor:4190,BLU,Chiefs,sr:competitor:4185,CHI,Eden Park,Auckland,New Zealand,"-36.87499, 174.744908","O'Keeffe, Ben",New Zealand,95,2270412788,ball_recycled,2026-02-14T07:04:43+00:00,43,42:15,home,Blues,48,47,2,,,,,,,,,,,,,,
super_rugby_2026_blues_vs_chiefs_65866096.json,sr:sport_event:65866096,2026-02-14T06:05:00+00:00,Super Rugby,sr:competition:422,Super Rugby 2026,sr:season:137092,2026,league,regular season,1,Super Rugby Pacific 2026,Blues,sr:competitor:4190,BLU,Chiefs,sr:competitor:4185,CHI,Eden Park,Auckland,New Zealand,"-36.87499, 174.744908","O'Keeffe, Ben",New Zealand,96,2270412814,ball_recycled,2026-02-14T07:04:46+00:00,43,42:18,home,Blues,50,51,2,,,,,,,,,,,,,,
super_rugby_2026_blues_vs_chiefs_65866096.json,sr:sport_event:65866096,2026-02-14T06:05:00+00:00,Super Rugby,sr:competition:422,Super Rugby 2026,sr:season:137092,2026,league,regular season,1,Super Rugby Pacific 2026,Blues,sr:competitor:4190,BLU,Chiefs,sr:competitor:4185,CHI,Eden Park,Auckland,New Zealand,"-36.87499, 174.744908","O'Keeffe, Ben",New Zealand,97,2270413348,scrum,2026-02-14T07:05:37+00:00,44,43:10,away,Chiefs,50,54,2,,,,,,,,,,,,,,
super_rugby_2026_blues_vs_chiefs_65866096.json,sr:sport_event:65866096,2026-02-14T06:05:00+00:00,Super Rugby,sr:competition:422,Super Rugby 2026,sr:season:137092,2026,league,regular season,1,Super Rugby Pacific 2026,Blues,sr:competitor:4190,BLU,Chiefs,sr:competitor:4185,CHI,Eden Park,Auckland,New Zealand,"-36.87499, 174.744908","O'Keeffe, Ben",New Zealand,98,2270413492,scrum_reset,2026-02-14T07:05:52+00:00,44,43:24,away,Chiefs,50,54,2,,,,,,,,,,,,,,
super_rugby_2026_blues_vs_chiefs_65866096.json,sr:sport_event:65866096,2026-02-14T06:05:00+00:00,Super Rugby,sr:competition:422,Super Rugby 2026,sr:season:137092,2026,league,regular season,1,Super Rugby Pacific 2026,Blues,sr:competitor:4190,BLU,Chiefs,sr:competitor:4185,CHI,Eden Park,Auckland,New Zealand,"-36.87499, 174.744908","O'Keeffe, Ben",New Zealand,99,2270413806,scrum_won,2026-02-14T07:06:29+00:00,45,44:02,away,Chiefs,50,54,2,,,,,,,,,,,,,,
super_rugby_2026_blues_vs_chiefs_65866096.json,sr:sport_event:65866096,2026-02-14T06:05:00+00:00,Super Rugby,sr:competition:422,Super Rugby 2026,sr:season:137092,2026,league,regular season,1,Super Rugby Pacific 2026,Blues,sr:competitor:4190,BLU,Chiefs,sr:competitor:4185,CHI,Eden Park,Auckland,New Zealand,"-36.87499, 174.744908","O'Keeffe, Ben",New Zealand,100,2270413848,ball_recycled,2026-02-14T07:06:32+00:00,45,44:04,away,Chiefs,48,40,2,,,,,,,,,,,,,,
super_rugby_2026_blues_vs_chiefs_65866096.json,sr:sport_event:65866096,2026-02-14T06:05:00+00:00,Super Rugby,sr:competition:422,Super Rugby 2026,sr:season:137092,2026,league,regular season,1,Super Rugby Pacific 2026,Blues,sr:competitor:4190,BLU,Chiefs,sr:competitor:4185,CHI,Eden Park,Auckland,New Zealand,"-36.87499, 174.744908","O'Keeffe, Ben",New Zealand,101,2270413852,ball_recycled,2026-02-14T07:06:32+00:00,45,44:05,away,Chiefs,50,27,2,,,,,,,,,,,,,,
super_rugby_2026_blues_vs_chiefs_65866096.json,sr:sport_event:65866096,2026-02-14T06:05:00+00:00,Super Rugby,sr:competition:422,Super Rugby 2026,sr:season:137092,2026,league,regular season,1,Super Rugby Pacific 2026,Blues,sr:competitor:4190,BLU,Chiefs,sr:competitor:4185,CHI,Eden Park,Auckland,New Zealand,"-36.87499, 174.744908","O'Keeffe, Ben",New Zealand,102,2270413896,ball_recycled,2026-02-14T07:06:38+00:00,45,44:10,away,Chiefs,35,21,2,,,,,,,,,,,,,,
super_rugby_2026_blues_vs_chiefs_65866096.json,sr:sport_event:65866096,2026-02-14T06:05:00+00:00,Super Rugby,sr:competition:422,Super Rugby 2026,sr:season:137092,2026,league,regular season,1,Super Rugby Pacific 2026,Blues,sr:competitor:4190,BLU,Chiefs,sr:competitor:4185,CHI,Eden Park,Auckland,New Zealand,"-36.87499, 174.744908","O'Keeffe, Ben",New Zealand,103,2270413992,scrum,2026-02-14T07:06:49+00:00,45,44:21,home,Blues,43,21,2,,,,,,,,,,,,,,
super_rugby_2026_blues_vs_chiefs_65866096.json,sr:sport_event:65866096,2026-02-14T06:05:00+00:00,Super Rugby,sr:competition:422,Super Rugby 2026,sr:season:137092,2026,league,regular season,1,Super Rugby Pacific 2026,Blues,sr:competitor:4190,BLU,Chiefs,sr:competitor:4185,CHI,Eden Park,Auckland,New Zealand,"-36.87499, 174.744908","O'Keeffe, Ben",New Zealand,104,2270414498,scrum_won,2026-02-14T07:07:40+00:00,46,45:12,home,Blues,43,21,2,,,,,,,,,,,,,,
super_rugby_2026_blues_vs_chiefs_65866096.json,sr:sport_event:65866096,2026-02-14T06:05:00+00:00,Super Rugby,sr:competition:422,Super Rugby 2026,sr:season:137092,2026,league,regular season,1,Super Rugby Pacific 2026,Blues,sr:competitor:4190,BLU,Chiefs,sr:competitor:4185,CHI,Eden Park,Auckland,New Zealand,"-36.87499, 174.744908","O'Keeffe, Ben",New Zealand,105,2270414506,penalty_awarded,2026-02-14T07:07:40+00:00,46,45:12,home,Blues,43,21,2,,,,,,,,,,,,,,
super_rugby_2026_blues_vs_chiefs_65866096.json,sr:sport_event:65866096,2026-02-14T06:05:00+00:00,Super Rugby,sr:competition:422,Super Rugby 2026,sr:season:137092,2026,league,regular season,1,Super Rugby Pacific 2026,Blues,sr:competitor:4190,BLU,Chiefs,sr:competitor:4185,CHI,Eden Park,Auckland,New Zealand,"-36.87499, 174.744908","O'Keeffe, Ben",New Zealand,106,2270414670,kick_to_touch,2026-02-14T07:08:00+00:00,46,45:32,home,Blues,43,21,2,,,,,,,,,,,,,,
super_rugby_2026_blues_vs_chiefs_65866096.json,sr:sport_event:65866096,2026-02-14T06:05:00+00:00,Super Rugby,sr:competition:422,Super Rugby 2026,sr:season:137092,2026,league,regular season,1,Super Rugby Pacific 2026,Blues,sr:competitor:4190,BLU,Chiefs,sr:competitor:4185,CHI,Eden Park,Auckland,New Zealand,"-36.87499, 174.744908","O'Keeffe, Ben",New Zealand,107,2270414840,line_out,2026-02-14T07:08:17+00:00,46,45:49,home,Blues,75,-2,2,,,,,,,,,,,,,,
super_rugby_2026_blues_vs_chiefs_65866096.json,sr:sport_event:65866096,2026-02-14T06:05:00+00:00,Super Rugby,sr:competition:422,Super Rugby 2026,sr:season:137092,2026,league,regular season,1,Super Rugby Pacific 2026,Blues,sr:competitor:4190,BLU,Chiefs,sr:competitor:4185,CHI,Eden Park,Auckland,New Zealand,"-36.87499, 174.744908","O'Keeffe, Ben",New Zealand,108,2270414878,line_out_won,2026-02-14T07:08:20+00:00,46,45:52,home,Blues,75,-2,2,,,,,,,,,,,,,,
super_rugby_2026_blues_vs_chiefs_65866096.json,sr:sport_event:65866096,2026-02-14T06:05:00+00:00,Super Rugby,sr:competition:422,Super Rugby 2026,sr:season:137092,2026,league,regular season,1,Super Rugby Pacific 2026,Blues,sr:competitor:4190,BLU,Chiefs,sr:competitor:4185,CHI,Eden Park,Auckland,New Zealand,"-36.87499, 174.744908","O'Keeffe, Ben",New Zealand,109,2270414910,ball_recycled,2026-02-14T07:08:22+00:00,46,45:54,home,Blues,71,19,2,,,,,,,,,,,,,,
super_rugby_2026_blues_vs_chiefs_65866096.json,sr:sport_event:65866096,2026-02-14T06:05:00+00:00,Super Rugby,sr:competition:422,Super Rugby 2026,sr:season:137092,2026,league,regular season,1,Super Rugby Pacific 2026,Blues,sr:competitor:4190,BLU,Chiefs,sr:competitor:4185,CHI,Eden Park,Auckland,New Zealand,"-36.87499, 174.744908","O'Keeffe, Ben",New Zealand,110,2270414916,ball_recycled,2026-02-14T07:08:23+00:00,46,45:55,home,Blues,71,36,2,,,,,,,,,,,,,,
super_rugby_2026_blues_vs_chiefs_65866096.json,sr:sport_event:65866096,2026-02-14T06:05:00+00:00,Super Rugby,sr:competition:422,Super Rugby 2026,sr:season:137092,2026,league,regular season,1,Super Rugby Pacific 2026,Blues,sr:competitor:4190,BLU,Chiefs,sr:competitor:4185,CHI,Eden Park,Auckland,New Zealand,"-36.87499, 174.744908","O'Keeffe, Ben",New Zealand,111,2270414922,ball_recycled,2026-02-14T07:08:24+00:00,46,45:57,home,Blues,71,36,2,,,,,,,,,,,,,,
super_rugby_2026_blues_vs_chiefs_65866096.json,sr:sport_event:65866096,2026-02-14T06:05:00+00:00,Super Rugby,sr:competition:422,Super Rugby 2026,sr:season:137092,2026,league,regular season,1,Super Rugby Pacific 2026,Blues,sr:competitor:4190,BLU,Chiefs,sr:competitor:4185,CHI,Eden Park,Auckland,New Zealand,"-36.87499, 174.744908","O'Keeffe, Ben",New Zealand,112,2270414984,ball_recycled,2026-02-14T07:08:32+00:00,47,46:04,home,Blues,73,26,2,,,,,,,,,,,,,,
super_rugby_2026_blues_vs_chiefs_65866096.json,sr:sport_event:65866096,2026-02-14T06:05:00+00:00,Super Rugby,sr:competition:422,Super Rugby 2026,sr:season:137092,2026,league,regular season,1,Super Rugby Pacific 2026,Blues,sr:competitor:4190,BLU,Chiefs,sr:competitor:4185,CHI,Eden Park,Auckland,New Zealand,"-36.87499, 174.744908","O'Keeffe, Ben",New Zealand,113,2270415408,scrum,2026-02-14T07:09:22+00:00,47,46:55,away,Chiefs,70,28,2,,,,,,,,,,,,,,
super_rugby_2026_blues_vs_chiefs_65866096.json,sr:sport_event:65866096,2026-02-14T06:05:00+00:00,Super Rugby,sr:competition:422,Super Rugby 2026,sr:season:137092,2026,league,regular season,1,Super Rugby Pacific 2026,Blues,sr:competitor:4190,BLU,Chiefs,sr:competitor:4185,CHI,Eden Park,Auckland,New Zealand,"-36.87499, 174.744908","O'Keeffe, Ben",New Zealand,114,2270415466,scrum_reset,2026-02-14T07:09:30+00:00,48,47:02,away,Chiefs,70,28,2,,,,,,,,,,,,,,
super_rugby_2026_blues_vs_chiefs_65866096.json,sr:sport_event:65866096,2026-02-14T06:05:00+00:00,Super Rugby,sr:competition:422,Super Rugby 2026,sr:season:137092,2026,league,regular season,1,Super Rugby Pacific 2026,Blues,sr:competitor:4190,BLU,Chiefs,sr:competitor:4185,CHI,Eden Park,Auckland,New Zealand,"-36.87499, 174.744908","O'Keeffe, Ben",New Zealand,115,2270415898,scrum_won,2026-02-14T07:10:15+00:00,48,47:47,away,Chiefs,70,28,2,,,,,,,,,,,,,,
super_rugby_2026_blues_vs_chiefs_65866096.json,sr:sport_event:65866096,2026-02-14T06:05:00+00:00,Super Rugby,sr:competition:422,Super Rugby 2026,sr:season:137092,2026,league,regular season,1,Super Rugby Pacific 2026,Blues,sr:competitor:4190,BLU,Chiefs,sr:competitor:4185,CHI,Eden Park,Auckland,New Zealand,"-36.87499, 174.744908","O'Keeffe, Ben",New Zealand,116,2270415900,ball_recycled,2026-02-14T07:10:15+00:00,48,47:48,away,Chiefs,70,28,2,,,,,,,,,,,,,,
super_rugby_2026_blues_vs_chiefs_65866096.json,sr:sport_event:65866096,2026-02-14T06:05:00+00:00,Super Rugby,sr:competition:422,Super Rugby 2026,sr:season:137092,2026,league,regular season,1,Super Rugby Pacific 2026,Blues,sr:competitor:4190,BLU,Chiefs,sr:competitor:4185,CHI,Eden Park,Auckland,New Zealand,"-36.87499, 174.744908","O'Keeffe, Ben",New Zealand,117,2270415936,ball_recycled,2026-02-14T07:10:18+00:00,48,47:50,away,Chiefs,67,44,2,,,,,,,,,,,,,,
super_rugby_2026_blues_vs_chiefs_65866096.json,sr:sport_event:65866096,2026-02-14T06:05:00+00:00,Super Rugby,sr:competition:422,Super Rugby 2026,sr:season:137092,2026,league,regular season,1,Super Rugby Pacific 2026,Blues,sr:competitor:4190,BLU,Chiefs,sr:competitor:4185,CHI,Eden Park,Auckland,New Zealand,"-36.87499, 174.744908","O'Keeffe, Ben",New Zealand,118,2270416012,ball_recycled,2026-02-14T07:10:26+00:00,48,47:58,away,Chiefs,67,57,2,,,,,,,,,,,,,,
super_rugby_2026_blues_vs_chiefs_65866096.json,sr:sport_event:65866096,2026-02-14T06:05:00+00:00,Super Rugby,sr:competition:422,Super Rugby 2026,sr:season:137092,2026,league,regular season,1,Super Rugby Pacific 2026,Blues,sr:competitor:4190,BLU,Chiefs,sr:competitor:4185,CHI,Eden Park,Auckland,New Zealand,"-36.87499, 174.744908","O'Keeffe, Ben",New Zealand,119,2270416014,ball_recycled,2026-02-14T07:10:27+00:00,48,47:59,away,Chiefs,72,51,2,,,,,,,,,,,,,,
super_rugby_2026_blues_vs_chiefs_65866096.json,sr:sport_event:65866096,2026-02-14T06:05:00+00:00,Super Rugby,sr:competition:422,Super Rugby 2026,sr:season:137092,2026,league,regular season,1,Super Rugby Pacific 2026,Blues,sr:competitor:4190,BLU,Chiefs,sr:competitor:4185,CHI,Eden Park,Auckland,New Zealand,"-36.87499, 174.744908","O'Keeffe, Ben",New Zealand,120,2270416062,ball_recycled,2026-02-14T07:10:34+00:00,49,48:07,away,Chiefs,63,35,2,,,,,,,,,,,,,,
super_rugby_2026_blues_vs_chiefs_65866096.json,sr:sport_event:65866096,2026-02-14T06:05:00+00:00,Super Rugby,sr:competition:422,Super Rugby 2026,sr:season:137092,2026,league,regular season,1,Super Rugby Pacific 2026,Blues,sr:competitor:4190,BLU,Chiefs,sr:competitor:4185,CHI,Eden Park,Auckland,New Zealand,"-36.87499, 174.744908","O'Keeffe, Ben",New Zealand,121,2270416120,ball_kicked,2026-02-14T07:10:40+00:00,49,48:13,away,Chiefs,38,58,2,,,,,,,,,,,,,,
super_rugby_2026_blues_vs_chiefs_65866096.json,sr:sport_event:65866096,2026-02-14T06:05:00+00:00,Super Rugby,sr:competition:422,Super Rugby 2026,sr:season:137092,2026,league,regular season,1,Super Rugby Pacific 2026,Blues,sr:competitor:4190,BLU,Chiefs,sr:competitor:4185,CHI,Eden Park,Auckland,New Zealand,"-36.87499, 174.744908","O'Keeffe, Ben",New Zealand,122,2270416172,ball_recycled,2026-02-14T07:10:46+00:00,49,48:19,home,Blues,38,58,2,,,,,,,,,,,,,,
super_rugby_2026_blues_vs_chiefs_65866096.json,sr:sport_event:65866096,2026-02-14T06:05:00+00:00,Super Rugby,sr:competition:422,Super Rugby 2026,sr:season:137092,2026,league,regular season,1,Super Rugby Pacific 2026,Blues,sr:competitor:4190,BLU,Chiefs,sr:competitor:4185,CHI,Eden Park,Auckland,New Zealand,"-36.87499, 174.744908","O'Keeffe, Ben",New Zealand,123,2270416186,ball_recycled,2026-02-14T07:10:48+00:00,49,48:21,home,Blues,37,47,2,,,,,,,,,,,,,,
super_rugby_2026_blues_vs_chiefs_65866096.json,sr:sport_event:65866096,2026-02-14T06:05:00+00:00,Super Rugby,sr:competition:422,Super Rugby 2026,sr:season:137092,2026,league,regular season,1,Super Rugby Pacific 2026,Blues,sr:competitor:4190,BLU,Chiefs,sr:competitor:4185,CHI,Eden Park,Auckland,New Zealand,"-36.87499, 174.744908","O'Keeffe, Ben",New Zealand,124,2270416338,ball_recycled,2026-02-14T07:11:04+00:00,49,48:37,home,Blues,47,45,2,,,,,,,,,,,,,,
super_rugby_2026_blues_vs_chiefs_65866096.json,sr:sport_event:65866096,2026-02-14T06:05:00+00:00,Super Rugby,sr:competition:422,Super Rugby 2026,sr:season:137092,2026,league,regular season,1,Super Rugby Pacific 2026,Blues,sr:competitor:4190,BLU,Chiefs,sr:competitor:4185,CHI,Eden Park,Auckland,New Zealand,"-36.87499, 174.744908","O'Keeffe, Ben",New Zealand,125,2270416370,ball_recycled,2026-02-14T07:11:08+00:00,49,48:41,home,Blues,46,39,2,,,,,,,,,,,,,,
super_rugby_2026_blues_vs_chiefs_65866096.json,sr:sport_event:65866096,2026-02-14T06:05:00+00:00,Super Rugby,sr:competition:422,Super Rugby 2026,sr:season:137092,2026,league,regular season,1,Super Rugby Pacific 2026,Blues,sr:competitor:4190,BLU,Chiefs,sr:competitor:4185,CHI,Eden Park,Auckland,New Zealand,"-36.87499, 174.744908","O'Keeffe, Ben",New Zealand,126,2270416410,ball_kicked,2026-02-14T07:11:12+00:00,49,48:46,home,Blues,81,14,2,,,,,,,,,,,,,,
super_rugby_2026_blues_vs_chiefs_65866096.json,sr:sport_event:65866096,2026-02-14T06:05:00+00:00,Super Rugby,sr:competition:422,Super Rugby 2026,sr:season:137092,2026,league,regular season,1,Super Rugby Pacific 2026,Blues,sr:competitor:4190,BLU,Chiefs,sr:competitor:4185,CHI,Eden Park,Auckland,New Zealand,"-36.87499, 174.744908","O'Keeffe, Ben",New Zealand,127,2270416842,substitution,2026-02-14T07:11:58+00:00,50,49:31,home,Blues,,,2,,,,,,,,,,sr:player:512222,"Tu'ungafasi, Ofa",sr:player:858664,"Renata, Marcel","[{""id"": ""sr:player:512222"", ""name"": ""Tu'ungafasi, Ofa"", ""type"": ""substituted_out""}, {""id"": ""sr:player:858664"", ""name"": ""Renata, Marcel"", ""type"": ""substituted_in""}]"
super_rugby_2026_blues_vs_chiefs_65866096.json,sr:sport_event:65866096,2026-02-14T06:05:00+00:00,Super Rugby,sr:competition:422,Super Rugby 2026,sr:season:137092,2026,league,regular season,1,Super Rugby Pacific 2026,Blues,sr:competitor:4190,BLU,Chiefs,sr:competitor:4185,CHI,Eden Park,Auckland,New Zealand,"-36.87499, 174.744908","O'Keeffe, Ben",New Zealand,128,2270416942,ball_recycled,2026-02-14T07:12:09+00:00,50,49:42,home,Blues,50,39,2,,,,,,,,,,,,,,
super_rugby_2026_blues_vs_chiefs_65866096.json,sr:sport_event:65866096,2026-02-14T06:05:00+00:00,Super Rugby,sr:competition:422,Super Rugby 2026,sr:season:137092,2026,league,regular season,1,Super Rugby Pacific 2026,Blues,sr:competitor:4190,BLU,Chiefs,sr:competitor:4185,CHI,Eden Park,Auckland,New Zealand,"-36.87499, 174.744908","O'Keeffe, Ben",New Zealand,129,2270416944,ball_recycled,2026-02-14T07:12:09+00:00,50,49:42,home,Blues,51,51,2,,,,,,,,,,,,,,
super_rugby_2026_blues_vs_chiefs_65866096.json,sr:sport_event:65866096,2026-02-14T06:05:00+00:00,Super Rugby,sr:competition:422,Super Rugby 2026,sr:season:137092,2026,league,regular season,1,Super Rugby Pacific 2026,Blues,sr:competitor:4190,BLU,Chiefs,sr:competitor:4185,CHI,Eden Park,Auckland,New Zealand,"-36.87499, 174.744908","O'Keeffe, Ben",New Zealand,130,2270417082,line_out,2026-02-14T07:12:22+00:00,50,49:55,away,Chiefs,91,70,2,,,,,,,,,,,,,,
super_rugby_2026_blues_vs_chiefs_65866096.json,sr:sport_event:65866096,2026-02-14T06:05:00+00:00,Super Rugby,sr:competition:422,Super Rugby 2026,sr:season:137092,2026,league,regular season,1,Super Rugby Pacific 2026,Blues,sr:competitor:4190,BLU,Chiefs,sr:competitor:4185,CHI,Eden Park,Auckland,New Zealand,"-36.87499, 174.744908","O'Keeffe, Ben",New Zealand,131,2270417354,line_out_won,2026-02-14T07:12:53+00:00,51,50:25,away,Chiefs,91,70,2,,,,,,,,,,,,,,
super_rugby_2026_blues_vs_chiefs_65866096.json,sr:sport_event:65866096,2026-02-14T06:05:00+00:00,Super Rugby,sr:competition:422,Super Rugby 2026,sr:season:137092,2026,league,regular season,1,Super Rugby Pacific 2026,Blues,sr:competitor:4190,BLU,Chiefs,sr:competitor:4185,CHI,Eden Park,Auckland,New Zealand,"-36.87499, 174.744908","O'Keeffe, Ben",New Zealand,132,2270417370,ball_recycled,2026-02-14T07:12:54+00:00,51,50:27,away,Chiefs,97,44,2,,,,,,,,,,,,,,
super_rugby_2026_blues_vs_chiefs_65866096.json,sr:sport_event:65866096,2026-02-14T06:05:00+00:00,Super Rugby,sr:competition:422,Super Rugby 2026,sr:season:137092,2026,league,regular season,1,Super Rugby Pacific 2026,Blues,sr:competitor:4190,BLU,Chiefs,sr:competitor:4185,CHI,Eden Park,Auckland,New Zealand,"-36.87499, 174.744908","O'Keeffe, Ben",New Zealand,133,2270417554,line_out,2026-02-14T07:13:13+00:00,51,50:46,home,Blues,70,71,2,,,,,,,,,,,,,,
super_rugby_2026_blues_vs_chiefs_65866096.json,sr:sport_event:65866096,2026-02-14T06:05:00+00:00,Super Rugby,sr:competition:422,Super Rugby 2026,sr:season:137092,2026,league,regular season,1,Super Rugby Pacific 2026,Blues,sr:competitor:4190,BLU,Chiefs,sr:competitor:4185,CHI,Eden Park,Auckland,New Zealand,"-36.87499, 174.744908","O'Keeffe, Ben",New Zealand,134,2270417780,line_out_won,2026-02-14T07:13:40+00:00,52,51:13,home,Blues,70,71,2,,,,,,,,,,,,,,
super_rugby_2026_blues_vs_chiefs_65866096.json,sr:sport_event:65866096,2026-02-14T06:05:00+00:00,Super Rugby,sr:competition:422,Super Rugby 2026,sr:season:137092,2026,league,regular season,1,Super Rugby Pacific 2026,Blues,sr:competitor:4190,BLU,Chiefs,sr:competitor:4185,CHI,Eden Park,Auckland,New Zealand,"-36.87499, 174.744908","O'Keeffe, Ben",New Zealand,135,2270417802,ball_recycled,2026-02-14T07:13:42+00:00,52,51:15,home,Blues,71,34,2,,,,,,,,,,,,,,
super_rugby_2026_blues_vs_chiefs_65866096.json,sr:sport_event:65866096,2026-02-14T06:05:00+00:00,Super Rugby,sr:competition:422,Super Rugby 2026,sr:season:137092,2026,league,regular season,1,Super Rugby Pacific 2026,Blues,sr:competitor:4190,BLU,Chiefs,sr:competitor:4185,CHI,Eden Park,Auckland,New Zealand,"-36.87499, 174.744908","O'Keeffe, Ben",New Zealand,136,2270418008,ball_recycled,2026-02-14T07:14:08+00:00,52,51:41,home,Blues,79,30,2,,,,,,,,,,,,,,
super_rugby_2026_blues_vs_chiefs_65866096.json,sr:sport_event:65866096,2026-02-14T06:05:00+00:00,Super Rugby,sr:competition:422,Super Rugby 2026,sr:season:137092,2026,league,regular season,1,Super Rugby Pacific 2026,Blues,sr:competitor:4190,BLU,Chiefs,sr:competitor:4185,CHI,Eden Park,Auckland,New Zealand,"-36.87499, 174.744908","O'Keeffe, Ben",New Zealand,137,2270418014,ball_recycled,2026-02-14T07:14:09+00:00,52,51:42,home,Blues,77,35,2,,,,,,,,,,,,,,
super_rugby_2026_blues_vs_chiefs_65866096.json,sr:sport_event:65866096,2026-02-14T06:05:00+00:00,Super Rugby,sr:competition:422,Super Rugby 2026,sr:season:137092,2026,league,regular season,1,Super Rugby Pacific 2026,Blues,sr:competitor:4190,BLU,Chiefs,sr:competitor:4185,CHI,Eden Park,Auckland,New Zealand,"-36.87499, 174.744908","O'Keeffe, Ben",New Zealand,138,2270418088,ball_recycled,2026-02-14T07:14:18+00:00,52,51:50,home,Blues,87,39,2,,,,,,,,,,,,,,
super_rugby_2026_blues_vs_chiefs_65866096.json,sr:sport_event:65866096,2026-02-14T06:05:00+00:00,Super Rugby,sr:competition:422,Super Rugby 2026,sr:season:137092,2026,league,regular season,1,Super Rugby Pacific 2026,Blues,sr:competitor:4190,BLU,Chiefs,sr:competitor:4185,CHI,Eden Park,Auckland,New Zealand,"-36.87499, 174.744908","O'Keeffe, Ben",New Zealand,139,2270418128,ball_recycled,2026-02-14T07:14:23+00:00,52,51:56,home,Blues,87,39,2,,,,,,,,,,,,,,
super_rugby_2026_blues_vs_chiefs_65866096.json,sr:sport_event:65866096,2026-02-14T06:05:00+00:00,Super Rugby,sr:competition:422,Super Rugby 2026,sr:season:137092,2026,league,regular season,1,Super Rugby Pacific 2026,Blues,sr:competitor:4190,BLU,Chiefs,sr:competitor:4185,CHI,Eden Park,Auckland,New Zealand,"-36.87499, 174.744908","O'Keeffe, Ben",New Zealand,140,2270418160,ball_recycled,2026-02-14T07:14:27+00:00,52,52:00,home,Blues,87,61,2,,,,,,,,,,,,,,
super_rugby_2026_blues_vs_chiefs_65866096.json,sr:sport_event:65866096,2026-02-14T06:05:00+00:00,Super Rugby,sr:competition:422,Super Rugby 2026,sr:season:137092,2026,league,regular season,1,Super Rugby Pacific 2026,Blues,sr:competitor:4190,BLU,Chiefs,sr:competitor:4185,CHI,Eden Park,Auckland,New Zealand,"-36.87499, 174.744908","O'Keeffe, Ben",New Zealand,141,2270418262,ball_recycled,2026-02-14T07:14:41+00:00,53,52:13,home,Blues,93,58,2,,,,,,,,,,,,,,
super_rugby_2026_blues_vs_chiefs_65866096.json,sr:sport_event:65866096,2026-02-14T06:05:00+00:00,Super Rugby,sr:competition:422,Super Rugby 2026,sr:season:137092,2026,league,regular season,1,Super Rugby Pacific 2026,Blues,sr:competitor:4190,BLU,Chiefs,sr:competitor:4185,CHI,Eden Park,Auckland,New Zealand,"-36.87499, 174.744908","O'Keeffe, Ben",New Zealand,142,2270418276,ball_recycled,2026-02-14T07:14:42+00:00,53,52:15,home,Blues,93,58,2,,,,,,,,,,,,,,
super_rugby_2026_blues_vs_chiefs_65866096.json,sr:sport_event:65866096,2026-02-14T06:05:00+00:00,Super Rugby,sr:competition:422,Super Rugby 2026,sr:season:137092,2026,league,regular season,1,Super Rugby Pacific 2026,Blues,sr:competitor:4190,BLU,Chiefs,sr:competitor:4185,CHI,Eden Park,Auckland,New Zealand,"-36.87499, 174.744908","O'Keeffe, Ben",New Zealand,143,2270418378,ball_recycled,2026-02-14T07:14:58+00:00,53,52:31,home,Blues,101,43,2,,,,,,,,,,,,,,
super_rugby_2026_blues_vs_chiefs_65866096.json,sr:sport_event:65866096,2026-02-14T06:05:00+00:00,Super Rugby,sr:competition:422,Super Rugby 2026,sr:season:137092,2026,league,regular season,1,Super Rugby Pacific 2026,Blues,sr:competitor:4190,BLU,Chiefs,sr:competitor:4185,CHI,Eden Park,Auckland,New Zealand,"-36.87499, 174.744908","O'Keeffe, Ben",New Zealand,144,2270418684,score_change,2026-02-14T07:15:24+00:00,53,52:57,home,Blues,108,47,2,,,10,5,try,,,sr:player:1001629,"Papali'i, Dalton",,,,,"[{""id"": ""sr:player:1001629"", ""name"": ""Papali'i, Dalton"", ""type"": ""scorer""}]"
super_rugby_2026_blues_vs_chiefs_65866096.json,sr:sport_event:65866096,2026-02-14T06:05:00+00:00,Super Rugby,sr:competition:422,Super Rugby 2026,sr:season:137092,2026,league,regular season,1,Super Rugby Pacific 2026,Blues,sr:competitor:4190,BLU,Chiefs,sr:competitor:4185,CHI,Eden Park,Auckland,New Zealand,"-36.87499, 174.744908","O'Keeffe, Ben",New Zealand,145,2270419158,score_change,2026-02-14T07:16:24+00:00,54,53:56,home,Blues,55,35,2,,,12,5,conversion,,,sr:player:2285599,"Sullivan, Zarn",,,,,"[{""id"": ""sr:player:2285599"", ""name"": ""Sullivan, Zarn"", ""type"": ""scorer""}]"
super_rugby_2026_blues_vs_chiefs_65866096.json,sr:sport_event:65866096,2026-02-14T06:05:00+00:00,Super Rugby,sr:competition:422,Super Rugby 2026,sr:season:137092,2026,league,regular season,1,Super Rugby Pacific 2026,Blues,sr:competitor:4190,BLU,Chiefs,sr:competitor:4185,CHI,Eden Park,Auckland,New Zealand,"-36.87499, 174.744908","O'Keeffe, Ben",New Zealand,146,2270419466,ball_kicked,2026-02-14T07:16:53+00:00,55,54:14,away,Chiefs,31,16,2,,,,,,,,,,,,,,
super_rugby_2026_blues_vs_chiefs_65866096.json,sr:sport_event:65866096,2026-02-14T06:05:00+00:00,Super Rugby,sr:competition:422,Super Rugby 2026,sr:season:137092,2026,league,regular season,1,Super Rugby Pacific 2026,Blues,sr:competitor:4190,BLU,Chiefs,sr:competitor:4185,CHI,Eden Park,Auckland,New Zealand,"-36.87499, 174.744908","O'Keeffe, Ben",New Zealand,147,2270419548,ball_recycled,2026-02-14T07:17:03+00:00,55,54:24,home,Blues,26,17,2,,,,,,,,,,,,,,
super_rugby_2026_blues_vs_chiefs_65866096.json,sr:sport_event:65866096,2026-02-14T06:05:00+00:00,Super Rugby,sr:competition:422,Super Rugby 2026,sr:season:137092,2026,league,regular season,1,Super Rugby Pacific 2026,Blues,sr:competitor:4190,BLU,Chiefs,sr:competitor:4185,CHI,Eden Park,Auckland,New Zealand,"-36.87499, 174.744908","O'Keeffe, Ben",New Zealand,148,2270419640,line_out,2026-02-14T07:17:09+00:00,55,54:30,away,Chiefs,56,-2,2,,,,,,,,,,,,,,
super_rugby_2026_blues_vs_chiefs_65866096.json,sr:sport_event:65866096,2026-02-14T06:05:00+00:00,Super Rugby,sr:competition:422,Super Rugby 2026,sr:season:137092,2026,league,regular season,1,Super Rugby Pacific 2026,Blues,sr:competitor:4190,BLU,Chiefs,sr:competitor:4185,CHI,Eden Park,Auckland,New Zealand,"-36.87499, 174.744908","O'Keeffe, Ben",New Zealand,149,2270419714,substitution,2026-02-14T07:17:19+00:00,55,54:40,away,Chiefs,,,2,,,,,,,,,,sr:player:1722392,"Brown, Jahrome",sr:player:2286135,"Finau, Samipeni","[{""id"": ""sr:player:1722392"", ""name"": ""Brown, Jahrome"", ""type"": ""substituted_out""}, {""id"": ""sr:player:2286135"", ""name"": ""Finau, Samipeni"", ""type"": ""substituted_in""}]"
super_rugby_2026_blues_vs_chiefs_65866096.json,sr:sport_event:65866096,2026-02-14T06:05:00+00:00,Super Rugby,sr:competition:422,Super Rugby 2026,sr:season:137092,2026,league,regular season,1,Super Rugby Pacific 2026,Blues,sr:competitor:4190,BLU,Chiefs,sr:competitor:4185,CHI,Eden Park,Auckland,New Zealand,"-36.87499, 174.744908","O'Keeffe, Ben",New Zealand,150,2270419822,line_out_won,2026-02-14T07:17:29+00:00,55,54:50,home,Blues,72,23,2,,,,,,,,,,,,,,
super_rugby_2026_blues_vs_chiefs_65866096.json,sr:sport_event:65866096,2026-02-14T06:05:00+00:00,Super Rugby,sr:competition:422,Super Rugby 2026,sr:season:137092,2026,league,regular season,1,Super Rugby Pacific 2026,Blues,sr:competitor:4190,BLU,Chiefs,sr:competitor:4185,CHI,Eden Park,Auckland,New Zealand,"-36.87499, 174.744908","O'Keeffe, Ben",New Zealand,151,2270419864,ball_recycled,2026-02-14T07:17:34+00:00,55,54:55,home,Blues,43,15,2,,,,,,,,,,,,,,
super_rugby_2026_blues_vs_chiefs_65866096.json,sr:sport_event:65866096,2026-02-14T06:05:00+00:00,Super Rugby,sr:competition:422,Super Rugby 2026,sr:season:137092,2026,league,regular season,1,Super Rugby Pacific 2026,Blues,sr:competitor:4190,BLU,Chiefs,sr:competitor:4185,CHI,Eden Park,Auckland,New Zealand,"-36.87499, 174.744908","O'Keeffe, Ben",New Zealand,152,2270419898,ball_kicked,2026-02-14T07:17:36+00:00,55,54:57,home,Blues,79,28,2,,,,,,,,,,,,,,
super_rugby_2026_blues_vs_chiefs_65866096.json,sr:sport_event:65866096,2026-02-14T06:05:00+00:00,Super Rugby,sr:competition:422,Super Rugby 2026,sr:season:137092,2026,league,regular season,1,Super Rugby Pacific 2026,Blues,sr:competitor:4190,BLU,Chiefs,sr:competitor:4185,CHI,Eden Park,Auckland,New Zealand,"-36.87499, 174.744908","O'Keeffe, Ben",New Zealand,153,2270419990,ball_recycled,2026-02-14T07:17:48+00:00,56,55:09,away,Chiefs,60,25,2,,,,,,,,,,,,,,
super_rugby_2026_blues_vs_chiefs_65866096.json,sr:sport_event:65866096,2026-02-14T06:05:00+00:00,Super Rugby,sr:competition:422,Super Rugby 2026,sr:season:137092,2026,league,regular season,1,Super Rugby Pacific 2026,Blues,sr:competitor:4190,BLU,Chiefs,sr:competitor:4185,CHI,Eden Park,Auckland,New Zealand,"-36.87499, 174.744908","O'Keeffe, Ben",New Zealand,154,2270420090,ball_recycled,2026-02-14T07:17:57+00:00,56,55:18,away,Chiefs,68,26,2,,,,,,,,,,,,,,
super_rugby_2026_blues_vs_chiefs_65866096.json,sr:sport_event:65866096,2026-02-14T06:05:00+00:00,Super Rugby,sr:competition:422,Super Rugby 2026,sr:season:137092,2026,league,regular season,1,Super Rugby Pacific 2026,Blues,sr:competitor:4190,BLU,Chiefs,sr:competitor:4185,CHI,Eden Park,Auckland,New Zealand,"-36.87499, 174.744908","O'Keeffe, Ben",New Zealand,155,2270420146,ball_recycled,2026-02-14T07:18:03+00:00,56,55:24,away,Chiefs,68,26,2,,,,,,,,,,,,,,
super_rugby_2026_blues_vs_chiefs_65866096.json,sr:sport_event:65866096,2026-02-14T06:05:00+00:00,Super Rugby,sr:competition:422,Super Rugby 2026,sr:season:137092,2026,league,regular season,1,Super Rugby Pacific 2026,Blues,sr:competitor:4190,BLU,Chiefs,sr:competitor:4185,CHI,Eden Park,Auckland,New Zealand,"-36.87499, 174.744908","O'Keeffe, Ben",New Zealand,156,2270420208,ball_recycled,2026-02-14T07:18:09+00:00,56,55:30,away,Chiefs,60,37,2,,,,,,,,,,,,,,
super_rugby_2026_blues_vs_chiefs_65866096.json,sr:sport_event:65866096,2026-02-14T06:05:00+00:00,Super Rugby,sr:competition:422,Super Rugby 2026,sr:season:137092,2026,league,regular season,1,Super Rugby Pacific 2026,Blues,sr:competitor:4190,BLU,Chiefs,sr:competitor:4185,CHI,Eden Park,Auckland,New Zealand,"-36.87499, 174.744908","O'Keeffe, Ben",New Zealand,157,2270420320,penalty_awarded,2026-02-14T07:18:19+00:00,56,55:40,away,Chiefs,59,37,2,,,,,,,,,,,,,,
super_rugby_2026_blues_vs_chiefs_65866096.json,sr:sport_event:65866096,2026-02-14T06:05:00+00:00,Super Rugby,sr:competition:422,Super Rugby 2026,sr:season:137092,2026,league,regular season,1,Super Rugby Pacific 2026,Blues,sr:competitor:4190,BLU,Chiefs,sr:competitor:4185,CHI,Eden Park,Auckland,New Zealand,"-36.87499, 174.744908","O'Keeffe, Ben",New Zealand,158,2270420488,kick_to_touch,2026-02-14T07:18:39+00:00,56,56:00,away,Chiefs,59,37,2,,,,,,,,,,,,,,
super_rugby_2026_blues_vs_chiefs_65866096.json,sr:sport_event:65866096,2026-02-14T06:05:00+00:00,Super Rugby,sr:competition:422,Super Rugby 2026,sr:season:137092,2026,league,regular season,1,Super Rugby Pacific 2026,Blues,sr:competitor:4190,BLU,Chiefs,sr:competitor:4185,CHI,Eden Park,Auckland,New Zealand,"-36.87499, 174.744908","O'Keeffe, Ben",New Zealand,159,2270420538,line_out,2026-02-14T07:18:43+00:00,57,56:04,away,Chiefs,37,0,2,,,,,,,,,,,,,,
super_rugby_2026_blues_vs_chiefs_65866096.json,sr:sport_event:65866096,2026-02-14T06:05:00+00:00,Super Rugby,sr:competition:422,Super Rugby 2026,sr:season:137092,2026,league,regular season,1,Super Rugby Pacific 2026,Blues,sr:competitor:4190,BLU,Chiefs,sr:competitor:4185,CHI,Eden Park,Auckland,New Zealand,"-36.87499, 174.744908","O'Keeffe, Ben",New Zealand,160,2270420710,line_out_won,2026-02-14T07:19:08+00:00,57,56:29,away,Chiefs,37,0,2,,,,,,,,,,,,,,
super_rugby_2026_blues_vs_chiefs_65866096.json,sr:sport_event:65866096,2026-02-14T06:05:00+00:00,Super Rugby,sr:competition:422,Super Rugby 2026,sr:season:137092,2026,league,regular season,1,Super Rugby Pacific 2026,Blues,sr:competitor:4190,BLU,Chiefs,sr:competitor:4185,CHI,Eden Park,Auckland,New Zealand,"-36.87499, 174.744908","O'Keeffe, Ben",New Zealand,161,2270420916,ball_recycled,2026-02-14T07:19:31+00:00,57,56:52,away,Chiefs,23,26,2,,,,,,,,,,,,,,
super_rugby_2026_blues_vs_chiefs_65866096.json,sr:sport_event:65866096,2026-02-14T06:05:00+00:00,Super Rugby,sr:competition:422,Super Rugby 2026,sr:season:137092,2026,league,regular season,1,Super Rugby Pacific 2026,Blues,sr:competitor:4190,BLU,Chiefs,sr:competitor:4185,CHI,Eden Park,Auckland,New Zealand,"-36.87499, 174.744908","O'Keeffe, Ben",New Zealand,162,2270420934,ball_recycled,2026-02-14T07:19:32+00:00,57,56:53,away,Chiefs,23,26,2,,,,,,,,,,,,,,
super_rugby_2026_blues_vs_chiefs_65866096.json,sr:sport_event:65866096,2026-02-14T06:05:00+00:00,Super Rugby,sr:competition:422,Super Rugby 2026,sr:season:137092,2026,league,regular season,1,Super Rugby Pacific 2026,Blues,sr:competitor:4190,BLU,Chiefs,sr:competitor:4185,CHI,Eden Park,Auckland,New Zealand,"-36.87499, 174.744908","O'Keeffe, Ben",New Zealand,163,2270421332,ball_kicked,2026-02-14T07:20:16+00:00,58,57:37,home,Blues,76,43,2,,,,,,,,,,,,,,
super_rugby_2026_blues_vs_chiefs_65866096.json,sr:sport_event:65866096,2026-02-14T06:05:00+00:00,Super Rugby,sr:competition:422,Super Rugby 2026,sr:season:137092,2026,league,regular season,1,Super Rugby Pacific 2026,Blues,sr:competitor:4190,BLU,Chiefs,sr:competitor:4185,CHI,Eden Park,Auckland,New Zealand,"-36.87499, 174.744908","O'Keeffe, Ben",New Zealand,164,2270421414,ball_recycled,2026-02-14T07:20:28+00:00,58,57:49,away,Chiefs,47,45,2,,,,,,,,,,,,,,
super_rugby_2026_blues_vs_chiefs_65866096.json,sr:sport_event:65866096,2026-02-14T06:05:00+00:00,Super Rugby,sr:competition:422,Super Rugby 2026,sr:season:137092,2026,league,regular season,1,Super Rugby Pacific 2026,Blues,sr:competitor:4190,BLU,Chiefs,sr:competitor:4185,CHI,Eden Park,Auckland,New Zealand,"-36.87499, 174.744908","O'Keeffe, Ben",New Zealand,165,2270421420,ball_recycled,2026-02-14T07:20:29+00:00,58,57:51,away,Chiefs,50,40,2,,,,,,,,,,,,,,
super_rugby_2026_blues_vs_chiefs_65866096.json,sr:sport_event:65866096,2026-02-14T06:05:00+00:00,Super Rugby,sr:competition:422,Super Rugby 2026,sr:season:137092,2026,league,regular season,1,Super Rugby Pacific 2026,Blues,sr:competitor:4190,BLU,Chiefs,sr:competitor:4185,CHI,Eden Park,Auckland,New Zealand,"-36.87499, 174.744908","O'Keeffe, Ben",New Zealand,166,2270421440,ball_recycled,2026-02-14T07:20:31+00:00,58,57:52,away,Chiefs,48,33,2,,,,,,,,,,,,,,
super_rugby_2026_blues_vs_chiefs_65866096.json,sr:sport_event:65866096,2026-02-14T06:05:00+00:00,Super Rugby,sr:competition:422,Super Rugby 2026,sr:season:137092,2026,league,regular season,1,Super Rugby Pacific 2026,Blues,sr:competitor:4190,BLU,Chiefs,sr:competitor:4185,CHI,Eden Park,Auckland,New Zealand,"-36.87499, 174.744908","O'Keeffe, Ben",New Zealand,167,2270421468,ball_recycled,2026-02-14T07:20:33+00:00,58,57:54,away,Chiefs,46,13,2,,,,,,,,,,,,,,
super_rugby_2026_blues_vs_chiefs_65866096.json,sr:sport_event:65866096,2026-02-14T06:05:00+00:00,Super Rugby,sr:competition:422,Super Rugby 2026,sr:season:137092,2026,league,regular season,1,Super Rugby Pacific 2026,Blues,sr:competitor:4190,BLU,Chiefs,sr:competitor:4185,CHI,Eden Park,Auckland,New Zealand,"-36.87499, 174.744908","O'Keeffe, Ben",New Zealand,168,2270421522,ball_recycled,2026-02-14T07:20:39+00:00,59,58:01,away,Chiefs,46,19,2,,,,,,,,,,,,,,
super_rugby_2026_blues_vs_chiefs_65866096.json,sr:sport_event:65866096,2026-02-14T06:05:00+00:00,Super Rugby,sr:competition:422,Super Rugby 2026,sr:season:137092,2026,league,regular season,1,Super Rugby Pacific 2026,Blues,sr:competitor:4190,BLU,Chiefs,sr:competitor:4185,CHI,Eden Park,Auckland,New Zealand,"-36.87499, 174.744908","O'Keeffe, Ben",New Zealand,169,2270421578,ball_recycled,2026-02-14T07:20:48+00:00,59,58:09,away,Chiefs,50,28,2,,,,,,,,,,,,,,
super_rugby_2026_blues_vs_chiefs_65866096.json,sr:sport_event:65866096,2026-02-14T06:05:00+00:00,Super Rugby,sr:competition:422,Super Rugby 2026,sr:season:137092,2026,league,regular season,1,Super Rugby Pacific 2026,Blues,sr:competitor:4190,BLU,Chiefs,sr:competitor:4185,CHI,Eden Park,Auckland,New Zealand,"-36.87499, 174.744908","O'Keeffe, Ben",New Zealand,170,2270421638,ball_recycled,2026-02-14T07:20:55+00:00,59,58:16,away,Chiefs,47,30,2,,,,,,,,,,,,,,
super_rugby_2026_blues_vs_chiefs_65866096.json,sr:sport_event:65866096,2026-02-14T06:05:00+00:00,Super Rugby,sr:competition:422,Super Rugby 2026,sr:season:137092,2026,league,regular season,1,Super Rugby Pacific 2026,Blues,sr:competitor:4190,BLU,Chiefs,sr:competitor:4185,CHI,Eden Park,Auckland,New Zealand,"-36.87499, 174.744908","O'Keeffe, Ben",New Zealand,171,2270421676,ball_recycled,2026-02-14T07:20:58+00:00,59,58:20,away,Chiefs,51,43,2,,,,,,,,,,,,,,
super_rugby_2026_blues_vs_chiefs_65866096.json,sr:sport_event:65866096,2026-02-14T06:05:00+00:00,Super Rugby,sr:competition:422,Super Rugby 2026,sr:season:137092,2026,league,regular season,1,Super Rugby Pacific 2026,Blues,sr:competitor:4190,BLU,Chiefs,sr:competitor:4185,CHI,Eden Park,Auckland,New Zealand,"-36.87499, 174.744908","O'Keeffe, Ben",New Zealand,172,2270422126,line_out,2026-02-14T07:21:43+00:00,60,59:05,home,Blues,39,72,2,,,,,,,,,,,,,,
super_rugby_2026_blues_vs_chiefs_65866096.json,sr:sport_event:65866096,2026-02-14T06:05:00+00:00,Super Rugby,sr:competition:422,Super Rugby 2026,sr:season:137092,2026,league,regular season,1,Super Rugby Pacific 2026,Blues,sr:competitor:4190,BLU,Chiefs,sr:competitor:4185,CHI,Eden Park,Auckland,New Zealand,"-36.87499, 174.744908","O'Keeffe, Ben",New Zealand,173,2270422140,line_out_won,2026-02-14T07:21:45+00:00,60,59:06,home,Blues,39,72,2,,,,,,,,,,,,,,
super_rugby_2026_blues_vs_chiefs_65866096.json,sr:sport_event:65866096,2026-02-14T06:05:00+00:00,Super Rugby,sr:competition:422,Super Rugby 2026,sr:season:137092,2026,league,regular season,1,Super Rugby Pacific 2026,Blues,sr:competitor:4190,BLU,Chiefs,sr:competitor:4185,CHI,Eden Park,Auckland,New Zealand,"-36.87499, 174.744908","O'Keeffe, Ben",New Zealand,174,2270422270,substitution,2026-02-14T07:21:57+00:00,60,59:18,away,Chiefs,,,2,,,,,,,,,,sr:player:884810,"Proffit, Jared",sr:player:2822893,"Kumeroa, Benet","[{""id"": ""sr:player:884810"", ""name"": ""Proffit, Jared"", ""type"": ""substituted_out""}, {""id"": ""sr:player:2822893"", ""name"": ""Kumeroa, Benet"", ""type"": ""substituted_in""}]"
super_rugby_2026_blues_vs_chiefs_65866096.json,sr:sport_event:65866096,2026-02-14T06:05:00+00:00,Super Rugby,sr:competition:422,Super Rugby 2026,sr:season:137092,2026,league,regular season,1,Super Rugby Pacific 2026,Blues,sr:competitor:4190,BLU,Chiefs,sr:competitor:4185,CHI,Eden Park,Auckland,New Zealand,"-36.87499, 174.744908","O'Keeffe, Ben",New Zealand,175,2270422316,scrum,2026-02-14T07:22:02+00:00,60,59:23,away,Chiefs,42,48,2,,,,,,,,,,,,,,
super_rugby_2026_blues_vs_chiefs_65866096.json,sr:sport_event:65866096,2026-02-14T06:05:00+00:00,Super Rugby,sr:competition:422,Super Rugby 2026,sr:season:137092,2026,league,regular season,1,Super Rugby Pacific 2026,Blues,sr:competitor:4190,BLU,Chiefs,sr:competitor:4185,CHI,Eden Park,Auckland,New Zealand,"-36.87499, 174.744908","O'Keeffe, Ben",New Zealand,176,2270423048,scrum_won,2026-02-14T07:23:18+00:00,61,60:40,away,Chiefs,42,48,2,,,,,,,,,,,,,,
super_rugby_2026_blues_vs_chiefs_65866096.json,sr:sport_event:65866096,2026-02-14T06:05:00+00:00,Super Rugby,sr:competition:422,Super Rugby 2026,sr:season:137092,2026,league,regular season,1,Super Rugby Pacific 2026,Blues,sr:competitor:4190,BLU,Chiefs,sr:competitor:4185,CHI,Eden Park,Auckland,New Zealand,"-36.87499, 174.744908","O'Keeffe, Ben",New Zealand,177,2270423056,penalty_awarded,2026-02-14T07:23:19+00:00,61,60:40,away,Chiefs,42,48,2,,,,,,,,,,,,,,
super_rugby_2026_blues_vs_chiefs_65866096.json,sr:sport_event:65866096,2026-02-14T06:05:00+00:00,Super Rugby,sr:competition:422,Super Rugby 2026,sr:season:137092,2026,league,regular season,1,Super Rugby Pacific 2026,Blues,sr:competitor:4190,BLU,Chiefs,sr:competitor:4185,CHI,Eden Park,Auckland,New Zealand,"-36.87499, 174.744908","O'Keeffe, Ben",New Zealand,178,2270423176,kick_to_touch,2026-02-14T07:23:31+00:00,61,60:52,away,Chiefs,47,40,2,,,,,,,,,,,,,,
super_rugby_2026_blues_vs_chiefs_65866096.json,sr:sport_event:65866096,2026-02-14T06:05:00+00:00,Super Rugby,sr:competition:422,Super Rugby 2026,sr:season:137092,2026,league,regular season,1,Super Rugby Pacific 2026,Blues,sr:competitor:4190,BLU,Chiefs,sr:competitor:4185,CHI,Eden Park,Auckland,New Zealand,"-36.87499, 174.744908","O'Keeffe, Ben",New Zealand,179,2270423194,line_out,2026-02-14T07:23:33+00:00,61,60:54,away,Chiefs,25,71,2,,,,,,,,,,,,,,
super_rugby_2026_blues_vs_chiefs_65866096.json,sr:sport_event:65866096,2026-02-14T06:05:00+00:00,Super Rugby,sr:competition:422,Super Rugby 2026,sr:season:137092,2026,league,regular season,1,Super Rugby Pacific 2026,Blues,sr:competitor:4190,BLU,Chiefs,sr:competitor:4185,CHI,Eden Park,Auckland,New Zealand,"-36.87499, 174.744908","O'Keeffe, Ben",New Zealand,180,2270423492,line_out_won,2026-02-14T07:24:10+00:00,62,61:31,away,Chiefs,25,71,2,,,,,,,,,,,,,,
super_rugby_2026_blues_vs_chiefs_65866096.json,sr:sport_event:65866096,2026-02-14T06:05:00+00:00,Super Rugby,sr:competition:422,Super Rugby 2026,sr:season:137092,2026,league,regular season,1,Super Rugby Pacific 2026,Blues,sr:competitor:4190,BLU,Chiefs,sr:competitor:4185,CHI,Eden Park,Auckland,New Zealand,"-36.87499, 174.744908","O'Keeffe, Ben",New Zealand,181,2270423588,ball_recycled,2026-02-14T07:24:22+00:00,62,61:44,away,Chiefs,27,49,2,,,,,,,,,,,,,,
super_rugby_2026_blues_vs_chiefs_65866096.json,sr:sport_event:65866096,2026-02-14T06:05:00+00:00,Super Rugby,sr:competition:422,Super Rugby 2026,sr:season:137092,2026,league,regular season,1,Super Rugby Pacific 2026,Blues,sr:competitor:4190,BLU,Chiefs,sr:competitor:4185,CHI,Eden Park,Auckland,New Zealand,"-36.87499, 174.744908","O'Keeffe, Ben",New Zealand,182,2270423600,ball_recycled,2026-02-14T07:24:23+00:00,62,61:44,away,Chiefs,34,41,2,,,,,,,,,,,,,,
super_rugby_2026_blues_vs_chiefs_65866096.json,sr:sport_event:65866096,2026-02-14T06:05:00+00:00,Super Rugby,sr:competition:422,Super Rugby 2026,sr:season:137092,2026,league,regular season,1,Super Rugby Pacific 2026,Blues,sr:competitor:4190,BLU,Chiefs,sr:competitor:4185,CHI,Eden Park,Auckland,New Zealand,"-36.87499, 174.744908","O'Keeffe, Ben",New Zealand,183,2270423750,penalty_awarded,2026-02-14T07:24:44+00:00,63,62:05,away,Chiefs,23,57,2,,,,,,,,,,,,,,
super_rugby_2026_blues_vs_chiefs_65866096.json,sr:sport_event:65866096,2026-02-14T06:05:00+00:00,Super Rugby,sr:competition:422,Super Rugby 2026,sr:season:137092,2026,league,regular season,1,Super Rugby Pacific 2026,Blues,sr:competitor:4190,BLU,Chiefs,sr:competitor:4185,CHI,Eden Park,Auckland,New Zealand,"-36.87499, 174.744908","O'Keeffe, Ben",New Zealand,184,2270423814,kick_to_touch,2026-02-14T07:24:52+00:00,63,62:13,away,Chiefs,23,57,2,,,,,,,,,,,,,,
super_rugby_2026_blues_vs_chiefs_65866096.json,sr:sport_event:65866096,2026-02-14T06:05:00+00:00,Super Rugby,sr:competition:422,Super Rugby 2026,sr:season:137092,2026,league,regular season,1,Super Rugby Pacific 2026,Blues,sr:competitor:4190,BLU,Chiefs,sr:competitor:4185,CHI,Eden Park,Auckland,New Zealand,"-36.87499, 174.744908","O'Keeffe, Ben",New Zealand,185,2270423918,line_out,2026-02-14T07:25:03+00:00,63,62:25,away,Chiefs,17,71,2,,,,,,,,,,,,,,
super_rugby_2026_blues_vs_chiefs_65866096.json,sr:sport_event:65866096,2026-02-14T06:05:00+00:00,Super Rugby,sr:competition:422,Super Rugby 2026,sr:season:137092,2026,league,regular season,1,Super Rugby Pacific 2026,Blues,sr:competitor:4190,BLU,Chiefs,sr:competitor:4185,CHI,Eden Park,Auckland,New Zealand,"-36.87499, 174.744908","O'Keeffe, Ben",New Zealand,186,2270424132,line_out_won,2026-02-14T07:25:28+00:00,63,62:49,away,Chiefs,17,71,2,,,,,,,,,,,,,,
super_rugby_2026_blues_vs_chiefs_65866096.json,sr:sport_event:65866096,2026-02-14T06:05:00+00:00,Super Rugby,sr:competition:422,Super Rugby 2026,sr:season:137092,2026,league,regular season,1,Super Rugby Pacific 2026,Blues,sr:competitor:4190,BLU,Chiefs,sr:competitor:4185,CHI,Eden Park,Auckland,New Zealand,"-36.87499, 174.744908","O'Keeffe, Ben",New Zealand,187,2270424784,score_change,2026-02-14T07:26:39+00:00,64,63:59,away,Chiefs,4,41,2,,,12,10,try,,,sr:player:1106251,"Taukei'aho, Samisoni",,,,,"[{""id"": ""sr:player:1106251"", ""name"": ""Taukei'aho, Samisoni"", ""type"": ""scorer""}]"
super_rugby_2026_blues_vs_chiefs_65866096.json,sr:sport_event:65866096,2026-02-14T06:05:00+00:00,Super Rugby,sr:competition:422,Super Rugby 2026,sr:season:137092,2026,league,regular season,1,Super Rugby Pacific 2026,Blues,sr:competitor:4190,BLU,Chiefs,sr:competitor:4185,CHI,Eden Park,Auckland,New Zealand,"-36.87499, 174.744908","O'Keeffe, Ben",New Zealand,188,2270424868,score_change,2026-02-14T07:26:51+00:00,65,64:12,away,Chiefs,17,51,2,,,12,12,conversion,,,sr:player:2774837,"Jacomb, Josh",,,,,"[{""id"": ""sr:player:2774837"", ""name"": ""Jacomb, Josh"", ""type"": ""scorer""}]"
super_rugby_2026_blues_vs_chiefs_65866096.json,sr:sport_event:65866096,2026-02-14T06:05:00+00:00,Super Rugby,sr:competition:422,Super Rugby 2026,sr:season:137092,2026,league,regular season,1,Super Rugby Pacific 2026,Blues,sr:competitor:4190,BLU,Chiefs,sr:competitor:4185,CHI,Eden Park,Auckland,New Zealand,"-36.87499, 174.744908","O'Keeffe, Ben",New Zealand,189,2270425116,scrum,2026-02-14T07:27:24+00:00,65,64:44,home,Blues,79,23,2,,,,,,,,,,,,,,
super_rugby_2026_blues_vs_chiefs_65866096.json,sr:sport_event:65866096,2026-02-14T06:05:00+00:00,Super Rugby,sr:competition:422,Super Rugby 2026,sr:season:137092,2026,league,regular season,1,Super Rugby Pacific 2026,Blues,sr:competitor:4190,BLU,Chiefs,sr:competitor:4185,CHI,Eden Park,Auckland,New Zealand,"-36.87499, 174.744908","O'Keeffe, Ben",New Zealand,190,2270425188,scrum_won,2026-02-14T07:27:31+00:00,65,64:52,home,Blues,79,23,2,,,,,,,,,,,,,,
super_rugby_2026_blues_vs_chiefs_65866096.json,sr:sport_event:65866096,2026-02-14T06:05:00+00:00,Super Rugby,sr:competition:422,Super Rugby 2026,sr:season:137092,2026,league,regular season,1,Super Rugby Pacific 2026,Blues,sr:competitor:4190,BLU,Chiefs,sr:competitor:4185,CHI,Eden Park,Auckland,New Zealand,"-36.87499, 174.744908","O'Keeffe, Ben",New Zealand,191,2270425230,ball_recycled,2026-02-14T07:27:35+00:00,65,64:55,home,Blues,83,26,2,,,,,,,,,,,,,,
super_rugby_2026_blues_vs_chiefs_65866096.json,sr:sport_event:65866096,2026-02-14T06:05:00+00:00,Super Rugby,sr:competition:422,Super Rugby 2026,sr:season:137092,2026,league,regular season,1,Super Rugby Pacific 2026,Blues,sr:competitor:4190,BLU,Chiefs,sr:competitor:4185,CHI,Eden Park,Auckland,New Zealand,"-36.87499, 174.744908","O'Keeffe, Ben",New Zealand,192,2270425236,ball_recycled,2026-02-14T07:27:36+00:00,65,64:57,home,Blues,85,30,2,,,,,,,,,,,,,,
super_rugby_2026_blues_vs_chiefs_65866096.json,sr:sport_event:65866096,2026-02-14T06:05:00+00:00,Super Rugby,sr:competition:422,Super Rugby 2026,sr:season:137092,2026,league,regular season,1,Super Rugby Pacific 2026,Blues,sr:competitor:4190,BLU,Chiefs,sr:competitor:4185,CHI,Eden Park,Auckland,New Zealand,"-36.87499, 174.744908","O'Keeffe, Ben",New Zealand,193,2270425336,ball_recycled,2026-02-14T07:27:48+00:00,66,65:09,home,Blues,92,37,2,,,,,,,,,,,,,,
super_rugby_2026_blues_vs_chiefs_65866096.json,sr:sport_event:65866096,2026-02-14T06:05:00+00:00,Super Rugby,sr:competition:422,Super Rugby 2026,sr:season:137092,2026,league,regular season,1,Super Rugby Pacific 2026,Blues,sr:competitor:4190,BLU,Chiefs,sr:competitor:4185,CHI,Eden Park,Auckland,New Zealand,"-36.87499, 174.744908","O'Keeffe, Ben",New Zealand,194,2270425438,substitution,2026-02-14T07:28:02+00:00,66,65:23,away,Chiefs,,,2,,,,,,,,,,sr:player:884810,"Proffit, Jared",sr:player:2822893,"Kumeroa, Benet","[{""id"": ""sr:player:884810"", ""name"": ""Proffit, Jared"", ""type"": ""substituted_out""}, {""id"": ""sr:player:2822893"", ""name"": ""Kumeroa, Benet"", ""type"": ""substituted_in""}]"
super_rugby_2026_blues_vs_chiefs_65866096.json,sr:sport_event:65866096,2026-02-14T06:05:00+00:00,Super Rugby,sr:competition:422,Super Rugby 2026,sr:season:137092,2026,league,regular season,1,Super Rugby Pacific 2026,Blues,sr:competitor:4190,BLU,Chiefs,sr:competitor:4185,CHI,Eden Park,Auckland,New Zealand,"-36.87499, 174.744908","O'Keeffe, Ben",New Zealand,195,2270425462,substitution,2026-02-14T07:28:04+00:00,66,65:24,away,Chiefs,,,2,,,,,,,,,,sr:player:2315349,"Dyer, George",sr:player:879150,"O'Neill, Reuben","[{""id"": ""sr:player:2315349"", ""name"": ""Dyer, George"", ""type"": ""substituted_out""}, {""id"": ""sr:player:879150"", ""name"": ""O'Neill, Reuben"", ""type"": ""substituted_in""}]"
super_rugby_2026_blues_vs_chiefs_65866096.json,sr:sport_event:65866096,2026-02-14T06:05:00+00:00,Super Rugby,sr:competition:422,Super Rugby 2026,sr:season:137092,2026,league,regular season,1,Super Rugby Pacific 2026,Blues,sr:competitor:4190,BLU,Chiefs,sr:competitor:4185,CHI,Eden Park,Auckland,New Zealand,"-36.87499, 174.744908","O'Keeffe, Ben",New Zealand,196,2270425514,ball_recycled,2026-02-14T07:28:08+00:00,66,65:28,home,Blues,95,40,2,,,,,,,,,,,,,,
super_rugby_2026_blues_vs_chiefs_65866096.json,sr:sport_event:65866096,2026-02-14T06:05:00+00:00,Super Rugby,sr:competition:422,Super Rugby 2026,sr:season:137092,2026,league,regular season,1,Super Rugby Pacific 2026,Blues,sr:competitor:4190,BLU,Chiefs,sr:competitor:4185,CHI,Eden Park,Auckland,New Zealand,"-36.87499, 174.744908","O'Keeffe, Ben",New Zealand,197,2270425778,penalty_awarded,2026-02-14T07:28:32+00:00,66,65:53,home,Blues,93,41,2,,,,,,,,,,,,,,
super_rugby_2026_blues_vs_chiefs_65866096.json,sr:sport_event:65866096,2026-02-14T06:05:00+00:00,Super Rugby,sr:competition:422,Super Rugby 2026,sr:season:137092,2026,league,regular season,1,Super Rugby Pacific 2026,Blues,sr:competitor:4190,BLU,Chiefs,sr:competitor:4185,CHI,Eden Park,Auckland,New Zealand,"-36.87499, 174.744908","O'Keeffe, Ben",New Zealand,198,2270426140,score_change,2026-02-14T07:29:19+00:00,67,66:40,home,Blues,93,41,2,,,15,12,penalty,,,sr:player:2285599,"Sullivan, Zarn",,,,,"[{""id"": ""sr:player:2285599"", ""name"": ""Sullivan, Zarn"", ""type"": ""scorer""}]"
super_rugby_2026_blues_vs_chiefs_65866096.json,sr:sport_event:65866096,2026-02-14T06:05:00+00:00,Super Rugby,sr:competition:422,Super Rugby 2026,sr:season:137092,2026,league,regular season,1,Super Rugby Pacific 2026,Blues,sr:competitor:4190,BLU,Chiefs,sr:competitor:4185,CHI,Eden Park,Auckland,New Zealand,"-36.87499, 174.744908","O'Keeffe, Ben",New Zealand,199,2270426356,ball_kicked,2026-02-14T07:29:45+00:00,68,67:05,away,Chiefs,33,20,2,,,,,,,,,,,,,,
super_rugby_2026_blues_vs_chiefs_65866096.json,sr:sport_event:65866096,2026-02-14T06:05:00+00:00,Super Rugby,sr:competition:422,Super Rugby 2026,sr:season:137092,2026,league,regular season,1,Super Rugby Pacific 2026,Blues,sr:competitor:4190,BLU,Chiefs,sr:competitor:4185,CHI,Eden Park,Auckland,New Zealand,"-36.87499, 174.744908","O'Keeffe, Ben",New Zealand,200,2270426474,ball_recycled,2026-02-14T07:30:04+00:00,68,67:25,home,Blues,35,23,2,,,,,,,,,,,,,,
super_rugby_2026_blues_vs_chiefs_65866096.json,sr:sport_event:65866096,2026-02-14T06:05:00+00:00,Super Rugby,sr:competition:422,Super Rugby 2026,sr:season:137092,2026,league,regular season,1,Super Rugby Pacific 2026,Blues,sr:competitor:4190,BLU,Chiefs,sr:competitor:4185,CHI,Eden Park,Auckland,New Zealand,"-36.87499, 174.744908","O'Keeffe, Ben",New Zealand,201,2270426510,ball_recycled,2026-02-14T07:30:05+00:00,68,67:26,home,Blues,30,28,2,,,,,,,,,,,,,,
super_rugby_2026_blues_vs_chiefs_65866096.json,sr:sport_event:65866096,2026-02-14T06:05:00+00:00,Super Rugby,sr:competition:422,Super Rugby 2026,sr:season:137092,2026,league,regular season,1,Super Rugby Pacific 2026,Blues,sr:competitor:4190,BLU,Chiefs,sr:competitor:4185,CHI,Eden Park,Auckland,New Zealand,"-36.87499, 174.744908","O'Keeffe, Ben",New Zealand,202,2270426522,ball_recycled,2026-02-14T07:30:06+00:00,68,67:27,home,Blues,21,33,2,,,,,,,,,,,,,,
super_rugby_2026_blues_vs_chiefs_65866096.json,sr:sport_event:65866096,2026-02-14T06:05:00+00:00,Super Rugby,sr:competition:422,Super Rugby 2026,sr:season:137092,2026,league,regular season,1,Super Rugby Pacific 2026,Blues,sr:competitor:4190,BLU,Chiefs,sr:competitor:4185,CHI,Eden Park,Auckland,New Zealand,"-36.87499, 174.744908","O'Keeffe, Ben",New Zealand,203,2270426662,substitution,2026-02-14T07:30:13+00:00,68,67:35,home,Blues,,,2,,,,,,,,,,sr:player:1079542,"Christie, Finlay",sr:player:877762,"Nock, Sam","[{""id"": ""sr:player:1079542"", ""name"": ""Christie, Finlay"", ""type"": ""substituted_out""}, {""id"": ""sr:player:877762"", ""name"": ""Nock, Sam"", ""type"": ""substituted_in""}]"
super_rugby_2026_blues_vs_chiefs_65866096.json,sr:sport_event:65866096,2026-02-14T06:05:00+00:00,Super Rugby,sr:competition:422,Super Rugby 2026,sr:season:137092,2026,league,regular season,1,Super Rugby Pacific 2026,Blues,sr:competitor:4190,BLU,Chiefs,sr:competitor:4185,CHI,Eden Park,Auckland,New Zealand,"-36.87499, 174.744908","O'Keeffe, Ben",New Zealand,204,2270426696,substitution,2026-02-14T07:30:15+00:00,68,67:36,home,Blues,,,2,,,,,,,,,,sr:player:1711757,"Slater, Bradley",sr:player:2781331,"Mullan, James","[{""id"": ""sr:player:1711757"", ""name"": ""Slater, Bradley"", ""type"": ""substituted_out""}, {""id"": ""sr:player:2781331"", ""name"": ""Mullan, James"", ""type"": ""substituted_in""}]"
super_rugby_2026_blues_vs_chiefs_65866096.json,sr:sport_event:65866096,2026-02-14T06:05:00+00:00,Super Rugby,sr:competition:422,Super Rugby 2026,sr:season:137092,2026,league,regular season,1,Super Rugby Pacific 2026,Blues,sr:competitor:4190,BLU,Chiefs,sr:competitor:4185,CHI,Eden Park,Auckland,New Zealand,"-36.87499, 174.744908","O'Keeffe, Ben",New Zealand,205,2270426698,substitution,2026-02-14T07:30:15+00:00,68,67:37,home,Blues,,,2,,,,,,,,,,sr:player:1649420,"Sotutu, Hoskins",sr:player:2285567,"Segner, Anton","[{""id"": ""sr:player:1649420"", ""name"": ""Sotutu, Hoskins"", ""type"": ""substituted_out""}, {""id"": ""sr:player:2285567"", ""name"": ""Segner, Anton"", ""type"": ""substituted_in""}]"
super_rugby_2026_blues_vs_chiefs_65866096.json,sr:sport_event:65866096,2026-02-14T06:05:00+00:00,Super Rugby,sr:competition:422,Super Rugby 2026,sr:season:137092,2026,league,regular season,1,Super Rugby Pacific 2026,Blues,sr:competitor:4190,BLU,Chiefs,sr:competitor:4185,CHI,Eden Park,Auckland,New Zealand,"-36.87499, 174.744908","O'Keeffe, Ben",New Zealand,206,2270426742,ball_kicked,2026-02-14T07:30:17+00:00,68,67:38,home,Blues,67,44,2,,,,,,,,,,,,,,
super_rugby_2026_blues_vs_chiefs_65866096.json,sr:sport_event:65866096,2026-02-14T06:05:00+00:00,Super Rugby,sr:competition:422,Super Rugby 2026,sr:season:137092,2026,league,regular season,1,Super Rugby Pacific 2026,Blues,sr:competitor:4190,BLU,Chiefs,sr:competitor:4185,CHI,Eden Park,Auckland,New Zealand,"-36.87499, 174.744908","O'Keeffe, Ben",New Zealand,207,2270426860,ball_recycled,2026-02-14T07:30:28+00:00,68,67:49,home,Blues,70,48,2,,,,,,,,,,,,,,
super_rugby_2026_blues_vs_chiefs_65866096.json,sr:sport_event:65866096,2026-02-14T06:05:00+00:00,Super Rugby,sr:competition:422,Super Rugby 2026,sr:season:137092,2026,league,regular season,1,Super Rugby Pacific 2026,Blues,sr:competitor:4190,BLU,Chiefs,sr:competitor:4185,CHI,Eden Park,Auckland,New Zealand,"-36.87499, 174.744908","O'Keeffe, Ben",New Zealand,208,2270426890,ball_recycled,2026-02-14T07:30:29+00:00,68,67:50,home,Blues,73,42,2,,,,,,,,,,,,,,
super_rugby_2026_blues_vs_chiefs_65866096.json,sr:sport_event:65866096,2026-02-14T06:05:00+00:00,Super Rugby,sr:competition:422,Super Rugby 2026,sr:season:137092,2026,league,regular season,1,Super Rugby Pacific 2026,Blues,sr:competitor:4190,BLU,Chiefs,sr:competitor:4185,CHI,Eden Park,Auckland,New Zealand,"-36.87499, 174.744908","O'Keeffe, Ben",New Zealand,209,2270426954,ball_recycled,2026-02-14T07:30:37+00:00,68,67:57,home,Blues,76,34,2,,,,,,,,,,,,,,
super_rugby_2026_blues_vs_chiefs_65866096.json,sr:sport_event:65866096,2026-02-14T06:05:00+00:00,Super Rugby,sr:competition:422,Super Rugby 2026,sr:season:137092,2026,league,regular season,1,Super Rugby Pacific 2026,Blues,sr:competitor:4190,BLU,Chiefs,sr:competitor:4185,CHI,Eden Park,Auckland,New Zealand,"-36.87499, 174.744908","O'Keeffe, Ben",New Zealand,210,2270427066,ball_recycled,2026-02-14T07:30:50+00:00,69,68:11,home,Blues,72,37,2,,,,,,,,,,,,,,
super_rugby_2026_blues_vs_chiefs_65866096.json,sr:sport_event:65866096,2026-02-14T06:05:00+00:00,Super Rugby,sr:competition:422,Super Rugby 2026,sr:season:137092,2026,league,regular season,1,Super Rugby Pacific 2026,Blues,sr:competitor:4190,BLU,Chiefs,sr:competitor:4185,CHI,Eden Park,Auckland,New Zealand,"-36.87499, 174.744908","O'Keeffe, Ben",New Zealand,211,2270427158,substitution,2026-02-14T07:31:02+00:00,69,68:22,away,Chiefs,,,2,,,,,,,,,,sr:player:1106251,"Taukei'aho, Samisoni",sr:player:2286149,"Thompson, Tyrone","[{""id"": ""sr:player:1106251"", ""name"": ""Taukei'aho, Samisoni"", ""type"": ""substituted_out""}, {""id"": ""sr:player:2286149"", ""name"": ""Thompson, Tyrone"", ""type"": ""substituted_in""}]"
super_rugby_2026_blues_vs_chiefs_65866096.json,sr:sport_event:65866096,2026-02-14T06:05:00+00:00,Super Rugby,sr:competition:422,Super Rugby 2026,sr:season:137092,2026,league,regular season,1,Super Rugby Pacific 2026,Blues,sr:competitor:4190,BLU,Chiefs,sr:competitor:4185,CHI,Eden Park,Auckland,New Zealand,"-36.87499, 174.744908","O'Keeffe, Ben",New Zealand,212,2270427170,substitution,2026-02-14T07:31:03+00:00,69,68:24,away,Chiefs,,,2,,,,,,,,,,sr:player:2573395,"Rona, Daniel",sr:player:2943695,"Brown, Kyle","[{""id"": ""sr:player:2573395"", ""name"": ""Rona, Daniel"", ""type"": ""substituted_out""}, {""id"": ""sr:player:2943695"", ""name"": ""Brown, Kyle"", ""type"": ""substituted_in""}]"
super_rugby_2026_blues_vs_chiefs_65866096.json,sr:sport_event:65866096,2026-02-14T06:05:00+00:00,Super Rugby,sr:competition:422,Super Rugby 2026,sr:season:137092,2026,league,regular season,1,Super Rugby Pacific 2026,Blues,sr:competitor:4190,BLU,Chiefs,sr:competitor:4185,CHI,Eden Park,Auckland,New Zealand,"-36.87499, 174.744908","O'Keeffe, Ben",New Zealand,213,2270427192,ball_kicked,2026-02-14T07:31:05+00:00,69,68:25,home,Blues,85,57,2,,,,,,,,,,,,,,
super_rugby_2026_blues_vs_chiefs_65866096.json,sr:sport_event:65866096,2026-02-14T06:05:00+00:00,Super Rugby,sr:competition:422,Super Rugby 2026,sr:season:137092,2026,league,regular season,1,Super Rugby Pacific 2026,Blues,sr:competitor:4190,BLU,Chiefs,sr:competitor:4185,CHI,Eden Park,Auckland,New Zealand,"-36.87499, 174.744908","O'Keeffe, Ben",New Zealand,214,2270427504,line_out,2026-02-14T07:31:37+00:00,69,68:58,home,Blues,83,72,2,,,,,,,,,,,,,,
super_rugby_2026_blues_vs_chiefs_65866096.json,sr:sport_event:65866096,2026-02-14T06:05:00+00:00,Super Rugby,sr:competition:422,Super Rugby 2026,sr:season:137092,2026,league,regular season,1,Super Rugby Pacific 2026,Blues,sr:competitor:4190,BLU,Chiefs,sr:competitor:4185,CHI,Eden Park,Auckland,New Zealand,"-36.87499, 174.744908","O'Keeffe, Ben",New Zealand,215,2270428338,penalty_awarded,2026-02-14T07:33:26+00:00,70,69:02,home,Blues,68,45,2,,,,,,,,,,,,,,
super_rugby_2026_blues_vs_chiefs_65866096.json,sr:sport_event:65866096,2026-02-14T06:05:00+00:00,Super Rugby,sr:competition:422,Super Rugby 2026,sr:season:137092,2026,league,regular season,1,Super Rugby Pacific 2026,Blues,sr:competitor:4190,BLU,Chiefs,sr:competitor:4185,CHI,Eden Park,Auckland,New Zealand,"-36.87499, 174.744908","O'Keeffe, Ben",New Zealand,216,2270428382,kick_to_touch,2026-02-14T07:33:29+00:00,70,69:04,home,Blues,68,45,2,,,,,,,,,,,,,,
super_rugby_2026_blues_vs_chiefs_65866096.json,sr:sport_event:65866096,2026-02-14T06:05:00+00:00,Super Rugby,sr:competition:422,Super Rugby 2026,sr:season:137092,2026,league,regular season,1,Super Rugby Pacific 2026,Blues,sr:competitor:4190,BLU,Chiefs,sr:competitor:4185,CHI,Eden Park,Auckland,New Zealand,"-36.87499, 174.744908","O'Keeffe, Ben",New Zealand,217,2270428520,line_out,2026-02-14T07:33:45+00:00,70,69:21,home,Blues,79,-1,2,,,,,,,,,,,,,,
super_rugby_2026_blues_vs_chiefs_65866096.json,sr:sport_event:65866096,2026-02-14T06:05:00+00:00,Super Rugby,sr:competition:422,Super Rugby 2026,sr:season:137092,2026,league,regular season,1,Super Rugby Pacific 2026,Blues,sr:competitor:4190,BLU,Chiefs,sr:competitor:4185,CHI,Eden Park,Auckland,New Zealand,"-36.87499, 174.744908","O'Keeffe, Ben",New Zealand,218,2270428608,line_out_won,2026-02-14T07:33:54+00:00,70,69:29,home,Blues,79,-1,2,,,,,,,,,,,,,,
super_rugby_2026_blues_vs_chiefs_65866096.json,sr:sport_event:65866096,2026-02-14T06:05:00+00:00,Super Rugby,sr:competition:422,Super Rugby 2026,sr:season:137092,2026,league,regular season,1,Super Rugby Pacific 2026,Blues,sr:competitor:4190,BLU,Chiefs,sr:competitor:4185,CHI,Eden Park,Auckland,New Zealand,"-36.87499, 174.744908","O'Keeffe, Ben",New Zealand,219,2270428998,scrum,2026-02-14T07:34:41+00:00,70,70:00,away,Chiefs,85,21,2,,,,,,,,,,,,,,
super_rugby_2026_blues_vs_chiefs_65866096.json,sr:sport_event:65866096,2026-02-14T06:05:00+00:00,Super Rugby,sr:competition:422,Super Rugby 2026,sr:season:137092,2026,league,regular season,1,Super Rugby Pacific 2026,Blues,sr:competitor:4190,BLU,Chiefs,sr:competitor:4185,CHI,Eden Park,Auckland,New Zealand,"-36.87499, 174.744908","O'Keeffe, Ben",New Zealand,220,2270429400,scrum_won,2026-02-14T07:35:27+00:00,71,70:46,away,Chiefs,85,21,2,,,,,,,,,,,,,,
super_rugby_2026_blues_vs_chiefs_65866096.json,sr:sport_event:65866096,2026-02-14T06:05:00+00:00,Super Rugby,sr:competition:422,Super Rugby 2026,sr:season:137092,2026,league,regular season,1,Super Rugby Pacific 2026,Blues,sr:competitor:4190,BLU,Chiefs,sr:competitor:4185,CHI,Eden Park,Auckland,New Zealand,"-36.87499, 174.744908","O'Keeffe, Ben",New Zealand,221,2270429418,ball_recycled,2026-02-14T07:35:29+00:00,71,70:48,away,Chiefs,87,36,2,,,,,,,,,,,,,,
super_rugby_2026_blues_vs_chiefs_65866096.json,sr:sport_event:65866096,2026-02-14T06:05:00+00:00,Super Rugby,sr:competition:422,Super Rugby 2026,sr:season:137092,2026,league,regular season,1,Super Rugby Pacific 2026,Blues,sr:competitor:4190,BLU,Chiefs,sr:competitor:4185,CHI,Eden Park,Auckland,New Zealand,"-36.87499, 174.744908","O'Keeffe, Ben",New Zealand,222,2270429476,ball_recycled,2026-02-14T07:35:38+00:00,71,70:57,away,Chiefs,87,36,2,,,,,,,,,,,,,,
super_rugby_2026_blues_vs_chiefs_65866096.json,sr:sport_event:65866096,2026-02-14T06:05:00+00:00,Super Rugby,sr:competition:422,Super Rugby 2026,sr:season:137092,2026,league,regular season,1,Super Rugby Pacific 2026,Blues,sr:competitor:4190,BLU,Chiefs,sr:competitor:4185,CHI,Eden Park,Auckland,New Zealand,"-36.87499, 174.744908","O'Keeffe, Ben",New Zealand,223,2270429484,ball_recycled,2026-02-14T07:35:39+00:00,71,70:58,away,Chiefs,85,23,2,,,,,,,,,,,,,,
super_rugby_2026_blues_vs_chiefs_65866096.json,sr:sport_event:65866096,2026-02-14T06:05:00+00:00,Super Rugby,sr:competition:422,Super Rugby 2026,sr:season:137092,2026,league,regular season,1,Super Rugby Pacific 2026,Blues,sr:competitor:4190,BLU,Chiefs,sr:competitor:4185,CHI,Eden Park,Auckland,New Zealand,"-36.87499, 174.744908","O'Keeffe, Ben",New Zealand,224,2270429740,line_out,2026-02-14T07:36:10+00:00,72,71:29,away,Chiefs,91,-1,2,,,,,,,,,,,,,,
super_rugby_2026_blues_vs_chiefs_65866096.json,sr:sport_event:65866096,2026-02-14T06:05:00+00:00,Super Rugby,sr:competition:422,Super Rugby 2026,sr:season:137092,2026,league,regular season,1,Super Rugby Pacific 2026,Blues,sr:competitor:4190,BLU,Chiefs,sr:competitor:4185,CHI,Eden Park,Auckland,New Zealand,"-36.87499, 174.744908","O'Keeffe, Ben",New Zealand,225,2270429802,line_out_won,2026-02-14T07:36:21+00:00,72,71:40,away,Chiefs,91,-1,2,,,,,,,,,,,,,,
super_rugby_2026_blues_vs_chiefs_65866096.json,sr:sport_event:65866096,2026-02-14T06:05:00+00:00,Super Rugby,sr:competition:422,Super Rugby 2026,sr:season:137092,2026,league,regular season,1,Super Rugby Pacific 2026,Blues,sr:competitor:4190,BLU,Chiefs,sr:competitor:4185,CHI,Eden Park,Auckland,New Zealand,"-36.87499, 174.744908","O'Keeffe, Ben",New Zealand,226,2270429844,ball_recycled,2026-02-14T07:36:24+00:00,72,71:43,away,Chiefs,92,12,2,,,,,,,,,,,,,,
super_rugby_2026_blues_vs_chiefs_65866096.json,sr:sport_event:65866096,2026-02-14T06:05:00+00:00,Super Rugby,sr:competition:422,Super Rugby 2026,sr:season:137092,2026,league,regular season,1,Super Rugby Pacific 2026,Blues,sr:competitor:4190,BLU,Chiefs,sr:competitor:4185,CHI,Eden Park,Auckland,New Zealand,"-36.87499, 174.744908","O'Keeffe, Ben",New Zealand,227,2270429914,ball_recycled,2026-02-14T07:36:32+00:00,72,71:51,away,Chiefs,91,18,2,,,,,,,,,,,,,,
super_rugby_2026_blues_vs_chiefs_65866096.json,sr:sport_event:65866096,2026-02-14T06:05:00+00:00,Super Rugby,sr:competition:422,Super Rugby 2026,sr:season:137092,2026,league,regular season,1,Super Rugby Pacific 2026,Blues,sr:competitor:4190,BLU,Chiefs,sr:competitor:4185,CHI,Eden Park,Auckland,New Zealand,"-36.87499, 174.744908","O'Keeffe, Ben",New Zealand,228,2270430246,line_out,2026-02-14T07:37:14+00:00,72,71:57,away,Chiefs,75,0,2,,,,,,,,,,,,,,
super_rugby_2026_blues_vs_chiefs_65866096.json,sr:sport_event:65866096,2026-02-14T06:05:00+00:00,Super Rugby,sr:competition:422,Super Rugby 2026,sr:season:137092,2026,league,regular season,1,Super Rugby Pacific 2026,Blues,sr:competitor:4190,BLU,Chiefs,sr:competitor:4185,CHI,Eden Park,Auckland,New Zealand,"-36.87499, 174.744908","O'Keeffe, Ben",New Zealand,229,2270430288,line_out_won,2026-02-14T07:37:17+00:00,72,72:00,away,Chiefs,75,0,2,,,,,,,,,,,,,,
super_rugby_2026_blues_vs_chiefs_65866096.json,sr:sport_event:65866096,2026-02-14T06:05:00+00:00,Super Rugby,sr:competition:422,Super Rugby 2026,sr:season:137092,2026,league,regular season,1,Super Rugby Pacific 2026,Blues,sr:competitor:4190,BLU,Chiefs,sr:competitor:4185,CHI,Eden Park,Auckland,New Zealand,"-36.87499, 174.744908","O'Keeffe, Ben",New Zealand,230,2270430304,ball_recycled,2026-02-14T07:37:22+00:00,73,72:05,away,Chiefs,75,18,2,,,,,,,,,,,,,,
super_rugby_2026_blues_vs_chiefs_65866096.json,sr:sport_event:65866096,2026-02-14T06:05:00+00:00,Super Rugby,sr:competition:422,Super Rugby 2026,sr:season:137092,2026,league,regular season,1,Super Rugby Pacific 2026,Blues,sr:competitor:4190,BLU,Chiefs,sr:competitor:4185,CHI,Eden Park,Auckland,New Zealand,"-36.87499, 174.744908","O'Keeffe, Ben",New Zealand,231,2270430324,ball_kicked,2026-02-14T07:37:25+00:00,73,72:08,away,Chiefs,33,56,2,,,,,,,,,,,,,,
super_rugby_2026_blues_vs_chiefs_65866096.json,sr:sport_event:65866096,2026-02-14T06:05:00+00:00,Super Rugby,sr:competition:422,Super Rugby 2026,sr:season:137092,2026,league,regular season,1,Super Rugby Pacific 2026,Blues,sr:competitor:4190,BLU,Chiefs,sr:competitor:4185,CHI,Eden Park,Auckland,New Zealand,"-36.87499, 174.744908","O'Keeffe, Ben",New Zealand,232,2270430386,penalty_awarded,2026-02-14T07:37:34+00:00,73,72:17,away,Chiefs,70,30,2,,,,,,,,,,,,,,
super_rugby_2026_blues_vs_chiefs_65866096.json,sr:sport_event:65866096,2026-02-14T06:05:00+00:00,Super Rugby,sr:competition:422,Super Rugby 2026,sr:season:137092,2026,league,regular season,1,Super Rugby Pacific 2026,Blues,sr:competitor:4190,BLU,Chiefs,sr:competitor:4185,CHI,Eden Park,Auckland,New Zealand,"-36.87499, 174.744908","O'Keeffe, Ben",New Zealand,233,2270430580,kick_to_touch,2026-02-14T07:37:59+00:00,73,72:42,away,Chiefs,70,30,2,,,,,,,,,,,,,,
super_rugby_2026_blues_vs_chiefs_65866096.json,sr:sport_event:65866096,2026-02-14T06:05:00+00:00,Super Rugby,sr:competition:422,Super Rugby 2026,sr:season:137092,2026,league,regular season,1,Super Rugby Pacific 2026,Blues,sr:competitor:4190,BLU,Chiefs,sr:competitor:4185,CHI,Eden Park,Auckland,New Zealand,"-36.87499, 174.744908","O'Keeffe, Ben",New Zealand,234,2270430610,ball_kicked,2026-02-14T07:38:02+00:00,73,72:46,away,Chiefs,39,11,2,,,,,,,,,,,,,,
super_rugby_2026_blues_vs_chiefs_65866096.json,sr:sport_event:65866096,2026-02-14T06:05:00+00:00,Super Rugby,sr:competition:422,Super Rugby 2026,sr:season:137092,2026,league,regular season,1,Super Rugby Pacific 2026,Blues,sr:competitor:4190,BLU,Chiefs,sr:competitor:4185,CHI,Eden Park,Auckland,New Zealand,"-36.87499, 174.744908","O'Keeffe, Ben",New Zealand,235,2270430700,line_out,2026-02-14T07:38:11+00:00,73,72:54,away,Chiefs,42,-2,2,,,,,,,,,,,,,,
super_rugby_2026_blues_vs_chiefs_65866096.json,sr:sport_event:65866096,2026-02-14T06:05:00+00:00,Super Rugby,sr:competition:422,Super Rugby 2026,sr:season:137092,2026,league,regular season,1,Super Rugby Pacific 2026,Blues,sr:competitor:4190,BLU,Chiefs,sr:competitor:4185,CHI,Eden Park,Auckland,New Zealand,"-36.87499, 174.744908","O'Keeffe, Ben",New Zealand,236,2270431032,line_out_won,2026-02-14T07:38:49+00:00,74,73:33,away,Chiefs,42,-2,2,,,,,,,,,,,,,,
super_rugby_2026_blues_vs_chiefs_65866096.json,sr:sport_event:65866096,2026-02-14T06:05:00+00:00,Super Rugby,sr:competition:422,Super Rugby 2026,sr:season:137092,2026,league,regular season,1,Super Rugby Pacific 2026,Blues,sr:competitor:4190,BLU,Chiefs,sr:competitor:4185,CHI,Eden Park,Auckland,New Zealand,"-36.87499, 174.744908","O'Keeffe, Ben",New Zealand,237,2270431038,ball_recycled,2026-02-14T07:38:50+00:00,74,73:34,away,Chiefs,38,20,2,,,,,,,,,,,,,,
super_rugby_2026_blues_vs_chiefs_65866096.json,sr:sport_event:65866096,2026-02-14T06:05:00+00:00,Super Rugby,sr:competition:422,Super Rugby 2026,sr:season:137092,2026,league,regular season,1,Super Rugby Pacific 2026,Blues,sr:competitor:4190,BLU,Chiefs,sr:competitor:4185,CHI,Eden Park,Auckland,New Zealand,"-36.87499, 174.744908","O'Keeffe, Ben",New Zealand,238,2270431062,ball_recycled,2026-02-14T07:38:52+00:00,74,73:36,away,Chiefs,42,30,2,,,,,,,,,,,,,,
super_rugby_2026_blues_vs_chiefs_65866096.json,sr:sport_event:65866096,2026-02-14T06:05:00+00:00,Super Rugby,sr:competition:422,Super Rugby 2026,sr:season:137092,2026,league,regular season,1,Super Rugby Pacific 2026,Blues,sr:competitor:4190,BLU,Chiefs,sr:competitor:4185,CHI,Eden Park,Auckland,New Zealand,"-36.87499, 174.744908","O'Keeffe, Ben",New Zealand,239,2270431174,substitution,2026-02-14T07:39:07+00:00,74,73:50,away,Chiefs,,,2,,,,,,,,,,sr:player:1983943,"Tupaea, Quinn",sr:player:3114982,"Tepaea, Cook-Savage","[{""id"": ""sr:player:1983943"", ""name"": ""Tupaea, Quinn"", ""type"": ""substituted_out""}, {""id"": ""sr:player:3114982"", ""name"": ""Tepaea, Cook-Savage"", ""type"": ""substituted_in""}]"
super_rugby_2026_blues_vs_chiefs_65866096.json,sr:sport_event:65866096,2026-02-14T06:05:00+00:00,Super Rugby,sr:competition:422,Super Rugby 2026,sr:season:137092,2026,league,regular season,1,Super Rugby Pacific 2026,Blues,sr:competitor:4190,BLU,Chiefs,sr:competitor:4185,CHI,Eden Park,Auckland,New Zealand,"-36.87499, 174.744908","O'Keeffe, Ben",New Zealand,240,2270431210,ball_recycled,2026-02-14T07:39:10+00:00,74,73:54,away,Chiefs,35,35,2,,,,,,,,,,,,,,
super_rugby_2026_blues_vs_chiefs_65866096.json,sr:sport_event:65866096,2026-02-14T06:05:00+00:00,Super Rugby,sr:competition:422,Super Rugby 2026,sr:season:137092,2026,league,regular season,1,Super Rugby Pacific 2026,Blues,sr:competitor:4190,BLU,Chiefs,sr:competitor:4185,CHI,Eden Park,Auckland,New Zealand,"-36.87499, 174.744908","O'Keeffe, Ben",New Zealand,241,2270431262,ball_recycled,2026-02-14T07:39:14+00:00,74,73:58,away,Chiefs,34,43,2,,,,,,,,,,,,,,
super_rugby_2026_blues_vs_chiefs_65866096.json,sr:sport_event:65866096,2026-02-14T06:05:00+00:00,Super Rugby,sr:competition:422,Super Rugby 2026,sr:season:137092,2026,league,regular season,1,Super Rugby Pacific 2026,Blues,sr:competitor:4190,BLU,Chiefs,sr:competitor:4185,CHI,Eden Park,Auckland,New Zealand,"-36.87499, 174.744908","O'Keeffe, Ben",New Zealand,242,2270431456,ball_recycled,2026-02-14T07:39:40+00:00,75,74:23,home,Blues,18,44,2,,,,,,,,,,,,,,
super_rugby_2026_blues_vs_chiefs_65866096.json,sr:sport_event:65866096,2026-02-14T06:05:00+00:00,Super Rugby,sr:competition:422,Super Rugby 2026,sr:season:137092,2026,league,regular season,1,Super Rugby Pacific 2026,Blues,sr:competitor:4190,BLU,Chiefs,sr:competitor:4185,CHI,Eden Park,Auckland,New Zealand,"-36.87499, 174.744908","O'Keeffe, Ben",New Zealand,243,2270431522,ball_kicked,2026-02-14T07:39:49+00:00,75,74:33,home,Blues,62,71,2,,,,,,,,,,,,,,
super_rugby_2026_blues_vs_chiefs_65866096.json,sr:sport_event:65866096,2026-02-14T06:05:00+00:00,Super Rugby,sr:competition:422,Super Rugby 2026,sr:season:137092,2026,league,regular season,1,Super Rugby Pacific 2026,Blues,sr:competitor:4190,BLU,Chiefs,sr:competitor:4185,CHI,Eden Park,Auckland,New Zealand,"-36.87499, 174.744908","O'Keeffe, Ben",New Zealand,244,2270431536,ball_recycled,2026-02-14T07:39:51+00:00,75,74:34,away,Chiefs,63,50,2,,,,,,,,,,,,,,
super_rugby_2026_blues_vs_chiefs_65866096.json,sr:sport_event:65866096,2026-02-14T06:05:00+00:00,Super Rugby,sr:competition:422,Super Rugby 2026,sr:season:137092,2026,league,regular season,1,Super Rugby Pacific 2026,Blues,sr:competitor:4190,BLU,Chiefs,sr:competitor:4185,CHI,Eden Park,Auckland,New Zealand,"-36.87499, 174.744908","O'Keeffe, Ben",New Zealand,245,2270431540,ball_recycled,2026-02-14T07:39:51+00:00,75,74:35,away,Chiefs,59,38,2,,,,,,,,,,,,,,
super_rugby_2026_blues_vs_chiefs_65866096.json,sr:sport_event:65866096,2026-02-14T06:05:00+00:00,Super Rugby,sr:competition:422,Super Rugby 2026,sr:season:137092,2026,league,regular season,1,Super Rugby Pacific 2026,Blues,sr:competitor:4190,BLU,Chiefs,sr:competitor:4185,CHI,Eden Park,Auckland,New Zealand,"-36.87499, 174.744908","O'Keeffe, Ben",New Zealand,246,2270431586,ball_recycled,2026-02-14T07:39:57+00:00,75,74:41,away,Chiefs,42,38,2,,,,,,,,,,,,,,
super_rugby_2026_blues_vs_chiefs_65866096.json,sr:sport_event:65866096,2026-02-14T06:05:00+00:00,Super Rugby,sr:competition:422,Super Rugby 2026,sr:season:137092,2026,league,regular season,1,Super Rugby Pacific 2026,Blues,sr:competitor:4190,BLU,Chiefs,sr:competitor:4185,CHI,Eden Park,Auckland,New Zealand,"-36.87499, 174.744908","O'Keeffe, Ben",New Zealand,247,2270431588,ball_recycled,2026-02-14T07:39:58+00:00,75,74:42,away,Chiefs,47,51,2,,,,,,,,,,,,,,
super_rugby_2026_blues_vs_chiefs_65866096.json,sr:sport_event:65866096,2026-02-14T06:05:00+00:00,Super Rugby,sr:competition:422,Super Rugby 2026,sr:season:137092,2026,league,regular season,1,Super Rugby Pacific 2026,Blues,sr:competitor:4190,BLU,Chiefs,sr:competitor:4185,CHI,Eden Park,Auckland,New Zealand,"-36.87499, 174.744908","O'Keeffe, Ben",New Zealand,248,2270431674,ball_recycled,2026-02-14T07:40:05+00:00,75,74:48,away,Chiefs,47,51,2,,,,,,,,,,,,,,
super_rugby_2026_blues_vs_chiefs_65866096.json,sr:sport_event:65866096,2026-02-14T06:05:00+00:00,Super Rugby,sr:competition:422,Super Rugby 2026,sr:season:137092,2026,league,regular season,1,Super Rugby Pacific 2026,Blues,sr:competitor:4190,BLU,Chiefs,sr:competitor:4185,CHI,Eden Park,Auckland,New Zealand,"-36.87499, 174.744908","O'Keeffe, Ben",New Zealand,249,2270431676,ball_recycled,2026-02-14T07:40:05+00:00,75,74:48,away,Chiefs,47,51,2,,,,,,,,,,,,,,
super_rugby_2026_blues_vs_chiefs_65866096.json,sr:sport_event:65866096,2026-02-14T06:05:00+00:00,Super Rugby,sr:competition:422,Super Rugby 2026,sr:season:137092,2026,league,regular season,1,Super Rugby Pacific 2026,Blues,sr:competitor:4190,BLU,Chiefs,sr:competitor:4185,CHI,Eden Park,Auckland,New Zealand,"-36.87499, 174.744908","O'Keeffe, Ben",New Zealand,250,2270431728,ball_recycled,2026-02-14T07:40:12+00:00,75,74:55,away,Chiefs,42,38,2,,,,,,,,,,,,,,
super_rugby_2026_blues_vs_chiefs_65866096.json,sr:sport_event:65866096,2026-02-14T06:05:00+00:00,Super Rugby,sr:competition:422,Super Rugby 2026,sr:season:137092,2026,league,regular season,1,Super Rugby Pacific 2026,Blues,sr:competitor:4190,BLU,Chiefs,sr:competitor:4185,CHI,Eden Park,Auckland,New Zealand,"-36.87499, 174.744908","O'Keeffe, Ben",New Zealand,251,2270431842,ball_recycled,2026-02-14T07:40:26+00:00,76,75:09,away,Chiefs,39,40,2,,,,,,,,,,,,,,
super_rugby_2026_blues_vs_chiefs_65866096.json,sr:sport_event:65866096,2026-02-14T06:05:00+00:00,Super Rugby,sr:competition:422,Super Rugby 2026,sr:season:137092,2026,league,regular season,1,Super Rugby Pacific 2026,Blues,sr:competitor:4190,BLU,Chiefs,sr:competitor:4185,CHI,Eden Park,Auckland,New Zealand,"-36.87499, 174.744908","O'Keeffe, Ben",New Zealand,252,2270431908,ball_recycled,2026-02-14T07:40:33+00:00,76,75:17,away,Chiefs,48,42,2,,,,,,,,,,,,,,
super_rugby_2026_blues_vs_chiefs_65866096.json,sr:sport_event:65866096,2026-02-14T06:05:00+00:00,Super Rugby,sr:competition:422,Super Rugby 2026,sr:season:137092,2026,league,regular season,1,Super Rugby Pacific 2026,Blues,sr:competitor:4190,BLU,Chiefs,sr:competitor:4185,CHI,Eden Park,Auckland,New Zealand,"-36.87499, 174.744908","O'Keeffe, Ben",New Zealand,253,2270431934,ball_recycled,2026-02-14T07:40:37+00:00,76,75:20,away,Chiefs,34,40,2,,,,,,,,,,,,,,
super_rugby_2026_blues_vs_chiefs_65866096.json,sr:sport_event:65866096,2026-02-14T06:05:00+00:00,Super Rugby,sr:competition:422,Super Rugby 2026,sr:season:137092,2026,league,regular season,1,Super Rugby Pacific 2026,Blues,sr:competitor:4190,BLU,Chiefs,sr:competitor:4185,CHI,Eden Park,Auckland,New Zealand,"-36.87499, 174.744908","O'Keeffe, Ben",New Zealand,254,2270432084,score_change,2026-02-14T07:40:54+00:00,76,75:38,away,Chiefs,1,50,2,,,15,17,try,,,sr:player:2286167,"Ratima, Cortez",,,,,"[{""id"": ""sr:player:2286167"", ""name"": ""Ratima, Cortez"", ""type"": ""scorer""}]"
super_rugby_2026_blues_vs_chiefs_65866096.json,sr:sport_event:65866096,2026-02-14T06:05:00+00:00,Super Rugby,sr:competition:422,Super Rugby 2026,sr:season:137092,2026,league,regular season,1,Super Rugby Pacific 2026,Blues,sr:competitor:4190,BLU,Chiefs,sr:competitor:4185,CHI,Eden Park,Auckland,New Zealand,"-36.87499, 174.744908","O'Keeffe, Ben",New Zealand,255,2270432498,score_change,2026-02-14T07:41:41+00:00,77,76:25,away,Chiefs,55,35,2,,,15,19,conversion,,,sr:player:2774837,"Jacomb, Josh",,,,,"[{""id"": ""sr:player:2774837"", ""name"": ""Jacomb, Josh"", ""type"": ""scorer""}]"
super_rugby_2026_blues_vs_chiefs_65866096.json,sr:sport_event:65866096,2026-02-14T06:05:00+00:00,Super Rugby,sr:competition:422,Super Rugby 2026,sr:season:137092,2026,league,regular season,1,Super Rugby Pacific 2026,Blues,sr:competitor:4190,BLU,Chiefs,sr:competitor:4185,CHI,Eden Park,Auckland,New Zealand,"-36.87499, 174.744908","O'Keeffe, Ben",New Zealand,256,2270432652,ball_kicked,2026-02-14T07:42:04+00:00,77,76:48,home,Blues,70,14,2,,,,,,,,,,,,,,
super_rugby_2026_blues_vs_chiefs_65866096.json,sr:sport_event:65866096,2026-02-14T06:05:00+00:00,Super Rugby,sr:competition:422,Super Rugby 2026,sr:season:137092,2026,league,regular season,1,Super Rugby Pacific 2026,Blues,sr:competitor:4190,BLU,Chiefs,sr:competitor:4185,CHI,Eden Park,Auckland,New Zealand,"-36.87499, 174.744908","O'Keeffe, Ben",New Zealand,257,2270432678,ball_recycled,2026-02-14T07:42:06+00:00,77,76:50,away,Chiefs,70,14,2,,,,,,,,,,,,,,
super_rugby_2026_blues_vs_chiefs_65866096.json,sr:sport_event:65866096,2026-02-14T06:05:00+00:00,Super Rugby,sr:competition:422,Super Rugby 2026,sr:season:137092,2026,league,regular season,1,Super Rugby Pacific 2026,Blues,sr:competitor:4190,BLU,Chiefs,sr:competitor:4185,CHI,Eden Park,Auckland,New Zealand,"-36.87499, 174.744908","O'Keeffe, Ben",New Zealand,258,2270432694,ball_recycled,2026-02-14T07:42:08+00:00,77,76:51,away,Chiefs,88,31,2,,,,,,,,,,,,,,
super_rugby_2026_blues_vs_chiefs_65866096.json,sr:sport_event:65866096,2026-02-14T06:05:00+00:00,Super Rugby,sr:competition:422,Super Rugby 2026,sr:season:137092,2026,league,regular season,1,Super Rugby Pacific 2026,Blues,sr:competitor:4190,BLU,Chiefs,sr:competitor:4185,CHI,Eden Park,Auckland,New Zealand,"-36.87499, 174.744908","O'Keeffe, Ben",New Zealand,259,2270432702,ball_recycled,2026-02-14T07:42:09+00:00,77,76:53,away,Chiefs,92,38,2,,,,,,,,,,,,,,
super_rugby_2026_blues_vs_chiefs_65866096.json,sr:sport_event:65866096,2026-02-14T06:05:00+00:00,Super Rugby,sr:competition:422,Super Rugby 2026,sr:season:137092,2026,league,regular season,1,Super Rugby Pacific 2026,Blues,sr:competitor:4190,BLU,Chiefs,sr:competitor:4185,CHI,Eden Park,Auckland,New Zealand,"-36.87499, 174.744908","O'Keeffe, Ben",New Zealand,260,2270432754,ball_kicked,2026-02-14T07:42:16+00:00,77,77:00,away,Chiefs,42,60,2,,,,,,,,,,,,,,
super_rugby_2026_blues_vs_chiefs_65866096.json,sr:sport_event:65866096,2026-02-14T06:05:00+00:00,Super Rugby,sr:competition:422,Super Rugby 2026,sr:season:137092,2026,league,regular season,1,Super Rugby Pacific 2026,Blues,sr:competitor:4190,BLU,Chiefs,sr:competitor:4185,CHI,Eden Park,Auckland,New Zealand,"-36.87499, 174.744908","O'Keeffe, Ben",New Zealand,261,2270432824,ball_recycled,2026-02-14T07:42:26+00:00,78,77:09,home,Blues,47,47,2,,,,,,,,,,,,,,
super_rugby_2026_blues_vs_chiefs_65866096.json,sr:sport_event:65866096,2026-02-14T06:05:00+00:00,Super Rugby,sr:competition:422,Super Rugby 2026,sr:season:137092,2026,league,regular season,1,Super Rugby Pacific 2026,Blues,sr:competitor:4190,BLU,Chiefs,sr:competitor:4185,CHI,Eden Park,Auckland,New Zealand,"-36.87499, 174.744908","O'Keeffe, Ben",New Zealand,262,2270432860,ball_recycled,2026-02-14T07:42:32+00:00,78,77:16,home,Blues,46,40,2,,,,,,,,,,,,,,
super_rugby_2026_blues_vs_chiefs_65866096.json,sr:sport_event:65866096,2026-02-14T06:05:00+00:00,Super Rugby,sr:competition:422,Super Rugby 2026,sr:season:137092,2026,league,regular season,1,Super Rugby Pacific 2026,Blues,sr:competitor:4190,BLU,Chiefs,sr:competitor:4185,CHI,Eden Park,Auckland,New Zealand,"-36.87499, 174.744908","O'Keeffe, Ben",New Zealand,263,2270432918,ball_recycled,2026-02-14T07:42:39+00:00,78,77:23,home,Blues,48,33,2,,,,,,,,,,,,,,
super_rugby_2026_blues_vs_chiefs_65866096.json,sr:sport_event:65866096,2026-02-14T06:05:00+00:00,Super Rugby,sr:competition:422,Super Rugby 2026,sr:season:137092,2026,league,regular season,1,Super Rugby Pacific 2026,Blues,sr:competitor:4190,BLU,Chiefs,sr:competitor:4185,CHI,Eden Park,Auckland,New Zealand,"-36.87499, 174.744908","O'Keeffe, Ben",New Zealand,264,2270432924,ball_recycled,2026-02-14T07:42:41+00:00,78,77:24,home,Blues,50,14,2,,,,,,,,,,,,,,
super_rugby_2026_blues_vs_chiefs_65866096.json,sr:sport_event:65866096,2026-02-14T06:05:00+00:00,Super Rugby,sr:competition:422,Super Rugby 2026,sr:season:137092,2026,league,regular season,1,Super Rugby Pacific 2026,Blues,sr:competitor:4190,BLU,Chiefs,sr:competitor:4185,CHI,Eden Park,Auckland,New Zealand,"-36.87499, 174.744908","O'Keeffe, Ben",New Zealand,265,2270432980,ball_recycled,2026-02-14T07:42:47+00:00,78,77:30,home,Blues,60,14,2,,,,,,,,,,,,,,
super_rugby_2026_blues_vs_chiefs_65866096.json,sr:sport_event:65866096,2026-02-14T06:05:00+00:00,Super Rugby,sr:competition:422,Super Rugby 2026,sr:season:137092,2026,league,regular season,1,Super Rugby Pacific 2026,Blues,sr:competitor:4190,BLU,Chiefs,sr:competitor:4185,CHI,Eden Park,Auckland,New Zealand,"-36.87499, 174.744908","O'Keeffe, Ben",New Zealand,266,2270433056,ball_recycled,2026-02-14T07:42:56+00:00,78,77:40,home,Blues,60,30,2,,,,,,,,,,,,,,
super_rugby_2026_blues_vs_chiefs_65866096.json,sr:sport_event:65866096,2026-02-14T06:05:00+00:00,Super Rugby,sr:competition:422,Super Rugby 2026,sr:season:137092,2026,league,regular season,1,Super Rugby Pacific 2026,Blues,sr:competitor:4190,BLU,Chiefs,sr:competitor:4185,CHI,Eden Park,Auckland,New Zealand,"-36.87499, 174.744908","O'Keeffe, Ben",New Zealand,267,2270434392,substitution,2026-02-14T07:45:19+00:00,78,77:49,home,Blues,,,2,,,,,,,,,,sr:player:535512,"Ahki, Pita",sr:player:2915895,"Taele, Xavi","[{""id"": ""sr:player:535512"", ""name"": ""Ahki, Pita"", ""type"": ""substituted_out""}, {""id"": ""sr:player:2915895"", ""name"": ""Taele, Xavi"", ""type"": ""substituted_in""}]"
super_rugby_2026_blues_vs_chiefs_65866096.json,sr:sport_event:65866096,2026-02-14T06:05:00+00:00,Super Rugby,sr:competition:422,Super Rugby 2026,sr:season:137092,2026,league,regular season,1,Super Rugby Pacific 2026,Blues,sr:competitor:4190,BLU,Chiefs,sr:competitor:4185,CHI,Eden Park,Auckland,New Zealand,"-36.87499, 174.744908","O'Keeffe, Ben",New Zealand,268,2270433186,penalty_awarded,2026-02-14T07:43:13+00:00,78,77:57,away,Chiefs,56,37,2,,,,,,,,,,,,,,
super_rugby_2026_blues_vs_chiefs_65866096.json,sr:sport_event:65866096,2026-02-14T06:05:00+00:00,Super Rugby,sr:competition:422,Super Rugby 2026,sr:season:137092,2026,league,regular season,1,Super Rugby Pacific 2026,Blues,sr:competitor:4190,BLU,Chiefs,sr:competitor:4185,CHI,Eden Park,Auckland,New Zealand,"-36.87499, 174.744908","O'Keeffe, Ben",New Zealand,269,2270434482,line_out,2026-02-14T07:45:28+00:00,78,77:57,away,Chiefs,21,70,2,,,,,,,,,,,,,,
super_rugby_2026_blues_vs_chiefs_65866096.json,sr:sport_event:65866096,2026-02-14T06:05:00+00:00,Super Rugby,sr:competition:422,Super Rugby 2026,sr:season:137092,2026,league,regular season,1,Super Rugby Pacific 2026,Blues,sr:competitor:4190,BLU,Chiefs,sr:competitor:4185,CHI,Eden Park,Auckland,New Zealand,"-36.87499, 174.744908","O'Keeffe, Ben",New Zealand,270,2270433286,yellow_card,2026-02-14T07:43:22+00:00,79,78:06,home,Blues,,,2,,,,,,sr:player:877762,"Nock, Sam",,,,,,,
super_rugby_2026_blues_vs_chiefs_65866096.json,sr:sport_event:65866096,2026-02-14T06:05:00+00:00,Super Rugby,sr:competition:422,Super Rugby 2026,sr:season:137092,2026,league,regular season,1,Super Rugby Pacific 2026,Blues,sr:competitor:4190,BLU,Chiefs,sr:competitor:4185,CHI,Eden Park,Auckland,New Zealand,"-36.87499, 174.744908","O'Keeffe, Ben",New Zealand,271,2270434802,line_out_won,2026-02-14T07:45:59+00:00,79,78:28,home,Blues,21,70,2,,,,,,,,,,,,,,
super_rugby_2026_blues_vs_chiefs_65866096.json,sr:sport_event:65866096,2026-02-14T06:05:00+00:00,Super Rugby,sr:competition:422,Super Rugby 2026,sr:season:137092,2026,league,regular season,1,Super Rugby Pacific 2026,Blues,sr:competitor:4190,BLU,Chiefs,sr:competitor:4185,CHI,Eden Park,Auckland,New Zealand,"-36.87499, 174.744908","O'Keeffe, Ben",New Zealand,272,2270435006,kick_to_touch,2026-02-14T07:46:20+00:00,79,78:48,home,Blues,37,42,2,,,,,,,,,,,,,,
super_rugby_2026_blues_vs_chiefs_65866096.json,sr:sport_event:65866096,2026-02-14T06:05:00+00:00,Super Rugby,sr:competition:422,Super Rugby 2026,sr:season:137092,2026,league,regular season,1,Super Rugby Pacific 2026,Blues,sr:competitor:4190,BLU,Chiefs,sr:competitor:4185,CHI,Eden Park,Auckland,New Zealand,"-36.87499, 174.744908","O'Keeffe, Ben",New Zealand,273,2270435360,line_out,2026-02-14T07:47:01+00:00,80,79:30,away,Chiefs,77,71,2,,,,,,,,,,,,,,
super_rugby_2026_blues_vs_chiefs_65866096.json,sr:sport_event:65866096,2026-02-14T06:05:00+00:00,Super Rugby,sr:competition:422,Super Rugby 2026,sr:season:137092,2026,league,regular season,1,Super Rugby Pacific 2026,Blues,sr:competitor:4190,BLU,Chiefs,sr:competitor:4185,CHI,Eden Park,Auckland,New Zealand,"-36.87499, 174.744908","O'Keeffe, Ben",New Zealand,274,2270435382,line_out_won,2026-02-14T07:47:04+00:00,80,79:32,away,Chiefs,77,71,2,,,,,,,,,,,,,,
super_rugby_2026_blues_vs_chiefs_65866096.json,sr:sport_event:65866096,2026-02-14T06:05:00+00:00,Super Rugby,sr:competition:422,Super Rugby 2026,sr:season:137092,2026,league,regular season,1,Super Rugby Pacific 2026,Blues,sr:competitor:4190,BLU,Chiefs,sr:competitor:4185,CHI,Eden Park,Auckland,New Zealand,"-36.87499, 174.744908","O'Keeffe, Ben",New Zealand,275,2270435440,ball_recycled,2026-02-14T07:47:10+00:00,80,79:38,away,Chiefs,71,49,2,,,,,,,,,,,,,,
super_rugby_2026_blues_vs_chiefs_65866096.json,sr:sport_event:65866096,2026-02-14T06:05:00+00:00,Super Rugby,sr:competition:422,Super Rugby 2026,sr:season:137092,2026,league,regular season,1,Super Rugby Pacific 2026,Blues,sr:competitor:4190,BLU,Chiefs,sr:competitor:4185,CHI,Eden Park,Auckland,New Zealand,"-36.87499, 174.744908","O'Keeffe, Ben",New Zealand,276,2270435542,ball_recycled,2026-02-14T07:47:21+00:00,80,79:50,away,Chiefs,77,55,2,,,,,,,,,,,,,,
super_rugby_2026_blues_vs_chiefs_65866096.json,sr:sport_event:65866096,2026-02-14T06:05:00+00:00,Super Rugby,sr:competition:422,Super Rugby 2026,sr:season:137092,2026,league,regular season,1,Super Rugby Pacific 2026,Blues,sr:competitor:4190,BLU,Chiefs,sr:competitor:4185,CHI,Eden Park,Auckland,New Zealand,"-36.87499, 174.744908","O'Keeffe, Ben",New Zealand,277,2270435650,ball_recycled,2026-02-14T07:47:34+00:00,80,80:00,away,Chiefs,84,47,2,,,,,,,,,,,,,,
super_rugby_2026_blues_vs_chiefs_65866096.json,sr:sport_event:65866096,2026-02-14T06:05:00+00:00,Super Rugby,sr:competition:422,Super Rugby 2026,sr:season:137092,2026,league,regular season,1,Super Rugby Pacific 2026,Blues,sr:competitor:4190,BLU,Chiefs,sr:competitor:4185,CHI,Eden Park,Auckland,New Zealand,"-36.87499, 174.744908","O'Keeffe, Ben",New Zealand,278,2270435714,ball_recycled,2026-02-14T07:47:43+00:00,80,80:00,away,Chiefs,93,59,2,,,,,,,,,,,,,,
super_rugby_2026_blues_vs_chiefs_65866096.json,sr:sport_event:65866096,2026-02-14T06:05:00+00:00,Super Rugby,sr:competition:422,Super Rugby 2026,sr:season:137092,2026,league,regular season,1,Super Rugby Pacific 2026,Blues,sr:competitor:4190,BLU,Chiefs,sr:competitor:4185,CHI,Eden Park,Auckland,New Zealand,"-36.87499, 174.744908","O'Keeffe, Ben",New Zealand,279,2270435798,match_ended,2026-02-14T07:47:52+00:00,,80:00,,,,,,,,,,,,,,,,,,,
