source_json,match_id,match_start_time,competition,competition_id,season,season_id,season_year,stage_type,stage_phase,round,group,home_team,home_team_id,home_abbreviation,away_team,away_team_id,away_abbreviation,venue,venue_city,venue_country,venue_map_coordinates,referee,referee_nationality,event_order,event_id,event_type,event_timestamp,match_time_minute,match_clock,competitor,team,x,y,period,period_name,break_name,home_score,away_score,method,player_id,player_name,scorer_id,scorer_name,substituted_out_id,substituted_out_name,substituted_in_id,substituted_in_name,players_json
super_rugby_2026_highlanders_vs_crusaders_65866090.json,sr:sport_event:65866090,2026-02-13T06:05:00+00:00,Super Rugby,sr:competition:422,Super Rugby 2026,sr:season:137092,2026,league,regular season,1,Super Rugby Pacific 2026,Highlanders,sr:competitor:4182,HIG,Crusaders,sr:competitor:4181,CRU,Forsyth Barr Stadium,Dunedin,New Zealand,"-45.869252, 170.524323","Gardner, Angus",Australia,1,2269487718,match_started,2026-02-13T06:05:19+00:00,,,,,,,,,,,,,,,,,,,,,
super_rugby_2026_highlanders_vs_crusaders_65866090.json,sr:sport_event:65866090,2026-02-13T06:05:00+00:00,Super Rugby,sr:competition:422,Super Rugby 2026,sr:season:137092,2026,league,regular season,1,Super Rugby Pacific 2026,Highlanders,sr:competitor:4182,HIG,Crusaders,sr:competitor:4181,CRU,Forsyth Barr Stadium,Dunedin,New Zealand,"-45.869252, 170.524323","Gardner, Angus",Australia,2,2269487720,period_start,2026-02-13T06:05:19+00:00,,,,,,,1,1st_half,,,,,,,,,,,,,
super_rugby_2026_highlanders_vs_crusaders_65866090.json,sr:sport_event:65866090,2026-02-13T06:05:00+00:00,Super Rugby,sr:competition:422,Super Rugby 2026,sr:season:137092,2026,league,regular season,1,Super Rugby Pacific 2026,Highlanders,sr:competitor:4182,HIG,Crusaders,sr:competitor:4181,CRU,Forsyth Barr Stadium,Dunedin,New Zealand,"-45.869252, 170.524323","Gardner, Angus",Australia,3,2269487740,ball_kicked,2026-02-13T06:05:23+00:00,1,0:03,home,Highlanders,56,37,1,,,,,,,,,,,,,,
super_rugby_2026_highlanders_vs_crusaders_65866090.json,sr:sport_event:65866090,2026-02-13T06:05:00+00:00,Super Rugby,sr:competition:422,Super Rugby 2026,sr:season:137092,2026,league,regular season,1,Super Rugby Pacific 2026,Highlanders,sr:competitor:4182,HIG,Crusaders,sr:competitor:4181,CRU,Forsyth Barr Stadium,Dunedin,New Zealand,"-45.869252, 170.524323","Gardner, Angus",Australia,4,2269487748,ball_recycled,2026-02-13T06:05:27+00:00,1,0:07,away,Crusaders,76,38,1,,,,,,,,,,,,,,
super_rugby_2026_highlanders_vs_crusaders_65866090.json,sr:sport_event:65866090,2026-02-13T06:05:00+00:00,Super Rugby,sr:competition:422,Super Rugby 2026,sr:season:137092,2026,league,regular season,1,Super Rugby Pacific 2026,Highlanders,sr:competitor:4182,HIG,Crusaders,sr:competitor:4181,CRU,Forsyth Barr Stadium,Dunedin,New Zealand,"-45.869252, 170.524323","Gardner, Angus",Australia,5,2269487774,scrum,2026-02-13T06:05:35+00:00,1,0:15,home,Highlanders,77,40,1,,,,,,,,,,,,,,
super_rugby_2026_highlanders_vs_crusaders_65866090.json,sr:sport_event:65866090,2026-02-13T06:05:00+00:00,Super Rugby,sr:competition:422,Super Rugby 2026,sr:season:137092,2026,league,regular season,1,Super Rugby Pacific 2026,Highlanders,sr:competitor:4182,HIG,Crusaders,sr:competitor:4181,CRU,Forsyth Barr Stadium,Dunedin,New Zealand,"-45.869252, 170.524323","Gardner, Angus",Australia,6,2269487994,scrum_won,2026-02-13T06:06:15+00:00,1,0:55,home,Highlanders,77,40,1,,,,,,,,,,,,,,
super_rugby_2026_highlanders_vs_crusaders_65866090.json,sr:sport_event:65866090,2026-02-13T06:05:00+00:00,Super Rugby,sr:competition:422,Super Rugby 2026,sr:season:137092,2026,league,regular season,1,Super Rugby Pacific 2026,Highlanders,sr:competitor:4182,HIG,Crusaders,sr:competitor:4181,CRU,Forsyth Barr Stadium,Dunedin,New Zealand,"-45.869252, 170.524323","Gardner, Angus",Australia,7,2269488036,ball_recycled,2026-02-13T06:06:19+00:00,1,0:59,home,Highlanders,81,12,1,,,,,,,,,,,,,,
super_rugby_2026_highlanders_vs_crusaders_65866090.json,sr:sport_event:65866090,2026-02-13T06:05:00+00:00,Super Rugby,sr:competition:422,Super Rugby 2026,sr:season:137092,2026,league,regular season,1,Super Rugby Pacific 2026,Highlanders,sr:competitor:4182,HIG,Crusaders,sr:competitor:4181,CRU,Forsyth Barr Stadium,Dunedin,New Zealand,"-45.869252, 170.524323","Gardner, Angus",Australia,8,2269488066,ball_recycled,2026-02-13T06:06:27+00:00,2,1:07,home,Highlanders,91,24,1,,,,,,,,,,,,,,
super_rugby_2026_highlanders_vs_crusaders_65866090.json,sr:sport_event:65866090,2026-02-13T06:05:00+00:00,Super Rugby,sr:competition:422,Super Rugby 2026,sr:season:137092,2026,league,regular season,1,Super Rugby Pacific 2026,Highlanders,sr:competitor:4182,HIG,Crusaders,sr:competitor:4181,CRU,Forsyth Barr Stadium,Dunedin,New Zealand,"-45.869252, 170.524323","Gardner, Angus",Australia,9,2269488102,ball_recycled,2026-02-13T06:06:34+00:00,2,1:14,home,Highlanders,91,27,1,,,,,,,,,,,,,,
super_rugby_2026_highlanders_vs_crusaders_65866090.json,sr:sport_event:65866090,2026-02-13T06:05:00+00:00,Super Rugby,sr:competition:422,Super Rugby 2026,sr:season:137092,2026,league,regular season,1,Super Rugby Pacific 2026,Highlanders,sr:competitor:4182,HIG,Crusaders,sr:competitor:4181,CRU,Forsyth Barr Stadium,Dunedin,New Zealand,"-45.869252, 170.524323","Gardner, Angus",Australia,10,2269488130,ball_recycled,2026-02-13T06:06:39+00:00,2,1:19,home,Highlanders,89,38,1,,,,,,,,,,,,,,
super_rugby_2026_highlanders_vs_crusaders_65866090.json,sr:sport_event:65866090,2026-02-13T06:05:00+00:00,Super Rugby,sr:competition:422,Super Rugby 2026,sr:season:137092,2026,league,regular season,1,Super Rugby Pacific 2026,Highlanders,sr:competitor:4182,HIG,Crusaders,sr:competitor:4181,CRU,Forsyth Barr Stadium,Dunedin,New Zealand,"-45.869252, 170.524323","Gardner, Angus",Australia,11,2269488204,penalty_awarded,2026-02-13T06:06:49+00:00,2,1:29,home,Highlanders,87,38,1,,,,,,,,,,,,,,
super_rugby_2026_highlanders_vs_crusaders_65866090.json,sr:sport_event:65866090,2026-02-13T06:05:00+00:00,Super Rugby,sr:competition:422,Super Rugby 2026,sr:season:137092,2026,league,regular season,1,Super Rugby Pacific 2026,Highlanders,sr:competitor:4182,HIG,Crusaders,sr:competitor:4181,CRU,Forsyth Barr Stadium,Dunedin,New Zealand,"-45.869252, 170.524323","Gardner, Angus",Australia,12,2269488410,score_change,2026-02-13T06:07:43+00:00,3,2:23,home,Highlanders,87,38,1,,,3,0,penalty,,,sr:player:2533497,"Millar, Cameron",,,,,"[{""id"": ""sr:player:2533497"", ""name"": ""Millar, Cameron"", ""type"": ""scorer""}]"
super_rugby_2026_highlanders_vs_crusaders_65866090.json,sr:sport_event:65866090,2026-02-13T06:05:00+00:00,Super Rugby,sr:competition:422,Super Rugby 2026,sr:season:137092,2026,league,regular season,1,Super Rugby Pacific 2026,Highlanders,sr:competitor:4182,HIG,Crusaders,sr:competitor:4181,CRU,Forsyth Barr Stadium,Dunedin,New Zealand,"-45.869252, 170.524323","Gardner, Angus",Australia,13,2269488614,ball_kicked,2026-02-13T06:08:26+00:00,3,2:57,away,Crusaders,,,1,,,,,,,,,,,,,,
super_rugby_2026_highlanders_vs_crusaders_65866090.json,sr:sport_event:65866090,2026-02-13T06:05:00+00:00,Super Rugby,sr:competition:422,Super Rugby 2026,sr:season:137092,2026,league,regular season,1,Super Rugby Pacific 2026,Highlanders,sr:competitor:4182,HIG,Crusaders,sr:competitor:4181,CRU,Forsyth Barr Stadium,Dunedin,New Zealand,"-45.869252, 170.524323","Gardner, Angus",Australia,14,2269488626,ball_recycled,2026-02-13T06:08:28+00:00,4,3:04,home,Highlanders,55,35,1,,,,,,,,,,,,,,
super_rugby_2026_highlanders_vs_crusaders_65866090.json,sr:sport_event:65866090,2026-02-13T06:05:00+00:00,Super Rugby,sr:competition:422,Super Rugby 2026,sr:season:137092,2026,league,regular season,1,Super Rugby Pacific 2026,Highlanders,sr:competitor:4182,HIG,Crusaders,sr:competitor:4181,CRU,Forsyth Barr Stadium,Dunedin,New Zealand,"-45.869252, 170.524323","Gardner, Angus",Australia,15,2269488642,ball_recycled,2026-02-13T06:08:32+00:00,4,3:08,home,Highlanders,35,19,1,,,,,,,,,,,,,,
super_rugby_2026_highlanders_vs_crusaders_65866090.json,sr:sport_event:65866090,2026-02-13T06:05:00+00:00,Super Rugby,sr:competition:422,Super Rugby 2026,sr:season:137092,2026,league,regular season,1,Super Rugby Pacific 2026,Highlanders,sr:competitor:4182,HIG,Crusaders,sr:competitor:4181,CRU,Forsyth Barr Stadium,Dunedin,New Zealand,"-45.869252, 170.524323","Gardner, Angus",Australia,16,2269488656,ball_kicked,2026-02-13T06:08:37+00:00,4,3:12,home,Highlanders,35,19,1,,,,,,,,,,,,,,
super_rugby_2026_highlanders_vs_crusaders_65866090.json,sr:sport_event:65866090,2026-02-13T06:05:00+00:00,Super Rugby,sr:competition:422,Super Rugby 2026,sr:season:137092,2026,league,regular season,1,Super Rugby Pacific 2026,Highlanders,sr:competitor:4182,HIG,Crusaders,sr:competitor:4181,CRU,Forsyth Barr Stadium,Dunedin,New Zealand,"-45.869252, 170.524323","Gardner, Angus",Australia,17,2269488674,ball_recycled,2026-02-13T06:08:42+00:00,4,3:17,away,Crusaders,51,12,1,,,,,,,,,,,,,,
super_rugby_2026_highlanders_vs_crusaders_65866090.json,sr:sport_event:65866090,2026-02-13T06:05:00+00:00,Super Rugby,sr:competition:422,Super Rugby 2026,sr:season:137092,2026,league,regular season,1,Super Rugby Pacific 2026,Highlanders,sr:competitor:4182,HIG,Crusaders,sr:competitor:4181,CRU,Forsyth Barr Stadium,Dunedin,New Zealand,"-45.869252, 170.524323","Gardner, Angus",Australia,18,2269488728,ball_recycled,2026-02-13T06:08:48+00:00,4,3:24,away,Crusaders,51,25,1,,,,,,,,,,,,,,
super_rugby_2026_highlanders_vs_crusaders_65866090.json,sr:sport_event:65866090,2026-02-13T06:05:00+00:00,Super Rugby,sr:competition:422,Super Rugby 2026,sr:season:137092,2026,league,regular season,1,Super Rugby Pacific 2026,Highlanders,sr:competitor:4182,HIG,Crusaders,sr:competitor:4181,CRU,Forsyth Barr Stadium,Dunedin,New Zealand,"-45.869252, 170.524323","Gardner, Angus",Australia,19,2269488788,ball_kicked,2026-02-13T06:09:04+00:00,4,3:39,away,Crusaders,51,23,1,,,,,,,,,,,,,,
super_rugby_2026_highlanders_vs_crusaders_65866090.json,sr:sport_event:65866090,2026-02-13T06:05:00+00:00,Super Rugby,sr:competition:422,Super Rugby 2026,sr:season:137092,2026,league,regular season,1,Super Rugby Pacific 2026,Highlanders,sr:competitor:4182,HIG,Crusaders,sr:competitor:4181,CRU,Forsyth Barr Stadium,Dunedin,New Zealand,"-45.869252, 170.524323","Gardner, Angus",Australia,20,2269488834,line_out,2026-02-13T06:09:19+00:00,4,3:54,home,Highlanders,37,-2,1,,,,,,,,,,,,,,
super_rugby_2026_highlanders_vs_crusaders_65866090.json,sr:sport_event:65866090,2026-02-13T06:05:00+00:00,Super Rugby,sr:competition:422,Super Rugby 2026,sr:season:137092,2026,league,regular season,1,Super Rugby Pacific 2026,Highlanders,sr:competitor:4182,HIG,Crusaders,sr:competitor:4181,CRU,Forsyth Barr Stadium,Dunedin,New Zealand,"-45.869252, 170.524323","Gardner, Angus",Australia,21,2269488872,line_out_won,2026-02-13T06:09:26+00:00,5,4:01,home,Highlanders,37,-2,1,,,,,,,,,,,,,,
super_rugby_2026_highlanders_vs_crusaders_65866090.json,sr:sport_event:65866090,2026-02-13T06:05:00+00:00,Super Rugby,sr:competition:422,Super Rugby 2026,sr:season:137092,2026,league,regular season,1,Super Rugby Pacific 2026,Highlanders,sr:competitor:4182,HIG,Crusaders,sr:competitor:4181,CRU,Forsyth Barr Stadium,Dunedin,New Zealand,"-45.869252, 170.524323","Gardner, Angus",Australia,22,2269488884,ball_recycled,2026-02-13T06:09:30+00:00,5,4:05,home,Highlanders,39,20,1,,,,,,,,,,,,,,
super_rugby_2026_highlanders_vs_crusaders_65866090.json,sr:sport_event:65866090,2026-02-13T06:05:00+00:00,Super Rugby,sr:competition:422,Super Rugby 2026,sr:season:137092,2026,league,regular season,1,Super Rugby Pacific 2026,Highlanders,sr:competitor:4182,HIG,Crusaders,sr:competitor:4181,CRU,Forsyth Barr Stadium,Dunedin,New Zealand,"-45.869252, 170.524323","Gardner, Angus",Australia,23,2269488944,ball_kicked,2026-02-13T06:09:45+00:00,5,4:20,home,Highlanders,38,21,1,,,,,,,,,,,,,,
super_rugby_2026_highlanders_vs_crusaders_65866090.json,sr:sport_event:65866090,2026-02-13T06:05:00+00:00,Super Rugby,sr:competition:422,Super Rugby 2026,sr:season:137092,2026,league,regular season,1,Super Rugby Pacific 2026,Highlanders,sr:competitor:4182,HIG,Crusaders,sr:competitor:4181,CRU,Forsyth Barr Stadium,Dunedin,New Zealand,"-45.869252, 170.524323","Gardner, Angus",Australia,24,2269488968,scrum,2026-02-13T06:09:51+00:00,5,4:26,away,Crusaders,48,20,1,,,,,,,,,,,,,,
super_rugby_2026_highlanders_vs_crusaders_65866090.json,sr:sport_event:65866090,2026-02-13T06:05:00+00:00,Super Rugby,sr:competition:422,Super Rugby 2026,sr:season:137092,2026,league,regular season,1,Super Rugby Pacific 2026,Highlanders,sr:competitor:4182,HIG,Crusaders,sr:competitor:4181,CRU,Forsyth Barr Stadium,Dunedin,New Zealand,"-45.869252, 170.524323","Gardner, Angus",Australia,25,2269489148,scrum_won,2026-02-13T06:10:32+00:00,6,5:07,away,Crusaders,48,20,1,,,,,,,,,,,,,,
super_rugby_2026_highlanders_vs_crusaders_65866090.json,sr:sport_event:65866090,2026-02-13T06:05:00+00:00,Super Rugby,sr:competition:422,Super Rugby 2026,sr:season:137092,2026,league,regular season,1,Super Rugby Pacific 2026,Highlanders,sr:competitor:4182,HIG,Crusaders,sr:competitor:4181,CRU,Forsyth Barr Stadium,Dunedin,New Zealand,"-45.869252, 170.524323","Gardner, Angus",Australia,26,2269489150,penalty_awarded,2026-02-13T06:10:32+00:00,6,5:07,away,Crusaders,48,20,1,,,,,,,,,,,,,,
super_rugby_2026_highlanders_vs_crusaders_65866090.json,sr:sport_event:65866090,2026-02-13T06:05:00+00:00,Super Rugby,sr:competition:422,Super Rugby 2026,sr:season:137092,2026,league,regular season,1,Super Rugby Pacific 2026,Highlanders,sr:competitor:4182,HIG,Crusaders,sr:competitor:4181,CRU,Forsyth Barr Stadium,Dunedin,New Zealand,"-45.869252, 170.524323","Gardner, Angus",Australia,27,2269489198,kick_to_touch,2026-02-13T06:10:40+00:00,6,5:15,away,Crusaders,48,20,1,,,,,,,,,,,,,,
super_rugby_2026_highlanders_vs_crusaders_65866090.json,sr:sport_event:65866090,2026-02-13T06:05:00+00:00,Super Rugby,sr:competition:422,Super Rugby 2026,sr:season:137092,2026,league,regular season,1,Super Rugby Pacific 2026,Highlanders,sr:competitor:4182,HIG,Crusaders,sr:competitor:4181,CRU,Forsyth Barr Stadium,Dunedin,New Zealand,"-45.869252, 170.524323","Gardner, Angus",Australia,28,2269489260,line_out,2026-02-13T06:10:53+00:00,6,5:28,away,Crusaders,17,-2,1,,,,,,,,,,,,,,
super_rugby_2026_highlanders_vs_crusaders_65866090.json,sr:sport_event:65866090,2026-02-13T06:05:00+00:00,Super Rugby,sr:competition:422,Super Rugby 2026,sr:season:137092,2026,league,regular season,1,Super Rugby Pacific 2026,Highlanders,sr:competitor:4182,HIG,Crusaders,sr:competitor:4181,CRU,Forsyth Barr Stadium,Dunedin,New Zealand,"-45.869252, 170.524323","Gardner, Angus",Australia,29,2269489374,line_out_won,2026-02-13T06:11:14+00:00,6,5:49,away,Crusaders,17,-2,1,,,,,,,,,,,,,,
super_rugby_2026_highlanders_vs_crusaders_65866090.json,sr:sport_event:65866090,2026-02-13T06:05:00+00:00,Super Rugby,sr:competition:422,Super Rugby 2026,sr:season:137092,2026,league,regular season,1,Super Rugby Pacific 2026,Highlanders,sr:competitor:4182,HIG,Crusaders,sr:competitor:4181,CRU,Forsyth Barr Stadium,Dunedin,New Zealand,"-45.869252, 170.524323","Gardner, Angus",Australia,30,2269489396,ball_recycled,2026-02-13T06:11:22+00:00,6,5:57,away,Crusaders,15,9,1,,,,,,,,,,,,,,
super_rugby_2026_highlanders_vs_crusaders_65866090.json,sr:sport_event:65866090,2026-02-13T06:05:00+00:00,Super Rugby,sr:competition:422,Super Rugby 2026,sr:season:137092,2026,league,regular season,1,Super Rugby Pacific 2026,Highlanders,sr:competitor:4182,HIG,Crusaders,sr:competitor:4181,CRU,Forsyth Barr Stadium,Dunedin,New Zealand,"-45.869252, 170.524323","Gardner, Angus",Australia,31,2269489436,ball_recycled,2026-02-13T06:11:28+00:00,7,6:03,away,Crusaders,13,14,1,,,,,,,,,,,,,,
super_rugby_2026_highlanders_vs_crusaders_65866090.json,sr:sport_event:65866090,2026-02-13T06:05:00+00:00,Super Rugby,sr:competition:422,Super Rugby 2026,sr:season:137092,2026,league,regular season,1,Super Rugby Pacific 2026,Highlanders,sr:competitor:4182,HIG,Crusaders,sr:competitor:4181,CRU,Forsyth Barr Stadium,Dunedin,New Zealand,"-45.869252, 170.524323","Gardner, Angus",Australia,32,2269489478,ball_recycled,2026-02-13T06:11:32+00:00,7,6:08,away,Crusaders,13,8,1,,,,,,,,,,,,,,
super_rugby_2026_highlanders_vs_crusaders_65866090.json,sr:sport_event:65866090,2026-02-13T06:05:00+00:00,Super Rugby,sr:competition:422,Super Rugby 2026,sr:season:137092,2026,league,regular season,1,Super Rugby Pacific 2026,Highlanders,sr:competitor:4182,HIG,Crusaders,sr:competitor:4181,CRU,Forsyth Barr Stadium,Dunedin,New Zealand,"-45.869252, 170.524323","Gardner, Angus",Australia,33,2269489492,ball_recycled,2026-02-13T06:11:36+00:00,7,6:11,away,Crusaders,13,8,1,,,,,,,,,,,,,,
super_rugby_2026_highlanders_vs_crusaders_65866090.json,sr:sport_event:65866090,2026-02-13T06:05:00+00:00,Super Rugby,sr:competition:422,Super Rugby 2026,sr:season:137092,2026,league,regular season,1,Super Rugby Pacific 2026,Highlanders,sr:competitor:4182,HIG,Crusaders,sr:competitor:4181,CRU,Forsyth Barr Stadium,Dunedin,New Zealand,"-45.869252, 170.524323","Gardner, Angus",Australia,34,2269489516,turnover,2026-02-13T06:11:43+00:00,7,6:18,home,Highlanders,13,8,1,,,,,,,,,,,,,,
super_rugby_2026_highlanders_vs_crusaders_65866090.json,sr:sport_event:65866090,2026-02-13T06:05:00+00:00,Super Rugby,sr:competition:422,Super Rugby 2026,sr:season:137092,2026,league,regular season,1,Super Rugby Pacific 2026,Highlanders,sr:competitor:4182,HIG,Crusaders,sr:competitor:4181,CRU,Forsyth Barr Stadium,Dunedin,New Zealand,"-45.869252, 170.524323","Gardner, Angus",Australia,35,2269489568,penalty_awarded,2026-02-13T06:11:49+00:00,7,6:24,home,Highlanders,15,11,1,,,,,,,,,,,,,,
super_rugby_2026_highlanders_vs_crusaders_65866090.json,sr:sport_event:65866090,2026-02-13T06:05:00+00:00,Super Rugby,sr:competition:422,Super Rugby 2026,sr:season:137092,2026,league,regular season,1,Super Rugby Pacific 2026,Highlanders,sr:competitor:4182,HIG,Crusaders,sr:competitor:4181,CRU,Forsyth Barr Stadium,Dunedin,New Zealand,"-45.869252, 170.524323","Gardner, Angus",Australia,36,2269489620,kick_to_touch,2026-02-13T06:11:57+00:00,7,6:32,home,Highlanders,15,11,1,,,,,,,,,,,,,,
super_rugby_2026_highlanders_vs_crusaders_65866090.json,sr:sport_event:65866090,2026-02-13T06:05:00+00:00,Super Rugby,sr:competition:422,Super Rugby 2026,sr:season:137092,2026,league,regular season,1,Super Rugby Pacific 2026,Highlanders,sr:competitor:4182,HIG,Crusaders,sr:competitor:4181,CRU,Forsyth Barr Stadium,Dunedin,New Zealand,"-45.869252, 170.524323","Gardner, Angus",Australia,37,2269489778,line_out,2026-02-13T06:12:27+00:00,8,7:02,home,Highlanders,38,-2,1,,,,,,,,,,,,,,
super_rugby_2026_highlanders_vs_crusaders_65866090.json,sr:sport_event:65866090,2026-02-13T06:05:00+00:00,Super Rugby,sr:competition:422,Super Rugby 2026,sr:season:137092,2026,league,regular season,1,Super Rugby Pacific 2026,Highlanders,sr:competitor:4182,HIG,Crusaders,sr:competitor:4181,CRU,Forsyth Barr Stadium,Dunedin,New Zealand,"-45.869252, 170.524323","Gardner, Angus",Australia,38,2269489798,line_out_won,2026-02-13T06:12:33+00:00,8,7:08,away,Crusaders,38,-2,1,,,,,,,,,,,,,,
super_rugby_2026_highlanders_vs_crusaders_65866090.json,sr:sport_event:65866090,2026-02-13T06:05:00+00:00,Super Rugby,sr:competition:422,Super Rugby 2026,sr:season:137092,2026,league,regular season,1,Super Rugby Pacific 2026,Highlanders,sr:competitor:4182,HIG,Crusaders,sr:competitor:4181,CRU,Forsyth Barr Stadium,Dunedin,New Zealand,"-45.869252, 170.524323","Gardner, Angus",Australia,39,2269489832,ball_recycled,2026-02-13T06:12:38+00:00,8,7:13,away,Crusaders,46,40,1,,,,,,,,,,,,,,
super_rugby_2026_highlanders_vs_crusaders_65866090.json,sr:sport_event:65866090,2026-02-13T06:05:00+00:00,Super Rugby,sr:competition:422,Super Rugby 2026,sr:season:137092,2026,league,regular season,1,Super Rugby Pacific 2026,Highlanders,sr:competitor:4182,HIG,Crusaders,sr:competitor:4181,CRU,Forsyth Barr Stadium,Dunedin,New Zealand,"-45.869252, 170.524323","Gardner, Angus",Australia,40,2269489838,ball_kicked,2026-02-13T06:12:41+00:00,8,7:17,away,Crusaders,39,56,1,,,,,,,,,,,,,,
super_rugby_2026_highlanders_vs_crusaders_65866090.json,sr:sport_event:65866090,2026-02-13T06:05:00+00:00,Super Rugby,sr:competition:422,Super Rugby 2026,sr:season:137092,2026,league,regular season,1,Super Rugby Pacific 2026,Highlanders,sr:competitor:4182,HIG,Crusaders,sr:competitor:4181,CRU,Forsyth Barr Stadium,Dunedin,New Zealand,"-45.869252, 170.524323","Gardner, Angus",Australia,41,2269489846,ball_recycled,2026-02-13T06:12:45+00:00,8,7:20,home,Highlanders,18,61,1,,,,,,,,,,,,,,
super_rugby_2026_highlanders_vs_crusaders_65866090.json,sr:sport_event:65866090,2026-02-13T06:05:00+00:00,Super Rugby,sr:competition:422,Super Rugby 2026,sr:season:137092,2026,league,regular season,1,Super Rugby Pacific 2026,Highlanders,sr:competitor:4182,HIG,Crusaders,sr:competitor:4181,CRU,Forsyth Barr Stadium,Dunedin,New Zealand,"-45.869252, 170.524323","Gardner, Angus",Australia,42,2269489886,ball_recycled,2026-02-13T06:12:53+00:00,8,7:29,home,Highlanders,17,55,1,,,,,,,,,,,,,,
super_rugby_2026_highlanders_vs_crusaders_65866090.json,sr:sport_event:65866090,2026-02-13T06:05:00+00:00,Super Rugby,sr:competition:422,Super Rugby 2026,sr:season:137092,2026,league,regular season,1,Super Rugby Pacific 2026,Highlanders,sr:competitor:4182,HIG,Crusaders,sr:competitor:4181,CRU,Forsyth Barr Stadium,Dunedin,New Zealand,"-45.869252, 170.524323","Gardner, Angus",Australia,43,2269489944,ball_kicked,2026-02-13T06:13:01+00:00,8,7:36,home,Highlanders,14,54,1,,,,,,,,,,,,,,
super_rugby_2026_highlanders_vs_crusaders_65866090.json,sr:sport_event:65866090,2026-02-13T06:05:00+00:00,Super Rugby,sr:competition:422,Super Rugby 2026,sr:season:137092,2026,league,regular season,1,Super Rugby Pacific 2026,Highlanders,sr:competitor:4182,HIG,Crusaders,sr:competitor:4181,CRU,Forsyth Barr Stadium,Dunedin,New Zealand,"-45.869252, 170.524323","Gardner, Angus",Australia,44,2269489974,ball_recycled,2026-02-13T06:13:04+00:00,8,7:39,away,Crusaders,43,66,1,,,,,,,,,,,,,,
super_rugby_2026_highlanders_vs_crusaders_65866090.json,sr:sport_event:65866090,2026-02-13T06:05:00+00:00,Super Rugby,sr:competition:422,Super Rugby 2026,sr:season:137092,2026,league,regular season,1,Super Rugby Pacific 2026,Highlanders,sr:competitor:4182,HIG,Crusaders,sr:competitor:4181,CRU,Forsyth Barr Stadium,Dunedin,New Zealand,"-45.869252, 170.524323","Gardner, Angus",Australia,45,2269489982,ball_recycled,2026-02-13T06:13:06+00:00,8,7:41,away,Crusaders,42,53,1,,,,,,,,,,,,,,
super_rugby_2026_highlanders_vs_crusaders_65866090.json,sr:sport_event:65866090,2026-02-13T06:05:00+00:00,Super Rugby,sr:competition:422,Super Rugby 2026,sr:season:137092,2026,league,regular season,1,Super Rugby Pacific 2026,Highlanders,sr:competitor:4182,HIG,Crusaders,sr:competitor:4181,CRU,Forsyth Barr Stadium,Dunedin,New Zealand,"-45.869252, 170.524323","Gardner, Angus",Australia,46,2269489998,ball_recycled,2026-02-13T06:13:10+00:00,8,7:46,away,Crusaders,37,24,1,,,,,,,,,,,,,,
super_rugby_2026_highlanders_vs_crusaders_65866090.json,sr:sport_event:65866090,2026-02-13T06:05:00+00:00,Super Rugby,sr:competition:422,Super Rugby 2026,sr:season:137092,2026,league,regular season,1,Super Rugby Pacific 2026,Highlanders,sr:competitor:4182,HIG,Crusaders,sr:competitor:4181,CRU,Forsyth Barr Stadium,Dunedin,New Zealand,"-45.869252, 170.524323","Gardner, Angus",Australia,47,2269490036,ball_recycled,2026-02-13T06:13:20+00:00,8,7:55,away,Crusaders,46,65,1,,,,,,,,,,,,,,
super_rugby_2026_highlanders_vs_crusaders_65866090.json,sr:sport_event:65866090,2026-02-13T06:05:00+00:00,Super Rugby,sr:competition:422,Super Rugby 2026,sr:season:137092,2026,league,regular season,1,Super Rugby Pacific 2026,Highlanders,sr:competitor:4182,HIG,Crusaders,sr:competitor:4181,CRU,Forsyth Barr Stadium,Dunedin,New Zealand,"-45.869252, 170.524323","Gardner, Angus",Australia,48,2269490064,ball_recycled,2026-02-13T06:13:23+00:00,8,7:58,away,Crusaders,44,60,1,,,,,,,,,,,,,,
super_rugby_2026_highlanders_vs_crusaders_65866090.json,sr:sport_event:65866090,2026-02-13T06:05:00+00:00,Super Rugby,sr:competition:422,Super Rugby 2026,sr:season:137092,2026,league,regular season,1,Super Rugby Pacific 2026,Highlanders,sr:competitor:4182,HIG,Crusaders,sr:competitor:4181,CRU,Forsyth Barr Stadium,Dunedin,New Zealand,"-45.869252, 170.524323","Gardner, Angus",Australia,49,2269490140,penalty_awarded,2026-02-13T06:13:30+00:00,9,8:05,away,Crusaders,43,57,1,,,,,,,,,,,,,,
super_rugby_2026_highlanders_vs_crusaders_65866090.json,sr:sport_event:65866090,2026-02-13T06:05:00+00:00,Super Rugby,sr:competition:422,Super Rugby 2026,sr:season:137092,2026,league,regular season,1,Super Rugby Pacific 2026,Highlanders,sr:competitor:4182,HIG,Crusaders,sr:competitor:4181,CRU,Forsyth Barr Stadium,Dunedin,New Zealand,"-45.869252, 170.524323","Gardner, Angus",Australia,50,2269490192,kick_to_touch,2026-02-13T06:13:42+00:00,9,8:17,away,Crusaders,43,57,1,,,,,,,,,,,,,,
super_rugby_2026_highlanders_vs_crusaders_65866090.json,sr:sport_event:65866090,2026-02-13T06:05:00+00:00,Super Rugby,sr:competition:422,Super Rugby 2026,sr:season:137092,2026,league,regular season,1,Super Rugby Pacific 2026,Highlanders,sr:competitor:4182,HIG,Crusaders,sr:competitor:4181,CRU,Forsyth Barr Stadium,Dunedin,New Zealand,"-45.869252, 170.524323","Gardner, Angus",Australia,51,2269490262,line_out,2026-02-13T06:13:52+00:00,9,8:27,away,Crusaders,22,72,1,,,,,,,,,,,,,,
super_rugby_2026_highlanders_vs_crusaders_65866090.json,sr:sport_event:65866090,2026-02-13T06:05:00+00:00,Super Rugby,sr:competition:422,Super Rugby 2026,sr:season:137092,2026,league,regular season,1,Super Rugby Pacific 2026,Highlanders,sr:competitor:4182,HIG,Crusaders,sr:competitor:4181,CRU,Forsyth Barr Stadium,Dunedin,New Zealand,"-45.869252, 170.524323","Gardner, Angus",Australia,52,2269490302,line_out_won,2026-02-13T06:14:05+00:00,9,8:40,away,Crusaders,22,72,1,,,,,,,,,,,,,,
super_rugby_2026_highlanders_vs_crusaders_65866090.json,sr:sport_event:65866090,2026-02-13T06:05:00+00:00,Super Rugby,sr:competition:422,Super Rugby 2026,sr:season:137092,2026,league,regular season,1,Super Rugby Pacific 2026,Highlanders,sr:competitor:4182,HIG,Crusaders,sr:competitor:4181,CRU,Forsyth Barr Stadium,Dunedin,New Zealand,"-45.869252, 170.524323","Gardner, Angus",Australia,53,2269490320,ball_recycled,2026-02-13T06:14:10+00:00,9,8:45,away,Crusaders,22,41,1,,,,,,,,,,,,,,
super_rugby_2026_highlanders_vs_crusaders_65866090.json,sr:sport_event:65866090,2026-02-13T06:05:00+00:00,Super Rugby,sr:competition:422,Super Rugby 2026,sr:season:137092,2026,league,regular season,1,Super Rugby Pacific 2026,Highlanders,sr:competitor:4182,HIG,Crusaders,sr:competitor:4181,CRU,Forsyth Barr Stadium,Dunedin,New Zealand,"-45.869252, 170.524323","Gardner, Angus",Australia,54,2269490332,ball_recycled,2026-02-13T06:14:13+00:00,9,8:48,away,Crusaders,21,40,1,,,,,,,,,,,,,,
super_rugby_2026_highlanders_vs_crusaders_65866090.json,sr:sport_event:65866090,2026-02-13T06:05:00+00:00,Super Rugby,sr:competition:422,Super Rugby 2026,sr:season:137092,2026,league,regular season,1,Super Rugby Pacific 2026,Highlanders,sr:competitor:4182,HIG,Crusaders,sr:competitor:4181,CRU,Forsyth Barr Stadium,Dunedin,New Zealand,"-45.869252, 170.524323","Gardner, Angus",Australia,55,2269490356,ball_recycled,2026-02-13T06:14:17+00:00,9,8:53,away,Crusaders,18,53,1,,,,,,,,,,,,,,
super_rugby_2026_highlanders_vs_crusaders_65866090.json,sr:sport_event:65866090,2026-02-13T06:05:00+00:00,Super Rugby,sr:competition:422,Super Rugby 2026,sr:season:137092,2026,league,regular season,1,Super Rugby Pacific 2026,Highlanders,sr:competitor:4182,HIG,Crusaders,sr:competitor:4181,CRU,Forsyth Barr Stadium,Dunedin,New Zealand,"-45.869252, 170.524323","Gardner, Angus",Australia,56,2269490378,ball_recycled,2026-02-13T06:14:20+00:00,9,8:56,away,Crusaders,15,55,1,,,,,,,,,,,,,,
super_rugby_2026_highlanders_vs_crusaders_65866090.json,sr:sport_event:65866090,2026-02-13T06:05:00+00:00,Super Rugby,sr:competition:422,Super Rugby 2026,sr:season:137092,2026,league,regular season,1,Super Rugby Pacific 2026,Highlanders,sr:competitor:4182,HIG,Crusaders,sr:competitor:4181,CRU,Forsyth Barr Stadium,Dunedin,New Zealand,"-45.869252, 170.524323","Gardner, Angus",Australia,57,2269490410,turnover,2026-02-13T06:14:26+00:00,10,9:01,home,Highlanders,17,55,1,,,,,,,,,,,,,,
super_rugby_2026_highlanders_vs_crusaders_65866090.json,sr:sport_event:65866090,2026-02-13T06:05:00+00:00,Super Rugby,sr:competition:422,Super Rugby 2026,sr:season:137092,2026,league,regular season,1,Super Rugby Pacific 2026,Highlanders,sr:competitor:4182,HIG,Crusaders,sr:competitor:4181,CRU,Forsyth Barr Stadium,Dunedin,New Zealand,"-45.869252, 170.524323","Gardner, Angus",Australia,58,2269490436,ball_recycled,2026-02-13T06:14:30+00:00,10,9:05,home,Highlanders,21,64,1,,,,,,,,,,,,,,
super_rugby_2026_highlanders_vs_crusaders_65866090.json,sr:sport_event:65866090,2026-02-13T06:05:00+00:00,Super Rugby,sr:competition:422,Super Rugby 2026,sr:season:137092,2026,league,regular season,1,Super Rugby Pacific 2026,Highlanders,sr:competitor:4182,HIG,Crusaders,sr:competitor:4181,CRU,Forsyth Barr Stadium,Dunedin,New Zealand,"-45.869252, 170.524323","Gardner, Angus",Australia,59,2269490442,ball_recycled,2026-02-13T06:14:32+00:00,10,9:07,home,Highlanders,33,65,1,,,,,,,,,,,,,,
super_rugby_2026_highlanders_vs_crusaders_65866090.json,sr:sport_event:65866090,2026-02-13T06:05:00+00:00,Super Rugby,sr:competition:422,Super Rugby 2026,sr:season:137092,2026,league,regular season,1,Super Rugby Pacific 2026,Highlanders,sr:competitor:4182,HIG,Crusaders,sr:competitor:4181,CRU,Forsyth Barr Stadium,Dunedin,New Zealand,"-45.869252, 170.524323","Gardner, Angus",Australia,60,2269490458,ball_recycled,2026-02-13T06:14:38+00:00,10,9:13,home,Highlanders,30,51,1,,,,,,,,,,,,,,
super_rugby_2026_highlanders_vs_crusaders_65866090.json,sr:sport_event:65866090,2026-02-13T06:05:00+00:00,Super Rugby,sr:competition:422,Super Rugby 2026,sr:season:137092,2026,league,regular season,1,Super Rugby Pacific 2026,Highlanders,sr:competitor:4182,HIG,Crusaders,sr:competitor:4181,CRU,Forsyth Barr Stadium,Dunedin,New Zealand,"-45.869252, 170.524323","Gardner, Angus",Australia,61,2269490514,ball_kicked,2026-02-13T06:14:48+00:00,10,9:24,home,Highlanders,27,54,1,,,,,,,,,,,,,,
super_rugby_2026_highlanders_vs_crusaders_65866090.json,sr:sport_event:65866090,2026-02-13T06:05:00+00:00,Super Rugby,sr:competition:422,Super Rugby 2026,sr:season:137092,2026,league,regular season,1,Super Rugby Pacific 2026,Highlanders,sr:competitor:4182,HIG,Crusaders,sr:competitor:4181,CRU,Forsyth Barr Stadium,Dunedin,New Zealand,"-45.869252, 170.524323","Gardner, Angus",Australia,62,2269490526,ball_recycled,2026-02-13T06:14:51+00:00,10,9:26,away,Crusaders,43,61,1,,,,,,,,,,,,,,
super_rugby_2026_highlanders_vs_crusaders_65866090.json,sr:sport_event:65866090,2026-02-13T06:05:00+00:00,Super Rugby,sr:competition:422,Super Rugby 2026,sr:season:137092,2026,league,regular season,1,Super Rugby Pacific 2026,Highlanders,sr:competitor:4182,HIG,Crusaders,sr:competitor:4181,CRU,Forsyth Barr Stadium,Dunedin,New Zealand,"-45.869252, 170.524323","Gardner, Angus",Australia,63,2269490558,penalty_awarded,2026-02-13T06:14:59+00:00,10,9:34,home,Highlanders,43,60,1,,,,,,,,,,,,,,
super_rugby_2026_highlanders_vs_crusaders_65866090.json,sr:sport_event:65866090,2026-02-13T06:05:00+00:00,Super Rugby,sr:competition:422,Super Rugby 2026,sr:season:137092,2026,league,regular season,1,Super Rugby Pacific 2026,Highlanders,sr:competitor:4182,HIG,Crusaders,sr:competitor:4181,CRU,Forsyth Barr Stadium,Dunedin,New Zealand,"-45.869252, 170.524323","Gardner, Angus",Australia,64,2269490720,kick_to_touch,2026-02-13T06:15:20+00:00,10,9:55,home,Highlanders,43,60,1,,,,,,,,,,,,,,
super_rugby_2026_highlanders_vs_crusaders_65866090.json,sr:sport_event:65866090,2026-02-13T06:05:00+00:00,Super Rugby,sr:competition:422,Super Rugby 2026,sr:season:137092,2026,league,regular season,1,Super Rugby Pacific 2026,Highlanders,sr:competitor:4182,HIG,Crusaders,sr:competitor:4181,CRU,Forsyth Barr Stadium,Dunedin,New Zealand,"-45.869252, 170.524323","Gardner, Angus",Australia,65,2269490740,line_out,2026-02-13T06:15:25+00:00,10,10:00,home,Highlanders,64,73,1,,,,,,,,,,,,,,
super_rugby_2026_highlanders_vs_crusaders_65866090.json,sr:sport_event:65866090,2026-02-13T06:05:00+00:00,Super Rugby,sr:competition:422,Super Rugby 2026,sr:season:137092,2026,league,regular season,1,Super Rugby Pacific 2026,Highlanders,sr:competitor:4182,HIG,Crusaders,sr:competitor:4181,CRU,Forsyth Barr Stadium,Dunedin,New Zealand,"-45.869252, 170.524323","Gardner, Angus",Australia,66,2269490810,line_out_won,2026-02-13T06:15:41+00:00,11,10:16,away,Crusaders,64,73,1,,,,,,,,,,,,,,
super_rugby_2026_highlanders_vs_crusaders_65866090.json,sr:sport_event:65866090,2026-02-13T06:05:00+00:00,Super Rugby,sr:competition:422,Super Rugby 2026,sr:season:137092,2026,league,regular season,1,Super Rugby Pacific 2026,Highlanders,sr:competitor:4182,HIG,Crusaders,sr:competitor:4181,CRU,Forsyth Barr Stadium,Dunedin,New Zealand,"-45.869252, 170.524323","Gardner, Angus",Australia,67,2269490854,tap_and_go,2026-02-13T06:15:59+00:00,11,10:35,away,Crusaders,58,49,1,,,,,,,,,,,,,,
super_rugby_2026_highlanders_vs_crusaders_65866090.json,sr:sport_event:65866090,2026-02-13T06:05:00+00:00,Super Rugby,sr:competition:422,Super Rugby 2026,sr:season:137092,2026,league,regular season,1,Super Rugby Pacific 2026,Highlanders,sr:competitor:4182,HIG,Crusaders,sr:competitor:4181,CRU,Forsyth Barr Stadium,Dunedin,New Zealand,"-45.869252, 170.524323","Gardner, Angus",Australia,68,2269490876,ball_recycled,2026-02-13T06:16:03+00:00,11,10:38,away,Crusaders,48,51,1,,,,,,,,,,,,,,
super_rugby_2026_highlanders_vs_crusaders_65866090.json,sr:sport_event:65866090,2026-02-13T06:05:00+00:00,Super Rugby,sr:competition:422,Super Rugby 2026,sr:season:137092,2026,league,regular season,1,Super Rugby Pacific 2026,Highlanders,sr:competitor:4182,HIG,Crusaders,sr:competitor:4181,CRU,Forsyth Barr Stadium,Dunedin,New Zealand,"-45.869252, 170.524323","Gardner, Angus",Australia,69,2269490914,ball_recycled,2026-02-13T06:16:10+00:00,11,10:45,away,Crusaders,51,40,1,,,,,,,,,,,,,,
super_rugby_2026_highlanders_vs_crusaders_65866090.json,sr:sport_event:65866090,2026-02-13T06:05:00+00:00,Super Rugby,sr:competition:422,Super Rugby 2026,sr:season:137092,2026,league,regular season,1,Super Rugby Pacific 2026,Highlanders,sr:competitor:4182,HIG,Crusaders,sr:competitor:4181,CRU,Forsyth Barr Stadium,Dunedin,New Zealand,"-45.869252, 170.524323","Gardner, Angus",Australia,70,2269490950,ball_recycled,2026-02-13T06:16:18+00:00,11,10:53,away,Crusaders,50,56,1,,,,,,,,,,,,,,
super_rugby_2026_highlanders_vs_crusaders_65866090.json,sr:sport_event:65866090,2026-02-13T06:05:00+00:00,Super Rugby,sr:competition:422,Super Rugby 2026,sr:season:137092,2026,league,regular season,1,Super Rugby Pacific 2026,Highlanders,sr:competitor:4182,HIG,Crusaders,sr:competitor:4181,CRU,Forsyth Barr Stadium,Dunedin,New Zealand,"-45.869252, 170.524323","Gardner, Angus",Australia,71,2269490988,ball_recycled,2026-02-13T06:16:28+00:00,12,11:03,away,Crusaders,50,47,1,,,,,,,,,,,,,,
super_rugby_2026_highlanders_vs_crusaders_65866090.json,sr:sport_event:65866090,2026-02-13T06:05:00+00:00,Super Rugby,sr:competition:422,Super Rugby 2026,sr:season:137092,2026,league,regular season,1,Super Rugby Pacific 2026,Highlanders,sr:competitor:4182,HIG,Crusaders,sr:competitor:4181,CRU,Forsyth Barr Stadium,Dunedin,New Zealand,"-45.869252, 170.524323","Gardner, Angus",Australia,72,2269491018,ball_recycled,2026-02-13T06:16:35+00:00,12,11:10,away,Crusaders,30,48,1,,,,,,,,,,,,,,
super_rugby_2026_highlanders_vs_crusaders_65866090.json,sr:sport_event:65866090,2026-02-13T06:05:00+00:00,Super Rugby,sr:competition:422,Super Rugby 2026,sr:season:137092,2026,league,regular season,1,Super Rugby Pacific 2026,Highlanders,sr:competitor:4182,HIG,Crusaders,sr:competitor:4181,CRU,Forsyth Barr Stadium,Dunedin,New Zealand,"-45.869252, 170.524323","Gardner, Angus",Australia,73,2269491028,turnover,2026-02-13T06:16:37+00:00,12,11:12,home,Highlanders,29,50,1,,,,,,,,,,,,,,
super_rugby_2026_highlanders_vs_crusaders_65866090.json,sr:sport_event:65866090,2026-02-13T06:05:00+00:00,Super Rugby,sr:competition:422,Super Rugby 2026,sr:season:137092,2026,league,regular season,1,Super Rugby Pacific 2026,Highlanders,sr:competitor:4182,HIG,Crusaders,sr:competitor:4181,CRU,Forsyth Barr Stadium,Dunedin,New Zealand,"-45.869252, 170.524323","Gardner, Angus",Australia,74,2269491048,ball_recycled,2026-02-13T06:16:42+00:00,12,11:17,home,Highlanders,38,18,1,,,,,,,,,,,,,,
super_rugby_2026_highlanders_vs_crusaders_65866090.json,sr:sport_event:65866090,2026-02-13T06:05:00+00:00,Super Rugby,sr:competition:422,Super Rugby 2026,sr:season:137092,2026,league,regular season,1,Super Rugby Pacific 2026,Highlanders,sr:competitor:4182,HIG,Crusaders,sr:competitor:4181,CRU,Forsyth Barr Stadium,Dunedin,New Zealand,"-45.869252, 170.524323","Gardner, Angus",Australia,75,2269491096,ball_recycled,2026-02-13T06:16:54+00:00,12,11:30,home,Highlanders,30,18,1,,,,,,,,,,,,,,
super_rugby_2026_highlanders_vs_crusaders_65866090.json,sr:sport_event:65866090,2026-02-13T06:05:00+00:00,Super Rugby,sr:competition:422,Super Rugby 2026,sr:season:137092,2026,league,regular season,1,Super Rugby Pacific 2026,Highlanders,sr:competitor:4182,HIG,Crusaders,sr:competitor:4181,CRU,Forsyth Barr Stadium,Dunedin,New Zealand,"-45.869252, 170.524323","Gardner, Angus",Australia,76,2269491170,ball_kicked,2026-02-13T06:17:08+00:00,12,11:43,home,Highlanders,31,19,1,,,,,,,,,,,,,,
super_rugby_2026_highlanders_vs_crusaders_65866090.json,sr:sport_event:65866090,2026-02-13T06:05:00+00:00,Super Rugby,sr:competition:422,Super Rugby 2026,sr:season:137092,2026,league,regular season,1,Super Rugby Pacific 2026,Highlanders,sr:competitor:4182,HIG,Crusaders,sr:competitor:4181,CRU,Forsyth Barr Stadium,Dunedin,New Zealand,"-45.869252, 170.524323","Gardner, Angus",Australia,77,2269491174,ball_recycled,2026-02-13T06:17:10+00:00,12,11:46,away,Crusaders,50,19,1,,,,,,,,,,,,,,
super_rugby_2026_highlanders_vs_crusaders_65866090.json,sr:sport_event:65866090,2026-02-13T06:05:00+00:00,Super Rugby,sr:competition:422,Super Rugby 2026,sr:season:137092,2026,league,regular season,1,Super Rugby Pacific 2026,Highlanders,sr:competitor:4182,HIG,Crusaders,sr:competitor:4181,CRU,Forsyth Barr Stadium,Dunedin,New Zealand,"-45.869252, 170.524323","Gardner, Angus",Australia,78,2269491210,ball_recycled,2026-02-13T06:17:19+00:00,12,11:54,away,Crusaders,50,23,1,,,,,,,,,,,,,,
super_rugby_2026_highlanders_vs_crusaders_65866090.json,sr:sport_event:65866090,2026-02-13T06:05:00+00:00,Super Rugby,sr:competition:422,Super Rugby 2026,sr:season:137092,2026,league,regular season,1,Super Rugby Pacific 2026,Highlanders,sr:competitor:4182,HIG,Crusaders,sr:competitor:4181,CRU,Forsyth Barr Stadium,Dunedin,New Zealand,"-45.869252, 170.524323","Gardner, Angus",Australia,79,2269491252,ball_kicked,2026-02-13T06:17:32+00:00,13,12:07,away,Crusaders,50,25,1,,,,,,,,,,,,,,
super_rugby_2026_highlanders_vs_crusaders_65866090.json,sr:sport_event:65866090,2026-02-13T06:05:00+00:00,Super Rugby,sr:competition:422,Super Rugby 2026,sr:season:137092,2026,league,regular season,1,Super Rugby Pacific 2026,Highlanders,sr:competitor:4182,HIG,Crusaders,sr:competitor:4181,CRU,Forsyth Barr Stadium,Dunedin,New Zealand,"-45.869252, 170.524323","Gardner, Angus",Australia,80,2269491272,ball_recycled,2026-02-13T06:17:34+00:00,13,12:10,away,Crusaders,35,13,1,,,,,,,,,,,,,,
super_rugby_2026_highlanders_vs_crusaders_65866090.json,sr:sport_event:65866090,2026-02-13T06:05:00+00:00,Super Rugby,sr:competition:422,Super Rugby 2026,sr:season:137092,2026,league,regular season,1,Super Rugby Pacific 2026,Highlanders,sr:competitor:4182,HIG,Crusaders,sr:competitor:4181,CRU,Forsyth Barr Stadium,Dunedin,New Zealand,"-45.869252, 170.524323","Gardner, Angus",Australia,81,2269491294,ball_recycled,2026-02-13T06:17:39+00:00,13,12:14,away,Crusaders,51,41,1,,,,,,,,,,,,,,
super_rugby_2026_highlanders_vs_crusaders_65866090.json,sr:sport_event:65866090,2026-02-13T06:05:00+00:00,Super Rugby,sr:competition:422,Super Rugby 2026,sr:season:137092,2026,league,regular season,1,Super Rugby Pacific 2026,Highlanders,sr:competitor:4182,HIG,Crusaders,sr:competitor:4181,CRU,Forsyth Barr Stadium,Dunedin,New Zealand,"-45.869252, 170.524323","Gardner, Angus",Australia,82,2269491298,turnover,2026-02-13T06:17:41+00:00,13,12:16,home,Highlanders,50,44,1,,,,,,,,,,,,,,
super_rugby_2026_highlanders_vs_crusaders_65866090.json,sr:sport_event:65866090,2026-02-13T06:05:00+00:00,Super Rugby,sr:competition:422,Super Rugby 2026,sr:season:137092,2026,league,regular season,1,Super Rugby Pacific 2026,Highlanders,sr:competitor:4182,HIG,Crusaders,sr:competitor:4181,CRU,Forsyth Barr Stadium,Dunedin,New Zealand,"-45.869252, 170.524323","Gardner, Angus",Australia,83,2269491334,penalty_awarded,2026-02-13T06:17:47+00:00,13,12:22,home,Highlanders,48,45,1,,,,,,,,,,,,,,
super_rugby_2026_highlanders_vs_crusaders_65866090.json,sr:sport_event:65866090,2026-02-13T06:05:00+00:00,Super Rugby,sr:competition:422,Super Rugby 2026,sr:season:137092,2026,league,regular season,1,Super Rugby Pacific 2026,Highlanders,sr:competitor:4182,HIG,Crusaders,sr:competitor:4181,CRU,Forsyth Barr Stadium,Dunedin,New Zealand,"-45.869252, 170.524323","Gardner, Angus",Australia,84,2269491448,kick_to_touch,2026-02-13T06:18:13+00:00,13,12:48,home,Highlanders,48,45,1,,,,,,,,,,,,,,
super_rugby_2026_highlanders_vs_crusaders_65866090.json,sr:sport_event:65866090,2026-02-13T06:05:00+00:00,Super Rugby,sr:competition:422,Super Rugby 2026,sr:season:137092,2026,league,regular season,1,Super Rugby Pacific 2026,Highlanders,sr:competitor:4182,HIG,Crusaders,sr:competitor:4181,CRU,Forsyth Barr Stadium,Dunedin,New Zealand,"-45.869252, 170.524323","Gardner, Angus",Australia,85,2269491458,line_out,2026-02-13T06:18:16+00:00,13,12:51,home,Highlanders,71,72,1,,,,,,,,,,,,,,
super_rugby_2026_highlanders_vs_crusaders_65866090.json,sr:sport_event:65866090,2026-02-13T06:05:00+00:00,Super Rugby,sr:competition:422,Super Rugby 2026,sr:season:137092,2026,league,regular season,1,Super Rugby Pacific 2026,Highlanders,sr:competitor:4182,HIG,Crusaders,sr:competitor:4181,CRU,Forsyth Barr Stadium,Dunedin,New Zealand,"-45.869252, 170.524323","Gardner, Angus",Australia,86,2269491536,line_out_won,2026-02-13T06:18:37+00:00,14,13:12,home,Highlanders,71,72,1,,,,,,,,,,,,,,
super_rugby_2026_highlanders_vs_crusaders_65866090.json,sr:sport_event:65866090,2026-02-13T06:05:00+00:00,Super Rugby,sr:competition:422,Super Rugby 2026,sr:season:137092,2026,league,regular season,1,Super Rugby Pacific 2026,Highlanders,sr:competitor:4182,HIG,Crusaders,sr:competitor:4181,CRU,Forsyth Barr Stadium,Dunedin,New Zealand,"-45.869252, 170.524323","Gardner, Angus",Australia,87,2269491542,ball_recycled,2026-02-13T06:18:39+00:00,14,13:14,home,Highlanders,72,48,1,,,,,,,,,,,,,,
super_rugby_2026_highlanders_vs_crusaders_65866090.json,sr:sport_event:65866090,2026-02-13T06:05:00+00:00,Super Rugby,sr:competition:422,Super Rugby 2026,sr:season:137092,2026,league,regular season,1,Super Rugby Pacific 2026,Highlanders,sr:competitor:4182,HIG,Crusaders,sr:competitor:4181,CRU,Forsyth Barr Stadium,Dunedin,New Zealand,"-45.869252, 170.524323","Gardner, Angus",Australia,88,2269491578,ball_kicked,2026-02-13T06:18:47+00:00,14,13:22,home,Highlanders,73,59,1,,,,,,,,,,,,,,
super_rugby_2026_highlanders_vs_crusaders_65866090.json,sr:sport_event:65866090,2026-02-13T06:05:00+00:00,Super Rugby,sr:competition:422,Super Rugby 2026,sr:season:137092,2026,league,regular season,1,Super Rugby Pacific 2026,Highlanders,sr:competitor:4182,HIG,Crusaders,sr:competitor:4181,CRU,Forsyth Barr Stadium,Dunedin,New Zealand,"-45.869252, 170.524323","Gardner, Angus",Australia,89,2269491596,ball_recycled,2026-02-13T06:18:49+00:00,14,13:24,away,Crusaders,81,46,1,,,,,,,,,,,,,,
super_rugby_2026_highlanders_vs_crusaders_65866090.json,sr:sport_event:65866090,2026-02-13T06:05:00+00:00,Super Rugby,sr:competition:422,Super Rugby 2026,sr:season:137092,2026,league,regular season,1,Super Rugby Pacific 2026,Highlanders,sr:competitor:4182,HIG,Crusaders,sr:competitor:4181,CRU,Forsyth Barr Stadium,Dunedin,New Zealand,"-45.869252, 170.524323","Gardner, Angus",Australia,90,2269491612,ball_recycled,2026-02-13T06:18:51+00:00,14,13:26,away,Crusaders,89,29,1,,,,,,,,,,,,,,
super_rugby_2026_highlanders_vs_crusaders_65866090.json,sr:sport_event:65866090,2026-02-13T06:05:00+00:00,Super Rugby,sr:competition:422,Super Rugby 2026,sr:season:137092,2026,league,regular season,1,Super Rugby Pacific 2026,Highlanders,sr:competitor:4182,HIG,Crusaders,sr:competitor:4181,CRU,Forsyth Barr Stadium,Dunedin,New Zealand,"-45.869252, 170.524323","Gardner, Angus",Australia,91,2269491626,ball_recycled,2026-02-13T06:18:53+00:00,14,13:28,away,Crusaders,77,28,1,,,,,,,,,,,,,,
super_rugby_2026_highlanders_vs_crusaders_65866090.json,sr:sport_event:65866090,2026-02-13T06:05:00+00:00,Super Rugby,sr:competition:422,Super Rugby 2026,sr:season:137092,2026,league,regular season,1,Super Rugby Pacific 2026,Highlanders,sr:competitor:4182,HIG,Crusaders,sr:competitor:4181,CRU,Forsyth Barr Stadium,Dunedin,New Zealand,"-45.869252, 170.524323","Gardner, Angus",Australia,92,2269491682,ball_recycled,2026-02-13T06:18:59+00:00,14,13:34,away,Crusaders,87,37,1,,,,,,,,,,,,,,
super_rugby_2026_highlanders_vs_crusaders_65866090.json,sr:sport_event:65866090,2026-02-13T06:05:00+00:00,Super Rugby,sr:competition:422,Super Rugby 2026,sr:season:137092,2026,league,regular season,1,Super Rugby Pacific 2026,Highlanders,sr:competitor:4182,HIG,Crusaders,sr:competitor:4181,CRU,Forsyth Barr Stadium,Dunedin,New Zealand,"-45.869252, 170.524323","Gardner, Angus",Australia,93,2269491726,ball_recycled,2026-02-13T06:19:11+00:00,14,13:46,away,Crusaders,87,24,1,,,,,,,,,,,,,,
super_rugby_2026_highlanders_vs_crusaders_65866090.json,sr:sport_event:65866090,2026-02-13T06:05:00+00:00,Super Rugby,sr:competition:422,Super Rugby 2026,sr:season:137092,2026,league,regular season,1,Super Rugby Pacific 2026,Highlanders,sr:competitor:4182,HIG,Crusaders,sr:competitor:4181,CRU,Forsyth Barr Stadium,Dunedin,New Zealand,"-45.869252, 170.524323","Gardner, Angus",Australia,94,2269491778,ball_kicked,2026-02-13T06:19:19+00:00,14,13:55,away,Crusaders,88,28,1,,,,,,,,,,,,,,
super_rugby_2026_highlanders_vs_crusaders_65866090.json,sr:sport_event:65866090,2026-02-13T06:05:00+00:00,Super Rugby,sr:competition:422,Super Rugby 2026,sr:season:137092,2026,league,regular season,1,Super Rugby Pacific 2026,Highlanders,sr:competitor:4182,HIG,Crusaders,sr:competitor:4181,CRU,Forsyth Barr Stadium,Dunedin,New Zealand,"-45.869252, 170.524323","Gardner, Angus",Australia,95,2269491802,line_out,2026-02-13T06:19:23+00:00,14,13:58,home,Highlanders,72,-2,1,,,,,,,,,,,,,,
super_rugby_2026_highlanders_vs_crusaders_65866090.json,sr:sport_event:65866090,2026-02-13T06:05:00+00:00,Super Rugby,sr:competition:422,Super Rugby 2026,sr:season:137092,2026,league,regular season,1,Super Rugby Pacific 2026,Highlanders,sr:competitor:4182,HIG,Crusaders,sr:competitor:4181,CRU,Forsyth Barr Stadium,Dunedin,New Zealand,"-45.869252, 170.524323","Gardner, Angus",Australia,96,2269491914,line_out_won,2026-02-13T06:19:45+00:00,15,14:20,home,Highlanders,72,-2,1,,,,,,,,,,,,,,
super_rugby_2026_highlanders_vs_crusaders_65866090.json,sr:sport_event:65866090,2026-02-13T06:05:00+00:00,Super Rugby,sr:competition:422,Super Rugby 2026,sr:season:137092,2026,league,regular season,1,Super Rugby Pacific 2026,Highlanders,sr:competitor:4182,HIG,Crusaders,sr:competitor:4181,CRU,Forsyth Barr Stadium,Dunedin,New Zealand,"-45.869252, 170.524323","Gardner, Angus",Australia,97,2269491934,ball_recycled,2026-02-13T06:19:51+00:00,15,14:26,home,Highlanders,59,47,1,,,,,,,,,,,,,,
super_rugby_2026_highlanders_vs_crusaders_65866090.json,sr:sport_event:65866090,2026-02-13T06:05:00+00:00,Super Rugby,sr:competition:422,Super Rugby 2026,sr:season:137092,2026,league,regular season,1,Super Rugby Pacific 2026,Highlanders,sr:competitor:4182,HIG,Crusaders,sr:competitor:4181,CRU,Forsyth Barr Stadium,Dunedin,New Zealand,"-45.869252, 170.524323","Gardner, Angus",Australia,98,2269491942,ball_recycled,2026-02-13T06:19:53+00:00,15,14:28,home,Highlanders,77,63,1,,,,,,,,,,,,,,
super_rugby_2026_highlanders_vs_crusaders_65866090.json,sr:sport_event:65866090,2026-02-13T06:05:00+00:00,Super Rugby,sr:competition:422,Super Rugby 2026,sr:season:137092,2026,league,regular season,1,Super Rugby Pacific 2026,Highlanders,sr:competitor:4182,HIG,Crusaders,sr:competitor:4181,CRU,Forsyth Barr Stadium,Dunedin,New Zealand,"-45.869252, 170.524323","Gardner, Angus",Australia,99,2269491994,score_change,2026-02-13T06:20:03+00:00,15,14:38,home,Highlanders,77,63,1,,,8,0,try,,,sr:player:2525355,"Tangitau, Caleb",,,,,"[{""id"": ""sr:player:2525355"", ""name"": ""Tangitau, Caleb"", ""type"": ""scorer""}]"
super_rugby_2026_highlanders_vs_crusaders_65866090.json,sr:sport_event:65866090,2026-02-13T06:05:00+00:00,Super Rugby,sr:competition:422,Super Rugby 2026,sr:season:137092,2026,league,regular season,1,Super Rugby Pacific 2026,Highlanders,sr:competitor:4182,HIG,Crusaders,sr:competitor:4181,CRU,Forsyth Barr Stadium,Dunedin,New Zealand,"-45.869252, 170.524323","Gardner, Angus",Australia,100,2269492366,ball_kicked,2026-02-13T06:21:35+00:00,17,16:11,away,Crusaders,55,38,1,,,,,,,,,,,,,,
super_rugby_2026_highlanders_vs_crusaders_65866090.json,sr:sport_event:65866090,2026-02-13T06:05:00+00:00,Super Rugby,sr:competition:422,Super Rugby 2026,sr:season:137092,2026,league,regular season,1,Super Rugby Pacific 2026,Highlanders,sr:competitor:4182,HIG,Crusaders,sr:competitor:4181,CRU,Forsyth Barr Stadium,Dunedin,New Zealand,"-45.869252, 170.524323","Gardner, Angus",Australia,101,2269492398,ball_kicked,2026-02-13T06:21:39+00:00,17,16:14,home,Highlanders,13,18,1,,,,,,,,,,,,,,
super_rugby_2026_highlanders_vs_crusaders_65866090.json,sr:sport_event:65866090,2026-02-13T06:05:00+00:00,Super Rugby,sr:competition:422,Super Rugby 2026,sr:season:137092,2026,league,regular season,1,Super Rugby Pacific 2026,Highlanders,sr:competitor:4182,HIG,Crusaders,sr:competitor:4181,CRU,Forsyth Barr Stadium,Dunedin,New Zealand,"-45.869252, 170.524323","Gardner, Angus",Australia,102,2269492436,line_out,2026-02-13T06:21:45+00:00,17,16:20,away,Crusaders,42,-2,1,,,,,,,,,,,,,,
super_rugby_2026_highlanders_vs_crusaders_65866090.json,sr:sport_event:65866090,2026-02-13T06:05:00+00:00,Super Rugby,sr:competition:422,Super Rugby 2026,sr:season:137092,2026,league,regular season,1,Super Rugby Pacific 2026,Highlanders,sr:competitor:4182,HIG,Crusaders,sr:competitor:4181,CRU,Forsyth Barr Stadium,Dunedin,New Zealand,"-45.869252, 170.524323","Gardner, Angus",Australia,103,2269492492,line_out_won,2026-02-13T06:22:01+00:00,17,16:36,away,Crusaders,42,-2,1,,,,,,,,,,,,,,
super_rugby_2026_highlanders_vs_crusaders_65866090.json,sr:sport_event:65866090,2026-02-13T06:05:00+00:00,Super Rugby,sr:competition:422,Super Rugby 2026,sr:season:137092,2026,league,regular season,1,Super Rugby Pacific 2026,Highlanders,sr:competitor:4182,HIG,Crusaders,sr:competitor:4181,CRU,Forsyth Barr Stadium,Dunedin,New Zealand,"-45.869252, 170.524323","Gardner, Angus",Australia,104,2269492542,ball_recycled,2026-02-13T06:22:06+00:00,17,16:41,away,Crusaders,51,38,1,,,,,,,,,,,,,,
super_rugby_2026_highlanders_vs_crusaders_65866090.json,sr:sport_event:65866090,2026-02-13T06:05:00+00:00,Super Rugby,sr:competition:422,Super Rugby 2026,sr:season:137092,2026,league,regular season,1,Super Rugby Pacific 2026,Highlanders,sr:competitor:4182,HIG,Crusaders,sr:competitor:4181,CRU,Forsyth Barr Stadium,Dunedin,New Zealand,"-45.869252, 170.524323","Gardner, Angus",Australia,105,2269492584,ball_kicked,2026-02-13T06:22:14+00:00,17,16:49,away,Crusaders,50,10,1,,,,,,,,,,,,,,
super_rugby_2026_highlanders_vs_crusaders_65866090.json,sr:sport_event:65866090,2026-02-13T06:05:00+00:00,Super Rugby,sr:competition:422,Super Rugby 2026,sr:season:137092,2026,league,regular season,1,Super Rugby Pacific 2026,Highlanders,sr:competitor:4182,HIG,Crusaders,sr:competitor:4181,CRU,Forsyth Barr Stadium,Dunedin,New Zealand,"-45.869252, 170.524323","Gardner, Angus",Australia,106,2269492592,ball_kicked,2026-02-13T06:22:17+00:00,17,16:52,home,Highlanders,31,8,1,,,,,,,,,,,,,,
super_rugby_2026_highlanders_vs_crusaders_65866090.json,sr:sport_event:65866090,2026-02-13T06:05:00+00:00,Super Rugby,sr:competition:422,Super Rugby 2026,sr:season:137092,2026,league,regular season,1,Super Rugby Pacific 2026,Highlanders,sr:competitor:4182,HIG,Crusaders,sr:competitor:4181,CRU,Forsyth Barr Stadium,Dunedin,New Zealand,"-45.869252, 170.524323","Gardner, Angus",Australia,107,2269492594,ball_recycled,2026-02-13T06:22:20+00:00,17,16:55,away,Crusaders,81,12,1,,,,,,,,,,,,,,
super_rugby_2026_highlanders_vs_crusaders_65866090.json,sr:sport_event:65866090,2026-02-13T06:05:00+00:00,Super Rugby,sr:competition:422,Super Rugby 2026,sr:season:137092,2026,league,regular season,1,Super Rugby Pacific 2026,Highlanders,sr:competitor:4182,HIG,Crusaders,sr:competitor:4181,CRU,Forsyth Barr Stadium,Dunedin,New Zealand,"-45.869252, 170.524323","Gardner, Angus",Australia,108,2269492626,ball_kicked,2026-02-13T06:22:26+00:00,18,17:01,away,Crusaders,71,18,1,,,,,,,,,,,,,,
super_rugby_2026_highlanders_vs_crusaders_65866090.json,sr:sport_event:65866090,2026-02-13T06:05:00+00:00,Super Rugby,sr:competition:422,Super Rugby 2026,sr:season:137092,2026,league,regular season,1,Super Rugby Pacific 2026,Highlanders,sr:competitor:4182,HIG,Crusaders,sr:competitor:4181,CRU,Forsyth Barr Stadium,Dunedin,New Zealand,"-45.869252, 170.524323","Gardner, Angus",Australia,109,2269492656,ball_kicked,2026-02-13T06:22:32+00:00,18,17:07,home,Highlanders,21,19,1,,,,,,,,,,,,,,
super_rugby_2026_highlanders_vs_crusaders_65866090.json,sr:sport_event:65866090,2026-02-13T06:05:00+00:00,Super Rugby,sr:competition:422,Super Rugby 2026,sr:season:137092,2026,league,regular season,1,Super Rugby Pacific 2026,Highlanders,sr:competitor:4182,HIG,Crusaders,sr:competitor:4181,CRU,Forsyth Barr Stadium,Dunedin,New Zealand,"-45.869252, 170.524323","Gardner, Angus",Australia,110,2269492704,ball_recycled,2026-02-13T06:22:39+00:00,18,17:15,away,Crusaders,95,23,1,,,,,,,,,,,,,,
super_rugby_2026_highlanders_vs_crusaders_65866090.json,sr:sport_event:65866090,2026-02-13T06:05:00+00:00,Super Rugby,sr:competition:422,Super Rugby 2026,sr:season:137092,2026,league,regular season,1,Super Rugby Pacific 2026,Highlanders,sr:competitor:4182,HIG,Crusaders,sr:competitor:4181,CRU,Forsyth Barr Stadium,Dunedin,New Zealand,"-45.869252, 170.524323","Gardner, Angus",Australia,111,2269492720,ball_kicked,2026-02-13T06:22:43+00:00,18,17:18,away,Crusaders,92,23,1,,,,,,,,,,,,,,
super_rugby_2026_highlanders_vs_crusaders_65866090.json,sr:sport_event:65866090,2026-02-13T06:05:00+00:00,Super Rugby,sr:competition:422,Super Rugby 2026,sr:season:137092,2026,league,regular season,1,Super Rugby Pacific 2026,Highlanders,sr:competitor:4182,HIG,Crusaders,sr:competitor:4181,CRU,Forsyth Barr Stadium,Dunedin,New Zealand,"-45.869252, 170.524323","Gardner, Angus",Australia,112,2269492732,line_out,2026-02-13T06:22:47+00:00,18,17:22,home,Highlanders,66,-2,1,,,,,,,,,,,,,,
super_rugby_2026_highlanders_vs_crusaders_65866090.json,sr:sport_event:65866090,2026-02-13T06:05:00+00:00,Super Rugby,sr:competition:422,Super Rugby 2026,sr:season:137092,2026,league,regular season,1,Super Rugby Pacific 2026,Highlanders,sr:competitor:4182,HIG,Crusaders,sr:competitor:4181,CRU,Forsyth Barr Stadium,Dunedin,New Zealand,"-45.869252, 170.524323","Gardner, Angus",Australia,113,2269492810,line_out_won,2026-02-13T06:23:07+00:00,18,17:42,home,Highlanders,66,-2,1,,,,,,,,,,,,,,
super_rugby_2026_highlanders_vs_crusaders_65866090.json,sr:sport_event:65866090,2026-02-13T06:05:00+00:00,Super Rugby,sr:competition:422,Super Rugby 2026,sr:season:137092,2026,league,regular season,1,Super Rugby Pacific 2026,Highlanders,sr:competitor:4182,HIG,Crusaders,sr:competitor:4181,CRU,Forsyth Barr Stadium,Dunedin,New Zealand,"-45.869252, 170.524323","Gardner, Angus",Australia,114,2269492830,ball_recycled,2026-02-13T06:23:09+00:00,18,17:44,home,Highlanders,64,18,1,,,,,,,,,,,,,,
super_rugby_2026_highlanders_vs_crusaders_65866090.json,sr:sport_event:65866090,2026-02-13T06:05:00+00:00,Super Rugby,sr:competition:422,Super Rugby 2026,sr:season:137092,2026,league,regular season,1,Super Rugby Pacific 2026,Highlanders,sr:competitor:4182,HIG,Crusaders,sr:competitor:4181,CRU,Forsyth Barr Stadium,Dunedin,New Zealand,"-45.869252, 170.524323","Gardner, Angus",Australia,115,2269492868,ball_recycled,2026-02-13T06:23:15+00:00,18,17:50,home,Highlanders,60,24,1,,,,,,,,,,,,,,
super_rugby_2026_highlanders_vs_crusaders_65866090.json,sr:sport_event:65866090,2026-02-13T06:05:00+00:00,Super Rugby,sr:competition:422,Super Rugby 2026,sr:season:137092,2026,league,regular season,1,Super Rugby Pacific 2026,Highlanders,sr:competitor:4182,HIG,Crusaders,sr:competitor:4181,CRU,Forsyth Barr Stadium,Dunedin,New Zealand,"-45.869252, 170.524323","Gardner, Angus",Australia,116,2269492900,ball_recycled,2026-02-13T06:23:23+00:00,18,17:58,home,Highlanders,63,11,1,,,,,,,,,,,,,,
super_rugby_2026_highlanders_vs_crusaders_65866090.json,sr:sport_event:65866090,2026-02-13T06:05:00+00:00,Super Rugby,sr:competition:422,Super Rugby 2026,sr:season:137092,2026,league,regular season,1,Super Rugby Pacific 2026,Highlanders,sr:competitor:4182,HIG,Crusaders,sr:competitor:4181,CRU,Forsyth Barr Stadium,Dunedin,New Zealand,"-45.869252, 170.524323","Gardner, Angus",Australia,117,2269492928,ball_recycled,2026-02-13T06:23:29+00:00,19,18:04,home,Highlanders,60,23,1,,,,,,,,,,,,,,
super_rugby_2026_highlanders_vs_crusaders_65866090.json,sr:sport_event:65866090,2026-02-13T06:05:00+00:00,Super Rugby,sr:competition:422,Super Rugby 2026,sr:season:137092,2026,league,regular season,1,Super Rugby Pacific 2026,Highlanders,sr:competitor:4182,HIG,Crusaders,sr:competitor:4181,CRU,Forsyth Barr Stadium,Dunedin,New Zealand,"-45.869252, 170.524323","Gardner, Angus",Australia,118,2269492976,ball_kicked,2026-02-13T06:23:41+00:00,19,18:17,home,Highlanders,62,25,1,,,,,,,,,,,,,,
super_rugby_2026_highlanders_vs_crusaders_65866090.json,sr:sport_event:65866090,2026-02-13T06:05:00+00:00,Super Rugby,sr:competition:422,Super Rugby 2026,sr:season:137092,2026,league,regular season,1,Super Rugby Pacific 2026,Highlanders,sr:competitor:4182,HIG,Crusaders,sr:competitor:4181,CRU,Forsyth Barr Stadium,Dunedin,New Zealand,"-45.869252, 170.524323","Gardner, Angus",Australia,119,2269492984,ball_recycled,2026-02-13T06:23:44+00:00,19,18:19,away,Crusaders,76,19,1,,,,,,,,,,,,,,
super_rugby_2026_highlanders_vs_crusaders_65866090.json,sr:sport_event:65866090,2026-02-13T06:05:00+00:00,Super Rugby,sr:competition:422,Super Rugby 2026,sr:season:137092,2026,league,regular season,1,Super Rugby Pacific 2026,Highlanders,sr:competitor:4182,HIG,Crusaders,sr:competitor:4181,CRU,Forsyth Barr Stadium,Dunedin,New Zealand,"-45.869252, 170.524323","Gardner, Angus",Australia,120,2269493024,ball_recycled,2026-02-13T06:23:53+00:00,19,18:28,away,Crusaders,77,12,1,,,,,,,,,,,,,,
super_rugby_2026_highlanders_vs_crusaders_65866090.json,sr:sport_event:65866090,2026-02-13T06:05:00+00:00,Super Rugby,sr:competition:422,Super Rugby 2026,sr:season:137092,2026,league,regular season,1,Super Rugby Pacific 2026,Highlanders,sr:competitor:4182,HIG,Crusaders,sr:competitor:4181,CRU,Forsyth Barr Stadium,Dunedin,New Zealand,"-45.869252, 170.524323","Gardner, Angus",Australia,121,2269493044,ball_recycled,2026-02-13T06:23:59+00:00,19,18:34,away,Crusaders,76,22,1,,,,,,,,,,,,,,
super_rugby_2026_highlanders_vs_crusaders_65866090.json,sr:sport_event:65866090,2026-02-13T06:05:00+00:00,Super Rugby,sr:competition:422,Super Rugby 2026,sr:season:137092,2026,league,regular season,1,Super Rugby Pacific 2026,Highlanders,sr:competitor:4182,HIG,Crusaders,sr:competitor:4181,CRU,Forsyth Barr Stadium,Dunedin,New Zealand,"-45.869252, 170.524323","Gardner, Angus",Australia,122,2269493132,ball_kicked,2026-02-13T06:24:10+00:00,19,18:46,away,Crusaders,75,23,1,,,,,,,,,,,,,,
super_rugby_2026_highlanders_vs_crusaders_65866090.json,sr:sport_event:65866090,2026-02-13T06:05:00+00:00,Super Rugby,sr:competition:422,Super Rugby 2026,sr:season:137092,2026,league,regular season,1,Super Rugby Pacific 2026,Highlanders,sr:competitor:4182,HIG,Crusaders,sr:competitor:4181,CRU,Forsyth Barr Stadium,Dunedin,New Zealand,"-45.869252, 170.524323","Gardner, Angus",Australia,123,2269493146,turnover,2026-02-13T06:24:13+00:00,19,18:50,away,Crusaders,60,21,1,,,,,,,,,,,,,,
super_rugby_2026_highlanders_vs_crusaders_65866090.json,sr:sport_event:65866090,2026-02-13T06:05:00+00:00,Super Rugby,sr:competition:422,Super Rugby 2026,sr:season:137092,2026,league,regular season,1,Super Rugby Pacific 2026,Highlanders,sr:competitor:4182,HIG,Crusaders,sr:competitor:4181,CRU,Forsyth Barr Stadium,Dunedin,New Zealand,"-45.869252, 170.524323","Gardner, Angus",Australia,124,2269493168,ball_recycled,2026-02-13T06:24:18+00:00,19,18:54,away,Crusaders,46,12,1,,,,,,,,,,,,,,
super_rugby_2026_highlanders_vs_crusaders_65866090.json,sr:sport_event:65866090,2026-02-13T06:05:00+00:00,Super Rugby,sr:competition:422,Super Rugby 2026,sr:season:137092,2026,league,regular season,1,Super Rugby Pacific 2026,Highlanders,sr:competitor:4182,HIG,Crusaders,sr:competitor:4181,CRU,Forsyth Barr Stadium,Dunedin,New Zealand,"-45.869252, 170.524323","Gardner, Angus",Australia,125,2269493186,ball_recycled,2026-02-13T06:24:21+00:00,19,18:57,away,Crusaders,38,8,1,,,,,,,,,,,,,,
super_rugby_2026_highlanders_vs_crusaders_65866090.json,sr:sport_event:65866090,2026-02-13T06:05:00+00:00,Super Rugby,sr:competition:422,Super Rugby 2026,sr:season:137092,2026,league,regular season,1,Super Rugby Pacific 2026,Highlanders,sr:competitor:4182,HIG,Crusaders,sr:competitor:4181,CRU,Forsyth Barr Stadium,Dunedin,New Zealand,"-45.869252, 170.524323","Gardner, Angus",Australia,126,2269493196,ball_recycled,2026-02-13T06:24:24+00:00,19,19:00,away,Crusaders,25,5,1,,,,,,,,,,,,,,
super_rugby_2026_highlanders_vs_crusaders_65866090.json,sr:sport_event:65866090,2026-02-13T06:05:00+00:00,Super Rugby,sr:competition:422,Super Rugby 2026,sr:season:137092,2026,league,regular season,1,Super Rugby Pacific 2026,Highlanders,sr:competitor:4182,HIG,Crusaders,sr:competitor:4181,CRU,Forsyth Barr Stadium,Dunedin,New Zealand,"-45.869252, 170.524323","Gardner, Angus",Australia,127,2269493224,score_change,2026-02-13T06:24:32+00:00,20,19:08,away,Crusaders,25,5,1,,,8,5,try,,,sr:player:2533069,"Hotham, Noah",,,,,"[{""id"": ""sr:player:2533069"", ""name"": ""Hotham, Noah"", ""type"": ""scorer""}]"
super_rugby_2026_highlanders_vs_crusaders_65866090.json,sr:sport_event:65866090,2026-02-13T06:05:00+00:00,Super Rugby,sr:competition:422,Super Rugby 2026,sr:season:137092,2026,league,regular season,1,Super Rugby Pacific 2026,Highlanders,sr:competitor:4182,HIG,Crusaders,sr:competitor:4181,CRU,Forsyth Barr Stadium,Dunedin,New Zealand,"-45.869252, 170.524323","Gardner, Angus",Australia,128,2269493450,score_change,2026-02-13T06:25:33+00:00,21,20:09,away,Crusaders,55,35,1,,,8,7,conversion,,,sr:player:2286173,"Reihana, Rivez",,,,,"[{""id"": ""sr:player:2286173"", ""name"": ""Reihana, Rivez"", ""type"": ""scorer""}]"
super_rugby_2026_highlanders_vs_crusaders_65866090.json,sr:sport_event:65866090,2026-02-13T06:05:00+00:00,Super Rugby,sr:competition:422,Super Rugby 2026,sr:season:137092,2026,league,regular season,1,Super Rugby Pacific 2026,Highlanders,sr:competitor:4182,HIG,Crusaders,sr:competitor:4181,CRU,Forsyth Barr Stadium,Dunedin,New Zealand,"-45.869252, 170.524323","Gardner, Angus",Australia,129,2269493568,ball_kicked,2026-02-13T06:26:05+00:00,21,20:41,home,Highlanders,56,37,1,,,,,,,,,,,,,,
super_rugby_2026_highlanders_vs_crusaders_65866090.json,sr:sport_event:65866090,2026-02-13T06:05:00+00:00,Super Rugby,sr:competition:422,Super Rugby 2026,sr:season:137092,2026,league,regular season,1,Super Rugby Pacific 2026,Highlanders,sr:competitor:4182,HIG,Crusaders,sr:competitor:4181,CRU,Forsyth Barr Stadium,Dunedin,New Zealand,"-45.869252, 170.524323","Gardner, Angus",Australia,130,2269493574,ball_recycled,2026-02-13T06:26:07+00:00,21,20:43,away,Crusaders,85,57,1,,,,,,,,,,,,,,
super_rugby_2026_highlanders_vs_crusaders_65866090.json,sr:sport_event:65866090,2026-02-13T06:05:00+00:00,Super Rugby,sr:competition:422,Super Rugby 2026,sr:season:137092,2026,league,regular season,1,Super Rugby Pacific 2026,Highlanders,sr:competitor:4182,HIG,Crusaders,sr:competitor:4181,CRU,Forsyth Barr Stadium,Dunedin,New Zealand,"-45.869252, 170.524323","Gardner, Angus",Australia,131,2269493588,ball_recycled,2026-02-13T06:26:09+00:00,21,20:45,away,Crusaders,79,58,1,,,,,,,,,,,,,,
super_rugby_2026_highlanders_vs_crusaders_65866090.json,sr:sport_event:65866090,2026-02-13T06:05:00+00:00,Super Rugby,sr:competition:422,Super Rugby 2026,sr:season:137092,2026,league,regular season,1,Super Rugby Pacific 2026,Highlanders,sr:competitor:4182,HIG,Crusaders,sr:competitor:4181,CRU,Forsyth Barr Stadium,Dunedin,New Zealand,"-45.869252, 170.524323","Gardner, Angus",Australia,132,2269493656,ball_kicked,2026-02-13T06:26:21+00:00,21,20:57,away,Crusaders,81,56,1,,,,,,,,,,,,,,
super_rugby_2026_highlanders_vs_crusaders_65866090.json,sr:sport_event:65866090,2026-02-13T06:05:00+00:00,Super Rugby,sr:competition:422,Super Rugby 2026,sr:season:137092,2026,league,regular season,1,Super Rugby Pacific 2026,Highlanders,sr:competitor:4182,HIG,Crusaders,sr:competitor:4181,CRU,Forsyth Barr Stadium,Dunedin,New Zealand,"-45.869252, 170.524323","Gardner, Angus",Australia,133,2269493668,ball_recycled,2026-02-13T06:26:24+00:00,21,21:00,away,Crusaders,51,62,1,,,,,,,,,,,,,,
super_rugby_2026_highlanders_vs_crusaders_65866090.json,sr:sport_event:65866090,2026-02-13T06:05:00+00:00,Super Rugby,sr:competition:422,Super Rugby 2026,sr:season:137092,2026,league,regular season,1,Super Rugby Pacific 2026,Highlanders,sr:competitor:4182,HIG,Crusaders,sr:competitor:4181,CRU,Forsyth Barr Stadium,Dunedin,New Zealand,"-45.869252, 170.524323","Gardner, Angus",Australia,134,2269493678,ball_recycled,2026-02-13T06:26:26+00:00,22,21:02,away,Crusaders,43,63,1,,,,,,,,,,,,,,
super_rugby_2026_highlanders_vs_crusaders_65866090.json,sr:sport_event:65866090,2026-02-13T06:05:00+00:00,Super Rugby,sr:competition:422,Super Rugby 2026,sr:season:137092,2026,league,regular season,1,Super Rugby Pacific 2026,Highlanders,sr:competitor:4182,HIG,Crusaders,sr:competitor:4181,CRU,Forsyth Barr Stadium,Dunedin,New Zealand,"-45.869252, 170.524323","Gardner, Angus",Australia,135,2269493700,ball_recycled,2026-02-13T06:26:29+00:00,22,21:05,away,Crusaders,38,65,1,,,,,,,,,,,,,,
super_rugby_2026_highlanders_vs_crusaders_65866090.json,sr:sport_event:65866090,2026-02-13T06:05:00+00:00,Super Rugby,sr:competition:422,Super Rugby 2026,sr:season:137092,2026,league,regular season,1,Super Rugby Pacific 2026,Highlanders,sr:competitor:4182,HIG,Crusaders,sr:competitor:4181,CRU,Forsyth Barr Stadium,Dunedin,New Zealand,"-45.869252, 170.524323","Gardner, Angus",Australia,136,2269493734,ball_kicked,2026-02-13T06:26:36+00:00,22,21:12,away,Crusaders,48,45,1,,,,,,,,,,,,,,
super_rugby_2026_highlanders_vs_crusaders_65866090.json,sr:sport_event:65866090,2026-02-13T06:05:00+00:00,Super Rugby,sr:competition:422,Super Rugby 2026,sr:season:137092,2026,league,regular season,1,Super Rugby Pacific 2026,Highlanders,sr:competitor:4182,HIG,Crusaders,sr:competitor:4181,CRU,Forsyth Barr Stadium,Dunedin,New Zealand,"-45.869252, 170.524323","Gardner, Angus",Australia,137,2269493758,ball_kicked,2026-02-13T06:26:39+00:00,22,21:15,home,Highlanders,15,16,1,,,,,,,,,,,,,,
super_rugby_2026_highlanders_vs_crusaders_65866090.json,sr:sport_event:65866090,2026-02-13T06:05:00+00:00,Super Rugby,sr:competition:422,Super Rugby 2026,sr:season:137092,2026,league,regular season,1,Super Rugby Pacific 2026,Highlanders,sr:competitor:4182,HIG,Crusaders,sr:competitor:4181,CRU,Forsyth Barr Stadium,Dunedin,New Zealand,"-45.869252, 170.524323","Gardner, Angus",Australia,138,2269493794,line_out,2026-02-13T06:26:46+00:00,22,21:22,away,Crusaders,39,-2,1,,,,,,,,,,,,,,
super_rugby_2026_highlanders_vs_crusaders_65866090.json,sr:sport_event:65866090,2026-02-13T06:05:00+00:00,Super Rugby,sr:competition:422,Super Rugby 2026,sr:season:137092,2026,league,regular season,1,Super Rugby Pacific 2026,Highlanders,sr:competitor:4182,HIG,Crusaders,sr:competitor:4181,CRU,Forsyth Barr Stadium,Dunedin,New Zealand,"-45.869252, 170.524323","Gardner, Angus",Australia,139,2269493880,line_out_won,2026-02-13T06:27:06+00:00,22,21:42,away,Crusaders,39,-2,1,,,,,,,,,,,,,,
super_rugby_2026_highlanders_vs_crusaders_65866090.json,sr:sport_event:65866090,2026-02-13T06:05:00+00:00,Super Rugby,sr:competition:422,Super Rugby 2026,sr:season:137092,2026,league,regular season,1,Super Rugby Pacific 2026,Highlanders,sr:competitor:4182,HIG,Crusaders,sr:competitor:4181,CRU,Forsyth Barr Stadium,Dunedin,New Zealand,"-45.869252, 170.524323","Gardner, Angus",Australia,140,2269493916,ball_recycled,2026-02-13T06:27:12+00:00,22,21:48,away,Crusaders,42,38,1,,,,,,,,,,,,,,
super_rugby_2026_highlanders_vs_crusaders_65866090.json,sr:sport_event:65866090,2026-02-13T06:05:00+00:00,Super Rugby,sr:competition:422,Super Rugby 2026,sr:season:137092,2026,league,regular season,1,Super Rugby Pacific 2026,Highlanders,sr:competitor:4182,HIG,Crusaders,sr:competitor:4181,CRU,Forsyth Barr Stadium,Dunedin,New Zealand,"-45.869252, 170.524323","Gardner, Angus",Australia,141,2269493932,ball_recycled,2026-02-13T06:27:14+00:00,22,21:50,away,Crusaders,38,47,1,,,,,,,,,,,,,,
super_rugby_2026_highlanders_vs_crusaders_65866090.json,sr:sport_event:65866090,2026-02-13T06:05:00+00:00,Super Rugby,sr:competition:422,Super Rugby 2026,sr:season:137092,2026,league,regular season,1,Super Rugby Pacific 2026,Highlanders,sr:competitor:4182,HIG,Crusaders,sr:competitor:4181,CRU,Forsyth Barr Stadium,Dunedin,New Zealand,"-45.869252, 170.524323","Gardner, Angus",Australia,142,2269493962,ball_kicked,2026-02-13T06:27:22+00:00,22,21:58,away,Crusaders,38,58,1,,,,,,,,,,,,,,
super_rugby_2026_highlanders_vs_crusaders_65866090.json,sr:sport_event:65866090,2026-02-13T06:05:00+00:00,Super Rugby,sr:competition:422,Super Rugby 2026,sr:season:137092,2026,league,regular season,1,Super Rugby Pacific 2026,Highlanders,sr:competitor:4182,HIG,Crusaders,sr:competitor:4181,CRU,Forsyth Barr Stadium,Dunedin,New Zealand,"-45.869252, 170.524323","Gardner, Angus",Australia,143,2269493974,ball_kicked,2026-02-13T06:27:26+00:00,23,22:02,home,Highlanders,13,62,1,,,,,,,,,,,,,,
super_rugby_2026_highlanders_vs_crusaders_65866090.json,sr:sport_event:65866090,2026-02-13T06:05:00+00:00,Super Rugby,sr:competition:422,Super Rugby 2026,sr:season:137092,2026,league,regular season,1,Super Rugby Pacific 2026,Highlanders,sr:competitor:4182,HIG,Crusaders,sr:competitor:4181,CRU,Forsyth Barr Stadium,Dunedin,New Zealand,"-45.869252, 170.524323","Gardner, Angus",Australia,144,2269494018,line_out,2026-02-13T06:27:29+00:00,23,22:05,away,Crusaders,23,72,1,,,,,,,,,,,,,,
super_rugby_2026_highlanders_vs_crusaders_65866090.json,sr:sport_event:65866090,2026-02-13T06:05:00+00:00,Super Rugby,sr:competition:422,Super Rugby 2026,sr:season:137092,2026,league,regular season,1,Super Rugby Pacific 2026,Highlanders,sr:competitor:4182,HIG,Crusaders,sr:competitor:4181,CRU,Forsyth Barr Stadium,Dunedin,New Zealand,"-45.869252, 170.524323","Gardner, Angus",Australia,145,2269494104,line_out_won,2026-02-13T06:27:51+00:00,23,22:27,away,Crusaders,23,72,1,,,,,,,,,,,,,,
super_rugby_2026_highlanders_vs_crusaders_65866090.json,sr:sport_event:65866090,2026-02-13T06:05:00+00:00,Super Rugby,sr:competition:422,Super Rugby 2026,sr:season:137092,2026,league,regular season,1,Super Rugby Pacific 2026,Highlanders,sr:competitor:4182,HIG,Crusaders,sr:competitor:4181,CRU,Forsyth Barr Stadium,Dunedin,New Zealand,"-45.869252, 170.524323","Gardner, Angus",Australia,146,2269494128,ball_recycled,2026-02-13T06:27:56+00:00,23,22:32,away,Crusaders,22,54,1,,,,,,,,,,,,,,
super_rugby_2026_highlanders_vs_crusaders_65866090.json,sr:sport_event:65866090,2026-02-13T06:05:00+00:00,Super Rugby,sr:competition:422,Super Rugby 2026,sr:season:137092,2026,league,regular season,1,Super Rugby Pacific 2026,Highlanders,sr:competitor:4182,HIG,Crusaders,sr:competitor:4181,CRU,Forsyth Barr Stadium,Dunedin,New Zealand,"-45.869252, 170.524323","Gardner, Angus",Australia,147,2269494164,turnover,2026-02-13T06:28:06+00:00,23,22:42,home,Highlanders,22,17,1,,,,,,,,,,,,,,
super_rugby_2026_highlanders_vs_crusaders_65866090.json,sr:sport_event:65866090,2026-02-13T06:05:00+00:00,Super Rugby,sr:competition:422,Super Rugby 2026,sr:season:137092,2026,league,regular season,1,Super Rugby Pacific 2026,Highlanders,sr:competitor:4182,HIG,Crusaders,sr:competitor:4181,CRU,Forsyth Barr Stadium,Dunedin,New Zealand,"-45.869252, 170.524323","Gardner, Angus",Australia,148,2269494314,substitution,2026-02-13T06:28:30+00:00,23,22:58,away,Crusaders,,,1,,,,,,,,,,sr:player:763098,"Havili, David",sr:player:1257790,"Jordan, Will","[{""id"": ""sr:player:763098"", ""name"": ""Havili, David"", ""type"": ""substituted_out""}, {""id"": ""sr:player:1257790"", ""name"": ""Jordan, Will"", ""type"": ""substituted_in""}]"
super_rugby_2026_highlanders_vs_crusaders_65866090.json,sr:sport_event:65866090,2026-02-13T06:05:00+00:00,Super Rugby,sr:competition:422,Super Rugby 2026,sr:season:137092,2026,league,regular season,1,Super Rugby Pacific 2026,Highlanders,sr:competitor:4182,HIG,Crusaders,sr:competitor:4181,CRU,Forsyth Barr Stadium,Dunedin,New Zealand,"-45.869252, 170.524323","Gardner, Angus",Australia,149,2269494454,scrum,2026-02-13T06:29:11+00:00,24,23:17,home,Highlanders,23,19,1,,,,,,,,,,,,,,
super_rugby_2026_highlanders_vs_crusaders_65866090.json,sr:sport_event:65866090,2026-02-13T06:05:00+00:00,Super Rugby,sr:competition:422,Super Rugby 2026,sr:season:137092,2026,league,regular season,1,Super Rugby Pacific 2026,Highlanders,sr:competitor:4182,HIG,Crusaders,sr:competitor:4181,CRU,Forsyth Barr Stadium,Dunedin,New Zealand,"-45.869252, 170.524323","Gardner, Angus",Australia,150,2269494482,scrum_won,2026-02-13T06:29:24+00:00,24,23:31,home,Highlanders,23,19,1,,,,,,,,,,,,,,
super_rugby_2026_highlanders_vs_crusaders_65866090.json,sr:sport_event:65866090,2026-02-13T06:05:00+00:00,Super Rugby,sr:competition:422,Super Rugby 2026,sr:season:137092,2026,league,regular season,1,Super Rugby Pacific 2026,Highlanders,sr:competitor:4182,HIG,Crusaders,sr:competitor:4181,CRU,Forsyth Barr Stadium,Dunedin,New Zealand,"-45.869252, 170.524323","Gardner, Angus",Australia,151,2269494490,penalty_awarded,2026-02-13T06:29:25+00:00,24,23:31,home,Highlanders,23,19,1,,,,,,,,,,,,,,
super_rugby_2026_highlanders_vs_crusaders_65866090.json,sr:sport_event:65866090,2026-02-13T06:05:00+00:00,Super Rugby,sr:competition:422,Super Rugby 2026,sr:season:137092,2026,league,regular season,1,Super Rugby Pacific 2026,Highlanders,sr:competitor:4182,HIG,Crusaders,sr:competitor:4181,CRU,Forsyth Barr Stadium,Dunedin,New Zealand,"-45.869252, 170.524323","Gardner, Angus",Australia,152,2269494542,kick_to_touch,2026-02-13T06:29:39+00:00,24,23:45,home,Highlanders,23,19,1,,,,,,,,,,,,,,
super_rugby_2026_highlanders_vs_crusaders_65866090.json,sr:sport_event:65866090,2026-02-13T06:05:00+00:00,Super Rugby,sr:competition:422,Super Rugby 2026,sr:season:137092,2026,league,regular season,1,Super Rugby Pacific 2026,Highlanders,sr:competitor:4182,HIG,Crusaders,sr:competitor:4181,CRU,Forsyth Barr Stadium,Dunedin,New Zealand,"-45.869252, 170.524323","Gardner, Angus",Australia,153,2269494580,line_out,2026-02-13T06:29:49+00:00,24,23:55,home,Highlanders,46,-2,1,,,,,,,,,,,,,,
super_rugby_2026_highlanders_vs_crusaders_65866090.json,sr:sport_event:65866090,2026-02-13T06:05:00+00:00,Super Rugby,sr:competition:422,Super Rugby 2026,sr:season:137092,2026,league,regular season,1,Super Rugby Pacific 2026,Highlanders,sr:competitor:4182,HIG,Crusaders,sr:competitor:4181,CRU,Forsyth Barr Stadium,Dunedin,New Zealand,"-45.869252, 170.524323","Gardner, Angus",Australia,154,2269494638,line_out_won,2026-02-13T06:30:03+00:00,25,24:09,home,Highlanders,46,-2,1,,,,,,,,,,,,,,
super_rugby_2026_highlanders_vs_crusaders_65866090.json,sr:sport_event:65866090,2026-02-13T06:05:00+00:00,Super Rugby,sr:competition:422,Super Rugby 2026,sr:season:137092,2026,league,regular season,1,Super Rugby Pacific 2026,Highlanders,sr:competitor:4182,HIG,Crusaders,sr:competitor:4181,CRU,Forsyth Barr Stadium,Dunedin,New Zealand,"-45.869252, 170.524323","Gardner, Angus",Australia,155,2269494678,ball_recycled,2026-02-13T06:30:05+00:00,25,24:11,home,Highlanders,35,48,1,,,,,,,,,,,,,,
super_rugby_2026_highlanders_vs_crusaders_65866090.json,sr:sport_event:65866090,2026-02-13T06:05:00+00:00,Super Rugby,sr:competition:422,Super Rugby 2026,sr:season:137092,2026,league,regular season,1,Super Rugby Pacific 2026,Highlanders,sr:competitor:4182,HIG,Crusaders,sr:competitor:4181,CRU,Forsyth Barr Stadium,Dunedin,New Zealand,"-45.869252, 170.524323","Gardner, Angus",Australia,156,2269494786,ball_recycled,2026-02-13T06:30:08+00:00,25,24:15,home,Highlanders,40,51,1,,,,,,,,,,,,,,
super_rugby_2026_highlanders_vs_crusaders_65866090.json,sr:sport_event:65866090,2026-02-13T06:05:00+00:00,Super Rugby,sr:competition:422,Super Rugby 2026,sr:season:137092,2026,league,regular season,1,Super Rugby Pacific 2026,Highlanders,sr:competitor:4182,HIG,Crusaders,sr:competitor:4181,CRU,Forsyth Barr Stadium,Dunedin,New Zealand,"-45.869252, 170.524323","Gardner, Angus",Australia,157,2269494810,ball_recycled,2026-02-13T06:30:16+00:00,25,24:22,home,Highlanders,42,58,1,,,,,,,,,,,,,,
super_rugby_2026_highlanders_vs_crusaders_65866090.json,sr:sport_event:65866090,2026-02-13T06:05:00+00:00,Super Rugby,sr:competition:422,Super Rugby 2026,sr:season:137092,2026,league,regular season,1,Super Rugby Pacific 2026,Highlanders,sr:competitor:4182,HIG,Crusaders,sr:competitor:4181,CRU,Forsyth Barr Stadium,Dunedin,New Zealand,"-45.869252, 170.524323","Gardner, Angus",Australia,158,2269494864,ball_kicked,2026-02-13T06:30:28+00:00,25,24:35,home,Highlanders,42,58,1,,,,,,,,,,,,,,
super_rugby_2026_highlanders_vs_crusaders_65866090.json,sr:sport_event:65866090,2026-02-13T06:05:00+00:00,Super Rugby,sr:competition:422,Super Rugby 2026,sr:season:137092,2026,league,regular season,1,Super Rugby Pacific 2026,Highlanders,sr:competitor:4182,HIG,Crusaders,sr:competitor:4181,CRU,Forsyth Barr Stadium,Dunedin,New Zealand,"-45.869252, 170.524323","Gardner, Angus",Australia,159,2269494870,ball_recycled,2026-02-13T06:30:31+00:00,25,24:37,home,Highlanders,52,59,1,,,,,,,,,,,,,,
super_rugby_2026_highlanders_vs_crusaders_65866090.json,sr:sport_event:65866090,2026-02-13T06:05:00+00:00,Super Rugby,sr:competition:422,Super Rugby 2026,sr:season:137092,2026,league,regular season,1,Super Rugby Pacific 2026,Highlanders,sr:competitor:4182,HIG,Crusaders,sr:competitor:4181,CRU,Forsyth Barr Stadium,Dunedin,New Zealand,"-45.869252, 170.524323","Gardner, Angus",Australia,160,2269494884,ball_kicked,2026-02-13T06:30:33+00:00,25,24:39,home,Highlanders,48,60,1,,,,,,,,,,,,,,
super_rugby_2026_highlanders_vs_crusaders_65866090.json,sr:sport_event:65866090,2026-02-13T06:05:00+00:00,Super Rugby,sr:competition:422,Super Rugby 2026,sr:season:137092,2026,league,regular season,1,Super Rugby Pacific 2026,Highlanders,sr:competitor:4182,HIG,Crusaders,sr:competitor:4181,CRU,Forsyth Barr Stadium,Dunedin,New Zealand,"-45.869252, 170.524323","Gardner, Angus",Australia,161,2269494896,ball_recycled,2026-02-13T06:30:35+00:00,25,24:41,away,Crusaders,89,58,1,,,,,,,,,,,,,,
super_rugby_2026_highlanders_vs_crusaders_65866090.json,sr:sport_event:65866090,2026-02-13T06:05:00+00:00,Super Rugby,sr:competition:422,Super Rugby 2026,sr:season:137092,2026,league,regular season,1,Super Rugby Pacific 2026,Highlanders,sr:competitor:4182,HIG,Crusaders,sr:competitor:4181,CRU,Forsyth Barr Stadium,Dunedin,New Zealand,"-45.869252, 170.524323","Gardner, Angus",Australia,162,2269494906,ball_kicked,2026-02-13T06:30:38+00:00,25,24:45,away,Crusaders,88,49,1,,,,,,,,,,,,,,
super_rugby_2026_highlanders_vs_crusaders_65866090.json,sr:sport_event:65866090,2026-02-13T06:05:00+00:00,Super Rugby,sr:competition:422,Super Rugby 2026,sr:season:137092,2026,league,regular season,1,Super Rugby Pacific 2026,Highlanders,sr:competitor:4182,HIG,Crusaders,sr:competitor:4181,CRU,Forsyth Barr Stadium,Dunedin,New Zealand,"-45.869252, 170.524323","Gardner, Angus",Australia,163,2269494930,line_out,2026-02-13T06:30:44+00:00,25,24:51,home,Highlanders,60,72,1,,,,,,,,,,,,,,
super_rugby_2026_highlanders_vs_crusaders_65866090.json,sr:sport_event:65866090,2026-02-13T06:05:00+00:00,Super Rugby,sr:competition:422,Super Rugby 2026,sr:season:137092,2026,league,regular season,1,Super Rugby Pacific 2026,Highlanders,sr:competitor:4182,HIG,Crusaders,sr:competitor:4181,CRU,Forsyth Barr Stadium,Dunedin,New Zealand,"-45.869252, 170.524323","Gardner, Angus",Australia,164,2269495090,tap_and_go,2026-02-13T06:31:16+00:00,26,25:22,home,Highlanders,60,72,1,,,,,,,,,,,,,,
super_rugby_2026_highlanders_vs_crusaders_65866090.json,sr:sport_event:65866090,2026-02-13T06:05:00+00:00,Super Rugby,sr:competition:422,Super Rugby 2026,sr:season:137092,2026,league,regular season,1,Super Rugby Pacific 2026,Highlanders,sr:competitor:4182,HIG,Crusaders,sr:competitor:4181,CRU,Forsyth Barr Stadium,Dunedin,New Zealand,"-45.869252, 170.524323","Gardner, Angus",Australia,165,2269495104,ball_recycled,2026-02-13T06:31:19+00:00,26,25:25,home,Highlanders,62,46,1,,,,,,,,,,,,,,
super_rugby_2026_highlanders_vs_crusaders_65866090.json,sr:sport_event:65866090,2026-02-13T06:05:00+00:00,Super Rugby,sr:competition:422,Super Rugby 2026,sr:season:137092,2026,league,regular season,1,Super Rugby Pacific 2026,Highlanders,sr:competitor:4182,HIG,Crusaders,sr:competitor:4181,CRU,Forsyth Barr Stadium,Dunedin,New Zealand,"-45.869252, 170.524323","Gardner, Angus",Australia,166,2269495136,ball_recycled,2026-02-13T06:31:27+00:00,26,25:33,home,Highlanders,59,51,1,,,,,,,,,,,,,,
super_rugby_2026_highlanders_vs_crusaders_65866090.json,sr:sport_event:65866090,2026-02-13T06:05:00+00:00,Super Rugby,sr:competition:422,Super Rugby 2026,sr:season:137092,2026,league,regular season,1,Super Rugby Pacific 2026,Highlanders,sr:competitor:4182,HIG,Crusaders,sr:competitor:4181,CRU,Forsyth Barr Stadium,Dunedin,New Zealand,"-45.869252, 170.524323","Gardner, Angus",Australia,167,2269495170,ball_recycled,2026-02-13T06:31:34+00:00,26,25:40,home,Highlanders,50,22,1,,,,,,,,,,,,,,
super_rugby_2026_highlanders_vs_crusaders_65866090.json,sr:sport_event:65866090,2026-02-13T06:05:00+00:00,Super Rugby,sr:competition:422,Super Rugby 2026,sr:season:137092,2026,league,regular season,1,Super Rugby Pacific 2026,Highlanders,sr:competitor:4182,HIG,Crusaders,sr:competitor:4181,CRU,Forsyth Barr Stadium,Dunedin,New Zealand,"-45.869252, 170.524323","Gardner, Angus",Australia,168,2269495180,turnover,2026-02-13T06:31:38+00:00,26,25:44,away,Crusaders,48,23,1,,,,,,,,,,,,,,
super_rugby_2026_highlanders_vs_crusaders_65866090.json,sr:sport_event:65866090,2026-02-13T06:05:00+00:00,Super Rugby,sr:competition:422,Super Rugby 2026,sr:season:137092,2026,league,regular season,1,Super Rugby Pacific 2026,Highlanders,sr:competitor:4182,HIG,Crusaders,sr:competitor:4181,CRU,Forsyth Barr Stadium,Dunedin,New Zealand,"-45.869252, 170.524323","Gardner, Angus",Australia,169,2269495212,ball_recycled,2026-02-13T06:31:40+00:00,26,25:47,away,Crusaders,38,25,1,,,,,,,,,,,,,,
super_rugby_2026_highlanders_vs_crusaders_65866090.json,sr:sport_event:65866090,2026-02-13T06:05:00+00:00,Super Rugby,sr:competition:422,Super Rugby 2026,sr:season:137092,2026,league,regular season,1,Super Rugby Pacific 2026,Highlanders,sr:competitor:4182,HIG,Crusaders,sr:competitor:4181,CRU,Forsyth Barr Stadium,Dunedin,New Zealand,"-45.869252, 170.524323","Gardner, Angus",Australia,170,2269495244,scrum,2026-02-13T06:31:48+00:00,26,25:54,home,Highlanders,50,26,1,,,,,,,,,,,,,,
super_rugby_2026_highlanders_vs_crusaders_65866090.json,sr:sport_event:65866090,2026-02-13T06:05:00+00:00,Super Rugby,sr:competition:422,Super Rugby 2026,sr:season:137092,2026,league,regular season,1,Super Rugby Pacific 2026,Highlanders,sr:competitor:4182,HIG,Crusaders,sr:competitor:4181,CRU,Forsyth Barr Stadium,Dunedin,New Zealand,"-45.869252, 170.524323","Gardner, Angus",Australia,171,2269495534,scrum_reset,2026-02-13T06:32:49+00:00,27,26:55,home,Highlanders,50,26,1,,,,,,,,,,,,,,
super_rugby_2026_highlanders_vs_crusaders_65866090.json,sr:sport_event:65866090,2026-02-13T06:05:00+00:00,Super Rugby,sr:competition:422,Super Rugby 2026,sr:season:137092,2026,league,regular season,1,Super Rugby Pacific 2026,Highlanders,sr:competitor:4182,HIG,Crusaders,sr:competitor:4181,CRU,Forsyth Barr Stadium,Dunedin,New Zealand,"-45.869252, 170.524323","Gardner, Angus",Australia,172,2269495612,substitution,2026-02-13T06:33:06+00:00,28,27:04,away,Crusaders,,,1,,,,,,,,,,sr:player:1257790,"Jordan, Will",sr:player:763098,"Havili, David","[{""id"": ""sr:player:1257790"", ""name"": ""Jordan, Will"", ""type"": ""substituted_out""}, {""id"": ""sr:player:763098"", ""name"": ""Havili, David"", ""type"": ""substituted_in""}]"
super_rugby_2026_highlanders_vs_crusaders_65866090.json,sr:sport_event:65866090,2026-02-13T06:05:00+00:00,Super Rugby,sr:competition:422,Super Rugby 2026,sr:season:137092,2026,league,regular season,1,Super Rugby Pacific 2026,Highlanders,sr:competitor:4182,HIG,Crusaders,sr:competitor:4181,CRU,Forsyth Barr Stadium,Dunedin,New Zealand,"-45.869252, 170.524323","Gardner, Angus",Australia,173,2269495770,scrum_won,2026-02-13T06:33:36+00:00,28,27:13,home,Highlanders,48,28,1,,,,,,,,,,,,,,
super_rugby_2026_highlanders_vs_crusaders_65866090.json,sr:sport_event:65866090,2026-02-13T06:05:00+00:00,Super Rugby,sr:competition:422,Super Rugby 2026,sr:season:137092,2026,league,regular season,1,Super Rugby Pacific 2026,Highlanders,sr:competitor:4182,HIG,Crusaders,sr:competitor:4181,CRU,Forsyth Barr Stadium,Dunedin,New Zealand,"-45.869252, 170.524323","Gardner, Angus",Australia,174,2269495812,ball_recycled,2026-02-13T06:33:41+00:00,28,27:18,home,Highlanders,71,22,1,,,,,,,,,,,,,,
super_rugby_2026_highlanders_vs_crusaders_65866090.json,sr:sport_event:65866090,2026-02-13T06:05:00+00:00,Super Rugby,sr:competition:422,Super Rugby 2026,sr:season:137092,2026,league,regular season,1,Super Rugby Pacific 2026,Highlanders,sr:competitor:4182,HIG,Crusaders,sr:competitor:4181,CRU,Forsyth Barr Stadium,Dunedin,New Zealand,"-45.869252, 170.524323","Gardner, Angus",Australia,175,2269495826,ball_recycled,2026-02-13T06:33:46+00:00,28,27:23,home,Highlanders,64,24,1,,,,,,,,,,,,,,
super_rugby_2026_highlanders_vs_crusaders_65866090.json,sr:sport_event:65866090,2026-02-13T06:05:00+00:00,Super Rugby,sr:competition:422,Super Rugby 2026,sr:season:137092,2026,league,regular season,1,Super Rugby Pacific 2026,Highlanders,sr:competitor:4182,HIG,Crusaders,sr:competitor:4181,CRU,Forsyth Barr Stadium,Dunedin,New Zealand,"-45.869252, 170.524323","Gardner, Angus",Australia,176,2269495852,ball_recycled,2026-02-13T06:33:51+00:00,28,27:28,home,Highlanders,70,25,1,,,,,,,,,,,,,,
super_rugby_2026_highlanders_vs_crusaders_65866090.json,sr:sport_event:65866090,2026-02-13T06:05:00+00:00,Super Rugby,sr:competition:422,Super Rugby 2026,sr:season:137092,2026,league,regular season,1,Super Rugby Pacific 2026,Highlanders,sr:competitor:4182,HIG,Crusaders,sr:competitor:4181,CRU,Forsyth Barr Stadium,Dunedin,New Zealand,"-45.869252, 170.524323","Gardner, Angus",Australia,177,2269495886,ball_recycled,2026-02-13T06:34:01+00:00,28,27:38,home,Highlanders,70,33,1,,,,,,,,,,,,,,
super_rugby_2026_highlanders_vs_crusaders_65866090.json,sr:sport_event:65866090,2026-02-13T06:05:00+00:00,Super Rugby,sr:competition:422,Super Rugby 2026,sr:season:137092,2026,league,regular season,1,Super Rugby Pacific 2026,Highlanders,sr:competitor:4182,HIG,Crusaders,sr:competitor:4181,CRU,Forsyth Barr Stadium,Dunedin,New Zealand,"-45.869252, 170.524323","Gardner, Angus",Australia,178,2269495910,turnover,2026-02-13T06:34:05+00:00,28,27:42,away,Crusaders,70,31,1,,,,,,,,,,,,,,
super_rugby_2026_highlanders_vs_crusaders_65866090.json,sr:sport_event:65866090,2026-02-13T06:05:00+00:00,Super Rugby,sr:competition:422,Super Rugby 2026,sr:season:137092,2026,league,regular season,1,Super Rugby Pacific 2026,Highlanders,sr:competitor:4182,HIG,Crusaders,sr:competitor:4181,CRU,Forsyth Barr Stadium,Dunedin,New Zealand,"-45.869252, 170.524323","Gardner, Angus",Australia,179,2269495932,scrum,2026-02-13T06:34:10+00:00,28,27:47,away,Crusaders,68,33,1,,,,,,,,,,,,,,
super_rugby_2026_highlanders_vs_crusaders_65866090.json,sr:sport_event:65866090,2026-02-13T06:05:00+00:00,Super Rugby,sr:competition:422,Super Rugby 2026,sr:season:137092,2026,league,regular season,1,Super Rugby Pacific 2026,Highlanders,sr:competitor:4182,HIG,Crusaders,sr:competitor:4181,CRU,Forsyth Barr Stadium,Dunedin,New Zealand,"-45.869252, 170.524323","Gardner, Angus",Australia,180,2269496082,scrum_won,2026-02-13T06:34:48+00:00,29,28:26,away,Crusaders,68,33,1,,,,,,,,,,,,,,
super_rugby_2026_highlanders_vs_crusaders_65866090.json,sr:sport_event:65866090,2026-02-13T06:05:00+00:00,Super Rugby,sr:competition:422,Super Rugby 2026,sr:season:137092,2026,league,regular season,1,Super Rugby Pacific 2026,Highlanders,sr:competitor:4182,HIG,Crusaders,sr:competitor:4181,CRU,Forsyth Barr Stadium,Dunedin,New Zealand,"-45.869252, 170.524323","Gardner, Angus",Australia,181,2269496092,penalty_awarded,2026-02-13T06:34:49+00:00,29,28:26,away,Crusaders,68,33,1,,,,,,,,,,,,,,
super_rugby_2026_highlanders_vs_crusaders_65866090.json,sr:sport_event:65866090,2026-02-13T06:05:00+00:00,Super Rugby,sr:competition:422,Super Rugby 2026,sr:season:137092,2026,league,regular season,1,Super Rugby Pacific 2026,Highlanders,sr:competitor:4182,HIG,Crusaders,sr:competitor:4181,CRU,Forsyth Barr Stadium,Dunedin,New Zealand,"-45.869252, 170.524323","Gardner, Angus",Australia,182,2269496146,kick_to_touch,2026-02-13T06:34:59+00:00,29,28:36,away,Crusaders,68,33,1,,,,,,,,,,,,,,
super_rugby_2026_highlanders_vs_crusaders_65866090.json,sr:sport_event:65866090,2026-02-13T06:05:00+00:00,Super Rugby,sr:competition:422,Super Rugby 2026,sr:season:137092,2026,league,regular season,1,Super Rugby Pacific 2026,Highlanders,sr:competitor:4182,HIG,Crusaders,sr:competitor:4181,CRU,Forsyth Barr Stadium,Dunedin,New Zealand,"-45.869252, 170.524323","Gardner, Angus",Australia,183,2269496186,line_out,2026-02-13T06:35:12+00:00,29,28:49,away,Crusaders,22,-2,1,,,,,,,,,,,,,,
super_rugby_2026_highlanders_vs_crusaders_65866090.json,sr:sport_event:65866090,2026-02-13T06:05:00+00:00,Super Rugby,sr:competition:422,Super Rugby 2026,sr:season:137092,2026,league,regular season,1,Super Rugby Pacific 2026,Highlanders,sr:competitor:4182,HIG,Crusaders,sr:competitor:4181,CRU,Forsyth Barr Stadium,Dunedin,New Zealand,"-45.869252, 170.524323","Gardner, Angus",Australia,184,2269496362,line_out_won,2026-02-13T06:35:41+00:00,30,29:18,away,Crusaders,22,-2,1,,,,,,,,,,,,,,
super_rugby_2026_highlanders_vs_crusaders_65866090.json,sr:sport_event:65866090,2026-02-13T06:05:00+00:00,Super Rugby,sr:competition:422,Super Rugby 2026,sr:season:137092,2026,league,regular season,1,Super Rugby Pacific 2026,Highlanders,sr:competitor:4182,HIG,Crusaders,sr:competitor:4181,CRU,Forsyth Barr Stadium,Dunedin,New Zealand,"-45.869252, 170.524323","Gardner, Angus",Australia,185,2269496372,turnover,2026-02-13T06:35:43+00:00,30,29:20,home,Highlanders,23,27,1,,,,,,,,,,,,,,
super_rugby_2026_highlanders_vs_crusaders_65866090.json,sr:sport_event:65866090,2026-02-13T06:05:00+00:00,Super Rugby,sr:competition:422,Super Rugby 2026,sr:season:137092,2026,league,regular season,1,Super Rugby Pacific 2026,Highlanders,sr:competitor:4182,HIG,Crusaders,sr:competitor:4181,CRU,Forsyth Barr Stadium,Dunedin,New Zealand,"-45.869252, 170.524323","Gardner, Angus",Australia,186,2269496452,scrum,2026-02-13T06:35:57+00:00,30,29:34,home,Highlanders,22,29,1,,,,,,,,,,,,,,
super_rugby_2026_highlanders_vs_crusaders_65866090.json,sr:sport_event:65866090,2026-02-13T06:05:00+00:00,Super Rugby,sr:competition:422,Super Rugby 2026,sr:season:137092,2026,league,regular season,1,Super Rugby Pacific 2026,Highlanders,sr:competitor:4182,HIG,Crusaders,sr:competitor:4181,CRU,Forsyth Barr Stadium,Dunedin,New Zealand,"-45.869252, 170.524323","Gardner, Angus",Australia,187,2269496696,scrum_reset,2026-02-13T06:36:34+00:00,31,30:11,home,Highlanders,22,29,1,,,,,,,,,,,,,,
super_rugby_2026_highlanders_vs_crusaders_65866090.json,sr:sport_event:65866090,2026-02-13T06:05:00+00:00,Super Rugby,sr:competition:422,Super Rugby 2026,sr:season:137092,2026,league,regular season,1,Super Rugby Pacific 2026,Highlanders,sr:competitor:4182,HIG,Crusaders,sr:competitor:4181,CRU,Forsyth Barr Stadium,Dunedin,New Zealand,"-45.869252, 170.524323","Gardner, Angus",Australia,188,2269496904,scrum_won,2026-02-13T06:37:12+00:00,31,30:49,home,Highlanders,22,29,1,,,,,,,,,,,,,,
super_rugby_2026_highlanders_vs_crusaders_65866090.json,sr:sport_event:65866090,2026-02-13T06:05:00+00:00,Super Rugby,sr:competition:422,Super Rugby 2026,sr:season:137092,2026,league,regular season,1,Super Rugby Pacific 2026,Highlanders,sr:competitor:4182,HIG,Crusaders,sr:competitor:4181,CRU,Forsyth Barr Stadium,Dunedin,New Zealand,"-45.869252, 170.524323","Gardner, Angus",Australia,189,2269496930,ball_kicked,2026-02-13T06:37:15+00:00,31,30:52,home,Highlanders,21,10,1,,,,,,,,,,,,,,
super_rugby_2026_highlanders_vs_crusaders_65866090.json,sr:sport_event:65866090,2026-02-13T06:05:00+00:00,Super Rugby,sr:competition:422,Super Rugby 2026,sr:season:137092,2026,league,regular season,1,Super Rugby Pacific 2026,Highlanders,sr:competitor:4182,HIG,Crusaders,sr:competitor:4181,CRU,Forsyth Barr Stadium,Dunedin,New Zealand,"-45.869252, 170.524323","Gardner, Angus",Australia,190,2269496938,ball_recycled,2026-02-13T06:37:18+00:00,31,30:55,away,Crusaders,64,20,1,,,,,,,,,,,,,,
super_rugby_2026_highlanders_vs_crusaders_65866090.json,sr:sport_event:65866090,2026-02-13T06:05:00+00:00,Super Rugby,sr:competition:422,Super Rugby 2026,sr:season:137092,2026,league,regular season,1,Super Rugby Pacific 2026,Highlanders,sr:competitor:4182,HIG,Crusaders,sr:competitor:4181,CRU,Forsyth Barr Stadium,Dunedin,New Zealand,"-45.869252, 170.524323","Gardner, Angus",Australia,191,2269496978,ball_kicked,2026-02-13T06:37:25+00:00,32,31:02,away,Crusaders,60,35,1,,,,,,,,,,,,,,
super_rugby_2026_highlanders_vs_crusaders_65866090.json,sr:sport_event:65866090,2026-02-13T06:05:00+00:00,Super Rugby,sr:competition:422,Super Rugby 2026,sr:season:137092,2026,league,regular season,1,Super Rugby Pacific 2026,Highlanders,sr:competitor:4182,HIG,Crusaders,sr:competitor:4181,CRU,Forsyth Barr Stadium,Dunedin,New Zealand,"-45.869252, 170.524323","Gardner, Angus",Australia,192,2269497004,ball_recycled,2026-02-13T06:37:28+00:00,32,31:05,home,Highlanders,38,56,1,,,,,,,,,,,,,,
super_rugby_2026_highlanders_vs_crusaders_65866090.json,sr:sport_event:65866090,2026-02-13T06:05:00+00:00,Super Rugby,sr:competition:422,Super Rugby 2026,sr:season:137092,2026,league,regular season,1,Super Rugby Pacific 2026,Highlanders,sr:competitor:4182,HIG,Crusaders,sr:competitor:4181,CRU,Forsyth Barr Stadium,Dunedin,New Zealand,"-45.869252, 170.524323","Gardner, Angus",Australia,193,2269497024,ball_recycled,2026-02-13T06:37:36+00:00,32,31:13,home,Highlanders,38,50,1,,,,,,,,,,,,,,
super_rugby_2026_highlanders_vs_crusaders_65866090.json,sr:sport_event:65866090,2026-02-13T06:05:00+00:00,Super Rugby,sr:competition:422,Super Rugby 2026,sr:season:137092,2026,league,regular season,1,Super Rugby Pacific 2026,Highlanders,sr:competitor:4182,HIG,Crusaders,sr:competitor:4181,CRU,Forsyth Barr Stadium,Dunedin,New Zealand,"-45.869252, 170.524323","Gardner, Angus",Australia,194,2269497092,ball_kicked,2026-02-13T06:37:48+00:00,32,31:26,home,Highlanders,39,54,1,,,,,,,,,,,,,,
super_rugby_2026_highlanders_vs_crusaders_65866090.json,sr:sport_event:65866090,2026-02-13T06:05:00+00:00,Super Rugby,sr:competition:422,Super Rugby 2026,sr:season:137092,2026,league,regular season,1,Super Rugby Pacific 2026,Highlanders,sr:competitor:4182,HIG,Crusaders,sr:competitor:4181,CRU,Forsyth Barr Stadium,Dunedin,New Zealand,"-45.869252, 170.524323","Gardner, Angus",Australia,195,2269497104,ball_recycled,2026-02-13T06:37:51+00:00,32,31:28,home,Highlanders,52,66,1,,,,,,,,,,,,,,
super_rugby_2026_highlanders_vs_crusaders_65866090.json,sr:sport_event:65866090,2026-02-13T06:05:00+00:00,Super Rugby,sr:competition:422,Super Rugby 2026,sr:season:137092,2026,league,regular season,1,Super Rugby Pacific 2026,Highlanders,sr:competitor:4182,HIG,Crusaders,sr:competitor:4181,CRU,Forsyth Barr Stadium,Dunedin,New Zealand,"-45.869252, 170.524323","Gardner, Angus",Australia,196,2269497124,ball_kicked,2026-02-13T06:37:58+00:00,32,31:35,home,Highlanders,38,51,1,,,,,,,,,,,,,,
super_rugby_2026_highlanders_vs_crusaders_65866090.json,sr:sport_event:65866090,2026-02-13T06:05:00+00:00,Super Rugby,sr:competition:422,Super Rugby 2026,sr:season:137092,2026,league,regular season,1,Super Rugby Pacific 2026,Highlanders,sr:competitor:4182,HIG,Crusaders,sr:competitor:4181,CRU,Forsyth Barr Stadium,Dunedin,New Zealand,"-45.869252, 170.524323","Gardner, Angus",Australia,197,2269497130,ball_recycled,2026-02-13T06:38:00+00:00,32,31:37,away,Crusaders,76,9,1,,,,,,,,,,,,,,
super_rugby_2026_highlanders_vs_crusaders_65866090.json,sr:sport_event:65866090,2026-02-13T06:05:00+00:00,Super Rugby,sr:competition:422,Super Rugby 2026,sr:season:137092,2026,league,regular season,1,Super Rugby Pacific 2026,Highlanders,sr:competitor:4182,HIG,Crusaders,sr:competitor:4181,CRU,Forsyth Barr Stadium,Dunedin,New Zealand,"-45.869252, 170.524323","Gardner, Angus",Australia,198,2269497230,line_out,2026-02-13T06:38:19+00:00,32,31:56,away,Crusaders,92,-1,1,,,,,,,,,,,,,,
super_rugby_2026_highlanders_vs_crusaders_65866090.json,sr:sport_event:65866090,2026-02-13T06:05:00+00:00,Super Rugby,sr:competition:422,Super Rugby 2026,sr:season:137092,2026,league,regular season,1,Super Rugby Pacific 2026,Highlanders,sr:competitor:4182,HIG,Crusaders,sr:competitor:4181,CRU,Forsyth Barr Stadium,Dunedin,New Zealand,"-45.869252, 170.524323","Gardner, Angus",Australia,199,2269497292,line_out_won,2026-02-13T06:38:30+00:00,33,32:07,away,Crusaders,92,-1,1,,,,,,,,,,,,,,
super_rugby_2026_highlanders_vs_crusaders_65866090.json,sr:sport_event:65866090,2026-02-13T06:05:00+00:00,Super Rugby,sr:competition:422,Super Rugby 2026,sr:season:137092,2026,league,regular season,1,Super Rugby Pacific 2026,Highlanders,sr:competitor:4182,HIG,Crusaders,sr:competitor:4181,CRU,Forsyth Barr Stadium,Dunedin,New Zealand,"-45.869252, 170.524323","Gardner, Angus",Australia,200,2269497312,ball_recycled,2026-02-13T06:38:35+00:00,33,32:12,away,Crusaders,77,24,1,,,,,,,,,,,,,,
super_rugby_2026_highlanders_vs_crusaders_65866090.json,sr:sport_event:65866090,2026-02-13T06:05:00+00:00,Super Rugby,sr:competition:422,Super Rugby 2026,sr:season:137092,2026,league,regular season,1,Super Rugby Pacific 2026,Highlanders,sr:competitor:4182,HIG,Crusaders,sr:competitor:4181,CRU,Forsyth Barr Stadium,Dunedin,New Zealand,"-45.869252, 170.524323","Gardner, Angus",Australia,201,2269497350,ball_kicked,2026-02-13T06:38:46+00:00,33,32:23,away,Crusaders,80,28,1,,,,,,,,,,,,,,
super_rugby_2026_highlanders_vs_crusaders_65866090.json,sr:sport_event:65866090,2026-02-13T06:05:00+00:00,Super Rugby,sr:competition:422,Super Rugby 2026,sr:season:137092,2026,league,regular season,1,Super Rugby Pacific 2026,Highlanders,sr:competitor:4182,HIG,Crusaders,sr:competitor:4181,CRU,Forsyth Barr Stadium,Dunedin,New Zealand,"-45.869252, 170.524323","Gardner, Angus",Australia,202,2269497370,ball_recycled,2026-02-13T06:38:48+00:00,33,32:25,away,Crusaders,75,23,1,,,,,,,,,,,,,,
super_rugby_2026_highlanders_vs_crusaders_65866090.json,sr:sport_event:65866090,2026-02-13T06:05:00+00:00,Super Rugby,sr:competition:422,Super Rugby 2026,sr:season:137092,2026,league,regular season,1,Super Rugby Pacific 2026,Highlanders,sr:competitor:4182,HIG,Crusaders,sr:competitor:4181,CRU,Forsyth Barr Stadium,Dunedin,New Zealand,"-45.869252, 170.524323","Gardner, Angus",Australia,203,2269497414,ball_recycled,2026-02-13T06:38:53+00:00,33,32:30,away,Crusaders,60,7,1,,,,,,,,,,,,,,
super_rugby_2026_highlanders_vs_crusaders_65866090.json,sr:sport_event:65866090,2026-02-13T06:05:00+00:00,Super Rugby,sr:competition:422,Super Rugby 2026,sr:season:137092,2026,league,regular season,1,Super Rugby Pacific 2026,Highlanders,sr:competitor:4182,HIG,Crusaders,sr:competitor:4181,CRU,Forsyth Barr Stadium,Dunedin,New Zealand,"-45.869252, 170.524323","Gardner, Angus",Australia,204,2269497448,ball_kicked,2026-02-13T06:38:58+00:00,33,32:35,away,Crusaders,40,17,1,,,,,,,,,,,,,,
super_rugby_2026_highlanders_vs_crusaders_65866090.json,sr:sport_event:65866090,2026-02-13T06:05:00+00:00,Super Rugby,sr:competition:422,Super Rugby 2026,sr:season:137092,2026,league,regular season,1,Super Rugby Pacific 2026,Highlanders,sr:competitor:4182,HIG,Crusaders,sr:competitor:4181,CRU,Forsyth Barr Stadium,Dunedin,New Zealand,"-45.869252, 170.524323","Gardner, Angus",Australia,205,2269497464,line_out,2026-02-13T06:39:02+00:00,33,32:39,home,Highlanders,15,-1,1,,,,,,,,,,,,,,
super_rugby_2026_highlanders_vs_crusaders_65866090.json,sr:sport_event:65866090,2026-02-13T06:05:00+00:00,Super Rugby,sr:competition:422,Super Rugby 2026,sr:season:137092,2026,league,regular season,1,Super Rugby Pacific 2026,Highlanders,sr:competitor:4182,HIG,Crusaders,sr:competitor:4181,CRU,Forsyth Barr Stadium,Dunedin,New Zealand,"-45.869252, 170.524323","Gardner, Angus",Australia,206,2269497536,line_out_won,2026-02-13T06:39:17+00:00,33,32:54,home,Highlanders,15,-1,1,,,,,,,,,,,,,,
super_rugby_2026_highlanders_vs_crusaders_65866090.json,sr:sport_event:65866090,2026-02-13T06:05:00+00:00,Super Rugby,sr:competition:422,Super Rugby 2026,sr:season:137092,2026,league,regular season,1,Super Rugby Pacific 2026,Highlanders,sr:competitor:4182,HIG,Crusaders,sr:competitor:4181,CRU,Forsyth Barr Stadium,Dunedin,New Zealand,"-45.869252, 170.524323","Gardner, Angus",Australia,207,2269497544,ball_recycled,2026-02-13T06:39:19+00:00,33,32:56,home,Highlanders,19,20,1,,,,,,,,,,,,,,
super_rugby_2026_highlanders_vs_crusaders_65866090.json,sr:sport_event:65866090,2026-02-13T06:05:00+00:00,Super Rugby,sr:competition:422,Super Rugby 2026,sr:season:137092,2026,league,regular season,1,Super Rugby Pacific 2026,Highlanders,sr:competitor:4182,HIG,Crusaders,sr:competitor:4181,CRU,Forsyth Barr Stadium,Dunedin,New Zealand,"-45.869252, 170.524323","Gardner, Angus",Australia,208,2269497588,ball_kicked,2026-02-13T06:39:27+00:00,34,33:04,home,Highlanders,17,24,1,,,,,,,,,,,,,,
super_rugby_2026_highlanders_vs_crusaders_65866090.json,sr:sport_event:65866090,2026-02-13T06:05:00+00:00,Super Rugby,sr:competition:422,Super Rugby 2026,sr:season:137092,2026,league,regular season,1,Super Rugby Pacific 2026,Highlanders,sr:competitor:4182,HIG,Crusaders,sr:competitor:4181,CRU,Forsyth Barr Stadium,Dunedin,New Zealand,"-45.869252, 170.524323","Gardner, Angus",Australia,209,2269497606,line_out,2026-02-13T06:39:31+00:00,34,33:08,away,Crusaders,31,-1,1,,,,,,,,,,,,,,
super_rugby_2026_highlanders_vs_crusaders_65866090.json,sr:sport_event:65866090,2026-02-13T06:05:00+00:00,Super Rugby,sr:competition:422,Super Rugby 2026,sr:season:137092,2026,league,regular season,1,Super Rugby Pacific 2026,Highlanders,sr:competitor:4182,HIG,Crusaders,sr:competitor:4181,CRU,Forsyth Barr Stadium,Dunedin,New Zealand,"-45.869252, 170.524323","Gardner, Angus",Australia,210,2269497676,line_out_won,2026-02-13T06:39:51+00:00,34,33:28,away,Crusaders,31,-1,1,,,,,,,,,,,,,,
super_rugby_2026_highlanders_vs_crusaders_65866090.json,sr:sport_event:65866090,2026-02-13T06:05:00+00:00,Super Rugby,sr:competition:422,Super Rugby 2026,sr:season:137092,2026,league,regular season,1,Super Rugby Pacific 2026,Highlanders,sr:competitor:4182,HIG,Crusaders,sr:competitor:4181,CRU,Forsyth Barr Stadium,Dunedin,New Zealand,"-45.869252, 170.524323","Gardner, Angus",Australia,211,2269497704,ball_recycled,2026-02-13T06:39:56+00:00,34,33:33,away,Crusaders,39,40,1,,,,,,,,,,,,,,
super_rugby_2026_highlanders_vs_crusaders_65866090.json,sr:sport_event:65866090,2026-02-13T06:05:00+00:00,Super Rugby,sr:competition:422,Super Rugby 2026,sr:season:137092,2026,league,regular season,1,Super Rugby Pacific 2026,Highlanders,sr:competitor:4182,HIG,Crusaders,sr:competitor:4181,CRU,Forsyth Barr Stadium,Dunedin,New Zealand,"-45.869252, 170.524323","Gardner, Angus",Australia,212,2269497724,ball_recycled,2026-02-13T06:40:00+00:00,34,33:37,away,Crusaders,31,63,1,,,,,,,,,,,,,,
super_rugby_2026_highlanders_vs_crusaders_65866090.json,sr:sport_event:65866090,2026-02-13T06:05:00+00:00,Super Rugby,sr:competition:422,Super Rugby 2026,sr:season:137092,2026,league,regular season,1,Super Rugby Pacific 2026,Highlanders,sr:competitor:4182,HIG,Crusaders,sr:competitor:4181,CRU,Forsyth Barr Stadium,Dunedin,New Zealand,"-45.869252, 170.524323","Gardner, Angus",Australia,213,2269497780,penalty_awarded,2026-02-13T06:40:15+00:00,34,33:52,away,Crusaders,33,62,1,,,,,,,,,,,,,,
super_rugby_2026_highlanders_vs_crusaders_65866090.json,sr:sport_event:65866090,2026-02-13T06:05:00+00:00,Super Rugby,sr:competition:422,Super Rugby 2026,sr:season:137092,2026,league,regular season,1,Super Rugby Pacific 2026,Highlanders,sr:competitor:4182,HIG,Crusaders,sr:competitor:4181,CRU,Forsyth Barr Stadium,Dunedin,New Zealand,"-45.869252, 170.524323","Gardner, Angus",Australia,214,2269497828,kick_to_touch,2026-02-13T06:40:27+00:00,35,34:04,away,Crusaders,33,62,1,,,,,,,,,,,,,,
super_rugby_2026_highlanders_vs_crusaders_65866090.json,sr:sport_event:65866090,2026-02-13T06:05:00+00:00,Super Rugby,sr:competition:422,Super Rugby 2026,sr:season:137092,2026,league,regular season,1,Super Rugby Pacific 2026,Highlanders,sr:competitor:4182,HIG,Crusaders,sr:competitor:4181,CRU,Forsyth Barr Stadium,Dunedin,New Zealand,"-45.869252, 170.524323","Gardner, Angus",Australia,215,2269497852,line_out,2026-02-13T06:40:33+00:00,35,34:10,away,Crusaders,17,72,1,,,,,,,,,,,,,,
super_rugby_2026_highlanders_vs_crusaders_65866090.json,sr:sport_event:65866090,2026-02-13T06:05:00+00:00,Super Rugby,sr:competition:422,Super Rugby 2026,sr:season:137092,2026,league,regular season,1,Super Rugby Pacific 2026,Highlanders,sr:competitor:4182,HIG,Crusaders,sr:competitor:4181,CRU,Forsyth Barr Stadium,Dunedin,New Zealand,"-45.869252, 170.524323","Gardner, Angus",Australia,216,2269497928,line_out_won,2026-02-13T06:40:51+00:00,35,34:28,away,Crusaders,17,72,1,,,,,,,,,,,,,,
super_rugby_2026_highlanders_vs_crusaders_65866090.json,sr:sport_event:65866090,2026-02-13T06:05:00+00:00,Super Rugby,sr:competition:422,Super Rugby 2026,sr:season:137092,2026,league,regular season,1,Super Rugby Pacific 2026,Highlanders,sr:competitor:4182,HIG,Crusaders,sr:competitor:4181,CRU,Forsyth Barr Stadium,Dunedin,New Zealand,"-45.869252, 170.524323","Gardner, Angus",Australia,217,2269497982,turnover,2026-02-13T06:41:03+00:00,35,34:40,home,Highlanders,15,65,1,,,,,,,,,,,,,,
super_rugby_2026_highlanders_vs_crusaders_65866090.json,sr:sport_event:65866090,2026-02-13T06:05:00+00:00,Super Rugby,sr:competition:422,Super Rugby 2026,sr:season:137092,2026,league,regular season,1,Super Rugby Pacific 2026,Highlanders,sr:competitor:4182,HIG,Crusaders,sr:competitor:4181,CRU,Forsyth Barr Stadium,Dunedin,New Zealand,"-45.869252, 170.524323","Gardner, Angus",Australia,218,2269497998,scrum,2026-02-13T06:41:07+00:00,35,34:44,home,Highlanders,17,65,1,,,,,,,,,,,,,,
super_rugby_2026_highlanders_vs_crusaders_65866090.json,sr:sport_event:65866090,2026-02-13T06:05:00+00:00,Super Rugby,sr:competition:422,Super Rugby 2026,sr:season:137092,2026,league,regular season,1,Super Rugby Pacific 2026,Highlanders,sr:competitor:4182,HIG,Crusaders,sr:competitor:4181,CRU,Forsyth Barr Stadium,Dunedin,New Zealand,"-45.869252, 170.524323","Gardner, Angus",Australia,219,2269498200,scrum_won,2026-02-13T06:41:54+00:00,36,35:31,home,Highlanders,17,65,1,,,,,,,,,,,,,,
super_rugby_2026_highlanders_vs_crusaders_65866090.json,sr:sport_event:65866090,2026-02-13T06:05:00+00:00,Super Rugby,sr:competition:422,Super Rugby 2026,sr:season:137092,2026,league,regular season,1,Super Rugby Pacific 2026,Highlanders,sr:competitor:4182,HIG,Crusaders,sr:competitor:4181,CRU,Forsyth Barr Stadium,Dunedin,New Zealand,"-45.869252, 170.524323","Gardner, Angus",Australia,220,2269498240,ball_recycled,2026-02-13T06:42:01+00:00,36,35:38,home,Highlanders,18,58,1,,,,,,,,,,,,,,
super_rugby_2026_highlanders_vs_crusaders_65866090.json,sr:sport_event:65866090,2026-02-13T06:05:00+00:00,Super Rugby,sr:competition:422,Super Rugby 2026,sr:season:137092,2026,league,regular season,1,Super Rugby Pacific 2026,Highlanders,sr:competitor:4182,HIG,Crusaders,sr:competitor:4181,CRU,Forsyth Barr Stadium,Dunedin,New Zealand,"-45.869252, 170.524323","Gardner, Angus",Australia,221,2269498278,ball_kicked,2026-02-13T06:42:09+00:00,36,35:46,home,Highlanders,17,57,1,,,,,,,,,,,,,,
super_rugby_2026_highlanders_vs_crusaders_65866090.json,sr:sport_event:65866090,2026-02-13T06:05:00+00:00,Super Rugby,sr:competition:422,Super Rugby 2026,sr:season:137092,2026,league,regular season,1,Super Rugby Pacific 2026,Highlanders,sr:competitor:4182,HIG,Crusaders,sr:competitor:4181,CRU,Forsyth Barr Stadium,Dunedin,New Zealand,"-45.869252, 170.524323","Gardner, Angus",Australia,222,2269498284,ball_recycled,2026-02-13T06:42:11+00:00,36,35:48,away,Crusaders,51,65,1,,,,,,,,,,,,,,
super_rugby_2026_highlanders_vs_crusaders_65866090.json,sr:sport_event:65866090,2026-02-13T06:05:00+00:00,Super Rugby,sr:competition:422,Super Rugby 2026,sr:season:137092,2026,league,regular season,1,Super Rugby Pacific 2026,Highlanders,sr:competitor:4182,HIG,Crusaders,sr:competitor:4181,CRU,Forsyth Barr Stadium,Dunedin,New Zealand,"-45.869252, 170.524323","Gardner, Angus",Australia,223,2269498300,ball_recycled,2026-02-13T06:42:13+00:00,36,35:50,away,Crusaders,52,46,1,,,,,,,,,,,,,,
super_rugby_2026_highlanders_vs_crusaders_65866090.json,sr:sport_event:65866090,2026-02-13T06:05:00+00:00,Super Rugby,sr:competition:422,Super Rugby 2026,sr:season:137092,2026,league,regular season,1,Super Rugby Pacific 2026,Highlanders,sr:competitor:4182,HIG,Crusaders,sr:competitor:4181,CRU,Forsyth Barr Stadium,Dunedin,New Zealand,"-45.869252, 170.524323","Gardner, Angus",Australia,224,2269498342,ball_recycled,2026-02-13T06:42:20+00:00,36,35:57,away,Crusaders,47,60,1,,,,,,,,,,,,,,
super_rugby_2026_highlanders_vs_crusaders_65866090.json,sr:sport_event:65866090,2026-02-13T06:05:00+00:00,Super Rugby,sr:competition:422,Super Rugby 2026,sr:season:137092,2026,league,regular season,1,Super Rugby Pacific 2026,Highlanders,sr:competitor:4182,HIG,Crusaders,sr:competitor:4181,CRU,Forsyth Barr Stadium,Dunedin,New Zealand,"-45.869252, 170.524323","Gardner, Angus",Australia,225,2269498352,turnover,2026-02-13T06:42:25+00:00,37,36:02,home,Highlanders,47,60,1,,,,,,,,,,,,,,
super_rugby_2026_highlanders_vs_crusaders_65866090.json,sr:sport_event:65866090,2026-02-13T06:05:00+00:00,Super Rugby,sr:competition:422,Super Rugby 2026,sr:season:137092,2026,league,regular season,1,Super Rugby Pacific 2026,Highlanders,sr:competitor:4182,HIG,Crusaders,sr:competitor:4181,CRU,Forsyth Barr Stadium,Dunedin,New Zealand,"-45.869252, 170.524323","Gardner, Angus",Australia,226,2269498354,ball_recycled,2026-02-13T06:42:27+00:00,37,36:04,home,Highlanders,34,41,1,,,,,,,,,,,,,,
super_rugby_2026_highlanders_vs_crusaders_65866090.json,sr:sport_event:65866090,2026-02-13T06:05:00+00:00,Super Rugby,sr:competition:422,Super Rugby 2026,sr:season:137092,2026,league,regular season,1,Super Rugby Pacific 2026,Highlanders,sr:competitor:4182,HIG,Crusaders,sr:competitor:4181,CRU,Forsyth Barr Stadium,Dunedin,New Zealand,"-45.869252, 170.524323","Gardner, Angus",Australia,227,2269498378,ball_recycled,2026-02-13T06:42:30+00:00,37,36:07,home,Highlanders,35,26,1,,,,,,,,,,,,,,
super_rugby_2026_highlanders_vs_crusaders_65866090.json,sr:sport_event:65866090,2026-02-13T06:05:00+00:00,Super Rugby,sr:competition:422,Super Rugby 2026,sr:season:137092,2026,league,regular season,1,Super Rugby Pacific 2026,Highlanders,sr:competitor:4182,HIG,Crusaders,sr:competitor:4181,CRU,Forsyth Barr Stadium,Dunedin,New Zealand,"-45.869252, 170.524323","Gardner, Angus",Australia,228,2269498406,ball_recycled,2026-02-13T06:42:34+00:00,37,36:11,home,Highlanders,39,23,1,,,,,,,,,,,,,,
super_rugby_2026_highlanders_vs_crusaders_65866090.json,sr:sport_event:65866090,2026-02-13T06:05:00+00:00,Super Rugby,sr:competition:422,Super Rugby 2026,sr:season:137092,2026,league,regular season,1,Super Rugby Pacific 2026,Highlanders,sr:competitor:4182,HIG,Crusaders,sr:competitor:4181,CRU,Forsyth Barr Stadium,Dunedin,New Zealand,"-45.869252, 170.524323","Gardner, Angus",Australia,229,2269498426,ball_recycled,2026-02-13T06:42:40+00:00,37,36:17,home,Highlanders,46,8,1,,,,,,,,,,,,,,
super_rugby_2026_highlanders_vs_crusaders_65866090.json,sr:sport_event:65866090,2026-02-13T06:05:00+00:00,Super Rugby,sr:competition:422,Super Rugby 2026,sr:season:137092,2026,league,regular season,1,Super Rugby Pacific 2026,Highlanders,sr:competitor:4182,HIG,Crusaders,sr:competitor:4181,CRU,Forsyth Barr Stadium,Dunedin,New Zealand,"-45.869252, 170.524323","Gardner, Angus",Australia,230,2269498472,ball_recycled,2026-02-13T06:42:44+00:00,37,36:21,home,Highlanders,42,24,1,,,,,,,,,,,,,,
super_rugby_2026_highlanders_vs_crusaders_65866090.json,sr:sport_event:65866090,2026-02-13T06:05:00+00:00,Super Rugby,sr:competition:422,Super Rugby 2026,sr:season:137092,2026,league,regular season,1,Super Rugby Pacific 2026,Highlanders,sr:competitor:4182,HIG,Crusaders,sr:competitor:4181,CRU,Forsyth Barr Stadium,Dunedin,New Zealand,"-45.869252, 170.524323","Gardner, Angus",Australia,231,2269498548,penalty_awarded,2026-02-13T06:42:55+00:00,37,36:32,home,Highlanders,42,24,1,,,,,,,,,,,,,,
super_rugby_2026_highlanders_vs_crusaders_65866090.json,sr:sport_event:65866090,2026-02-13T06:05:00+00:00,Super Rugby,sr:competition:422,Super Rugby 2026,sr:season:137092,2026,league,regular season,1,Super Rugby Pacific 2026,Highlanders,sr:competitor:4182,HIG,Crusaders,sr:competitor:4181,CRU,Forsyth Barr Stadium,Dunedin,New Zealand,"-45.869252, 170.524323","Gardner, Angus",Australia,232,2269498634,kick_to_touch,2026-02-13T06:43:05+00:00,37,36:42,home,Highlanders,42,24,1,,,,,,,,,,,,,,
super_rugby_2026_highlanders_vs_crusaders_65866090.json,sr:sport_event:65866090,2026-02-13T06:05:00+00:00,Super Rugby,sr:competition:422,Super Rugby 2026,sr:season:137092,2026,league,regular season,1,Super Rugby Pacific 2026,Highlanders,sr:competitor:4182,HIG,Crusaders,sr:competitor:4181,CRU,Forsyth Barr Stadium,Dunedin,New Zealand,"-45.869252, 170.524323","Gardner, Angus",Australia,233,2269498734,line_out,2026-02-13T06:43:21+00:00,37,36:58,home,Highlanders,70,-2,1,,,,,,,,,,,,,,
super_rugby_2026_highlanders_vs_crusaders_65866090.json,sr:sport_event:65866090,2026-02-13T06:05:00+00:00,Super Rugby,sr:competition:422,Super Rugby 2026,sr:season:137092,2026,league,regular season,1,Super Rugby Pacific 2026,Highlanders,sr:competitor:4182,HIG,Crusaders,sr:competitor:4181,CRU,Forsyth Barr Stadium,Dunedin,New Zealand,"-45.869252, 170.524323","Gardner, Angus",Australia,234,2269498820,line_out_won,2026-02-13T06:43:34+00:00,38,37:11,home,Highlanders,70,-2,1,,,,,,,,,,,,,,
super_rugby_2026_highlanders_vs_crusaders_65866090.json,sr:sport_event:65866090,2026-02-13T06:05:00+00:00,Super Rugby,sr:competition:422,Super Rugby 2026,sr:season:137092,2026,league,regular season,1,Super Rugby Pacific 2026,Highlanders,sr:competitor:4182,HIG,Crusaders,sr:competitor:4181,CRU,Forsyth Barr Stadium,Dunedin,New Zealand,"-45.869252, 170.524323","Gardner, Angus",Australia,235,2269498916,ball_kicked,2026-02-13T06:43:52+00:00,38,37:29,away,Crusaders,66,18,1,,,,,,,,,,,,,,
super_rugby_2026_highlanders_vs_crusaders_65866090.json,sr:sport_event:65866090,2026-02-13T06:05:00+00:00,Super Rugby,sr:competition:422,Super Rugby 2026,sr:season:137092,2026,league,regular season,1,Super Rugby Pacific 2026,Highlanders,sr:competitor:4182,HIG,Crusaders,sr:competitor:4181,CRU,Forsyth Barr Stadium,Dunedin,New Zealand,"-45.869252, 170.524323","Gardner, Angus",Australia,236,2269498944,ball_kicked,2026-02-13T06:43:57+00:00,38,37:34,away,Crusaders,39,21,1,,,,,,,,,,,,,,
super_rugby_2026_highlanders_vs_crusaders_65866090.json,sr:sport_event:65866090,2026-02-13T06:05:00+00:00,Super Rugby,sr:competition:422,Super Rugby 2026,sr:season:137092,2026,league,regular season,1,Super Rugby Pacific 2026,Highlanders,sr:competitor:4182,HIG,Crusaders,sr:competitor:4181,CRU,Forsyth Barr Stadium,Dunedin,New Zealand,"-45.869252, 170.524323","Gardner, Angus",Australia,237,2269498954,ball_recycled,2026-02-13T06:44:00+00:00,38,37:37,home,Highlanders,34,15,1,,,,,,,,,,,,,,
super_rugby_2026_highlanders_vs_crusaders_65866090.json,sr:sport_event:65866090,2026-02-13T06:05:00+00:00,Super Rugby,sr:competition:422,Super Rugby 2026,sr:season:137092,2026,league,regular season,1,Super Rugby Pacific 2026,Highlanders,sr:competitor:4182,HIG,Crusaders,sr:competitor:4181,CRU,Forsyth Barr Stadium,Dunedin,New Zealand,"-45.869252, 170.524323","Gardner, Angus",Australia,238,2269498972,ball_recycled,2026-02-13T06:44:06+00:00,38,37:43,home,Highlanders,35,23,1,,,,,,,,,,,,,,
super_rugby_2026_highlanders_vs_crusaders_65866090.json,sr:sport_event:65866090,2026-02-13T06:05:00+00:00,Super Rugby,sr:competition:422,Super Rugby 2026,sr:season:137092,2026,league,regular season,1,Super Rugby Pacific 2026,Highlanders,sr:competitor:4182,HIG,Crusaders,sr:competitor:4181,CRU,Forsyth Barr Stadium,Dunedin,New Zealand,"-45.869252, 170.524323","Gardner, Angus",Australia,239,2269499034,ball_kicked,2026-02-13T06:44:18+00:00,38,37:55,home,Highlanders,35,23,1,,,,,,,,,,,,,,
super_rugby_2026_highlanders_vs_crusaders_65866090.json,sr:sport_event:65866090,2026-02-13T06:05:00+00:00,Super Rugby,sr:competition:422,Super Rugby 2026,sr:season:137092,2026,league,regular season,1,Super Rugby Pacific 2026,Highlanders,sr:competitor:4182,HIG,Crusaders,sr:competitor:4181,CRU,Forsyth Barr Stadium,Dunedin,New Zealand,"-45.869252, 170.524323","Gardner, Angus",Australia,240,2269499042,ball_recycled,2026-02-13T06:44:20+00:00,38,37:57,away,Crusaders,50,16,1,,,,,,,,,,,,,,
super_rugby_2026_highlanders_vs_crusaders_65866090.json,sr:sport_event:65866090,2026-02-13T06:05:00+00:00,Super Rugby,sr:competition:422,Super Rugby 2026,sr:season:137092,2026,league,regular season,1,Super Rugby Pacific 2026,Highlanders,sr:competitor:4182,HIG,Crusaders,sr:competitor:4181,CRU,Forsyth Barr Stadium,Dunedin,New Zealand,"-45.869252, 170.524323","Gardner, Angus",Australia,241,2269499072,ball_recycled,2026-02-13T06:44:27+00:00,39,38:04,away,Crusaders,48,29,1,,,,,,,,,,,,,,
super_rugby_2026_highlanders_vs_crusaders_65866090.json,sr:sport_event:65866090,2026-02-13T06:05:00+00:00,Super Rugby,sr:competition:422,Super Rugby 2026,sr:season:137092,2026,league,regular season,1,Super Rugby Pacific 2026,Highlanders,sr:competitor:4182,HIG,Crusaders,sr:competitor:4181,CRU,Forsyth Barr Stadium,Dunedin,New Zealand,"-45.869252, 170.524323","Gardner, Angus",Australia,242,2269499102,ball_recycled,2026-02-13T06:44:35+00:00,39,38:12,away,Crusaders,52,64,1,,,,,,,,,,,,,,
super_rugby_2026_highlanders_vs_crusaders_65866090.json,sr:sport_event:65866090,2026-02-13T06:05:00+00:00,Super Rugby,sr:competition:422,Super Rugby 2026,sr:season:137092,2026,league,regular season,1,Super Rugby Pacific 2026,Highlanders,sr:competitor:4182,HIG,Crusaders,sr:competitor:4181,CRU,Forsyth Barr Stadium,Dunedin,New Zealand,"-45.869252, 170.524323","Gardner, Angus",Australia,243,2269499112,ball_recycled,2026-02-13T06:44:38+00:00,39,38:15,away,Crusaders,48,63,1,,,,,,,,,,,,,,
super_rugby_2026_highlanders_vs_crusaders_65866090.json,sr:sport_event:65866090,2026-02-13T06:05:00+00:00,Super Rugby,sr:competition:422,Super Rugby 2026,sr:season:137092,2026,league,regular season,1,Super Rugby Pacific 2026,Highlanders,sr:competitor:4182,HIG,Crusaders,sr:competitor:4181,CRU,Forsyth Barr Stadium,Dunedin,New Zealand,"-45.869252, 170.524323","Gardner, Angus",Australia,244,2269499134,ball_recycled,2026-02-13T06:44:43+00:00,39,38:20,away,Crusaders,56,55,1,,,,,,,,,,,,,,
super_rugby_2026_highlanders_vs_crusaders_65866090.json,sr:sport_event:65866090,2026-02-13T06:05:00+00:00,Super Rugby,sr:competition:422,Super Rugby 2026,sr:season:137092,2026,league,regular season,1,Super Rugby Pacific 2026,Highlanders,sr:competitor:4182,HIG,Crusaders,sr:competitor:4181,CRU,Forsyth Barr Stadium,Dunedin,New Zealand,"-45.869252, 170.524323","Gardner, Angus",Australia,245,2269499142,ball_recycled,2026-02-13T06:44:47+00:00,39,38:24,away,Crusaders,54,57,1,,,,,,,,,,,,,,
super_rugby_2026_highlanders_vs_crusaders_65866090.json,sr:sport_event:65866090,2026-02-13T06:05:00+00:00,Super Rugby,sr:competition:422,Super Rugby 2026,sr:season:137092,2026,league,regular season,1,Super Rugby Pacific 2026,Highlanders,sr:competitor:4182,HIG,Crusaders,sr:competitor:4181,CRU,Forsyth Barr Stadium,Dunedin,New Zealand,"-45.869252, 170.524323","Gardner, Angus",Australia,246,2269499234,ball_kicked,2026-02-13T06:44:58+00:00,39,38:35,away,Crusaders,56,58,1,,,,,,,,,,,,,,
super_rugby_2026_highlanders_vs_crusaders_65866090.json,sr:sport_event:65866090,2026-02-13T06:05:00+00:00,Super Rugby,sr:competition:422,Super Rugby 2026,sr:season:137092,2026,league,regular season,1,Super Rugby Pacific 2026,Highlanders,sr:competitor:4182,HIG,Crusaders,sr:competitor:4181,CRU,Forsyth Barr Stadium,Dunedin,New Zealand,"-45.869252, 170.524323","Gardner, Angus",Australia,247,2269499238,ball_recycled,2026-02-13T06:45:01+00:00,39,38:38,home,Highlanders,31,65,1,,,,,,,,,,,,,,
super_rugby_2026_highlanders_vs_crusaders_65866090.json,sr:sport_event:65866090,2026-02-13T06:05:00+00:00,Super Rugby,sr:competition:422,Super Rugby 2026,sr:season:137092,2026,league,regular season,1,Super Rugby Pacific 2026,Highlanders,sr:competitor:4182,HIG,Crusaders,sr:competitor:4181,CRU,Forsyth Barr Stadium,Dunedin,New Zealand,"-45.869252, 170.524323","Gardner, Angus",Australia,248,2269499272,line_out,2026-02-13T06:45:04+00:00,39,38:41,away,Crusaders,35,72,1,,,,,,,,,,,,,,
super_rugby_2026_highlanders_vs_crusaders_65866090.json,sr:sport_event:65866090,2026-02-13T06:05:00+00:00,Super Rugby,sr:competition:422,Super Rugby 2026,sr:season:137092,2026,league,regular season,1,Super Rugby Pacific 2026,Highlanders,sr:competitor:4182,HIG,Crusaders,sr:competitor:4181,CRU,Forsyth Barr Stadium,Dunedin,New Zealand,"-45.869252, 170.524323","Gardner, Angus",Australia,249,2269499438,line_out_won,2026-02-13T06:45:23+00:00,39,39:00,away,Crusaders,35,72,1,,,,,,,,,,,,,,
super_rugby_2026_highlanders_vs_crusaders_65866090.json,sr:sport_event:65866090,2026-02-13T06:05:00+00:00,Super Rugby,sr:competition:422,Super Rugby 2026,sr:season:137092,2026,league,regular season,1,Super Rugby Pacific 2026,Highlanders,sr:competitor:4182,HIG,Crusaders,sr:competitor:4181,CRU,Forsyth Barr Stadium,Dunedin,New Zealand,"-45.869252, 170.524323","Gardner, Angus",Australia,250,2269499480,ball_recycled,2026-02-13T06:45:29+00:00,40,39:06,away,Crusaders,38,47,1,,,,,,,,,,,,,,
super_rugby_2026_highlanders_vs_crusaders_65866090.json,sr:sport_event:65866090,2026-02-13T06:05:00+00:00,Super Rugby,sr:competition:422,Super Rugby 2026,sr:season:137092,2026,league,regular season,1,Super Rugby Pacific 2026,Highlanders,sr:competitor:4182,HIG,Crusaders,sr:competitor:4181,CRU,Forsyth Barr Stadium,Dunedin,New Zealand,"-45.869252, 170.524323","Gardner, Angus",Australia,251,2269499574,penalty_awarded,2026-02-13T06:45:43+00:00,40,39:20,away,Crusaders,37,48,1,,,,,,,,,,,,,,
super_rugby_2026_highlanders_vs_crusaders_65866090.json,sr:sport_event:65866090,2026-02-13T06:05:00+00:00,Super Rugby,sr:competition:422,Super Rugby 2026,sr:season:137092,2026,league,regular season,1,Super Rugby Pacific 2026,Highlanders,sr:competitor:4182,HIG,Crusaders,sr:competitor:4181,CRU,Forsyth Barr Stadium,Dunedin,New Zealand,"-45.869252, 170.524323","Gardner, Angus",Australia,252,2269504260,substitution,2026-02-13T07:00:56+00:00,40,40:00,home,Highlanders,,,1,,,,,,,,,,sr:player:2355719,"Bartlett, Josh",sr:player:1984169,"de Groot, Ethan","[{""id"": ""sr:player:2355719"", ""name"": ""Bartlett, Josh"", ""type"": ""substituted_out""}, {""id"": ""sr:player:1984169"", ""name"": ""de Groot, Ethan"", ""type"": ""substituted_in""}]"
super_rugby_2026_highlanders_vs_crusaders_65866090.json,sr:sport_event:65866090,2026-02-13T06:05:00+00:00,Super Rugby,sr:competition:422,Super Rugby 2026,sr:season:137092,2026,league,regular season,1,Super Rugby Pacific 2026,Highlanders,sr:competitor:4182,HIG,Crusaders,sr:competitor:4181,CRU,Forsyth Barr Stadium,Dunedin,New Zealand,"-45.869252, 170.524323","Gardner, Angus",Australia,253,2269504346,substitution,2026-02-13T07:01:05+00:00,40,40:00,home,Highlanders,,,1,,,,,,,,,,sr:player:2781337,"Wingham, Rohan",sr:player:497458,"Ta'avao, Angus","[{""id"": ""sr:player:2781337"", ""name"": ""Wingham, Rohan"", ""type"": ""substituted_out""}, {""id"": ""sr:player:497458"", ""name"": ""Ta'avao, Angus"", ""type"": ""substituted_in""}]"
super_rugby_2026_highlanders_vs_crusaders_65866090.json,sr:sport_event:65866090,2026-02-13T06:05:00+00:00,Super Rugby,sr:competition:422,Super Rugby 2026,sr:season:137092,2026,league,regular season,1,Super Rugby Pacific 2026,Highlanders,sr:competitor:4182,HIG,Crusaders,sr:competitor:4181,CRU,Forsyth Barr Stadium,Dunedin,New Zealand,"-45.869252, 170.524323","Gardner, Angus",Australia,254,2269499866,score_change,2026-02-13T06:46:43+00:00,40,40:00,away,Crusaders,37,48,1,,,8,10,penalty,,,sr:player:2286173,"Reihana, Rivez",,,,,"[{""id"": ""sr:player:2286173"", ""name"": ""Reihana, Rivez"", ""type"": ""scorer""}]"
super_rugby_2026_highlanders_vs_crusaders_65866090.json,sr:sport_event:65866090,2026-02-13T06:05:00+00:00,Super Rugby,sr:competition:422,Super Rugby 2026,sr:season:137092,2026,league,regular season,1,Super Rugby Pacific 2026,Highlanders,sr:competitor:4182,HIG,Crusaders,sr:competitor:4181,CRU,Forsyth Barr Stadium,Dunedin,New Zealand,"-45.869252, 170.524323","Gardner, Angus",Australia,255,2269499908,period_score,2026-02-13T06:46:49+00:00,,,,,,,1,,,8,10,,,,,,,,,,
super_rugby_2026_highlanders_vs_crusaders_65866090.json,sr:sport_event:65866090,2026-02-13T06:05:00+00:00,Super Rugby,sr:competition:422,Super Rugby 2026,sr:season:137092,2026,league,regular season,1,Super Rugby Pacific 2026,Highlanders,sr:competitor:4182,HIG,Crusaders,sr:competitor:4181,CRU,Forsyth Barr Stadium,Dunedin,New Zealand,"-45.869252, 170.524323","Gardner, Angus",Australia,256,2269499910,break_start,2026-02-13T06:46:49+00:00,,,,,,,,,pause,,,,,,,,,,,,
super_rugby_2026_highlanders_vs_crusaders_65866090.json,sr:sport_event:65866090,2026-02-13T06:05:00+00:00,Super Rugby,sr:competition:422,Super Rugby 2026,sr:season:137092,2026,league,regular season,1,Super Rugby Pacific 2026,Highlanders,sr:competitor:4182,HIG,Crusaders,sr:competitor:4181,CRU,Forsyth Barr Stadium,Dunedin,New Zealand,"-45.869252, 170.524323","Gardner, Angus",Australia,257,2269504558,period_start,2026-02-13T07:01:46+00:00,,,,,,,2,2nd_half,,,,,,,,,,,,,
super_rugby_2026_highlanders_vs_crusaders_65866090.json,sr:sport_event:65866090,2026-02-13T06:05:00+00:00,Super Rugby,sr:competition:422,Super Rugby 2026,sr:season:137092,2026,league,regular season,1,Super Rugby Pacific 2026,Highlanders,sr:competitor:4182,HIG,Crusaders,sr:competitor:4181,CRU,Forsyth Barr Stadium,Dunedin,New Zealand,"-45.869252, 170.524323","Gardner, Angus",Australia,258,2269504580,ball_kicked,2026-02-13T07:01:50+00:00,41,40:04,away,Crusaders,56,32,2,,,,,,,,,,,,,,
super_rugby_2026_highlanders_vs_crusaders_65866090.json,sr:sport_event:65866090,2026-02-13T06:05:00+00:00,Super Rugby,sr:competition:422,Super Rugby 2026,sr:season:137092,2026,league,regular season,1,Super Rugby Pacific 2026,Highlanders,sr:competitor:4182,HIG,Crusaders,sr:competitor:4181,CRU,Forsyth Barr Stadium,Dunedin,New Zealand,"-45.869252, 170.524323","Gardner, Angus",Australia,259,2269504590,ball_recycled,2026-02-13T07:01:53+00:00,41,40:07,home,Highlanders,42,8,2,,,,,,,,,,,,,,
super_rugby_2026_highlanders_vs_crusaders_65866090.json,sr:sport_event:65866090,2026-02-13T06:05:00+00:00,Super Rugby,sr:competition:422,Super Rugby 2026,sr:season:137092,2026,league,regular season,1,Super Rugby Pacific 2026,Highlanders,sr:competitor:4182,HIG,Crusaders,sr:competitor:4181,CRU,Forsyth Barr Stadium,Dunedin,New Zealand,"-45.869252, 170.524323","Gardner, Angus",Australia,260,2269504636,ball_recycled,2026-02-13T07:02:01+00:00,41,40:15,home,Highlanders,40,16,2,,,,,,,,,,,,,,
super_rugby_2026_highlanders_vs_crusaders_65866090.json,sr:sport_event:65866090,2026-02-13T06:05:00+00:00,Super Rugby,sr:competition:422,Super Rugby 2026,sr:season:137092,2026,league,regular season,1,Super Rugby Pacific 2026,Highlanders,sr:competitor:4182,HIG,Crusaders,sr:competitor:4181,CRU,Forsyth Barr Stadium,Dunedin,New Zealand,"-45.869252, 170.524323","Gardner, Angus",Australia,261,2269504674,penalty_awarded,2026-02-13T07:02:09+00:00,41,40:22,away,Crusaders,40,15,2,,,,,,,,,,,,,,
super_rugby_2026_highlanders_vs_crusaders_65866090.json,sr:sport_event:65866090,2026-02-13T06:05:00+00:00,Super Rugby,sr:competition:422,Super Rugby 2026,sr:season:137092,2026,league,regular season,1,Super Rugby Pacific 2026,Highlanders,sr:competitor:4182,HIG,Crusaders,sr:competitor:4181,CRU,Forsyth Barr Stadium,Dunedin,New Zealand,"-45.869252, 170.524323","Gardner, Angus",Australia,262,2269505230,score_change,2026-02-13T07:03:41+00:00,42,41:55,away,Crusaders,40,12,2,,,8,13,penalty,,,sr:player:2286173,"Reihana, Rivez",,,,,"[{""id"": ""sr:player:2286173"", ""name"": ""Reihana, Rivez"", ""type"": ""scorer""}]"
super_rugby_2026_highlanders_vs_crusaders_65866090.json,sr:sport_event:65866090,2026-02-13T06:05:00+00:00,Super Rugby,sr:competition:422,Super Rugby 2026,sr:season:137092,2026,league,regular season,1,Super Rugby Pacific 2026,Highlanders,sr:competitor:4182,HIG,Crusaders,sr:competitor:4181,CRU,Forsyth Barr Stadium,Dunedin,New Zealand,"-45.869252, 170.524323","Gardner, Angus",Australia,263,2269505392,ball_kicked,2026-02-13T07:04:15+00:00,43,42:29,home,Highlanders,55,32,2,,,,,,,,,,,,,,
super_rugby_2026_highlanders_vs_crusaders_65866090.json,sr:sport_event:65866090,2026-02-13T06:05:00+00:00,Super Rugby,sr:competition:422,Super Rugby 2026,sr:season:137092,2026,league,regular season,1,Super Rugby Pacific 2026,Highlanders,sr:competitor:4182,HIG,Crusaders,sr:competitor:4181,CRU,Forsyth Barr Stadium,Dunedin,New Zealand,"-45.869252, 170.524323","Gardner, Angus",Australia,264,2269505412,ball_recycled,2026-02-13T07:04:18+00:00,43,42:32,away,Crusaders,71,25,2,,,,,,,,,,,,,,
super_rugby_2026_highlanders_vs_crusaders_65866090.json,sr:sport_event:65866090,2026-02-13T06:05:00+00:00,Super Rugby,sr:competition:422,Super Rugby 2026,sr:season:137092,2026,league,regular season,1,Super Rugby Pacific 2026,Highlanders,sr:competitor:4182,HIG,Crusaders,sr:competitor:4181,CRU,Forsyth Barr Stadium,Dunedin,New Zealand,"-45.869252, 170.524323","Gardner, Angus",Australia,265,2269505456,ball_kicked,2026-02-13T07:04:22+00:00,43,42:36,away,Crusaders,77,26,2,,,,,,,,,,,,,,
super_rugby_2026_highlanders_vs_crusaders_65866090.json,sr:sport_event:65866090,2026-02-13T06:05:00+00:00,Super Rugby,sr:competition:422,Super Rugby 2026,sr:season:137092,2026,league,regular season,1,Super Rugby Pacific 2026,Highlanders,sr:competitor:4182,HIG,Crusaders,sr:competitor:4181,CRU,Forsyth Barr Stadium,Dunedin,New Zealand,"-45.869252, 170.524323","Gardner, Angus",Australia,266,2269505472,ball_recycled,2026-02-13T07:04:24+00:00,43,42:38,home,Highlanders,50,20,2,,,,,,,,,,,,,,
super_rugby_2026_highlanders_vs_crusaders_65866090.json,sr:sport_event:65866090,2026-02-13T06:05:00+00:00,Super Rugby,sr:competition:422,Super Rugby 2026,sr:season:137092,2026,league,regular season,1,Super Rugby Pacific 2026,Highlanders,sr:competitor:4182,HIG,Crusaders,sr:competitor:4181,CRU,Forsyth Barr Stadium,Dunedin,New Zealand,"-45.869252, 170.524323","Gardner, Angus",Australia,267,2269505500,ball_recycled,2026-02-13T07:04:30+00:00,43,42:44,home,Highlanders,50,33,2,,,,,,,,,,,,,,
super_rugby_2026_highlanders_vs_crusaders_65866090.json,sr:sport_event:65866090,2026-02-13T06:05:00+00:00,Super Rugby,sr:competition:422,Super Rugby 2026,sr:season:137092,2026,league,regular season,1,Super Rugby Pacific 2026,Highlanders,sr:competitor:4182,HIG,Crusaders,sr:competitor:4181,CRU,Forsyth Barr Stadium,Dunedin,New Zealand,"-45.869252, 170.524323","Gardner, Angus",Australia,268,2269505542,ball_recycled,2026-02-13T07:04:35+00:00,43,42:49,home,Highlanders,48,47,2,,,,,,,,,,,,,,
super_rugby_2026_highlanders_vs_crusaders_65866090.json,sr:sport_event:65866090,2026-02-13T06:05:00+00:00,Super Rugby,sr:competition:422,Super Rugby 2026,sr:season:137092,2026,league,regular season,1,Super Rugby Pacific 2026,Highlanders,sr:competitor:4182,HIG,Crusaders,sr:competitor:4181,CRU,Forsyth Barr Stadium,Dunedin,New Zealand,"-45.869252, 170.524323","Gardner, Angus",Australia,269,2269505584,ball_recycled,2026-02-13T07:04:43+00:00,43,42:57,home,Highlanders,50,55,2,,,,,,,,,,,,,,
super_rugby_2026_highlanders_vs_crusaders_65866090.json,sr:sport_event:65866090,2026-02-13T06:05:00+00:00,Super Rugby,sr:competition:422,Super Rugby 2026,sr:season:137092,2026,league,regular season,1,Super Rugby Pacific 2026,Highlanders,sr:competitor:4182,HIG,Crusaders,sr:competitor:4181,CRU,Forsyth Barr Stadium,Dunedin,New Zealand,"-45.869252, 170.524323","Gardner, Angus",Australia,270,2269505616,ball_kicked,2026-02-13T07:04:53+00:00,44,43:07,home,Highlanders,48,52,2,,,,,,,,,,,,,,
super_rugby_2026_highlanders_vs_crusaders_65866090.json,sr:sport_event:65866090,2026-02-13T06:05:00+00:00,Super Rugby,sr:competition:422,Super Rugby 2026,sr:season:137092,2026,league,regular season,1,Super Rugby Pacific 2026,Highlanders,sr:competitor:4182,HIG,Crusaders,sr:competitor:4181,CRU,Forsyth Barr Stadium,Dunedin,New Zealand,"-45.869252, 170.524323","Gardner, Angus",Australia,271,2269505658,ball_recycled,2026-02-13T07:04:58+00:00,44,43:11,away,Crusaders,68,55,2,,,,,,,,,,,,,,
super_rugby_2026_highlanders_vs_crusaders_65866090.json,sr:sport_event:65866090,2026-02-13T06:05:00+00:00,Super Rugby,sr:competition:422,Super Rugby 2026,sr:season:137092,2026,league,regular season,1,Super Rugby Pacific 2026,Highlanders,sr:competitor:4182,HIG,Crusaders,sr:competitor:4181,CRU,Forsyth Barr Stadium,Dunedin,New Zealand,"-45.869252, 170.524323","Gardner, Angus",Australia,272,2269505692,penalty_awarded,2026-02-13T07:05:05+00:00,44,43:18,home,Highlanders,68,53,2,,,,,,,,,,,,,,
super_rugby_2026_highlanders_vs_crusaders_65866090.json,sr:sport_event:65866090,2026-02-13T06:05:00+00:00,Super Rugby,sr:competition:422,Super Rugby 2026,sr:season:137092,2026,league,regular season,1,Super Rugby Pacific 2026,Highlanders,sr:competitor:4182,HIG,Crusaders,sr:competitor:4181,CRU,Forsyth Barr Stadium,Dunedin,New Zealand,"-45.869252, 170.524323","Gardner, Angus",Australia,273,2269505838,kick_to_touch,2026-02-13T07:05:27+00:00,44,43:40,home,Highlanders,68,53,2,,,,,,,,,,,,,,
super_rugby_2026_highlanders_vs_crusaders_65866090.json,sr:sport_event:65866090,2026-02-13T06:05:00+00:00,Super Rugby,sr:competition:422,Super Rugby 2026,sr:season:137092,2026,league,regular season,1,Super Rugby Pacific 2026,Highlanders,sr:competitor:4182,HIG,Crusaders,sr:competitor:4181,CRU,Forsyth Barr Stadium,Dunedin,New Zealand,"-45.869252, 170.524323","Gardner, Angus",Australia,274,2269505900,line_out,2026-02-13T07:05:35+00:00,44,43:48,home,Highlanders,91,71,2,,,,,,,,,,,,,,
super_rugby_2026_highlanders_vs_crusaders_65866090.json,sr:sport_event:65866090,2026-02-13T06:05:00+00:00,Super Rugby,sr:competition:422,Super Rugby 2026,sr:season:137092,2026,league,regular season,1,Super Rugby Pacific 2026,Highlanders,sr:competitor:4182,HIG,Crusaders,sr:competitor:4181,CRU,Forsyth Barr Stadium,Dunedin,New Zealand,"-45.869252, 170.524323","Gardner, Angus",Australia,275,2269505962,line_out_won,2026-02-13T07:05:49+00:00,45,44:03,home,Highlanders,91,71,2,,,,,,,,,,,,,,
super_rugby_2026_highlanders_vs_crusaders_65866090.json,sr:sport_event:65866090,2026-02-13T06:05:00+00:00,Super Rugby,sr:competition:422,Super Rugby 2026,sr:season:137092,2026,league,regular season,1,Super Rugby Pacific 2026,Highlanders,sr:competitor:4182,HIG,Crusaders,sr:competitor:4181,CRU,Forsyth Barr Stadium,Dunedin,New Zealand,"-45.869252, 170.524323","Gardner, Angus",Australia,276,2269505980,ball_recycled,2026-02-13T07:05:51+00:00,45,44:05,home,Highlanders,87,55,2,,,,,,,,,,,,,,
super_rugby_2026_highlanders_vs_crusaders_65866090.json,sr:sport_event:65866090,2026-02-13T06:05:00+00:00,Super Rugby,sr:competition:422,Super Rugby 2026,sr:season:137092,2026,league,regular season,1,Super Rugby Pacific 2026,Highlanders,sr:competitor:4182,HIG,Crusaders,sr:competitor:4181,CRU,Forsyth Barr Stadium,Dunedin,New Zealand,"-45.869252, 170.524323","Gardner, Angus",Australia,277,2269505996,ball_recycled,2026-02-13T07:05:55+00:00,45,44:09,home,Highlanders,93,36,2,,,,,,,,,,,,,,
super_rugby_2026_highlanders_vs_crusaders_65866090.json,sr:sport_event:65866090,2026-02-13T06:05:00+00:00,Super Rugby,sr:competition:422,Super Rugby 2026,sr:season:137092,2026,league,regular season,1,Super Rugby Pacific 2026,Highlanders,sr:competitor:4182,HIG,Crusaders,sr:competitor:4181,CRU,Forsyth Barr Stadium,Dunedin,New Zealand,"-45.869252, 170.524323","Gardner, Angus",Australia,278,2269506008,ball_recycled,2026-02-13T07:05:57+00:00,45,44:11,home,Highlanders,93,36,2,,,,,,,,,,,,,,
super_rugby_2026_highlanders_vs_crusaders_65866090.json,sr:sport_event:65866090,2026-02-13T06:05:00+00:00,Super Rugby,sr:competition:422,Super Rugby 2026,sr:season:137092,2026,league,regular season,1,Super Rugby Pacific 2026,Highlanders,sr:competitor:4182,HIG,Crusaders,sr:competitor:4181,CRU,Forsyth Barr Stadium,Dunedin,New Zealand,"-45.869252, 170.524323","Gardner, Angus",Australia,279,2269506342,score_change,2026-02-13T07:06:46+00:00,45,44:29,home,Highlanders,93,36,2,,,13,13,try,,,sr:player:497458,"Ta'avao, Angus",,,,,"[{""id"": ""sr:player:497458"", ""name"": ""Ta'avao, Angus"", ""type"": ""scorer""}]"
super_rugby_2026_highlanders_vs_crusaders_65866090.json,sr:sport_event:65866090,2026-02-13T06:05:00+00:00,Super Rugby,sr:competition:422,Super Rugby 2026,sr:season:137092,2026,league,regular season,1,Super Rugby Pacific 2026,Highlanders,sr:competitor:4182,HIG,Crusaders,sr:competitor:4181,CRU,Forsyth Barr Stadium,Dunedin,New Zealand,"-45.869252, 170.524323","Gardner, Angus",Australia,280,2269506482,score_change,2026-02-13T07:07:07+00:00,45,44:29,home,Highlanders,55,35,2,,,15,13,conversion,,,sr:player:2533497,"Millar, Cameron",,,,,"[{""id"": ""sr:player:2533497"", ""name"": ""Millar, Cameron"", ""type"": ""scorer""}]"
super_rugby_2026_highlanders_vs_crusaders_65866090.json,sr:sport_event:65866090,2026-02-13T06:05:00+00:00,Super Rugby,sr:competition:422,Super Rugby 2026,sr:season:137092,2026,league,regular season,1,Super Rugby Pacific 2026,Highlanders,sr:competitor:4182,HIG,Crusaders,sr:competitor:4181,CRU,Forsyth Barr Stadium,Dunedin,New Zealand,"-45.869252, 170.524323","Gardner, Angus",Australia,281,2269506730,ball_kicked,2026-02-13T07:07:39+00:00,45,44:37,away,Crusaders,54,33,2,,,,,,,,,,,,,,
super_rugby_2026_highlanders_vs_crusaders_65866090.json,sr:sport_event:65866090,2026-02-13T06:05:00+00:00,Super Rugby,sr:competition:422,Super Rugby 2026,sr:season:137092,2026,league,regular season,1,Super Rugby Pacific 2026,Highlanders,sr:competitor:4182,HIG,Crusaders,sr:competitor:4181,CRU,Forsyth Barr Stadium,Dunedin,New Zealand,"-45.869252, 170.524323","Gardner, Angus",Australia,282,2269506916,scrum,2026-02-13T07:08:17+00:00,47,46:35,home,Highlanders,15,6,2,,,,,,,,,,,,,,
super_rugby_2026_highlanders_vs_crusaders_65866090.json,sr:sport_event:65866090,2026-02-13T06:05:00+00:00,Super Rugby,sr:competition:422,Super Rugby 2026,sr:season:137092,2026,league,regular season,1,Super Rugby Pacific 2026,Highlanders,sr:competitor:4182,HIG,Crusaders,sr:competitor:4181,CRU,Forsyth Barr Stadium,Dunedin,New Zealand,"-45.869252, 170.524323","Gardner, Angus",Australia,283,2269506982,scrum_won,2026-02-13T07:08:26+00:00,47,46:44,home,Highlanders,15,6,2,,,,,,,,,,,,,,
super_rugby_2026_highlanders_vs_crusaders_65866090.json,sr:sport_event:65866090,2026-02-13T06:05:00+00:00,Super Rugby,sr:competition:422,Super Rugby 2026,sr:season:137092,2026,league,regular season,1,Super Rugby Pacific 2026,Highlanders,sr:competitor:4182,HIG,Crusaders,sr:competitor:4181,CRU,Forsyth Barr Stadium,Dunedin,New Zealand,"-45.869252, 170.524323","Gardner, Angus",Australia,284,2269507016,ball_recycled,2026-02-13T07:08:29+00:00,47,46:46,home,Highlanders,15,11,2,,,,,,,,,,,,,,
super_rugby_2026_highlanders_vs_crusaders_65866090.json,sr:sport_event:65866090,2026-02-13T06:05:00+00:00,Super Rugby,sr:competition:422,Super Rugby 2026,sr:season:137092,2026,league,regular season,1,Super Rugby Pacific 2026,Highlanders,sr:competitor:4182,HIG,Crusaders,sr:competitor:4181,CRU,Forsyth Barr Stadium,Dunedin,New Zealand,"-45.869252, 170.524323","Gardner, Angus",Australia,285,2269507072,ball_kicked,2026-02-13T07:08:39+00:00,47,46:56,home,Highlanders,13,18,2,,,,,,,,,,,,,,
super_rugby_2026_highlanders_vs_crusaders_65866090.json,sr:sport_event:65866090,2026-02-13T06:05:00+00:00,Super Rugby,sr:competition:422,Super Rugby 2026,sr:season:137092,2026,league,regular season,1,Super Rugby Pacific 2026,Highlanders,sr:competitor:4182,HIG,Crusaders,sr:competitor:4181,CRU,Forsyth Barr Stadium,Dunedin,New Zealand,"-45.869252, 170.524323","Gardner, Angus",Australia,286,2269507106,line_out,2026-02-13T07:08:43+00:00,48,47:01,away,Crusaders,31,-4,2,,,,,,,,,,,,,,
super_rugby_2026_highlanders_vs_crusaders_65866090.json,sr:sport_event:65866090,2026-02-13T06:05:00+00:00,Super Rugby,sr:competition:422,Super Rugby 2026,sr:season:137092,2026,league,regular season,1,Super Rugby Pacific 2026,Highlanders,sr:competitor:4182,HIG,Crusaders,sr:competitor:4181,CRU,Forsyth Barr Stadium,Dunedin,New Zealand,"-45.869252, 170.524323","Gardner, Angus",Australia,287,2269507346,ball_kicked,2026-02-13T07:09:22+00:00,48,47:40,home,Highlanders,31,-4,2,,,,,,,,,,,,,,
super_rugby_2026_highlanders_vs_crusaders_65866090.json,sr:sport_event:65866090,2026-02-13T06:05:00+00:00,Super Rugby,sr:competition:422,Super Rugby 2026,sr:season:137092,2026,league,regular season,1,Super Rugby Pacific 2026,Highlanders,sr:competitor:4182,HIG,Crusaders,sr:competitor:4181,CRU,Forsyth Barr Stadium,Dunedin,New Zealand,"-45.869252, 170.524323","Gardner, Angus",Australia,288,2269507366,ball_kicked,2026-02-13T07:09:25+00:00,48,47:43,home,Highlanders,76,14,2,,,,,,,,,,,,,,
super_rugby_2026_highlanders_vs_crusaders_65866090.json,sr:sport_event:65866090,2026-02-13T06:05:00+00:00,Super Rugby,sr:competition:422,Super Rugby 2026,sr:season:137092,2026,league,regular season,1,Super Rugby Pacific 2026,Highlanders,sr:competitor:4182,HIG,Crusaders,sr:competitor:4181,CRU,Forsyth Barr Stadium,Dunedin,New Zealand,"-45.869252, 170.524323","Gardner, Angus",Australia,289,2269507368,ball_recycled,2026-02-13T07:09:27+00:00,48,47:45,away,Crusaders,80,22,2,,,,,,,,,,,,,,
super_rugby_2026_highlanders_vs_crusaders_65866090.json,sr:sport_event:65866090,2026-02-13T06:05:00+00:00,Super Rugby,sr:competition:422,Super Rugby 2026,sr:season:137092,2026,league,regular season,1,Super Rugby Pacific 2026,Highlanders,sr:competitor:4182,HIG,Crusaders,sr:competitor:4181,CRU,Forsyth Barr Stadium,Dunedin,New Zealand,"-45.869252, 170.524323","Gardner, Angus",Australia,290,2269507398,ball_kicked,2026-02-13T07:09:31+00:00,48,47:49,away,Crusaders,73,29,2,,,,,,,,,,,,,,
super_rugby_2026_highlanders_vs_crusaders_65866090.json,sr:sport_event:65866090,2026-02-13T06:05:00+00:00,Super Rugby,sr:competition:422,Super Rugby 2026,sr:season:137092,2026,league,regular season,1,Super Rugby Pacific 2026,Highlanders,sr:competitor:4182,HIG,Crusaders,sr:competitor:4181,CRU,Forsyth Barr Stadium,Dunedin,New Zealand,"-45.869252, 170.524323","Gardner, Angus",Australia,291,2269507430,ball_recycled,2026-02-13T07:09:37+00:00,48,47:55,home,Highlanders,22,42,2,,,,,,,,,,,,,,
super_rugby_2026_highlanders_vs_crusaders_65866090.json,sr:sport_event:65866090,2026-02-13T06:05:00+00:00,Super Rugby,sr:competition:422,Super Rugby 2026,sr:season:137092,2026,league,regular season,1,Super Rugby Pacific 2026,Highlanders,sr:competitor:4182,HIG,Crusaders,sr:competitor:4181,CRU,Forsyth Barr Stadium,Dunedin,New Zealand,"-45.869252, 170.524323","Gardner, Angus",Australia,292,2269507448,ball_kicked,2026-02-13T07:09:41+00:00,48,47:58,home,Highlanders,87,30,2,,,,,,,,,,,,,,
super_rugby_2026_highlanders_vs_crusaders_65866090.json,sr:sport_event:65866090,2026-02-13T06:05:00+00:00,Super Rugby,sr:competition:422,Super Rugby 2026,sr:season:137092,2026,league,regular season,1,Super Rugby Pacific 2026,Highlanders,sr:competitor:4182,HIG,Crusaders,sr:competitor:4181,CRU,Forsyth Barr Stadium,Dunedin,New Zealand,"-45.869252, 170.524323","Gardner, Angus",Australia,293,2269507486,ball_kicked,2026-02-13T07:09:44+00:00,49,48:02,away,Crusaders,87,27,2,,,,,,,,,,,,,,
super_rugby_2026_highlanders_vs_crusaders_65866090.json,sr:sport_event:65866090,2026-02-13T06:05:00+00:00,Super Rugby,sr:competition:422,Super Rugby 2026,sr:season:137092,2026,league,regular season,1,Super Rugby Pacific 2026,Highlanders,sr:competitor:4182,HIG,Crusaders,sr:competitor:4181,CRU,Forsyth Barr Stadium,Dunedin,New Zealand,"-45.869252, 170.524323","Gardner, Angus",Australia,294,2269507530,ball_kicked,2026-02-13T07:09:49+00:00,49,48:07,home,Highlanders,22,31,2,,,,,,,,,,,,,,
super_rugby_2026_highlanders_vs_crusaders_65866090.json,sr:sport_event:65866090,2026-02-13T06:05:00+00:00,Super Rugby,sr:competition:422,Super Rugby 2026,sr:season:137092,2026,league,regular season,1,Super Rugby Pacific 2026,Highlanders,sr:competitor:4182,HIG,Crusaders,sr:competitor:4181,CRU,Forsyth Barr Stadium,Dunedin,New Zealand,"-45.869252, 170.524323","Gardner, Angus",Australia,295,2269507550,line_out,2026-02-13T07:09:53+00:00,49,48:11,away,Crusaders,67,72,2,,,,,,,,,,,,,,
super_rugby_2026_highlanders_vs_crusaders_65866090.json,sr:sport_event:65866090,2026-02-13T06:05:00+00:00,Super Rugby,sr:competition:422,Super Rugby 2026,sr:season:137092,2026,league,regular season,1,Super Rugby Pacific 2026,Highlanders,sr:competitor:4182,HIG,Crusaders,sr:competitor:4181,CRU,Forsyth Barr Stadium,Dunedin,New Zealand,"-45.869252, 170.524323","Gardner, Angus",Australia,296,2269507670,line_out_won,2026-02-13T07:10:14+00:00,49,48:31,home,Highlanders,67,72,2,,,,,,,,,,,,,,
super_rugby_2026_highlanders_vs_crusaders_65866090.json,sr:sport_event:65866090,2026-02-13T06:05:00+00:00,Super Rugby,sr:competition:422,Super Rugby 2026,sr:season:137092,2026,league,regular season,1,Super Rugby Pacific 2026,Highlanders,sr:competitor:4182,HIG,Crusaders,sr:competitor:4181,CRU,Forsyth Barr Stadium,Dunedin,New Zealand,"-45.869252, 170.524323","Gardner, Angus",Australia,297,2269507720,ball_recycled,2026-02-13T07:10:23+00:00,49,48:41,home,Highlanders,54,20,2,,,,,,,,,,,,,,
super_rugby_2026_highlanders_vs_crusaders_65866090.json,sr:sport_event:65866090,2026-02-13T06:05:00+00:00,Super Rugby,sr:competition:422,Super Rugby 2026,sr:season:137092,2026,league,regular season,1,Super Rugby Pacific 2026,Highlanders,sr:competitor:4182,HIG,Crusaders,sr:competitor:4181,CRU,Forsyth Barr Stadium,Dunedin,New Zealand,"-45.869252, 170.524323","Gardner, Angus",Australia,298,2269507732,ball_recycled,2026-02-13T07:10:25+00:00,49,48:42,home,Highlanders,62,8,2,,,,,,,,,,,,,,
super_rugby_2026_highlanders_vs_crusaders_65866090.json,sr:sport_event:65866090,2026-02-13T06:05:00+00:00,Super Rugby,sr:competition:422,Super Rugby 2026,sr:season:137092,2026,league,regular season,1,Super Rugby Pacific 2026,Highlanders,sr:competitor:4182,HIG,Crusaders,sr:competitor:4181,CRU,Forsyth Barr Stadium,Dunedin,New Zealand,"-45.869252, 170.524323","Gardner, Angus",Australia,299,2269507746,ball_recycled,2026-02-13T07:10:27+00:00,49,48:45,home,Highlanders,88,5,2,,,,,,,,,,,,,,
super_rugby_2026_highlanders_vs_crusaders_65866090.json,sr:sport_event:65866090,2026-02-13T06:05:00+00:00,Super Rugby,sr:competition:422,Super Rugby 2026,sr:season:137092,2026,league,regular season,1,Super Rugby Pacific 2026,Highlanders,sr:competitor:4182,HIG,Crusaders,sr:competitor:4181,CRU,Forsyth Barr Stadium,Dunedin,New Zealand,"-45.869252, 170.524323","Gardner, Angus",Australia,300,2269507874,score_change,2026-02-13T07:10:44+00:00,50,49:02,home,Highlanders,88,5,2,,,20,13,try,,,sr:player:902066,"Lowe, Jonah",,,,,"[{""id"": ""sr:player:902066"", ""name"": ""Lowe, Jonah"", ""type"": ""scorer""}]"
super_rugby_2026_highlanders_vs_crusaders_65866090.json,sr:sport_event:65866090,2026-02-13T06:05:00+00:00,Super Rugby,sr:competition:422,Super Rugby 2026,sr:season:137092,2026,league,regular season,1,Super Rugby Pacific 2026,Highlanders,sr:competitor:4182,HIG,Crusaders,sr:competitor:4181,CRU,Forsyth Barr Stadium,Dunedin,New Zealand,"-45.869252, 170.524323","Gardner, Angus",Australia,301,2269508168,score_change,2026-02-13T07:11:37+00:00,50,49:55,home,Highlanders,55,35,2,,,22,13,conversion,,,sr:player:2533497,"Millar, Cameron",,,,,"[{""id"": ""sr:player:2533497"", ""name"": ""Millar, Cameron"", ""type"": ""scorer""}]"
super_rugby_2026_highlanders_vs_crusaders_65866090.json,sr:sport_event:65866090,2026-02-13T06:05:00+00:00,Super Rugby,sr:competition:422,Super Rugby 2026,sr:season:137092,2026,league,regular season,1,Super Rugby Pacific 2026,Highlanders,sr:competitor:4182,HIG,Crusaders,sr:competitor:4181,CRU,Forsyth Barr Stadium,Dunedin,New Zealand,"-45.869252, 170.524323","Gardner, Angus",Australia,302,2269508330,substitution,2026-02-13T07:12:01+00:00,51,50:07,away,Crusaders,,,2,,,,,,,,,,sr:player:2344949,"Bell, George",sr:player:503292,"Taylor, Codie","[{""id"": ""sr:player:2344949"", ""name"": ""Bell, George"", ""type"": ""substituted_out""}, {""id"": ""sr:player:503292"", ""name"": ""Taylor, Codie"", ""type"": ""substituted_in""}]"
super_rugby_2026_highlanders_vs_crusaders_65866090.json,sr:sport_event:65866090,2026-02-13T06:05:00+00:00,Super Rugby,sr:competition:422,Super Rugby 2026,sr:season:137092,2026,league,regular season,1,Super Rugby Pacific 2026,Highlanders,sr:competitor:4182,HIG,Crusaders,sr:competitor:4181,CRU,Forsyth Barr Stadium,Dunedin,New Zealand,"-45.869252, 170.524323","Gardner, Angus",Australia,303,2269508360,substitution,2026-02-13T07:12:07+00:00,51,50:07,away,Crusaders,,,2,,,,,,,,,,sr:player:2287819,"Brewis, Finlay",sr:player:766652,"Bower, George","[{""id"": ""sr:player:2287819"", ""name"": ""Brewis, Finlay"", ""type"": ""substituted_out""}, {""id"": ""sr:player:766652"", ""name"": ""Bower, George"", ""type"": ""substituted_in""}]"
super_rugby_2026_highlanders_vs_crusaders_65866090.json,sr:sport_event:65866090,2026-02-13T06:05:00+00:00,Super Rugby,sr:competition:422,Super Rugby 2026,sr:season:137092,2026,league,regular season,1,Super Rugby Pacific 2026,Highlanders,sr:competitor:4182,HIG,Crusaders,sr:competitor:4181,CRU,Forsyth Barr Stadium,Dunedin,New Zealand,"-45.869252, 170.524323","Gardner, Angus",Australia,304,2269508392,substitution,2026-02-13T07:12:12+00:00,51,50:07,away,Crusaders,,,2,,,,,,,,,,sr:player:2531911,"Calder, Seb",sr:player:2131492,"Newell, Fletcher","[{""id"": ""sr:player:2531911"", ""name"": ""Calder, Seb"", ""type"": ""substituted_out""}, {""id"": ""sr:player:2131492"", ""name"": ""Newell, Fletcher"", ""type"": ""substituted_in""}]"
super_rugby_2026_highlanders_vs_crusaders_65866090.json,sr:sport_event:65866090,2026-02-13T06:05:00+00:00,Super Rugby,sr:competition:422,Super Rugby 2026,sr:season:137092,2026,league,regular season,1,Super Rugby Pacific 2026,Highlanders,sr:competitor:4182,HIG,Crusaders,sr:competitor:4181,CRU,Forsyth Barr Stadium,Dunedin,New Zealand,"-45.869252, 170.524323","Gardner, Angus",Australia,305,2269508420,ball_kicked,2026-02-13T07:12:17+00:00,51,50:09,away,Crusaders,54,32,2,,,,,,,,,,,,,,
super_rugby_2026_highlanders_vs_crusaders_65866090.json,sr:sport_event:65866090,2026-02-13T06:05:00+00:00,Super Rugby,sr:competition:422,Super Rugby 2026,sr:season:137092,2026,league,regular season,1,Super Rugby Pacific 2026,Highlanders,sr:competitor:4182,HIG,Crusaders,sr:competitor:4181,CRU,Forsyth Barr Stadium,Dunedin,New Zealand,"-45.869252, 170.524323","Gardner, Angus",Australia,306,2269508426,ball_recycled,2026-02-13T07:12:18+00:00,51,50:11,home,Highlanders,40,12,2,,,,,,,,,,,,,,
super_rugby_2026_highlanders_vs_crusaders_65866090.json,sr:sport_event:65866090,2026-02-13T06:05:00+00:00,Super Rugby,sr:competition:422,Super Rugby 2026,sr:season:137092,2026,league,regular season,1,Super Rugby Pacific 2026,Highlanders,sr:competitor:4182,HIG,Crusaders,sr:competitor:4181,CRU,Forsyth Barr Stadium,Dunedin,New Zealand,"-45.869252, 170.524323","Gardner, Angus",Australia,307,2269508510,ball_kicked,2026-02-13T07:12:33+00:00,51,50:26,home,Highlanders,40,11,2,,,,,,,,,,,,,,
super_rugby_2026_highlanders_vs_crusaders_65866090.json,sr:sport_event:65866090,2026-02-13T06:05:00+00:00,Super Rugby,sr:competition:422,Super Rugby 2026,sr:season:137092,2026,league,regular season,1,Super Rugby Pacific 2026,Highlanders,sr:competitor:4182,HIG,Crusaders,sr:competitor:4181,CRU,Forsyth Barr Stadium,Dunedin,New Zealand,"-45.869252, 170.524323","Gardner, Angus",Australia,308,2269508552,tap_and_go,2026-02-13T07:12:39+00:00,51,50:32,home,Highlanders,52,12,2,,,,,,,,,,,,,,
super_rugby_2026_highlanders_vs_crusaders_65866090.json,sr:sport_event:65866090,2026-02-13T06:05:00+00:00,Super Rugby,sr:competition:422,Super Rugby 2026,sr:season:137092,2026,league,regular season,1,Super Rugby Pacific 2026,Highlanders,sr:competitor:4182,HIG,Crusaders,sr:competitor:4181,CRU,Forsyth Barr Stadium,Dunedin,New Zealand,"-45.869252, 170.524323","Gardner, Angus",Australia,309,2269508558,ball_kicked,2026-02-13T07:12:41+00:00,51,50:34,home,Highlanders,67,22,2,,,,,,,,,,,,,,
super_rugby_2026_highlanders_vs_crusaders_65866090.json,sr:sport_event:65866090,2026-02-13T06:05:00+00:00,Super Rugby,sr:competition:422,Super Rugby 2026,sr:season:137092,2026,league,regular season,1,Super Rugby Pacific 2026,Highlanders,sr:competitor:4182,HIG,Crusaders,sr:competitor:4181,CRU,Forsyth Barr Stadium,Dunedin,New Zealand,"-45.869252, 170.524323","Gardner, Angus",Australia,310,2269508570,ball_recycled,2026-02-13T07:12:43+00:00,51,50:36,away,Crusaders,75,22,2,,,,,,,,,,,,,,
super_rugby_2026_highlanders_vs_crusaders_65866090.json,sr:sport_event:65866090,2026-02-13T06:05:00+00:00,Super Rugby,sr:competition:422,Super Rugby 2026,sr:season:137092,2026,league,regular season,1,Super Rugby Pacific 2026,Highlanders,sr:competitor:4182,HIG,Crusaders,sr:competitor:4181,CRU,Forsyth Barr Stadium,Dunedin,New Zealand,"-45.869252, 170.524323","Gardner, Angus",Australia,311,2269508590,ball_recycled,2026-02-13T07:12:49+00:00,51,50:42,away,Crusaders,76,27,2,,,,,,,,,,,,,,
super_rugby_2026_highlanders_vs_crusaders_65866090.json,sr:sport_event:65866090,2026-02-13T06:05:00+00:00,Super Rugby,sr:competition:422,Super Rugby 2026,sr:season:137092,2026,league,regular season,1,Super Rugby Pacific 2026,Highlanders,sr:competitor:4182,HIG,Crusaders,sr:competitor:4181,CRU,Forsyth Barr Stadium,Dunedin,New Zealand,"-45.869252, 170.524323","Gardner, Angus",Australia,312,2269508648,penalty_awarded,2026-02-13T07:13:01+00:00,51,50:54,away,Crusaders,73,18,2,,,,,,,,,,,,,,
super_rugby_2026_highlanders_vs_crusaders_65866090.json,sr:sport_event:65866090,2026-02-13T06:05:00+00:00,Super Rugby,sr:competition:422,Super Rugby 2026,sr:season:137092,2026,league,regular season,1,Super Rugby Pacific 2026,Highlanders,sr:competitor:4182,HIG,Crusaders,sr:competitor:4181,CRU,Forsyth Barr Stadium,Dunedin,New Zealand,"-45.869252, 170.524323","Gardner, Angus",Australia,313,2269508780,substitution,2026-02-13T07:13:17+00:00,52,51:09,away,Crusaders,,,2,,,,,,,,,,sr:player:2286173,"Reihana, Rivez",sr:player:2533071,"Kemara, Taha","[{""id"": ""sr:player:2286173"", ""name"": ""Reihana, Rivez"", ""type"": ""substituted_out""}, {""id"": ""sr:player:2533071"", ""name"": ""Kemara, Taha"", ""type"": ""substituted_in""}]"
super_rugby_2026_highlanders_vs_crusaders_65866090.json,sr:sport_event:65866090,2026-02-13T06:05:00+00:00,Super Rugby,sr:competition:422,Super Rugby 2026,sr:season:137092,2026,league,regular season,1,Super Rugby Pacific 2026,Highlanders,sr:competitor:4182,HIG,Crusaders,sr:competitor:4181,CRU,Forsyth Barr Stadium,Dunedin,New Zealand,"-45.869252, 170.524323","Gardner, Angus",Australia,314,2269508798,kick_to_touch,2026-02-13T07:13:19+00:00,52,51:12,away,Crusaders,71,16,2,,,,,,,,,,,,,,
super_rugby_2026_highlanders_vs_crusaders_65866090.json,sr:sport_event:65866090,2026-02-13T06:05:00+00:00,Super Rugby,sr:competition:422,Super Rugby 2026,sr:season:137092,2026,league,regular season,1,Super Rugby Pacific 2026,Highlanders,sr:competitor:4182,HIG,Crusaders,sr:competitor:4181,CRU,Forsyth Barr Stadium,Dunedin,New Zealand,"-45.869252, 170.524323","Gardner, Angus",Australia,315,2269508854,substitution,2026-02-13T07:13:27+00:00,52,51:19,away,Crusaders,,,2,,,,,,,,,,sr:player:2288669,"Lio-Willie, Christian",sr:player:2287825,"Kellow, Corey","[{""id"": ""sr:player:2288669"", ""name"": ""Lio-Willie, Christian"", ""type"": ""substituted_out""}, {""id"": ""sr:player:2287825"", ""name"": ""Kellow, Corey"", ""type"": ""substituted_in""}]"
super_rugby_2026_highlanders_vs_crusaders_65866090.json,sr:sport_event:65866090,2026-02-13T06:05:00+00:00,Super Rugby,sr:competition:422,Super Rugby 2026,sr:season:137092,2026,league,regular season,1,Super Rugby Pacific 2026,Highlanders,sr:competitor:4182,HIG,Crusaders,sr:competitor:4181,CRU,Forsyth Barr Stadium,Dunedin,New Zealand,"-45.869252, 170.524323","Gardner, Angus",Australia,316,2269508920,line_out,2026-02-13T07:13:38+00:00,52,51:30,away,Crusaders,39,-2,2,,,,,,,,,,,,,,
super_rugby_2026_highlanders_vs_crusaders_65866090.json,sr:sport_event:65866090,2026-02-13T06:05:00+00:00,Super Rugby,sr:competition:422,Super Rugby 2026,sr:season:137092,2026,league,regular season,1,Super Rugby Pacific 2026,Highlanders,sr:competitor:4182,HIG,Crusaders,sr:competitor:4181,CRU,Forsyth Barr Stadium,Dunedin,New Zealand,"-45.869252, 170.524323","Gardner, Angus",Australia,317,2269508938,line_out_won,2026-02-13T07:13:41+00:00,52,51:33,home,Highlanders,39,-2,2,,,,,,,,,,,,,,
super_rugby_2026_highlanders_vs_crusaders_65866090.json,sr:sport_event:65866090,2026-02-13T06:05:00+00:00,Super Rugby,sr:competition:422,Super Rugby 2026,sr:season:137092,2026,league,regular season,1,Super Rugby Pacific 2026,Highlanders,sr:competitor:4182,HIG,Crusaders,sr:competitor:4181,CRU,Forsyth Barr Stadium,Dunedin,New Zealand,"-45.869252, 170.524323","Gardner, Angus",Australia,318,2269508954,ball_recycled,2026-02-13T07:13:43+00:00,52,51:36,home,Highlanders,42,24,2,,,,,,,,,,,,,,
super_rugby_2026_highlanders_vs_crusaders_65866090.json,sr:sport_event:65866090,2026-02-13T06:05:00+00:00,Super Rugby,sr:competition:422,Super Rugby 2026,sr:season:137092,2026,league,regular season,1,Super Rugby Pacific 2026,Highlanders,sr:competitor:4182,HIG,Crusaders,sr:competitor:4181,CRU,Forsyth Barr Stadium,Dunedin,New Zealand,"-45.869252, 170.524323","Gardner, Angus",Australia,319,2269508966,ball_kicked,2026-02-13T07:13:47+00:00,52,51:39,home,Highlanders,40,29,2,,,,,,,,,,,,,,
super_rugby_2026_highlanders_vs_crusaders_65866090.json,sr:sport_event:65866090,2026-02-13T06:05:00+00:00,Super Rugby,sr:competition:422,Super Rugby 2026,sr:season:137092,2026,league,regular season,1,Super Rugby Pacific 2026,Highlanders,sr:competitor:4182,HIG,Crusaders,sr:competitor:4181,CRU,Forsyth Barr Stadium,Dunedin,New Zealand,"-45.869252, 170.524323","Gardner, Angus",Australia,320,2269508974,ball_recycled,2026-02-13T07:13:49+00:00,52,51:42,away,Crusaders,68,51,2,,,,,,,,,,,,,,
super_rugby_2026_highlanders_vs_crusaders_65866090.json,sr:sport_event:65866090,2026-02-13T06:05:00+00:00,Super Rugby,sr:competition:422,Super Rugby 2026,sr:season:137092,2026,league,regular season,1,Super Rugby Pacific 2026,Highlanders,sr:competitor:4182,HIG,Crusaders,sr:competitor:4181,CRU,Forsyth Barr Stadium,Dunedin,New Zealand,"-45.869252, 170.524323","Gardner, Angus",Australia,321,2269509008,ball_recycled,2026-02-13T07:13:55+00:00,52,51:48,away,Crusaders,21,33,2,,,,,,,,,,,,,,
super_rugby_2026_highlanders_vs_crusaders_65866090.json,sr:sport_event:65866090,2026-02-13T06:05:00+00:00,Super Rugby,sr:competition:422,Super Rugby 2026,sr:season:137092,2026,league,regular season,1,Super Rugby Pacific 2026,Highlanders,sr:competitor:4182,HIG,Crusaders,sr:competitor:4181,CRU,Forsyth Barr Stadium,Dunedin,New Zealand,"-45.869252, 170.524323","Gardner, Angus",Australia,322,2269509042,turnover,2026-02-13T07:14:02+00:00,52,51:55,home,Highlanders,19,31,2,,,,,,,,,,,,,,
super_rugby_2026_highlanders_vs_crusaders_65866090.json,sr:sport_event:65866090,2026-02-13T06:05:00+00:00,Super Rugby,sr:competition:422,Super Rugby 2026,sr:season:137092,2026,league,regular season,1,Super Rugby Pacific 2026,Highlanders,sr:competitor:4182,HIG,Crusaders,sr:competitor:4181,CRU,Forsyth Barr Stadium,Dunedin,New Zealand,"-45.869252, 170.524323","Gardner, Angus",Australia,323,2269509080,ball_kicked,2026-02-13T07:14:13+00:00,53,52:05,home,Highlanders,15,42,2,,,,,,,,,,,,,,
super_rugby_2026_highlanders_vs_crusaders_65866090.json,sr:sport_event:65866090,2026-02-13T06:05:00+00:00,Super Rugby,sr:competition:422,Super Rugby 2026,sr:season:137092,2026,league,regular season,1,Super Rugby Pacific 2026,Highlanders,sr:competitor:4182,HIG,Crusaders,sr:competitor:4181,CRU,Forsyth Barr Stadium,Dunedin,New Zealand,"-45.869252, 170.524323","Gardner, Angus",Australia,324,2269509088,turnover,2026-02-13T07:14:15+00:00,53,52:08,home,Highlanders,40,44,2,,,,,,,,,,,,,,
super_rugby_2026_highlanders_vs_crusaders_65866090.json,sr:sport_event:65866090,2026-02-13T06:05:00+00:00,Super Rugby,sr:competition:422,Super Rugby 2026,sr:season:137092,2026,league,regular season,1,Super Rugby Pacific 2026,Highlanders,sr:competitor:4182,HIG,Crusaders,sr:competitor:4181,CRU,Forsyth Barr Stadium,Dunedin,New Zealand,"-45.869252, 170.524323","Gardner, Angus",Australia,325,2269509124,ball_kicked,2026-02-13T07:14:20+00:00,53,52:13,home,Highlanders,39,50,2,,,,,,,,,,,,,,
super_rugby_2026_highlanders_vs_crusaders_65866090.json,sr:sport_event:65866090,2026-02-13T06:05:00+00:00,Super Rugby,sr:competition:422,Super Rugby 2026,sr:season:137092,2026,league,regular season,1,Super Rugby Pacific 2026,Highlanders,sr:competitor:4182,HIG,Crusaders,sr:competitor:4181,CRU,Forsyth Barr Stadium,Dunedin,New Zealand,"-45.869252, 170.524323","Gardner, Angus",Australia,326,2269509140,ball_recycled,2026-02-13T07:14:24+00:00,53,52:17,away,Crusaders,93,48,2,,,,,,,,,,,,,,
super_rugby_2026_highlanders_vs_crusaders_65866090.json,sr:sport_event:65866090,2026-02-13T06:05:00+00:00,Super Rugby,sr:competition:422,Super Rugby 2026,sr:season:137092,2026,league,regular season,1,Super Rugby Pacific 2026,Highlanders,sr:competitor:4182,HIG,Crusaders,sr:competitor:4181,CRU,Forsyth Barr Stadium,Dunedin,New Zealand,"-45.869252, 170.524323","Gardner, Angus",Australia,327,2269509170,ball_kicked,2026-02-13T07:14:29+00:00,53,52:21,away,Crusaders,92,47,2,,,,,,,,,,,,,,
super_rugby_2026_highlanders_vs_crusaders_65866090.json,sr:sport_event:65866090,2026-02-13T06:05:00+00:00,Super Rugby,sr:competition:422,Super Rugby 2026,sr:season:137092,2026,league,regular season,1,Super Rugby Pacific 2026,Highlanders,sr:competitor:4182,HIG,Crusaders,sr:competitor:4181,CRU,Forsyth Barr Stadium,Dunedin,New Zealand,"-45.869252, 170.524323","Gardner, Angus",Australia,328,2269509186,line_out,2026-02-13T07:14:32+00:00,53,52:25,home,Highlanders,67,72,2,,,,,,,,,,,,,,
super_rugby_2026_highlanders_vs_crusaders_65866090.json,sr:sport_event:65866090,2026-02-13T06:05:00+00:00,Super Rugby,sr:competition:422,Super Rugby 2026,sr:season:137092,2026,league,regular season,1,Super Rugby Pacific 2026,Highlanders,sr:competitor:4182,HIG,Crusaders,sr:competitor:4181,CRU,Forsyth Barr Stadium,Dunedin,New Zealand,"-45.869252, 170.524323","Gardner, Angus",Australia,329,2269509268,line_out_won,2026-02-13T07:14:53+00:00,53,52:46,home,Highlanders,67,72,2,,,,,,,,,,,,,,
super_rugby_2026_highlanders_vs_crusaders_65866090.json,sr:sport_event:65866090,2026-02-13T06:05:00+00:00,Super Rugby,sr:competition:422,Super Rugby 2026,sr:season:137092,2026,league,regular season,1,Super Rugby Pacific 2026,Highlanders,sr:competitor:4182,HIG,Crusaders,sr:competitor:4181,CRU,Forsyth Barr Stadium,Dunedin,New Zealand,"-45.869252, 170.524323","Gardner, Angus",Australia,330,2269509284,ball_recycled,2026-02-13T07:14:56+00:00,53,52:49,home,Highlanders,66,37,2,,,,,,,,,,,,,,
super_rugby_2026_highlanders_vs_crusaders_65866090.json,sr:sport_event:65866090,2026-02-13T06:05:00+00:00,Super Rugby,sr:competition:422,Super Rugby 2026,sr:season:137092,2026,league,regular season,1,Super Rugby Pacific 2026,Highlanders,sr:competitor:4182,HIG,Crusaders,sr:competitor:4181,CRU,Forsyth Barr Stadium,Dunedin,New Zealand,"-45.869252, 170.524323","Gardner, Angus",Australia,331,2269509292,ball_recycled,2026-02-13T07:14:58+00:00,53,52:51,home,Highlanders,70,30,2,,,,,,,,,,,,,,
super_rugby_2026_highlanders_vs_crusaders_65866090.json,sr:sport_event:65866090,2026-02-13T06:05:00+00:00,Super Rugby,sr:competition:422,Super Rugby 2026,sr:season:137092,2026,league,regular season,1,Super Rugby Pacific 2026,Highlanders,sr:competitor:4182,HIG,Crusaders,sr:competitor:4181,CRU,Forsyth Barr Stadium,Dunedin,New Zealand,"-45.869252, 170.524323","Gardner, Angus",Australia,332,2269509340,ball_recycled,2026-02-13T07:15:04+00:00,53,52:57,home,Highlanders,68,9,2,,,,,,,,,,,,,,
super_rugby_2026_highlanders_vs_crusaders_65866090.json,sr:sport_event:65866090,2026-02-13T06:05:00+00:00,Super Rugby,sr:competition:422,Super Rugby 2026,sr:season:137092,2026,league,regular season,1,Super Rugby Pacific 2026,Highlanders,sr:competitor:4182,HIG,Crusaders,sr:competitor:4181,CRU,Forsyth Barr Stadium,Dunedin,New Zealand,"-45.869252, 170.524323","Gardner, Angus",Australia,333,2269509432,ball_recycled,2026-02-13T07:15:07+00:00,53,52:59,home,Highlanders,79,11,2,,,,,,,,,,,,,,
super_rugby_2026_highlanders_vs_crusaders_65866090.json,sr:sport_event:65866090,2026-02-13T06:05:00+00:00,Super Rugby,sr:competition:422,Super Rugby 2026,sr:season:137092,2026,league,regular season,1,Super Rugby Pacific 2026,Highlanders,sr:competitor:4182,HIG,Crusaders,sr:competitor:4181,CRU,Forsyth Barr Stadium,Dunedin,New Zealand,"-45.869252, 170.524323","Gardner, Angus",Australia,334,2269509492,ball_recycled,2026-02-13T07:15:15+00:00,54,53:08,home,Highlanders,77,17,2,,,,,,,,,,,,,,
super_rugby_2026_highlanders_vs_crusaders_65866090.json,sr:sport_event:65866090,2026-02-13T06:05:00+00:00,Super Rugby,sr:competition:422,Super Rugby 2026,sr:season:137092,2026,league,regular season,1,Super Rugby Pacific 2026,Highlanders,sr:competitor:4182,HIG,Crusaders,sr:competitor:4181,CRU,Forsyth Barr Stadium,Dunedin,New Zealand,"-45.869252, 170.524323","Gardner, Angus",Australia,335,2269509522,ball_recycled,2026-02-13T07:15:21+00:00,54,53:14,home,Highlanders,79,33,2,,,,,,,,,,,,,,
super_rugby_2026_highlanders_vs_crusaders_65866090.json,sr:sport_event:65866090,2026-02-13T06:05:00+00:00,Super Rugby,sr:competition:422,Super Rugby 2026,sr:season:137092,2026,league,regular season,1,Super Rugby Pacific 2026,Highlanders,sr:competitor:4182,HIG,Crusaders,sr:competitor:4181,CRU,Forsyth Barr Stadium,Dunedin,New Zealand,"-45.869252, 170.524323","Gardner, Angus",Australia,336,2269509586,ball_recycled,2026-02-13T07:15:30+00:00,54,53:23,home,Highlanders,77,25,2,,,,,,,,,,,,,,
super_rugby_2026_highlanders_vs_crusaders_65866090.json,sr:sport_event:65866090,2026-02-13T06:05:00+00:00,Super Rugby,sr:competition:422,Super Rugby 2026,sr:season:137092,2026,league,regular season,1,Super Rugby Pacific 2026,Highlanders,sr:competitor:4182,HIG,Crusaders,sr:competitor:4181,CRU,Forsyth Barr Stadium,Dunedin,New Zealand,"-45.869252, 170.524323","Gardner, Angus",Australia,337,2269509598,ball_recycled,2026-02-13T07:15:34+00:00,54,53:27,home,Highlanders,77,10,2,,,,,,,,,,,,,,
super_rugby_2026_highlanders_vs_crusaders_65866090.json,sr:sport_event:65866090,2026-02-13T06:05:00+00:00,Super Rugby,sr:competition:422,Super Rugby 2026,sr:season:137092,2026,league,regular season,1,Super Rugby Pacific 2026,Highlanders,sr:competitor:4182,HIG,Crusaders,sr:competitor:4181,CRU,Forsyth Barr Stadium,Dunedin,New Zealand,"-45.869252, 170.524323","Gardner, Angus",Australia,338,2269509656,ball_recycled,2026-02-13T07:15:42+00:00,54,53:34,home,Highlanders,76,18,2,,,,,,,,,,,,,,
super_rugby_2026_highlanders_vs_crusaders_65866090.json,sr:sport_event:65866090,2026-02-13T06:05:00+00:00,Super Rugby,sr:competition:422,Super Rugby 2026,sr:season:137092,2026,league,regular season,1,Super Rugby Pacific 2026,Highlanders,sr:competitor:4182,HIG,Crusaders,sr:competitor:4181,CRU,Forsyth Barr Stadium,Dunedin,New Zealand,"-45.869252, 170.524323","Gardner, Angus",Australia,339,2269509714,substitution,2026-02-13T07:15:51+00:00,54,53:43,away,Crusaders,,,2,,,,,,,,,,sr:player:2800877,"Shalfoon, Antonio",sr:player:2735452,"Cahill, Tahlor","[{""id"": ""sr:player:2800877"", ""name"": ""Shalfoon, Antonio"", ""type"": ""substituted_out""}, {""id"": ""sr:player:2735452"", ""name"": ""Cahill, Tahlor"", ""type"": ""substituted_in""}]"
super_rugby_2026_highlanders_vs_crusaders_65866090.json,sr:sport_event:65866090,2026-02-13T06:05:00+00:00,Super Rugby,sr:competition:422,Super Rugby 2026,sr:season:137092,2026,league,regular season,1,Super Rugby Pacific 2026,Highlanders,sr:competitor:4182,HIG,Crusaders,sr:competitor:4181,CRU,Forsyth Barr Stadium,Dunedin,New Zealand,"-45.869252, 170.524323","Gardner, Angus",Australia,340,2269509728,ball_recycled,2026-02-13T07:15:54+00:00,54,53:46,home,Highlanders,76,19,2,,,,,,,,,,,,,,
super_rugby_2026_highlanders_vs_crusaders_65866090.json,sr:sport_event:65866090,2026-02-13T06:05:00+00:00,Super Rugby,sr:competition:422,Super Rugby 2026,sr:season:137092,2026,league,regular season,1,Super Rugby Pacific 2026,Highlanders,sr:competitor:4182,HIG,Crusaders,sr:competitor:4181,CRU,Forsyth Barr Stadium,Dunedin,New Zealand,"-45.869252, 170.524323","Gardner, Angus",Australia,341,2269509754,ball_recycled,2026-02-13T07:16:00+00:00,54,53:53,home,Highlanders,76,29,2,,,,,,,,,,,,,,
super_rugby_2026_highlanders_vs_crusaders_65866090.json,sr:sport_event:65866090,2026-02-13T06:05:00+00:00,Super Rugby,sr:competition:422,Super Rugby 2026,sr:season:137092,2026,league,regular season,1,Super Rugby Pacific 2026,Highlanders,sr:competitor:4182,HIG,Crusaders,sr:competitor:4181,CRU,Forsyth Barr Stadium,Dunedin,New Zealand,"-45.869252, 170.524323","Gardner, Angus",Australia,342,2269509844,ball_recycled,2026-02-13T07:16:12+00:00,55,54:05,home,Highlanders,75,16,2,,,,,,,,,,,,,,
super_rugby_2026_highlanders_vs_crusaders_65866090.json,sr:sport_event:65866090,2026-02-13T06:05:00+00:00,Super Rugby,sr:competition:422,Super Rugby 2026,sr:season:137092,2026,league,regular season,1,Super Rugby Pacific 2026,Highlanders,sr:competitor:4182,HIG,Crusaders,sr:competitor:4181,CRU,Forsyth Barr Stadium,Dunedin,New Zealand,"-45.869252, 170.524323","Gardner, Angus",Australia,343,2269509878,ball_recycled,2026-02-13T07:16:20+00:00,55,54:12,home,Highlanders,76,5,2,,,,,,,,,,,,,,
super_rugby_2026_highlanders_vs_crusaders_65866090.json,sr:sport_event:65866090,2026-02-13T06:05:00+00:00,Super Rugby,sr:competition:422,Super Rugby 2026,sr:season:137092,2026,league,regular season,1,Super Rugby Pacific 2026,Highlanders,sr:competitor:4182,HIG,Crusaders,sr:competitor:4181,CRU,Forsyth Barr Stadium,Dunedin,New Zealand,"-45.869252, 170.524323","Gardner, Angus",Australia,344,2269509940,ball_recycled,2026-02-13T07:16:32+00:00,55,54:25,home,Highlanders,72,33,2,,,,,,,,,,,,,,
super_rugby_2026_highlanders_vs_crusaders_65866090.json,sr:sport_event:65866090,2026-02-13T06:05:00+00:00,Super Rugby,sr:competition:422,Super Rugby 2026,sr:season:137092,2026,league,regular season,1,Super Rugby Pacific 2026,Highlanders,sr:competitor:4182,HIG,Crusaders,sr:competitor:4181,CRU,Forsyth Barr Stadium,Dunedin,New Zealand,"-45.869252, 170.524323","Gardner, Angus",Australia,345,2269509948,ball_recycled,2026-02-13T07:16:34+00:00,55,54:27,home,Highlanders,75,26,2,,,,,,,,,,,,,,
super_rugby_2026_highlanders_vs_crusaders_65866090.json,sr:sport_event:65866090,2026-02-13T06:05:00+00:00,Super Rugby,sr:competition:422,Super Rugby 2026,sr:season:137092,2026,league,regular season,1,Super Rugby Pacific 2026,Highlanders,sr:competitor:4182,HIG,Crusaders,sr:competitor:4181,CRU,Forsyth Barr Stadium,Dunedin,New Zealand,"-45.869252, 170.524323","Gardner, Angus",Australia,346,2269509974,turnover,2026-02-13T07:16:41+00:00,55,54:33,away,Crusaders,73,28,2,,,,,,,,,,,,,,
super_rugby_2026_highlanders_vs_crusaders_65866090.json,sr:sport_event:65866090,2026-02-13T06:05:00+00:00,Super Rugby,sr:competition:422,Super Rugby 2026,sr:season:137092,2026,league,regular season,1,Super Rugby Pacific 2026,Highlanders,sr:competitor:4182,HIG,Crusaders,sr:competitor:4181,CRU,Forsyth Barr Stadium,Dunedin,New Zealand,"-45.869252, 170.524323","Gardner, Angus",Australia,347,2269510026,ball_kicked,2026-02-13T07:16:47+00:00,55,54:40,away,Crusaders,75,35,2,,,,,,,,,,,,,,
super_rugby_2026_highlanders_vs_crusaders_65866090.json,sr:sport_event:65866090,2026-02-13T06:05:00+00:00,Super Rugby,sr:competition:422,Super Rugby 2026,sr:season:137092,2026,league,regular season,1,Super Rugby Pacific 2026,Highlanders,sr:competitor:4182,HIG,Crusaders,sr:competitor:4181,CRU,Forsyth Barr Stadium,Dunedin,New Zealand,"-45.869252, 170.524323","Gardner, Angus",Australia,348,2269510074,ball_kicked,2026-02-13T07:16:56+00:00,55,54:49,home,Highlanders,18,55,2,,,,,,,,,,,,,,
super_rugby_2026_highlanders_vs_crusaders_65866090.json,sr:sport_event:65866090,2026-02-13T06:05:00+00:00,Super Rugby,sr:competition:422,Super Rugby 2026,sr:season:137092,2026,league,regular season,1,Super Rugby Pacific 2026,Highlanders,sr:competitor:4182,HIG,Crusaders,sr:competitor:4181,CRU,Forsyth Barr Stadium,Dunedin,New Zealand,"-45.869252, 170.524323","Gardner, Angus",Australia,349,2269510088,line_out,2026-02-13T07:17:00+00:00,55,54:53,away,Crusaders,35,72,2,,,,,,,,,,,,,,
super_rugby_2026_highlanders_vs_crusaders_65866090.json,sr:sport_event:65866090,2026-02-13T06:05:00+00:00,Super Rugby,sr:competition:422,Super Rugby 2026,sr:season:137092,2026,league,regular season,1,Super Rugby Pacific 2026,Highlanders,sr:competitor:4182,HIG,Crusaders,sr:competitor:4181,CRU,Forsyth Barr Stadium,Dunedin,New Zealand,"-45.869252, 170.524323","Gardner, Angus",Australia,350,2269510256,line_out_won,2026-02-13T07:17:31+00:00,56,55:24,away,Crusaders,37,53,2,,,,,,,,,,,,,,
super_rugby_2026_highlanders_vs_crusaders_65866090.json,sr:sport_event:65866090,2026-02-13T06:05:00+00:00,Super Rugby,sr:competition:422,Super Rugby 2026,sr:season:137092,2026,league,regular season,1,Super Rugby Pacific 2026,Highlanders,sr:competitor:4182,HIG,Crusaders,sr:competitor:4181,CRU,Forsyth Barr Stadium,Dunedin,New Zealand,"-45.869252, 170.524323","Gardner, Angus",Australia,351,2269510280,ball_recycled,2026-02-13T07:17:35+00:00,56,55:27,away,Crusaders,39,30,2,,,,,,,,,,,,,,
super_rugby_2026_highlanders_vs_crusaders_65866090.json,sr:sport_event:65866090,2026-02-13T06:05:00+00:00,Super Rugby,sr:competition:422,Super Rugby 2026,sr:season:137092,2026,league,regular season,1,Super Rugby Pacific 2026,Highlanders,sr:competitor:4182,HIG,Crusaders,sr:competitor:4181,CRU,Forsyth Barr Stadium,Dunedin,New Zealand,"-45.869252, 170.524323","Gardner, Angus",Australia,352,2269510298,ball_recycled,2026-02-13T07:17:41+00:00,56,55:34,away,Crusaders,38,21,2,,,,,,,,,,,,,,
super_rugby_2026_highlanders_vs_crusaders_65866090.json,sr:sport_event:65866090,2026-02-13T06:05:00+00:00,Super Rugby,sr:competition:422,Super Rugby 2026,sr:season:137092,2026,league,regular season,1,Super Rugby Pacific 2026,Highlanders,sr:competitor:4182,HIG,Crusaders,sr:competitor:4181,CRU,Forsyth Barr Stadium,Dunedin,New Zealand,"-45.869252, 170.524323","Gardner, Angus",Australia,353,2269510334,ball_recycled,2026-02-13T07:17:46+00:00,56,55:39,away,Crusaders,27,10,2,,,,,,,,,,,,,,
super_rugby_2026_highlanders_vs_crusaders_65866090.json,sr:sport_event:65866090,2026-02-13T06:05:00+00:00,Super Rugby,sr:competition:422,Super Rugby 2026,sr:season:137092,2026,league,regular season,1,Super Rugby Pacific 2026,Highlanders,sr:competitor:4182,HIG,Crusaders,sr:competitor:4181,CRU,Forsyth Barr Stadium,Dunedin,New Zealand,"-45.869252, 170.524323","Gardner, Angus",Australia,354,2269510180,substitution,2026-02-13T07:17:17+00:00,56,55:44,away,Crusaders,,,2,,,,,,,,,,sr:player:763098,"Havili, David",sr:player:1257790,"Jordan, Will","[{""id"": ""sr:player:763098"", ""name"": ""Havili, David"", ""type"": ""substituted_out""}, {""id"": ""sr:player:1257790"", ""name"": ""Jordan, Will"", ""type"": ""substituted_in""}]"
super_rugby_2026_highlanders_vs_crusaders_65866090.json,sr:sport_event:65866090,2026-02-13T06:05:00+00:00,Super Rugby,sr:competition:422,Super Rugby 2026,sr:season:137092,2026,league,regular season,1,Super Rugby Pacific 2026,Highlanders,sr:competitor:4182,HIG,Crusaders,sr:competitor:4181,CRU,Forsyth Barr Stadium,Dunedin,New Zealand,"-45.869252, 170.524323","Gardner, Angus",Australia,355,2269510384,ball_recycled,2026-02-13T07:17:55+00:00,56,55:47,away,Crusaders,33,19,2,,,,,,,,,,,,,,
super_rugby_2026_highlanders_vs_crusaders_65866090.json,sr:sport_event:65866090,2026-02-13T06:05:00+00:00,Super Rugby,sr:competition:422,Super Rugby 2026,sr:season:137092,2026,league,regular season,1,Super Rugby Pacific 2026,Highlanders,sr:competitor:4182,HIG,Crusaders,sr:competitor:4181,CRU,Forsyth Barr Stadium,Dunedin,New Zealand,"-45.869252, 170.524323","Gardner, Angus",Australia,356,2269510430,ball_recycled,2026-02-13T07:18:05+00:00,56,55:58,away,Crusaders,27,12,2,,,,,,,,,,,,,,
super_rugby_2026_highlanders_vs_crusaders_65866090.json,sr:sport_event:65866090,2026-02-13T06:05:00+00:00,Super Rugby,sr:competition:422,Super Rugby 2026,sr:season:137092,2026,league,regular season,1,Super Rugby Pacific 2026,Highlanders,sr:competitor:4182,HIG,Crusaders,sr:competitor:4181,CRU,Forsyth Barr Stadium,Dunedin,New Zealand,"-45.869252, 170.524323","Gardner, Angus",Australia,357,2269510480,ball_kicked,2026-02-13T07:18:12+00:00,57,56:05,away,Crusaders,29,12,2,,,,,,,,,,,,,,
super_rugby_2026_highlanders_vs_crusaders_65866090.json,sr:sport_event:65866090,2026-02-13T06:05:00+00:00,Super Rugby,sr:competition:422,Super Rugby 2026,sr:season:137092,2026,league,regular season,1,Super Rugby Pacific 2026,Highlanders,sr:competitor:4182,HIG,Crusaders,sr:competitor:4181,CRU,Forsyth Barr Stadium,Dunedin,New Zealand,"-45.869252, 170.524323","Gardner, Angus",Australia,358,2269510500,turnover,2026-02-13T07:18:15+00:00,57,56:07,away,Crusaders,26,7,2,,,,,,,,,,,,,,
super_rugby_2026_highlanders_vs_crusaders_65866090.json,sr:sport_event:65866090,2026-02-13T06:05:00+00:00,Super Rugby,sr:competition:422,Super Rugby 2026,sr:season:137092,2026,league,regular season,1,Super Rugby Pacific 2026,Highlanders,sr:competitor:4182,HIG,Crusaders,sr:competitor:4181,CRU,Forsyth Barr Stadium,Dunedin,New Zealand,"-45.869252, 170.524323","Gardner, Angus",Australia,359,2269510606,ball_recycled,2026-02-13T07:18:34+00:00,57,56:26,away,Crusaders,19,9,2,,,,,,,,,,,,,,
super_rugby_2026_highlanders_vs_crusaders_65866090.json,sr:sport_event:65866090,2026-02-13T06:05:00+00:00,Super Rugby,sr:competition:422,Super Rugby 2026,sr:season:137092,2026,league,regular season,1,Super Rugby Pacific 2026,Highlanders,sr:competitor:4182,HIG,Crusaders,sr:competitor:4181,CRU,Forsyth Barr Stadium,Dunedin,New Zealand,"-45.869252, 170.524323","Gardner, Angus",Australia,360,2269510646,substitution,2026-02-13T07:18:40+00:00,57,56:33,away,Crusaders,,,2,,,,,,,,,,sr:player:2735452,"Cahill, Tahlor",sr:player:2800877,"Shalfoon, Antonio","[{""id"": ""sr:player:2735452"", ""name"": ""Cahill, Tahlor"", ""type"": ""substituted_out""}, {""id"": ""sr:player:2800877"", ""name"": ""Shalfoon, Antonio"", ""type"": ""substituted_in""}]"
super_rugby_2026_highlanders_vs_crusaders_65866090.json,sr:sport_event:65866090,2026-02-13T06:05:00+00:00,Super Rugby,sr:competition:422,Super Rugby 2026,sr:season:137092,2026,league,regular season,1,Super Rugby Pacific 2026,Highlanders,sr:competitor:4182,HIG,Crusaders,sr:competitor:4181,CRU,Forsyth Barr Stadium,Dunedin,New Zealand,"-45.869252, 170.524323","Gardner, Angus",Australia,361,2269510658,ball_recycled,2026-02-13T07:18:46+00:00,57,56:39,away,Crusaders,15,10,2,,,,,,,,,,,,,,
super_rugby_2026_highlanders_vs_crusaders_65866090.json,sr:sport_event:65866090,2026-02-13T06:05:00+00:00,Super Rugby,sr:competition:422,Super Rugby 2026,sr:season:137092,2026,league,regular season,1,Super Rugby Pacific 2026,Highlanders,sr:competitor:4182,HIG,Crusaders,sr:competitor:4181,CRU,Forsyth Barr Stadium,Dunedin,New Zealand,"-45.869252, 170.524323","Gardner, Angus",Australia,362,2269510674,ball_recycled,2026-02-13T07:18:49+00:00,57,56:41,away,Crusaders,15,10,2,,,,,,,,,,,,,,
super_rugby_2026_highlanders_vs_crusaders_65866090.json,sr:sport_event:65866090,2026-02-13T06:05:00+00:00,Super Rugby,sr:competition:422,Super Rugby 2026,sr:season:137092,2026,league,regular season,1,Super Rugby Pacific 2026,Highlanders,sr:competitor:4182,HIG,Crusaders,sr:competitor:4181,CRU,Forsyth Barr Stadium,Dunedin,New Zealand,"-45.869252, 170.524323","Gardner, Angus",Australia,363,2269510706,turnover,2026-02-13T07:18:56+00:00,57,56:49,home,Highlanders,15,10,2,,,,,,,,,,,,,,
super_rugby_2026_highlanders_vs_crusaders_65866090.json,sr:sport_event:65866090,2026-02-13T06:05:00+00:00,Super Rugby,sr:competition:422,Super Rugby 2026,sr:season:137092,2026,league,regular season,1,Super Rugby Pacific 2026,Highlanders,sr:competitor:4182,HIG,Crusaders,sr:competitor:4181,CRU,Forsyth Barr Stadium,Dunedin,New Zealand,"-45.869252, 170.524323","Gardner, Angus",Australia,364,2269510798,substitution,2026-02-13T07:19:16+00:00,57,56:56,home,Highlanders,,,2,,,,,,,,,,sr:player:1651681,"Fakatava, Folau",sr:player:2962073,"Lennox, Adam","[{""id"": ""sr:player:1651681"", ""name"": ""Fakatava, Folau"", ""type"": ""substituted_out""}, {""id"": ""sr:player:2962073"", ""name"": ""Lennox, Adam"", ""type"": ""substituted_in""}]"
super_rugby_2026_highlanders_vs_crusaders_65866090.json,sr:sport_event:65866090,2026-02-13T06:05:00+00:00,Super Rugby,sr:competition:422,Super Rugby 2026,sr:season:137092,2026,league,regular season,1,Super Rugby Pacific 2026,Highlanders,sr:competitor:4182,HIG,Crusaders,sr:competitor:4181,CRU,Forsyth Barr Stadium,Dunedin,New Zealand,"-45.869252, 170.524323","Gardner, Angus",Australia,365,2269510878,substitution,2026-02-13T07:19:32+00:00,57,56:56,home,Highlanders,,,2,,,,,,,,,,sr:player:902066,"Lowe, Jonah",sr:player:1256658,"Telea, Tanielu","[{""id"": ""sr:player:902066"", ""name"": ""Lowe, Jonah"", ""type"": ""substituted_out""}, {""id"": ""sr:player:1256658"", ""name"": ""Telea, Tanielu"", ""type"": ""substituted_in""}]"
super_rugby_2026_highlanders_vs_crusaders_65866090.json,sr:sport_event:65866090,2026-02-13T06:05:00+00:00,Super Rugby,sr:competition:422,Super Rugby 2026,sr:season:137092,2026,league,regular season,1,Super Rugby Pacific 2026,Highlanders,sr:competitor:4182,HIG,Crusaders,sr:competitor:4181,CRU,Forsyth Barr Stadium,Dunedin,New Zealand,"-45.869252, 170.524323","Gardner, Angus",Australia,366,2269510892,substitution,2026-02-13T07:19:37+00:00,57,56:56,home,Highlanders,,,2,,,,,,,,,,sr:player:2739147,"Haig, Oliver",sr:player:2786975,"Stodart, Will","[{""id"": ""sr:player:2739147"", ""name"": ""Haig, Oliver"", ""type"": ""substituted_out""}, {""id"": ""sr:player:2786975"", ""name"": ""Stodart, Will"", ""type"": ""substituted_in""}]"
super_rugby_2026_highlanders_vs_crusaders_65866090.json,sr:sport_event:65866090,2026-02-13T06:05:00+00:00,Super Rugby,sr:competition:422,Super Rugby 2026,sr:season:137092,2026,league,regular season,1,Super Rugby Pacific 2026,Highlanders,sr:competitor:4182,HIG,Crusaders,sr:competitor:4181,CRU,Forsyth Barr Stadium,Dunedin,New Zealand,"-45.869252, 170.524323","Gardner, Angus",Australia,367,2269510934,substitution,2026-02-13T07:19:49+00:00,57,56:56,away,Crusaders,,,2,,,,,,,,,,sr:player:2533069,"Hotham, Noah",sr:player:2911933,"Preston, Kyle","[{""id"": ""sr:player:2533069"", ""name"": ""Hotham, Noah"", ""type"": ""substituted_out""}, {""id"": ""sr:player:2911933"", ""name"": ""Preston, Kyle"", ""type"": ""substituted_in""}]"
super_rugby_2026_highlanders_vs_crusaders_65866090.json,sr:sport_event:65866090,2026-02-13T06:05:00+00:00,Super Rugby,sr:competition:422,Super Rugby 2026,sr:season:137092,2026,league,regular season,1,Super Rugby Pacific 2026,Highlanders,sr:competitor:4182,HIG,Crusaders,sr:competitor:4181,CRU,Forsyth Barr Stadium,Dunedin,New Zealand,"-45.869252, 170.524323","Gardner, Angus",Australia,368,2269511066,scrum,2026-02-13T07:20:18+00:00,58,57:02,home,Highlanders,14,8,2,,,,,,,,,,,,,,
super_rugby_2026_highlanders_vs_crusaders_65866090.json,sr:sport_event:65866090,2026-02-13T06:05:00+00:00,Super Rugby,sr:competition:422,Super Rugby 2026,sr:season:137092,2026,league,regular season,1,Super Rugby Pacific 2026,Highlanders,sr:competitor:4182,HIG,Crusaders,sr:competitor:4181,CRU,Forsyth Barr Stadium,Dunedin,New Zealand,"-45.869252, 170.524323","Gardner, Angus",Australia,369,2269511086,scrum_won,2026-02-13T07:20:20+00:00,58,57:03,away,Crusaders,14,8,2,,,,,,,,,,,,,,
super_rugby_2026_highlanders_vs_crusaders_65866090.json,sr:sport_event:65866090,2026-02-13T06:05:00+00:00,Super Rugby,sr:competition:422,Super Rugby 2026,sr:season:137092,2026,league,regular season,1,Super Rugby Pacific 2026,Highlanders,sr:competitor:4182,HIG,Crusaders,sr:competitor:4181,CRU,Forsyth Barr Stadium,Dunedin,New Zealand,"-45.869252, 170.524323","Gardner, Angus",Australia,370,2269511088,penalty_awarded,2026-02-13T07:20:20+00:00,58,57:03,away,Crusaders,14,8,2,,,,,,,,,,,,,,
super_rugby_2026_highlanders_vs_crusaders_65866090.json,sr:sport_event:65866090,2026-02-13T06:05:00+00:00,Super Rugby,sr:competition:422,Super Rugby 2026,sr:season:137092,2026,league,regular season,1,Super Rugby Pacific 2026,Highlanders,sr:competitor:4182,HIG,Crusaders,sr:competitor:4181,CRU,Forsyth Barr Stadium,Dunedin,New Zealand,"-45.869252, 170.524323","Gardner, Angus",Australia,371,2269511214,kick_to_touch,2026-02-13T07:20:37+00:00,58,57:21,away,Crusaders,14,8,2,,,,,,,,,,,,,,
super_rugby_2026_highlanders_vs_crusaders_65866090.json,sr:sport_event:65866090,2026-02-13T06:05:00+00:00,Super Rugby,sr:competition:422,Super Rugby 2026,sr:season:137092,2026,league,regular season,1,Super Rugby Pacific 2026,Highlanders,sr:competitor:4182,HIG,Crusaders,sr:competitor:4181,CRU,Forsyth Barr Stadium,Dunedin,New Zealand,"-45.869252, 170.524323","Gardner, Angus",Australia,372,2269511216,line_out,2026-02-13T07:20:39+00:00,58,57:23,away,Crusaders,13,-2,2,,,,,,,,,,,,,,
super_rugby_2026_highlanders_vs_crusaders_65866090.json,sr:sport_event:65866090,2026-02-13T06:05:00+00:00,Super Rugby,sr:competition:422,Super Rugby 2026,sr:season:137092,2026,league,regular season,1,Super Rugby Pacific 2026,Highlanders,sr:competitor:4182,HIG,Crusaders,sr:competitor:4181,CRU,Forsyth Barr Stadium,Dunedin,New Zealand,"-45.869252, 170.524323","Gardner, Angus",Australia,373,2269511300,substitution,2026-02-13T07:20:53+00:00,58,57:27,home,Highlanders,,,2,,,,,,,,,,sr:player:2582463,"Taylor, Jack",sr:player:396222,"Bell, Henry","[{""id"": ""sr:player:2582463"", ""name"": ""Taylor, Jack"", ""type"": ""substituted_out""}, {""id"": ""sr:player:396222"", ""name"": ""Bell, Henry"", ""type"": ""substituted_in""}]"
super_rugby_2026_highlanders_vs_crusaders_65866090.json,sr:sport_event:65866090,2026-02-13T06:05:00+00:00,Super Rugby,sr:competition:422,Super Rugby 2026,sr:season:137092,2026,league,regular season,1,Super Rugby Pacific 2026,Highlanders,sr:competitor:4182,HIG,Crusaders,sr:competitor:4181,CRU,Forsyth Barr Stadium,Dunedin,New Zealand,"-45.869252, 170.524323","Gardner, Angus",Australia,374,2269511302,substitution,2026-02-13T07:20:53+00:00,58,57:27,home,Highlanders,,,2,,,,,,,,,,sr:player:3155650,"Casey, Lucas",sr:player:2771885,"Lasaqa, Veveni","[{""id"": ""sr:player:3155650"", ""name"": ""Casey, Lucas"", ""type"": ""substituted_out""}, {""id"": ""sr:player:2771885"", ""name"": ""Lasaqa, Veveni"", ""type"": ""substituted_in""}]"
super_rugby_2026_highlanders_vs_crusaders_65866090.json,sr:sport_event:65866090,2026-02-13T06:05:00+00:00,Super Rugby,sr:competition:422,Super Rugby 2026,sr:season:137092,2026,league,regular season,1,Super Rugby Pacific 2026,Highlanders,sr:competitor:4182,HIG,Crusaders,sr:competitor:4181,CRU,Forsyth Barr Stadium,Dunedin,New Zealand,"-45.869252, 170.524323","Gardner, Angus",Australia,375,2269511810,line_out_won,2026-02-13T07:22:39+00:00,59,58:15,away,Crusaders,14,10,2,,,,,,,,,,,,,,
super_rugby_2026_highlanders_vs_crusaders_65866090.json,sr:sport_event:65866090,2026-02-13T06:05:00+00:00,Super Rugby,sr:competition:422,Super Rugby 2026,sr:season:137092,2026,league,regular season,1,Super Rugby Pacific 2026,Highlanders,sr:competitor:4182,HIG,Crusaders,sr:competitor:4181,CRU,Forsyth Barr Stadium,Dunedin,New Zealand,"-45.869252, 170.524323","Gardner, Angus",Australia,376,2269511814,ball_recycled,2026-02-13T07:22:42+00:00,59,58:19,away,Crusaders,14,10,2,,,,,,,,,,,,,,
super_rugby_2026_highlanders_vs_crusaders_65866090.json,sr:sport_event:65866090,2026-02-13T06:05:00+00:00,Super Rugby,sr:competition:422,Super Rugby 2026,sr:season:137092,2026,league,regular season,1,Super Rugby Pacific 2026,Highlanders,sr:competitor:4182,HIG,Crusaders,sr:competitor:4181,CRU,Forsyth Barr Stadium,Dunedin,New Zealand,"-45.869252, 170.524323","Gardner, Angus",Australia,377,2269511938,ball_recycled,2026-02-13T07:23:02+00:00,59,58:38,away,Crusaders,9,12,2,,,,,,,,,,,,,,
super_rugby_2026_highlanders_vs_crusaders_65866090.json,sr:sport_event:65866090,2026-02-13T06:05:00+00:00,Super Rugby,sr:competition:422,Super Rugby 2026,sr:season:137092,2026,league,regular season,1,Super Rugby Pacific 2026,Highlanders,sr:competitor:4182,HIG,Crusaders,sr:competitor:4181,CRU,Forsyth Barr Stadium,Dunedin,New Zealand,"-45.869252, 170.524323","Gardner, Angus",Australia,378,2269512056,penalty_awarded,2026-02-13T07:23:24+00:00,60,59:01,away,Crusaders,10,10,2,,,,,,,,,,,,,,
super_rugby_2026_highlanders_vs_crusaders_65866090.json,sr:sport_event:65866090,2026-02-13T06:05:00+00:00,Super Rugby,sr:competition:422,Super Rugby 2026,sr:season:137092,2026,league,regular season,1,Super Rugby Pacific 2026,Highlanders,sr:competitor:4182,HIG,Crusaders,sr:competitor:4181,CRU,Forsyth Barr Stadium,Dunedin,New Zealand,"-45.869252, 170.524323","Gardner, Angus",Australia,379,2269512250,scrum,2026-02-13T07:23:54+00:00,60,59:31,away,Crusaders,10,10,2,,,,,,,,,,,,,,
super_rugby_2026_highlanders_vs_crusaders_65866090.json,sr:sport_event:65866090,2026-02-13T06:05:00+00:00,Super Rugby,sr:competition:422,Super Rugby 2026,sr:season:137092,2026,league,regular season,1,Super Rugby Pacific 2026,Highlanders,sr:competitor:4182,HIG,Crusaders,sr:competitor:4181,CRU,Forsyth Barr Stadium,Dunedin,New Zealand,"-45.869252, 170.524323","Gardner, Angus",Australia,380,2269512464,scrum_reset,2026-02-13T07:24:32+00:00,61,60:09,away,Crusaders,10,10,2,,,,,,,,,,,,,,
super_rugby_2026_highlanders_vs_crusaders_65866090.json,sr:sport_event:65866090,2026-02-13T06:05:00+00:00,Super Rugby,sr:competition:422,Super Rugby 2026,sr:season:137092,2026,league,regular season,1,Super Rugby Pacific 2026,Highlanders,sr:competitor:4182,HIG,Crusaders,sr:competitor:4181,CRU,Forsyth Barr Stadium,Dunedin,New Zealand,"-45.869252, 170.524323","Gardner, Angus",Australia,381,2269512668,scrum_won,2026-02-13T07:25:11+00:00,61,60:48,away,Crusaders,10,10,2,,,,,,,,,,,,,,
super_rugby_2026_highlanders_vs_crusaders_65866090.json,sr:sport_event:65866090,2026-02-13T06:05:00+00:00,Super Rugby,sr:competition:422,Super Rugby 2026,sr:season:137092,2026,league,regular season,1,Super Rugby Pacific 2026,Highlanders,sr:competitor:4182,HIG,Crusaders,sr:competitor:4181,CRU,Forsyth Barr Stadium,Dunedin,New Zealand,"-45.869252, 170.524323","Gardner, Angus",Australia,382,2269512748,score_change,2026-02-13T07:25:28+00:00,62,61:05,away,Crusaders,10,10,2,,,22,18,try,,,sr:player:1257790,"Jordan, Will",,,,,"[{""id"": ""sr:player:1257790"", ""name"": ""Jordan, Will"", ""type"": ""scorer""}]"
super_rugby_2026_highlanders_vs_crusaders_65866090.json,sr:sport_event:65866090,2026-02-13T06:05:00+00:00,Super Rugby,sr:competition:422,Super Rugby 2026,sr:season:137092,2026,league,regular season,1,Super Rugby Pacific 2026,Highlanders,sr:competitor:4182,HIG,Crusaders,sr:competitor:4181,CRU,Forsyth Barr Stadium,Dunedin,New Zealand,"-45.869252, 170.524323","Gardner, Angus",Australia,383,2269512948,score_change,2026-02-13T07:26:09+00:00,62,61:45,away,Crusaders,55,35,2,,,22,20,conversion,,,sr:player:2533071,"Kemara, Taha",,,,,"[{""id"": ""sr:player:2533071"", ""name"": ""Kemara, Taha"", ""type"": ""scorer""}]"
super_rugby_2026_highlanders_vs_crusaders_65866090.json,sr:sport_event:65866090,2026-02-13T06:05:00+00:00,Super Rugby,sr:competition:422,Super Rugby 2026,sr:season:137092,2026,league,regular season,1,Super Rugby Pacific 2026,Highlanders,sr:competitor:4182,HIG,Crusaders,sr:competitor:4181,CRU,Forsyth Barr Stadium,Dunedin,New Zealand,"-45.869252, 170.524323","Gardner, Angus",Australia,384,2269513218,ball_kicked,2026-02-13T07:26:50+00:00,63,62:27,home,Highlanders,54,32,2,,,,,,,,,,,,,,
super_rugby_2026_highlanders_vs_crusaders_65866090.json,sr:sport_event:65866090,2026-02-13T06:05:00+00:00,Super Rugby,sr:competition:422,Super Rugby 2026,sr:season:137092,2026,league,regular season,1,Super Rugby Pacific 2026,Highlanders,sr:competitor:4182,HIG,Crusaders,sr:competitor:4181,CRU,Forsyth Barr Stadium,Dunedin,New Zealand,"-45.869252, 170.524323","Gardner, Angus",Australia,385,2269513220,ball_recycled,2026-02-13T07:26:52+00:00,63,62:29,away,Crusaders,87,55,2,,,,,,,,,,,,,,
super_rugby_2026_highlanders_vs_crusaders_65866090.json,sr:sport_event:65866090,2026-02-13T06:05:00+00:00,Super Rugby,sr:competition:422,Super Rugby 2026,sr:season:137092,2026,league,regular season,1,Super Rugby Pacific 2026,Highlanders,sr:competitor:4182,HIG,Crusaders,sr:competitor:4181,CRU,Forsyth Barr Stadium,Dunedin,New Zealand,"-45.869252, 170.524323","Gardner, Angus",Australia,386,2269513232,ball_recycled,2026-02-13T07:26:54+00:00,63,62:31,away,Crusaders,85,47,2,,,,,,,,,,,,,,
super_rugby_2026_highlanders_vs_crusaders_65866090.json,sr:sport_event:65866090,2026-02-13T06:05:00+00:00,Super Rugby,sr:competition:422,Super Rugby 2026,sr:season:137092,2026,league,regular season,1,Super Rugby Pacific 2026,Highlanders,sr:competitor:4182,HIG,Crusaders,sr:competitor:4181,CRU,Forsyth Barr Stadium,Dunedin,New Zealand,"-45.869252, 170.524323","Gardner, Angus",Australia,387,2269513258,ball_kicked,2026-02-13T07:27:02+00:00,63,62:39,away,Crusaders,87,44,2,,,,,,,,,,,,,,
super_rugby_2026_highlanders_vs_crusaders_65866090.json,sr:sport_event:65866090,2026-02-13T06:05:00+00:00,Super Rugby,sr:competition:422,Super Rugby 2026,sr:season:137092,2026,league,regular season,1,Super Rugby Pacific 2026,Highlanders,sr:competitor:4182,HIG,Crusaders,sr:competitor:4181,CRU,Forsyth Barr Stadium,Dunedin,New Zealand,"-45.869252, 170.524323","Gardner, Angus",Australia,388,2269513292,line_out,2026-02-13T07:27:10+00:00,63,62:47,home,Highlanders,56,71,2,,,,,,,,,,,,,,
super_rugby_2026_highlanders_vs_crusaders_65866090.json,sr:sport_event:65866090,2026-02-13T06:05:00+00:00,Super Rugby,sr:competition:422,Super Rugby 2026,sr:season:137092,2026,league,regular season,1,Super Rugby Pacific 2026,Highlanders,sr:competitor:4182,HIG,Crusaders,sr:competitor:4181,CRU,Forsyth Barr Stadium,Dunedin,New Zealand,"-45.869252, 170.524323","Gardner, Angus",Australia,389,2269513414,line_out_won,2026-02-13T07:27:34+00:00,64,63:10,away,Crusaders,56,71,2,,,,,,,,,,,,,,
super_rugby_2026_highlanders_vs_crusaders_65866090.json,sr:sport_event:65866090,2026-02-13T06:05:00+00:00,Super Rugby,sr:competition:422,Super Rugby 2026,sr:season:137092,2026,league,regular season,1,Super Rugby Pacific 2026,Highlanders,sr:competitor:4182,HIG,Crusaders,sr:competitor:4181,CRU,Forsyth Barr Stadium,Dunedin,New Zealand,"-45.869252, 170.524323","Gardner, Angus",Australia,390,2269513434,ball_recycled,2026-02-13T07:27:39+00:00,64,63:15,away,Crusaders,63,55,2,,,,,,,,,,,,,,
super_rugby_2026_highlanders_vs_crusaders_65866090.json,sr:sport_event:65866090,2026-02-13T06:05:00+00:00,Super Rugby,sr:competition:422,Super Rugby 2026,sr:season:137092,2026,league,regular season,1,Super Rugby Pacific 2026,Highlanders,sr:competitor:4182,HIG,Crusaders,sr:competitor:4181,CRU,Forsyth Barr Stadium,Dunedin,New Zealand,"-45.869252, 170.524323","Gardner, Angus",Australia,391,2269513468,ball_recycled,2026-02-13T07:27:44+00:00,64,63:21,away,Crusaders,62,47,2,,,,,,,,,,,,,,
super_rugby_2026_highlanders_vs_crusaders_65866090.json,sr:sport_event:65866090,2026-02-13T06:05:00+00:00,Super Rugby,sr:competition:422,Super Rugby 2026,sr:season:137092,2026,league,regular season,1,Super Rugby Pacific 2026,Highlanders,sr:competitor:4182,HIG,Crusaders,sr:competitor:4181,CRU,Forsyth Barr Stadium,Dunedin,New Zealand,"-45.869252, 170.524323","Gardner, Angus",Australia,392,2269513548,ball_kicked,2026-02-13T07:27:57+00:00,64,63:34,away,Crusaders,62,45,2,,,,,,,,,,,,,,
super_rugby_2026_highlanders_vs_crusaders_65866090.json,sr:sport_event:65866090,2026-02-13T06:05:00+00:00,Super Rugby,sr:competition:422,Super Rugby 2026,sr:season:137092,2026,league,regular season,1,Super Rugby Pacific 2026,Highlanders,sr:competitor:4182,HIG,Crusaders,sr:competitor:4181,CRU,Forsyth Barr Stadium,Dunedin,New Zealand,"-45.869252, 170.524323","Gardner, Angus",Australia,393,2269513562,ball_recycled,2026-02-13T07:28:01+00:00,64,63:37,home,Highlanders,52,50,2,,,,,,,,,,,,,,
super_rugby_2026_highlanders_vs_crusaders_65866090.json,sr:sport_event:65866090,2026-02-13T06:05:00+00:00,Super Rugby,sr:competition:422,Super Rugby 2026,sr:season:137092,2026,league,regular season,1,Super Rugby Pacific 2026,Highlanders,sr:competitor:4182,HIG,Crusaders,sr:competitor:4181,CRU,Forsyth Barr Stadium,Dunedin,New Zealand,"-45.869252, 170.524323","Gardner, Angus",Australia,394,2269513610,penalty_awarded,2026-02-13T07:28:06+00:00,64,63:43,home,Highlanders,51,47,2,,,,,,,,,,,,,,
super_rugby_2026_highlanders_vs_crusaders_65866090.json,sr:sport_event:65866090,2026-02-13T06:05:00+00:00,Super Rugby,sr:competition:422,Super Rugby 2026,sr:season:137092,2026,league,regular season,1,Super Rugby Pacific 2026,Highlanders,sr:competitor:4182,HIG,Crusaders,sr:competitor:4181,CRU,Forsyth Barr Stadium,Dunedin,New Zealand,"-45.869252, 170.524323","Gardner, Angus",Australia,395,2269513724,kick_to_touch,2026-02-13T07:28:24+00:00,65,64:01,home,Highlanders,51,47,2,,,,,,,,,,,,,,
super_rugby_2026_highlanders_vs_crusaders_65866090.json,sr:sport_event:65866090,2026-02-13T06:05:00+00:00,Super Rugby,sr:competition:422,Super Rugby 2026,sr:season:137092,2026,league,regular season,1,Super Rugby Pacific 2026,Highlanders,sr:competitor:4182,HIG,Crusaders,sr:competitor:4181,CRU,Forsyth Barr Stadium,Dunedin,New Zealand,"-45.869252, 170.524323","Gardner, Angus",Australia,396,2269513932,substitution,2026-02-13T07:29:03+00:00,65,64:19,away,Crusaders,,,2,,,,,,,,,,sr:player:2911933,"Preston, Kyle",sr:player:2533069,"Hotham, Noah","[{""id"": ""sr:player:2911933"", ""name"": ""Preston, Kyle"", ""type"": ""substituted_out""}, {""id"": ""sr:player:2533069"", ""name"": ""Hotham, Noah"", ""type"": ""substituted_in""}]"
super_rugby_2026_highlanders_vs_crusaders_65866090.json,sr:sport_event:65866090,2026-02-13T06:05:00+00:00,Super Rugby,sr:competition:422,Super Rugby 2026,sr:season:137092,2026,league,regular season,1,Super Rugby Pacific 2026,Highlanders,sr:competitor:4182,HIG,Crusaders,sr:competitor:4181,CRU,Forsyth Barr Stadium,Dunedin,New Zealand,"-45.869252, 170.524323","Gardner, Angus",Australia,397,2269513952,line_out,2026-02-13T07:29:09+00:00,65,64:22,home,Highlanders,81,72,2,,,,,,,,,,,,,,
super_rugby_2026_highlanders_vs_crusaders_65866090.json,sr:sport_event:65866090,2026-02-13T06:05:00+00:00,Super Rugby,sr:competition:422,Super Rugby 2026,sr:season:137092,2026,league,regular season,1,Super Rugby Pacific 2026,Highlanders,sr:competitor:4182,HIG,Crusaders,sr:competitor:4181,CRU,Forsyth Barr Stadium,Dunedin,New Zealand,"-45.869252, 170.524323","Gardner, Angus",Australia,398,2269513974,line_out_won,2026-02-13T07:29:12+00:00,65,64:25,home,Highlanders,81,72,2,,,,,,,,,,,,,,
super_rugby_2026_highlanders_vs_crusaders_65866090.json,sr:sport_event:65866090,2026-02-13T06:05:00+00:00,Super Rugby,sr:competition:422,Super Rugby 2026,sr:season:137092,2026,league,regular season,1,Super Rugby Pacific 2026,Highlanders,sr:competitor:4182,HIG,Crusaders,sr:competitor:4181,CRU,Forsyth Barr Stadium,Dunedin,New Zealand,"-45.869252, 170.524323","Gardner, Angus",Australia,399,2269513976,ball_recycled,2026-02-13T07:29:14+00:00,65,64:28,home,Highlanders,87,45,2,,,,,,,,,,,,,,
super_rugby_2026_highlanders_vs_crusaders_65866090.json,sr:sport_event:65866090,2026-02-13T06:05:00+00:00,Super Rugby,sr:competition:422,Super Rugby 2026,sr:season:137092,2026,league,regular season,1,Super Rugby Pacific 2026,Highlanders,sr:competitor:4182,HIG,Crusaders,sr:competitor:4181,CRU,Forsyth Barr Stadium,Dunedin,New Zealand,"-45.869252, 170.524323","Gardner, Angus",Australia,400,2269514002,ball_recycled,2026-02-13T07:29:19+00:00,65,64:32,home,Highlanders,87,28,2,,,,,,,,,,,,,,
super_rugby_2026_highlanders_vs_crusaders_65866090.json,sr:sport_event:65866090,2026-02-13T06:05:00+00:00,Super Rugby,sr:competition:422,Super Rugby 2026,sr:season:137092,2026,league,regular season,1,Super Rugby Pacific 2026,Highlanders,sr:competitor:4182,HIG,Crusaders,sr:competitor:4181,CRU,Forsyth Barr Stadium,Dunedin,New Zealand,"-45.869252, 170.524323","Gardner, Angus",Australia,401,2269514016,ball_recycled,2026-02-13T07:29:24+00:00,65,64:38,home,Highlanders,91,19,2,,,,,,,,,,,,,,
super_rugby_2026_highlanders_vs_crusaders_65866090.json,sr:sport_event:65866090,2026-02-13T06:05:00+00:00,Super Rugby,sr:competition:422,Super Rugby 2026,sr:season:137092,2026,league,regular season,1,Super Rugby Pacific 2026,Highlanders,sr:competitor:4182,HIG,Crusaders,sr:competitor:4181,CRU,Forsyth Barr Stadium,Dunedin,New Zealand,"-45.869252, 170.524323","Gardner, Angus",Australia,402,2269514076,ball_recycled,2026-02-13T07:29:31+00:00,65,64:44,home,Highlanders,93,12,2,,,,,,,,,,,,,,
super_rugby_2026_highlanders_vs_crusaders_65866090.json,sr:sport_event:65866090,2026-02-13T06:05:00+00:00,Super Rugby,sr:competition:422,Super Rugby 2026,sr:season:137092,2026,league,regular season,1,Super Rugby Pacific 2026,Highlanders,sr:competitor:4182,HIG,Crusaders,sr:competitor:4181,CRU,Forsyth Barr Stadium,Dunedin,New Zealand,"-45.869252, 170.524323","Gardner, Angus",Australia,403,2269514128,ball_recycled,2026-02-13T07:29:42+00:00,65,64:55,home,Highlanders,93,18,2,,,,,,,,,,,,,,
super_rugby_2026_highlanders_vs_crusaders_65866090.json,sr:sport_event:65866090,2026-02-13T06:05:00+00:00,Super Rugby,sr:competition:422,Super Rugby 2026,sr:season:137092,2026,league,regular season,1,Super Rugby Pacific 2026,Highlanders,sr:competitor:4182,HIG,Crusaders,sr:competitor:4181,CRU,Forsyth Barr Stadium,Dunedin,New Zealand,"-45.869252, 170.524323","Gardner, Angus",Australia,404,2269514158,ball_recycled,2026-02-13T07:29:47+00:00,66,65:01,home,Highlanders,87,35,2,,,,,,,,,,,,,,
super_rugby_2026_highlanders_vs_crusaders_65866090.json,sr:sport_event:65866090,2026-02-13T06:05:00+00:00,Super Rugby,sr:competition:422,Super Rugby 2026,sr:season:137092,2026,league,regular season,1,Super Rugby Pacific 2026,Highlanders,sr:competitor:4182,HIG,Crusaders,sr:competitor:4181,CRU,Forsyth Barr Stadium,Dunedin,New Zealand,"-45.869252, 170.524323","Gardner, Angus",Australia,405,2269514198,ball_recycled,2026-02-13T07:29:54+00:00,66,65:07,home,Highlanders,87,44,2,,,,,,,,,,,,,,
super_rugby_2026_highlanders_vs_crusaders_65866090.json,sr:sport_event:65866090,2026-02-13T06:05:00+00:00,Super Rugby,sr:competition:422,Super Rugby 2026,sr:season:137092,2026,league,regular season,1,Super Rugby Pacific 2026,Highlanders,sr:competitor:4182,HIG,Crusaders,sr:competitor:4181,CRU,Forsyth Barr Stadium,Dunedin,New Zealand,"-45.869252, 170.524323","Gardner, Angus",Australia,406,2269514212,ball_recycled,2026-02-13T07:29:58+00:00,66,65:11,home,Highlanders,92,51,2,,,,,,,,,,,,,,
super_rugby_2026_highlanders_vs_crusaders_65866090.json,sr:sport_event:65866090,2026-02-13T06:05:00+00:00,Super Rugby,sr:competition:422,Super Rugby 2026,sr:season:137092,2026,league,regular season,1,Super Rugby Pacific 2026,Highlanders,sr:competitor:4182,HIG,Crusaders,sr:competitor:4181,CRU,Forsyth Barr Stadium,Dunedin,New Zealand,"-45.869252, 170.524323","Gardner, Angus",Australia,407,2269514278,ball_recycled,2026-02-13T07:30:04+00:00,66,65:18,home,Highlanders,92,58,2,,,,,,,,,,,,,,
super_rugby_2026_highlanders_vs_crusaders_65866090.json,sr:sport_event:65866090,2026-02-13T06:05:00+00:00,Super Rugby,sr:competition:422,Super Rugby 2026,sr:season:137092,2026,league,regular season,1,Super Rugby Pacific 2026,Highlanders,sr:competitor:4182,HIG,Crusaders,sr:competitor:4181,CRU,Forsyth Barr Stadium,Dunedin,New Zealand,"-45.869252, 170.524323","Gardner, Angus",Australia,408,2269514410,ball_recycled,2026-02-13T07:30:12+00:00,66,65:25,home,Highlanders,88,43,2,,,,,,,,,,,,,,
super_rugby_2026_highlanders_vs_crusaders_65866090.json,sr:sport_event:65866090,2026-02-13T06:05:00+00:00,Super Rugby,sr:competition:422,Super Rugby 2026,sr:season:137092,2026,league,regular season,1,Super Rugby Pacific 2026,Highlanders,sr:competitor:4182,HIG,Crusaders,sr:competitor:4181,CRU,Forsyth Barr Stadium,Dunedin,New Zealand,"-45.869252, 170.524323","Gardner, Angus",Australia,409,2269514468,ball_recycled,2026-02-13T07:30:17+00:00,66,65:30,home,Highlanders,89,32,2,,,,,,,,,,,,,,
super_rugby_2026_highlanders_vs_crusaders_65866090.json,sr:sport_event:65866090,2026-02-13T06:05:00+00:00,Super Rugby,sr:competition:422,Super Rugby 2026,sr:season:137092,2026,league,regular season,1,Super Rugby Pacific 2026,Highlanders,sr:competitor:4182,HIG,Crusaders,sr:competitor:4181,CRU,Forsyth Barr Stadium,Dunedin,New Zealand,"-45.869252, 170.524323","Gardner, Angus",Australia,410,2269514548,ball_kicked,2026-02-13T07:30:29+00:00,66,65:43,home,Highlanders,91,15,2,,,,,,,,,,,,,,
super_rugby_2026_highlanders_vs_crusaders_65866090.json,sr:sport_event:65866090,2026-02-13T06:05:00+00:00,Super Rugby,sr:competition:422,Super Rugby 2026,sr:season:137092,2026,league,regular season,1,Super Rugby Pacific 2026,Highlanders,sr:competitor:4182,HIG,Crusaders,sr:competitor:4181,CRU,Forsyth Barr Stadium,Dunedin,New Zealand,"-45.869252, 170.524323","Gardner, Angus",Australia,411,2269514580,tap_and_go,2026-02-13T07:30:34+00:00,66,65:48,away,Crusaders,91,20,2,,,,,,,,,,,,,,
super_rugby_2026_highlanders_vs_crusaders_65866090.json,sr:sport_event:65866090,2026-02-13T06:05:00+00:00,Super Rugby,sr:competition:422,Super Rugby 2026,sr:season:137092,2026,league,regular season,1,Super Rugby Pacific 2026,Highlanders,sr:competitor:4182,HIG,Crusaders,sr:competitor:4181,CRU,Forsyth Barr Stadium,Dunedin,New Zealand,"-45.869252, 170.524323","Gardner, Angus",Australia,412,2269514616,ball_kicked,2026-02-13T07:30:39+00:00,66,65:53,away,Crusaders,35,22,2,,,,,,,,,,,,,,
super_rugby_2026_highlanders_vs_crusaders_65866090.json,sr:sport_event:65866090,2026-02-13T06:05:00+00:00,Super Rugby,sr:competition:422,Super Rugby 2026,sr:season:137092,2026,league,regular season,1,Super Rugby Pacific 2026,Highlanders,sr:competitor:4182,HIG,Crusaders,sr:competitor:4181,CRU,Forsyth Barr Stadium,Dunedin,New Zealand,"-45.869252, 170.524323","Gardner, Angus",Australia,413,2269514866,ball_kicked,2026-02-13T07:31:13+00:00,67,66:27,home,Highlanders,39,30,2,,,,,,,,,,,,,,
super_rugby_2026_highlanders_vs_crusaders_65866090.json,sr:sport_event:65866090,2026-02-13T06:05:00+00:00,Super Rugby,sr:competition:422,Super Rugby 2026,sr:season:137092,2026,league,regular season,1,Super Rugby Pacific 2026,Highlanders,sr:competitor:4182,HIG,Crusaders,sr:competitor:4181,CRU,Forsyth Barr Stadium,Dunedin,New Zealand,"-45.869252, 170.524323","Gardner, Angus",Australia,414,2269514908,ball_recycled,2026-02-13T07:31:20+00:00,67,66:34,away,Crusaders,47,41,2,,,,,,,,,,,,,,
super_rugby_2026_highlanders_vs_crusaders_65866090.json,sr:sport_event:65866090,2026-02-13T06:05:00+00:00,Super Rugby,sr:competition:422,Super Rugby 2026,sr:season:137092,2026,league,regular season,1,Super Rugby Pacific 2026,Highlanders,sr:competitor:4182,HIG,Crusaders,sr:competitor:4181,CRU,Forsyth Barr Stadium,Dunedin,New Zealand,"-45.869252, 170.524323","Gardner, Angus",Australia,415,2269514932,turnover,2026-02-13T07:31:24+00:00,67,66:37,home,Highlanders,46,40,2,,,,,,,,,,,,,,
super_rugby_2026_highlanders_vs_crusaders_65866090.json,sr:sport_event:65866090,2026-02-13T06:05:00+00:00,Super Rugby,sr:competition:422,Super Rugby 2026,sr:season:137092,2026,league,regular season,1,Super Rugby Pacific 2026,Highlanders,sr:competitor:4182,HIG,Crusaders,sr:competitor:4181,CRU,Forsyth Barr Stadium,Dunedin,New Zealand,"-45.869252, 170.524323","Gardner, Angus",Australia,416,2269515002,ball_recycled,2026-02-13T07:31:33+00:00,67,66:47,home,Highlanders,31,38,2,,,,,,,,,,,,,,
super_rugby_2026_highlanders_vs_crusaders_65866090.json,sr:sport_event:65866090,2026-02-13T06:05:00+00:00,Super Rugby,sr:competition:422,Super Rugby 2026,sr:season:137092,2026,league,regular season,1,Super Rugby Pacific 2026,Highlanders,sr:competitor:4182,HIG,Crusaders,sr:competitor:4181,CRU,Forsyth Barr Stadium,Dunedin,New Zealand,"-45.869252, 170.524323","Gardner, Angus",Australia,417,2269515072,ball_recycled,2026-02-13T07:31:43+00:00,67,66:56,home,Highlanders,25,9,2,,,,,,,,,,,,,,
super_rugby_2026_highlanders_vs_crusaders_65866090.json,sr:sport_event:65866090,2026-02-13T06:05:00+00:00,Super Rugby,sr:competition:422,Super Rugby 2026,sr:season:137092,2026,league,regular season,1,Super Rugby Pacific 2026,Highlanders,sr:competitor:4182,HIG,Crusaders,sr:competitor:4181,CRU,Forsyth Barr Stadium,Dunedin,New Zealand,"-45.869252, 170.524323","Gardner, Angus",Australia,418,2269515116,ball_kicked,2026-02-13T07:31:46+00:00,67,67:00,home,Highlanders,35,6,2,,,,,,,,,,,,,,
super_rugby_2026_highlanders_vs_crusaders_65866090.json,sr:sport_event:65866090,2026-02-13T06:05:00+00:00,Super Rugby,sr:competition:422,Super Rugby 2026,sr:season:137092,2026,league,regular season,1,Super Rugby Pacific 2026,Highlanders,sr:competitor:4182,HIG,Crusaders,sr:competitor:4181,CRU,Forsyth Barr Stadium,Dunedin,New Zealand,"-45.869252, 170.524323","Gardner, Angus",Australia,419,2269515146,ball_recycled,2026-02-13T07:31:51+00:00,68,67:04,away,Crusaders,76,5,2,,,,,,,,,,,,,,
super_rugby_2026_highlanders_vs_crusaders_65866090.json,sr:sport_event:65866090,2026-02-13T06:05:00+00:00,Super Rugby,sr:competition:422,Super Rugby 2026,sr:season:137092,2026,league,regular season,1,Super Rugby Pacific 2026,Highlanders,sr:competitor:4182,HIG,Crusaders,sr:competitor:4181,CRU,Forsyth Barr Stadium,Dunedin,New Zealand,"-45.869252, 170.524323","Gardner, Angus",Australia,420,2269515166,ball_recycled,2026-02-13T07:31:53+00:00,68,67:07,away,Crusaders,81,25,2,,,,,,,,,,,,,,
super_rugby_2026_highlanders_vs_crusaders_65866090.json,sr:sport_event:65866090,2026-02-13T06:05:00+00:00,Super Rugby,sr:competition:422,Super Rugby 2026,sr:season:137092,2026,league,regular season,1,Super Rugby Pacific 2026,Highlanders,sr:competitor:4182,HIG,Crusaders,sr:competitor:4181,CRU,Forsyth Barr Stadium,Dunedin,New Zealand,"-45.869252, 170.524323","Gardner, Angus",Australia,421,2269515214,ball_kicked,2026-02-13T07:31:58+00:00,68,67:11,away,Crusaders,75,24,2,,,,,,,,,,,,,,
super_rugby_2026_highlanders_vs_crusaders_65866090.json,sr:sport_event:65866090,2026-02-13T06:05:00+00:00,Super Rugby,sr:competition:422,Super Rugby 2026,sr:season:137092,2026,league,regular season,1,Super Rugby Pacific 2026,Highlanders,sr:competitor:4182,HIG,Crusaders,sr:competitor:4181,CRU,Forsyth Barr Stadium,Dunedin,New Zealand,"-45.869252, 170.524323","Gardner, Angus",Australia,422,2269515232,ball_recycled,2026-02-13T07:32:00+00:00,68,67:13,home,Highlanders,31,16,2,,,,,,,,,,,,,,
super_rugby_2026_highlanders_vs_crusaders_65866090.json,sr:sport_event:65866090,2026-02-13T06:05:00+00:00,Super Rugby,sr:competition:422,Super Rugby 2026,sr:season:137092,2026,league,regular season,1,Super Rugby Pacific 2026,Highlanders,sr:competitor:4182,HIG,Crusaders,sr:competitor:4181,CRU,Forsyth Barr Stadium,Dunedin,New Zealand,"-45.869252, 170.524323","Gardner, Angus",Australia,423,2269515286,ball_kicked,2026-02-13T07:32:06+00:00,68,67:19,home,Highlanders,35,31,2,,,,,,,,,,,,,,
super_rugby_2026_highlanders_vs_crusaders_65866090.json,sr:sport_event:65866090,2026-02-13T06:05:00+00:00,Super Rugby,sr:competition:422,Super Rugby 2026,sr:season:137092,2026,league,regular season,1,Super Rugby Pacific 2026,Highlanders,sr:competitor:4182,HIG,Crusaders,sr:competitor:4181,CRU,Forsyth Barr Stadium,Dunedin,New Zealand,"-45.869252, 170.524323","Gardner, Angus",Australia,424,2269515304,ball_kicked,2026-02-13T07:32:10+00:00,68,67:24,away,Crusaders,81,33,2,,,,,,,,,,,,,,
super_rugby_2026_highlanders_vs_crusaders_65866090.json,sr:sport_event:65866090,2026-02-13T06:05:00+00:00,Super Rugby,sr:competition:422,Super Rugby 2026,sr:season:137092,2026,league,regular season,1,Super Rugby Pacific 2026,Highlanders,sr:competitor:4182,HIG,Crusaders,sr:competitor:4181,CRU,Forsyth Barr Stadium,Dunedin,New Zealand,"-45.869252, 170.524323","Gardner, Angus",Australia,425,2269515330,ball_recycled,2026-02-13T07:32:14+00:00,68,67:27,home,Highlanders,35,14,2,,,,,,,,,,,,,,
super_rugby_2026_highlanders_vs_crusaders_65866090.json,sr:sport_event:65866090,2026-02-13T06:05:00+00:00,Super Rugby,sr:competition:422,Super Rugby 2026,sr:season:137092,2026,league,regular season,1,Super Rugby Pacific 2026,Highlanders,sr:competitor:4182,HIG,Crusaders,sr:competitor:4181,CRU,Forsyth Barr Stadium,Dunedin,New Zealand,"-45.869252, 170.524323","Gardner, Angus",Australia,426,2269515364,ball_kicked,2026-02-13T07:32:20+00:00,68,67:33,home,Highlanders,37,35,2,,,,,,,,,,,,,,
super_rugby_2026_highlanders_vs_crusaders_65866090.json,sr:sport_event:65866090,2026-02-13T06:05:00+00:00,Super Rugby,sr:competition:422,Super Rugby 2026,sr:season:137092,2026,league,regular season,1,Super Rugby Pacific 2026,Highlanders,sr:competitor:4182,HIG,Crusaders,sr:competitor:4181,CRU,Forsyth Barr Stadium,Dunedin,New Zealand,"-45.869252, 170.524323","Gardner, Angus",Australia,427,2269515376,ball_recycled,2026-02-13T07:32:22+00:00,68,67:36,away,Crusaders,83,32,2,,,,,,,,,,,,,,
super_rugby_2026_highlanders_vs_crusaders_65866090.json,sr:sport_event:65866090,2026-02-13T06:05:00+00:00,Super Rugby,sr:competition:422,Super Rugby 2026,sr:season:137092,2026,league,regular season,1,Super Rugby Pacific 2026,Highlanders,sr:competitor:4182,HIG,Crusaders,sr:competitor:4181,CRU,Forsyth Barr Stadium,Dunedin,New Zealand,"-45.869252, 170.524323","Gardner, Angus",Australia,428,2269515396,ball_kicked,2026-02-13T07:32:27+00:00,68,67:40,away,Crusaders,72,28,2,,,,,,,,,,,,,,
super_rugby_2026_highlanders_vs_crusaders_65866090.json,sr:sport_event:65866090,2026-02-13T06:05:00+00:00,Super Rugby,sr:competition:422,Super Rugby 2026,sr:season:137092,2026,league,regular season,1,Super Rugby Pacific 2026,Highlanders,sr:competitor:4182,HIG,Crusaders,sr:competitor:4181,CRU,Forsyth Barr Stadium,Dunedin,New Zealand,"-45.869252, 170.524323","Gardner, Angus",Australia,429,2269515430,ball_recycled,2026-02-13T07:32:31+00:00,68,67:45,home,Highlanders,25,19,2,,,,,,,,,,,,,,
super_rugby_2026_highlanders_vs_crusaders_65866090.json,sr:sport_event:65866090,2026-02-13T06:05:00+00:00,Super Rugby,sr:competition:422,Super Rugby 2026,sr:season:137092,2026,league,regular season,1,Super Rugby Pacific 2026,Highlanders,sr:competitor:4182,HIG,Crusaders,sr:competitor:4181,CRU,Forsyth Barr Stadium,Dunedin,New Zealand,"-45.869252, 170.524323","Gardner, Angus",Australia,430,2269515456,ball_kicked,2026-02-13T07:32:34+00:00,68,67:48,home,Highlanders,51,17,2,,,,,,,,,,,,,,
super_rugby_2026_highlanders_vs_crusaders_65866090.json,sr:sport_event:65866090,2026-02-13T06:05:00+00:00,Super Rugby,sr:competition:422,Super Rugby 2026,sr:season:137092,2026,league,regular season,1,Super Rugby Pacific 2026,Highlanders,sr:competitor:4182,HIG,Crusaders,sr:competitor:4181,CRU,Forsyth Barr Stadium,Dunedin,New Zealand,"-45.869252, 170.524323","Gardner, Angus",Australia,431,2269515468,ball_recycled,2026-02-13T07:32:36+00:00,68,67:50,away,Crusaders,77,13,2,,,,,,,,,,,,,,
super_rugby_2026_highlanders_vs_crusaders_65866090.json,sr:sport_event:65866090,2026-02-13T06:05:00+00:00,Super Rugby,sr:competition:422,Super Rugby 2026,sr:season:137092,2026,league,regular season,1,Super Rugby Pacific 2026,Highlanders,sr:competitor:4182,HIG,Crusaders,sr:competitor:4181,CRU,Forsyth Barr Stadium,Dunedin,New Zealand,"-45.869252, 170.524323","Gardner, Angus",Australia,432,2269515528,ball_kicked,2026-02-13T07:32:45+00:00,68,67:59,away,Crusaders,76,29,2,,,,,,,,,,,,,,
super_rugby_2026_highlanders_vs_crusaders_65866090.json,sr:sport_event:65866090,2026-02-13T06:05:00+00:00,Super Rugby,sr:competition:422,Super Rugby 2026,sr:season:137092,2026,league,regular season,1,Super Rugby Pacific 2026,Highlanders,sr:competitor:4182,HIG,Crusaders,sr:competitor:4181,CRU,Forsyth Barr Stadium,Dunedin,New Zealand,"-45.869252, 170.524323","Gardner, Angus",Australia,433,2269515554,turnover,2026-02-13T07:32:50+00:00,69,68:03,away,Crusaders,48,51,2,,,,,,,,,,,,,,
super_rugby_2026_highlanders_vs_crusaders_65866090.json,sr:sport_event:65866090,2026-02-13T06:05:00+00:00,Super Rugby,sr:competition:422,Super Rugby 2026,sr:season:137092,2026,league,regular season,1,Super Rugby Pacific 2026,Highlanders,sr:competitor:4182,HIG,Crusaders,sr:competitor:4181,CRU,Forsyth Barr Stadium,Dunedin,New Zealand,"-45.869252, 170.524323","Gardner, Angus",Australia,434,2269515584,ball_recycled,2026-02-13T07:32:56+00:00,69,68:10,away,Crusaders,50,30,2,,,,,,,,,,,,,,
super_rugby_2026_highlanders_vs_crusaders_65866090.json,sr:sport_event:65866090,2026-02-13T06:05:00+00:00,Super Rugby,sr:competition:422,Super Rugby 2026,sr:season:137092,2026,league,regular season,1,Super Rugby Pacific 2026,Highlanders,sr:competitor:4182,HIG,Crusaders,sr:competitor:4181,CRU,Forsyth Barr Stadium,Dunedin,New Zealand,"-45.869252, 170.524323","Gardner, Angus",Australia,435,2269515604,ball_recycled,2026-02-13T07:33:00+00:00,69,68:14,away,Crusaders,51,15,2,,,,,,,,,,,,,,
super_rugby_2026_highlanders_vs_crusaders_65866090.json,sr:sport_event:65866090,2026-02-13T06:05:00+00:00,Super Rugby,sr:competition:422,Super Rugby 2026,sr:season:137092,2026,league,regular season,1,Super Rugby Pacific 2026,Highlanders,sr:competitor:4182,HIG,Crusaders,sr:competitor:4181,CRU,Forsyth Barr Stadium,Dunedin,New Zealand,"-45.869252, 170.524323","Gardner, Angus",Australia,436,2269515616,ball_recycled,2026-02-13T07:33:02+00:00,69,68:16,away,Crusaders,42,11,2,,,,,,,,,,,,,,
super_rugby_2026_highlanders_vs_crusaders_65866090.json,sr:sport_event:65866090,2026-02-13T06:05:00+00:00,Super Rugby,sr:competition:422,Super Rugby 2026,sr:season:137092,2026,league,regular season,1,Super Rugby Pacific 2026,Highlanders,sr:competitor:4182,HIG,Crusaders,sr:competitor:4181,CRU,Forsyth Barr Stadium,Dunedin,New Zealand,"-45.869252, 170.524323","Gardner, Angus",Australia,437,2269515644,ball_recycled,2026-02-13T07:33:09+00:00,69,68:23,away,Crusaders,43,22,2,,,,,,,,,,,,,,
super_rugby_2026_highlanders_vs_crusaders_65866090.json,sr:sport_event:65866090,2026-02-13T06:05:00+00:00,Super Rugby,sr:competition:422,Super Rugby 2026,sr:season:137092,2026,league,regular season,1,Super Rugby Pacific 2026,Highlanders,sr:competitor:4182,HIG,Crusaders,sr:competitor:4181,CRU,Forsyth Barr Stadium,Dunedin,New Zealand,"-45.869252, 170.524323","Gardner, Angus",Australia,438,2269515692,ball_recycled,2026-02-13T07:33:16+00:00,69,68:30,away,Crusaders,46,35,2,,,,,,,,,,,,,,
super_rugby_2026_highlanders_vs_crusaders_65866090.json,sr:sport_event:65866090,2026-02-13T06:05:00+00:00,Super Rugby,sr:competition:422,Super Rugby 2026,sr:season:137092,2026,league,regular season,1,Super Rugby Pacific 2026,Highlanders,sr:competitor:4182,HIG,Crusaders,sr:competitor:4181,CRU,Forsyth Barr Stadium,Dunedin,New Zealand,"-45.869252, 170.524323","Gardner, Angus",Australia,439,2269515758,ball_recycled,2026-02-13T07:33:24+00:00,69,68:38,away,Crusaders,43,23,2,,,,,,,,,,,,,,
super_rugby_2026_highlanders_vs_crusaders_65866090.json,sr:sport_event:65866090,2026-02-13T06:05:00+00:00,Super Rugby,sr:competition:422,Super Rugby 2026,sr:season:137092,2026,league,regular season,1,Super Rugby Pacific 2026,Highlanders,sr:competitor:4182,HIG,Crusaders,sr:competitor:4181,CRU,Forsyth Barr Stadium,Dunedin,New Zealand,"-45.869252, 170.524323","Gardner, Angus",Australia,440,2269515820,ball_recycled,2026-02-13T07:33:31+00:00,69,68:44,away,Crusaders,48,34,2,,,,,,,,,,,,,,
super_rugby_2026_highlanders_vs_crusaders_65866090.json,sr:sport_event:65866090,2026-02-13T06:05:00+00:00,Super Rugby,sr:competition:422,Super Rugby 2026,sr:season:137092,2026,league,regular season,1,Super Rugby Pacific 2026,Highlanders,sr:competitor:4182,HIG,Crusaders,sr:competitor:4181,CRU,Forsyth Barr Stadium,Dunedin,New Zealand,"-45.869252, 170.524323","Gardner, Angus",Australia,441,2269515892,ball_recycled,2026-02-13T07:33:41+00:00,69,68:55,away,Crusaders,46,54,2,,,,,,,,,,,,,,
super_rugby_2026_highlanders_vs_crusaders_65866090.json,sr:sport_event:65866090,2026-02-13T06:05:00+00:00,Super Rugby,sr:competition:422,Super Rugby 2026,sr:season:137092,2026,league,regular season,1,Super Rugby Pacific 2026,Highlanders,sr:competitor:4182,HIG,Crusaders,sr:competitor:4181,CRU,Forsyth Barr Stadium,Dunedin,New Zealand,"-45.869252, 170.524323","Gardner, Angus",Australia,442,2269515916,ball_recycled,2026-02-13T07:33:44+00:00,69,68:57,away,Crusaders,39,53,2,,,,,,,,,,,,,,
super_rugby_2026_highlanders_vs_crusaders_65866090.json,sr:sport_event:65866090,2026-02-13T06:05:00+00:00,Super Rugby,sr:competition:422,Super Rugby 2026,sr:season:137092,2026,league,regular season,1,Super Rugby Pacific 2026,Highlanders,sr:competitor:4182,HIG,Crusaders,sr:competitor:4181,CRU,Forsyth Barr Stadium,Dunedin,New Zealand,"-45.869252, 170.524323","Gardner, Angus",Australia,443,2269515960,ball_kicked,2026-02-13T07:33:50+00:00,70,69:03,away,Crusaders,33,56,2,,,,,,,,,,,,,,
super_rugby_2026_highlanders_vs_crusaders_65866090.json,sr:sport_event:65866090,2026-02-13T06:05:00+00:00,Super Rugby,sr:competition:422,Super Rugby 2026,sr:season:137092,2026,league,regular season,1,Super Rugby Pacific 2026,Highlanders,sr:competitor:4182,HIG,Crusaders,sr:competitor:4181,CRU,Forsyth Barr Stadium,Dunedin,New Zealand,"-45.869252, 170.524323","Gardner, Angus",Australia,444,2269515968,line_out,2026-02-13T07:33:53+00:00,70,69:06,home,Highlanders,31,71,2,,,,,,,,,,,,,,
super_rugby_2026_highlanders_vs_crusaders_65866090.json,sr:sport_event:65866090,2026-02-13T06:05:00+00:00,Super Rugby,sr:competition:422,Super Rugby 2026,sr:season:137092,2026,league,regular season,1,Super Rugby Pacific 2026,Highlanders,sr:competitor:4182,HIG,Crusaders,sr:competitor:4181,CRU,Forsyth Barr Stadium,Dunedin,New Zealand,"-45.869252, 170.524323","Gardner, Angus",Australia,445,2269516134,substitution,2026-02-13T07:34:16+00:00,70,69:12,home,Highlanders,,,2,,,,,,,,,,sr:player:1260262,"Nareki, Jona",sr:player:2017935,"Pasitoa, Reesjan","[{""id"": ""sr:player:1260262"", ""name"": ""Nareki, Jona"", ""type"": ""substituted_out""}, {""id"": ""sr:player:2017935"", ""name"": ""Pasitoa, Reesjan"", ""type"": ""substituted_in""}]"
super_rugby_2026_highlanders_vs_crusaders_65866090.json,sr:sport_event:65866090,2026-02-13T06:05:00+00:00,Super Rugby,sr:competition:422,Super Rugby 2026,sr:season:137092,2026,league,regular season,1,Super Rugby Pacific 2026,Highlanders,sr:competitor:4182,HIG,Crusaders,sr:competitor:4181,CRU,Forsyth Barr Stadium,Dunedin,New Zealand,"-45.869252, 170.524323","Gardner, Angus",Australia,446,2269516388,line_out_won,2026-02-13T07:35:01+00:00,70,69:47,away,Crusaders,30,56,2,,,,,,,,,,,,,,
super_rugby_2026_highlanders_vs_crusaders_65866090.json,sr:sport_event:65866090,2026-02-13T06:05:00+00:00,Super Rugby,sr:competition:422,Super Rugby 2026,sr:season:137092,2026,league,regular season,1,Super Rugby Pacific 2026,Highlanders,sr:competitor:4182,HIG,Crusaders,sr:competitor:4181,CRU,Forsyth Barr Stadium,Dunedin,New Zealand,"-45.869252, 170.524323","Gardner, Angus",Australia,447,2269516414,ball_recycled,2026-02-13T07:35:03+00:00,70,69:49,away,Crusaders,23,50,2,,,,,,,,,,,,,,
super_rugby_2026_highlanders_vs_crusaders_65866090.json,sr:sport_event:65866090,2026-02-13T06:05:00+00:00,Super Rugby,sr:competition:422,Super Rugby 2026,sr:season:137092,2026,league,regular season,1,Super Rugby Pacific 2026,Highlanders,sr:competitor:4182,HIG,Crusaders,sr:competitor:4181,CRU,Forsyth Barr Stadium,Dunedin,New Zealand,"-45.869252, 170.524323","Gardner, Angus",Australia,448,2269516466,ball_recycled,2026-02-13T07:35:07+00:00,70,69:54,away,Crusaders,31,23,2,,,,,,,,,,,,,,
super_rugby_2026_highlanders_vs_crusaders_65866090.json,sr:sport_event:65866090,2026-02-13T06:05:00+00:00,Super Rugby,sr:competition:422,Super Rugby 2026,sr:season:137092,2026,league,regular season,1,Super Rugby Pacific 2026,Highlanders,sr:competitor:4182,HIG,Crusaders,sr:competitor:4181,CRU,Forsyth Barr Stadium,Dunedin,New Zealand,"-45.869252, 170.524323","Gardner, Angus",Australia,449,2269516500,ball_recycled,2026-02-13T07:35:13+00:00,70,70:00,away,Crusaders,33,26,2,,,,,,,,,,,,,,
super_rugby_2026_highlanders_vs_crusaders_65866090.json,sr:sport_event:65866090,2026-02-13T06:05:00+00:00,Super Rugby,sr:competition:422,Super Rugby 2026,sr:season:137092,2026,league,regular season,1,Super Rugby Pacific 2026,Highlanders,sr:competitor:4182,HIG,Crusaders,sr:competitor:4181,CRU,Forsyth Barr Stadium,Dunedin,New Zealand,"-45.869252, 170.524323","Gardner, Angus",Australia,450,2269516570,penalty_awarded,2026-02-13T07:35:25+00:00,71,70:12,away,Crusaders,34,23,2,,,,,,,,,,,,,,
super_rugby_2026_highlanders_vs_crusaders_65866090.json,sr:sport_event:65866090,2026-02-13T06:05:00+00:00,Super Rugby,sr:competition:422,Super Rugby 2026,sr:season:137092,2026,league,regular season,1,Super Rugby Pacific 2026,Highlanders,sr:competitor:4182,HIG,Crusaders,sr:competitor:4181,CRU,Forsyth Barr Stadium,Dunedin,New Zealand,"-45.869252, 170.524323","Gardner, Angus",Australia,451,2269516938,score_change,2026-02-13T07:36:22+00:00,72,71:09,away,Crusaders,34,23,2,,,22,23,penalty,,,sr:player:2533071,"Kemara, Taha",,,,,"[{""id"": ""sr:player:2533071"", ""name"": ""Kemara, Taha"", ""type"": ""scorer""}]"
super_rugby_2026_highlanders_vs_crusaders_65866090.json,sr:sport_event:65866090,2026-02-13T06:05:00+00:00,Super Rugby,sr:competition:422,Super Rugby 2026,sr:season:137092,2026,league,regular season,1,Super Rugby Pacific 2026,Highlanders,sr:competitor:4182,HIG,Crusaders,sr:competitor:4181,CRU,Forsyth Barr Stadium,Dunedin,New Zealand,"-45.869252, 170.524323","Gardner, Angus",Australia,452,2269517124,substitution,2026-02-13T07:36:43+00:00,72,71:22,away,Crusaders,,,2,,,,,,,,,,sr:player:1374489,"Blackadder, Ethan",sr:player:2735452,"Cahill, Tahlor","[{""id"": ""sr:player:1374489"", ""name"": ""Blackadder, Ethan"", ""type"": ""substituted_out""}, {""id"": ""sr:player:2735452"", ""name"": ""Cahill, Tahlor"", ""type"": ""substituted_in""}]"
super_rugby_2026_highlanders_vs_crusaders_65866090.json,sr:sport_event:65866090,2026-02-13T06:05:00+00:00,Super Rugby,sr:competition:422,Super Rugby 2026,sr:season:137092,2026,league,regular season,1,Super Rugby Pacific 2026,Highlanders,sr:competitor:4182,HIG,Crusaders,sr:competitor:4181,CRU,Forsyth Barr Stadium,Dunedin,New Zealand,"-45.869252, 170.524323","Gardner, Angus",Australia,453,2269517200,ball_kicked,2026-02-13T07:36:55+00:00,72,71:29,home,Highlanders,54,32,2,,,,,,,,,,,,,,
super_rugby_2026_highlanders_vs_crusaders_65866090.json,sr:sport_event:65866090,2026-02-13T06:05:00+00:00,Super Rugby,sr:competition:422,Super Rugby 2026,sr:season:137092,2026,league,regular season,1,Super Rugby Pacific 2026,Highlanders,sr:competitor:4182,HIG,Crusaders,sr:competitor:4181,CRU,Forsyth Barr Stadium,Dunedin,New Zealand,"-45.869252, 170.524323","Gardner, Angus",Australia,454,2269517210,ball_recycled,2026-02-13T07:36:57+00:00,72,71:31,away,Crusaders,85,57,2,,,,,,,,,,,,,,
super_rugby_2026_highlanders_vs_crusaders_65866090.json,sr:sport_event:65866090,2026-02-13T06:05:00+00:00,Super Rugby,sr:competition:422,Super Rugby 2026,sr:season:137092,2026,league,regular season,1,Super Rugby Pacific 2026,Highlanders,sr:competitor:4182,HIG,Crusaders,sr:competitor:4181,CRU,Forsyth Barr Stadium,Dunedin,New Zealand,"-45.869252, 170.524323","Gardner, Angus",Australia,455,2269517232,ball_recycled,2026-02-13T07:36:59+00:00,72,71:33,away,Crusaders,75,59,2,,,,,,,,,,,,,,
super_rugby_2026_highlanders_vs_crusaders_65866090.json,sr:sport_event:65866090,2026-02-13T06:05:00+00:00,Super Rugby,sr:competition:422,Super Rugby 2026,sr:season:137092,2026,league,regular season,1,Super Rugby Pacific 2026,Highlanders,sr:competitor:4182,HIG,Crusaders,sr:competitor:4181,CRU,Forsyth Barr Stadium,Dunedin,New Zealand,"-45.869252, 170.524323","Gardner, Angus",Australia,456,2269517282,ball_recycled,2026-02-13T07:37:08+00:00,72,71:42,away,Crusaders,75,49,2,,,,,,,,,,,,,,
super_rugby_2026_highlanders_vs_crusaders_65866090.json,sr:sport_event:65866090,2026-02-13T06:05:00+00:00,Super Rugby,sr:competition:422,Super Rugby 2026,sr:season:137092,2026,league,regular season,1,Super Rugby Pacific 2026,Highlanders,sr:competitor:4182,HIG,Crusaders,sr:competitor:4181,CRU,Forsyth Barr Stadium,Dunedin,New Zealand,"-45.869252, 170.524323","Gardner, Angus",Australia,457,2269517352,ball_kicked,2026-02-13T07:37:20+00:00,72,71:54,away,Crusaders,75,47,2,,,,,,,,,,,,,,
super_rugby_2026_highlanders_vs_crusaders_65866090.json,sr:sport_event:65866090,2026-02-13T06:05:00+00:00,Super Rugby,sr:competition:422,Super Rugby 2026,sr:season:137092,2026,league,regular season,1,Super Rugby Pacific 2026,Highlanders,sr:competitor:4182,HIG,Crusaders,sr:competitor:4181,CRU,Forsyth Barr Stadium,Dunedin,New Zealand,"-45.869252, 170.524323","Gardner, Angus",Australia,458,2269517374,ball_recycled,2026-02-13T07:37:24+00:00,72,71:57,home,Highlanders,63,57,2,,,,,,,,,,,,,,
super_rugby_2026_highlanders_vs_crusaders_65866090.json,sr:sport_event:65866090,2026-02-13T06:05:00+00:00,Super Rugby,sr:competition:422,Super Rugby 2026,sr:season:137092,2026,league,regular season,1,Super Rugby Pacific 2026,Highlanders,sr:competitor:4182,HIG,Crusaders,sr:competitor:4181,CRU,Forsyth Barr Stadium,Dunedin,New Zealand,"-45.869252, 170.524323","Gardner, Angus",Australia,459,2269517418,ball_recycled,2026-02-13T07:37:32+00:00,73,72:05,home,Highlanders,63,45,2,,,,,,,,,,,,,,
super_rugby_2026_highlanders_vs_crusaders_65866090.json,sr:sport_event:65866090,2026-02-13T06:05:00+00:00,Super Rugby,sr:competition:422,Super Rugby 2026,sr:season:137092,2026,league,regular season,1,Super Rugby Pacific 2026,Highlanders,sr:competitor:4182,HIG,Crusaders,sr:competitor:4181,CRU,Forsyth Barr Stadium,Dunedin,New Zealand,"-45.869252, 170.524323","Gardner, Angus",Australia,460,2269517494,ball_kicked,2026-02-13T07:37:45+00:00,73,72:19,home,Highlanders,62,44,2,,,,,,,,,,,,,,
super_rugby_2026_highlanders_vs_crusaders_65866090.json,sr:sport_event:65866090,2026-02-13T06:05:00+00:00,Super Rugby,sr:competition:422,Super Rugby 2026,sr:season:137092,2026,league,regular season,1,Super Rugby Pacific 2026,Highlanders,sr:competitor:4182,HIG,Crusaders,sr:competitor:4181,CRU,Forsyth Barr Stadium,Dunedin,New Zealand,"-45.869252, 170.524323","Gardner, Angus",Australia,461,2269517538,ball_recycled,2026-02-13T07:37:49+00:00,73,72:21,away,Crusaders,76,51,2,,,,,,,,,,,,,,
super_rugby_2026_highlanders_vs_crusaders_65866090.json,sr:sport_event:65866090,2026-02-13T06:05:00+00:00,Super Rugby,sr:competition:422,Super Rugby 2026,sr:season:137092,2026,league,regular season,1,Super Rugby Pacific 2026,Highlanders,sr:competitor:4182,HIG,Crusaders,sr:competitor:4181,CRU,Forsyth Barr Stadium,Dunedin,New Zealand,"-45.869252, 170.524323","Gardner, Angus",Australia,462,2269517558,ball_kicked,2026-02-13T07:37:52+00:00,73,72:25,away,Crusaders,87,48,2,,,,,,,,,,,,,,
super_rugby_2026_highlanders_vs_crusaders_65866090.json,sr:sport_event:65866090,2026-02-13T06:05:00+00:00,Super Rugby,sr:competition:422,Super Rugby 2026,sr:season:137092,2026,league,regular season,1,Super Rugby Pacific 2026,Highlanders,sr:competitor:4182,HIG,Crusaders,sr:competitor:4181,CRU,Forsyth Barr Stadium,Dunedin,New Zealand,"-45.869252, 170.524323","Gardner, Angus",Australia,463,2269517576,ball_recycled,2026-02-13T07:37:54+00:00,73,72:27,home,Highlanders,40,38,2,,,,,,,,,,,,,,
super_rugby_2026_highlanders_vs_crusaders_65866090.json,sr:sport_event:65866090,2026-02-13T06:05:00+00:00,Super Rugby,sr:competition:422,Super Rugby 2026,sr:season:137092,2026,league,regular season,1,Super Rugby Pacific 2026,Highlanders,sr:competitor:4182,HIG,Crusaders,sr:competitor:4181,CRU,Forsyth Barr Stadium,Dunedin,New Zealand,"-45.869252, 170.524323","Gardner, Angus",Australia,464,2269517604,ball_recycled,2026-02-13T07:37:57+00:00,73,72:31,home,Highlanders,47,19,2,,,,,,,,,,,,,,
super_rugby_2026_highlanders_vs_crusaders_65866090.json,sr:sport_event:65866090,2026-02-13T06:05:00+00:00,Super Rugby,sr:competition:422,Super Rugby 2026,sr:season:137092,2026,league,regular season,1,Super Rugby Pacific 2026,Highlanders,sr:competitor:4182,HIG,Crusaders,sr:competitor:4181,CRU,Forsyth Barr Stadium,Dunedin,New Zealand,"-45.869252, 170.524323","Gardner, Angus",Australia,465,2269517622,ball_recycled,2026-02-13T07:37:59+00:00,73,72:33,home,Highlanders,55,11,2,,,,,,,,,,,,,,
super_rugby_2026_highlanders_vs_crusaders_65866090.json,sr:sport_event:65866090,2026-02-13T06:05:00+00:00,Super Rugby,sr:competition:422,Super Rugby 2026,sr:season:137092,2026,league,regular season,1,Super Rugby Pacific 2026,Highlanders,sr:competitor:4182,HIG,Crusaders,sr:competitor:4181,CRU,Forsyth Barr Stadium,Dunedin,New Zealand,"-45.869252, 170.524323","Gardner, Angus",Australia,466,2269517744,ball_kicked,2026-02-13T07:38:18+00:00,73,72:51,home,Highlanders,58,21,2,,,,,,,,,,,,,,
super_rugby_2026_highlanders_vs_crusaders_65866090.json,sr:sport_event:65866090,2026-02-13T06:05:00+00:00,Super Rugby,sr:competition:422,Super Rugby 2026,sr:season:137092,2026,league,regular season,1,Super Rugby Pacific 2026,Highlanders,sr:competitor:4182,HIG,Crusaders,sr:competitor:4181,CRU,Forsyth Barr Stadium,Dunedin,New Zealand,"-45.869252, 170.524323","Gardner, Angus",Australia,467,2269517806,ball_kicked,2026-02-13T07:38:25+00:00,73,72:59,away,Crusaders,85,20,2,,,,,,,,,,,,,,
super_rugby_2026_highlanders_vs_crusaders_65866090.json,sr:sport_event:65866090,2026-02-13T06:05:00+00:00,Super Rugby,sr:competition:422,Super Rugby 2026,sr:season:137092,2026,league,regular season,1,Super Rugby Pacific 2026,Highlanders,sr:competitor:4182,HIG,Crusaders,sr:competitor:4181,CRU,Forsyth Barr Stadium,Dunedin,New Zealand,"-45.869252, 170.524323","Gardner, Angus",Australia,468,2269517848,ball_kicked,2026-02-13T07:38:31+00:00,74,73:04,away,Crusaders,39,5,2,,,,,,,,,,,,,,
super_rugby_2026_highlanders_vs_crusaders_65866090.json,sr:sport_event:65866090,2026-02-13T06:05:00+00:00,Super Rugby,sr:competition:422,Super Rugby 2026,sr:season:137092,2026,league,regular season,1,Super Rugby Pacific 2026,Highlanders,sr:competitor:4182,HIG,Crusaders,sr:competitor:4181,CRU,Forsyth Barr Stadium,Dunedin,New Zealand,"-45.869252, 170.524323","Gardner, Angus",Australia,469,2269517854,ball_recycled,2026-02-13T07:38:33+00:00,74,73:06,home,Highlanders,35,22,2,,,,,,,,,,,,,,
super_rugby_2026_highlanders_vs_crusaders_65866090.json,sr:sport_event:65866090,2026-02-13T06:05:00+00:00,Super Rugby,sr:competition:422,Super Rugby 2026,sr:season:137092,2026,league,regular season,1,Super Rugby Pacific 2026,Highlanders,sr:competitor:4182,HIG,Crusaders,sr:competitor:4181,CRU,Forsyth Barr Stadium,Dunedin,New Zealand,"-45.869252, 170.524323","Gardner, Angus",Australia,470,2269517872,ball_kicked,2026-02-13T07:38:37+00:00,74,73:11,home,Highlanders,39,23,2,,,,,,,,,,,,,,
super_rugby_2026_highlanders_vs_crusaders_65866090.json,sr:sport_event:65866090,2026-02-13T06:05:00+00:00,Super Rugby,sr:competition:422,Super Rugby 2026,sr:season:137092,2026,league,regular season,1,Super Rugby Pacific 2026,Highlanders,sr:competitor:4182,HIG,Crusaders,sr:competitor:4181,CRU,Forsyth Barr Stadium,Dunedin,New Zealand,"-45.869252, 170.524323","Gardner, Angus",Australia,471,2269517910,ball_recycled,2026-02-13T07:38:40+00:00,74,73:14,away,Crusaders,70,9,2,,,,,,,,,,,,,,
super_rugby_2026_highlanders_vs_crusaders_65866090.json,sr:sport_event:65866090,2026-02-13T06:05:00+00:00,Super Rugby,sr:competition:422,Super Rugby 2026,sr:season:137092,2026,league,regular season,1,Super Rugby Pacific 2026,Highlanders,sr:competitor:4182,HIG,Crusaders,sr:competitor:4181,CRU,Forsyth Barr Stadium,Dunedin,New Zealand,"-45.869252, 170.524323","Gardner, Angus",Australia,472,2269517932,ball_recycled,2026-02-13T07:38:43+00:00,74,73:17,away,Crusaders,62,13,2,,,,,,,,,,,,,,
super_rugby_2026_highlanders_vs_crusaders_65866090.json,sr:sport_event:65866090,2026-02-13T06:05:00+00:00,Super Rugby,sr:competition:422,Super Rugby 2026,sr:season:137092,2026,league,regular season,1,Super Rugby Pacific 2026,Highlanders,sr:competitor:4182,HIG,Crusaders,sr:competitor:4181,CRU,Forsyth Barr Stadium,Dunedin,New Zealand,"-45.869252, 170.524323","Gardner, Angus",Australia,473,2269517994,ball_recycled,2026-02-13T07:38:52+00:00,74,73:26,away,Crusaders,64,18,2,,,,,,,,,,,,,,
super_rugby_2026_highlanders_vs_crusaders_65866090.json,sr:sport_event:65866090,2026-02-13T06:05:00+00:00,Super Rugby,sr:competition:422,Super Rugby 2026,sr:season:137092,2026,league,regular season,1,Super Rugby Pacific 2026,Highlanders,sr:competitor:4182,HIG,Crusaders,sr:competitor:4181,CRU,Forsyth Barr Stadium,Dunedin,New Zealand,"-45.869252, 170.524323","Gardner, Angus",Australia,474,2269518116,ball_kicked,2026-02-13T07:39:09+00:00,74,73:43,away,Crusaders,67,18,2,,,,,,,,,,,,,,
super_rugby_2026_highlanders_vs_crusaders_65866090.json,sr:sport_event:65866090,2026-02-13T06:05:00+00:00,Super Rugby,sr:competition:422,Super Rugby 2026,sr:season:137092,2026,league,regular season,1,Super Rugby Pacific 2026,Highlanders,sr:competitor:4182,HIG,Crusaders,sr:competitor:4181,CRU,Forsyth Barr Stadium,Dunedin,New Zealand,"-45.869252, 170.524323","Gardner, Angus",Australia,475,2269518128,ball_recycled,2026-02-13T07:39:11+00:00,74,73:45,home,Highlanders,50,12,2,,,,,,,,,,,,,,
super_rugby_2026_highlanders_vs_crusaders_65866090.json,sr:sport_event:65866090,2026-02-13T06:05:00+00:00,Super Rugby,sr:competition:422,Super Rugby 2026,sr:season:137092,2026,league,regular season,1,Super Rugby Pacific 2026,Highlanders,sr:competitor:4182,HIG,Crusaders,sr:competitor:4181,CRU,Forsyth Barr Stadium,Dunedin,New Zealand,"-45.869252, 170.524323","Gardner, Angus",Australia,476,2269518164,ball_recycled,2026-02-13T07:39:18+00:00,74,73:52,home,Highlanders,48,16,2,,,,,,,,,,,,,,
super_rugby_2026_highlanders_vs_crusaders_65866090.json,sr:sport_event:65866090,2026-02-13T06:05:00+00:00,Super Rugby,sr:competition:422,Super Rugby 2026,sr:season:137092,2026,league,regular season,1,Super Rugby Pacific 2026,Highlanders,sr:competitor:4182,HIG,Crusaders,sr:competitor:4181,CRU,Forsyth Barr Stadium,Dunedin,New Zealand,"-45.869252, 170.524323","Gardner, Angus",Australia,477,2269518248,ball_kicked,2026-02-13T07:39:32+00:00,75,74:06,home,Highlanders,47,15,2,,,,,,,,,,,,,,
super_rugby_2026_highlanders_vs_crusaders_65866090.json,sr:sport_event:65866090,2026-02-13T06:05:00+00:00,Super Rugby,sr:competition:422,Super Rugby 2026,sr:season:137092,2026,league,regular season,1,Super Rugby Pacific 2026,Highlanders,sr:competitor:4182,HIG,Crusaders,sr:competitor:4181,CRU,Forsyth Barr Stadium,Dunedin,New Zealand,"-45.869252, 170.524323","Gardner, Angus",Australia,478,2269518276,ball_recycled,2026-02-13T07:39:35+00:00,75,74:08,away,Crusaders,72,13,2,,,,,,,,,,,,,,
super_rugby_2026_highlanders_vs_crusaders_65866090.json,sr:sport_event:65866090,2026-02-13T06:05:00+00:00,Super Rugby,sr:competition:422,Super Rugby 2026,sr:season:137092,2026,league,regular season,1,Super Rugby Pacific 2026,Highlanders,sr:competitor:4182,HIG,Crusaders,sr:competitor:4181,CRU,Forsyth Barr Stadium,Dunedin,New Zealand,"-45.869252, 170.524323","Gardner, Angus",Australia,479,2269518332,ball_recycled,2026-02-13T07:39:44+00:00,75,74:17,away,Crusaders,75,24,2,,,,,,,,,,,,,,
super_rugby_2026_highlanders_vs_crusaders_65866090.json,sr:sport_event:65866090,2026-02-13T06:05:00+00:00,Super Rugby,sr:competition:422,Super Rugby 2026,sr:season:137092,2026,league,regular season,1,Super Rugby Pacific 2026,Highlanders,sr:competitor:4182,HIG,Crusaders,sr:competitor:4181,CRU,Forsyth Barr Stadium,Dunedin,New Zealand,"-45.869252, 170.524323","Gardner, Angus",Australia,480,2269518350,ball_recycled,2026-02-13T07:39:47+00:00,75,74:20,away,Crusaders,76,41,2,,,,,,,,,,,,,,
super_rugby_2026_highlanders_vs_crusaders_65866090.json,sr:sport_event:65866090,2026-02-13T06:05:00+00:00,Super Rugby,sr:competition:422,Super Rugby 2026,sr:season:137092,2026,league,regular season,1,Super Rugby Pacific 2026,Highlanders,sr:competitor:4182,HIG,Crusaders,sr:competitor:4181,CRU,Forsyth Barr Stadium,Dunedin,New Zealand,"-45.869252, 170.524323","Gardner, Angus",Australia,481,2269518372,ball_recycled,2026-02-13T07:39:51+00:00,75,74:24,away,Crusaders,68,53,2,,,,,,,,,,,,,,
super_rugby_2026_highlanders_vs_crusaders_65866090.json,sr:sport_event:65866090,2026-02-13T06:05:00+00:00,Super Rugby,sr:competition:422,Super Rugby 2026,sr:season:137092,2026,league,regular season,1,Super Rugby Pacific 2026,Highlanders,sr:competitor:4182,HIG,Crusaders,sr:competitor:4181,CRU,Forsyth Barr Stadium,Dunedin,New Zealand,"-45.869252, 170.524323","Gardner, Angus",Australia,482,2269518412,ball_recycled,2026-02-13T07:39:58+00:00,75,74:32,away,Crusaders,51,60,2,,,,,,,,,,,,,,
super_rugby_2026_highlanders_vs_crusaders_65866090.json,sr:sport_event:65866090,2026-02-13T06:05:00+00:00,Super Rugby,sr:competition:422,Super Rugby 2026,sr:season:137092,2026,league,regular season,1,Super Rugby Pacific 2026,Highlanders,sr:competitor:4182,HIG,Crusaders,sr:competitor:4181,CRU,Forsyth Barr Stadium,Dunedin,New Zealand,"-45.869252, 170.524323","Gardner, Angus",Australia,483,2269518428,ball_recycled,2026-02-13T07:40:01+00:00,75,74:35,away,Crusaders,46,61,2,,,,,,,,,,,,,,
super_rugby_2026_highlanders_vs_crusaders_65866090.json,sr:sport_event:65866090,2026-02-13T06:05:00+00:00,Super Rugby,sr:competition:422,Super Rugby 2026,sr:season:137092,2026,league,regular season,1,Super Rugby Pacific 2026,Highlanders,sr:competitor:4182,HIG,Crusaders,sr:competitor:4181,CRU,Forsyth Barr Stadium,Dunedin,New Zealand,"-45.869252, 170.524323","Gardner, Angus",Australia,484,2269518476,ball_recycled,2026-02-13T07:40:07+00:00,75,74:40,away,Crusaders,50,48,2,,,,,,,,,,,,,,
super_rugby_2026_highlanders_vs_crusaders_65866090.json,sr:sport_event:65866090,2026-02-13T06:05:00+00:00,Super Rugby,sr:competition:422,Super Rugby 2026,sr:season:137092,2026,league,regular season,1,Super Rugby Pacific 2026,Highlanders,sr:competitor:4182,HIG,Crusaders,sr:competitor:4181,CRU,Forsyth Barr Stadium,Dunedin,New Zealand,"-45.869252, 170.524323","Gardner, Angus",Australia,485,2269518508,ball_recycled,2026-02-13T07:40:12+00:00,75,74:46,away,Crusaders,46,26,2,,,,,,,,,,,,,,
super_rugby_2026_highlanders_vs_crusaders_65866090.json,sr:sport_event:65866090,2026-02-13T06:05:00+00:00,Super Rugby,sr:competition:422,Super Rugby 2026,sr:season:137092,2026,league,regular season,1,Super Rugby Pacific 2026,Highlanders,sr:competitor:4182,HIG,Crusaders,sr:competitor:4181,CRU,Forsyth Barr Stadium,Dunedin,New Zealand,"-45.869252, 170.524323","Gardner, Angus",Australia,486,2269518554,line_out,2026-02-13T07:40:18+00:00,75,74:50,home,Highlanders,31,-3,2,,,,,,,,,,,,,,
super_rugby_2026_highlanders_vs_crusaders_65866090.json,sr:sport_event:65866090,2026-02-13T06:05:00+00:00,Super Rugby,sr:competition:422,Super Rugby 2026,sr:season:137092,2026,league,regular season,1,Super Rugby Pacific 2026,Highlanders,sr:competitor:4182,HIG,Crusaders,sr:competitor:4181,CRU,Forsyth Barr Stadium,Dunedin,New Zealand,"-45.869252, 170.524323","Gardner, Angus",Australia,487,2269518574,line_out_won,2026-02-13T07:40:21+00:00,75,74:54,home,Highlanders,31,-3,2,,,,,,,,,,,,,,
super_rugby_2026_highlanders_vs_crusaders_65866090.json,sr:sport_event:65866090,2026-02-13T06:05:00+00:00,Super Rugby,sr:competition:422,Super Rugby 2026,sr:season:137092,2026,league,regular season,1,Super Rugby Pacific 2026,Highlanders,sr:competitor:4182,HIG,Crusaders,sr:competitor:4181,CRU,Forsyth Barr Stadium,Dunedin,New Zealand,"-45.869252, 170.524323","Gardner, Angus",Australia,488,2269518582,ball_recycled,2026-02-13T07:40:23+00:00,75,74:57,home,Highlanders,35,8,2,,,,,,,,,,,,,,
super_rugby_2026_highlanders_vs_crusaders_65866090.json,sr:sport_event:65866090,2026-02-13T06:05:00+00:00,Super Rugby,sr:competition:422,Super Rugby 2026,sr:season:137092,2026,league,regular season,1,Super Rugby Pacific 2026,Highlanders,sr:competitor:4182,HIG,Crusaders,sr:competitor:4181,CRU,Forsyth Barr Stadium,Dunedin,New Zealand,"-45.869252, 170.524323","Gardner, Angus",Australia,489,2269518642,ball_recycled,2026-02-13T07:40:33+00:00,76,75:07,home,Highlanders,35,15,2,,,,,,,,,,,,,,
super_rugby_2026_highlanders_vs_crusaders_65866090.json,sr:sport_event:65866090,2026-02-13T06:05:00+00:00,Super Rugby,sr:competition:422,Super Rugby 2026,sr:season:137092,2026,league,regular season,1,Super Rugby Pacific 2026,Highlanders,sr:competitor:4182,HIG,Crusaders,sr:competitor:4181,CRU,Forsyth Barr Stadium,Dunedin,New Zealand,"-45.869252, 170.524323","Gardner, Angus",Australia,490,2269518684,ball_recycled,2026-02-13T07:40:42+00:00,76,75:15,home,Highlanders,33,24,2,,,,,,,,,,,,,,
super_rugby_2026_highlanders_vs_crusaders_65866090.json,sr:sport_event:65866090,2026-02-13T06:05:00+00:00,Super Rugby,sr:competition:422,Super Rugby 2026,sr:season:137092,2026,league,regular season,1,Super Rugby Pacific 2026,Highlanders,sr:competitor:4182,HIG,Crusaders,sr:competitor:4181,CRU,Forsyth Barr Stadium,Dunedin,New Zealand,"-45.869252, 170.524323","Gardner, Angus",Australia,491,2269518734,penalty_awarded,2026-02-13T07:40:48+00:00,76,75:22,home,Highlanders,33,23,2,,,,,,,,,,,,,,
super_rugby_2026_highlanders_vs_crusaders_65866090.json,sr:sport_event:65866090,2026-02-13T06:05:00+00:00,Super Rugby,sr:competition:422,Super Rugby 2026,sr:season:137092,2026,league,regular season,1,Super Rugby Pacific 2026,Highlanders,sr:competitor:4182,HIG,Crusaders,sr:competitor:4181,CRU,Forsyth Barr Stadium,Dunedin,New Zealand,"-45.869252, 170.524323","Gardner, Angus",Australia,492,2269518838,kick_to_touch,2026-02-13T07:41:03+00:00,76,75:37,home,Highlanders,33,23,2,,,,,,,,,,,,,,
super_rugby_2026_highlanders_vs_crusaders_65866090.json,sr:sport_event:65866090,2026-02-13T06:05:00+00:00,Super Rugby,sr:competition:422,Super Rugby 2026,sr:season:137092,2026,league,regular season,1,Super Rugby Pacific 2026,Highlanders,sr:competitor:4182,HIG,Crusaders,sr:competitor:4181,CRU,Forsyth Barr Stadium,Dunedin,New Zealand,"-45.869252, 170.524323","Gardner, Angus",Australia,493,2269518898,line_out,2026-02-13T07:41:11+00:00,76,75:45,home,Highlanders,64,-3,2,,,,,,,,,,,,,,
super_rugby_2026_highlanders_vs_crusaders_65866090.json,sr:sport_event:65866090,2026-02-13T06:05:00+00:00,Super Rugby,sr:competition:422,Super Rugby 2026,sr:season:137092,2026,league,regular season,1,Super Rugby Pacific 2026,Highlanders,sr:competitor:4182,HIG,Crusaders,sr:competitor:4181,CRU,Forsyth Barr Stadium,Dunedin,New Zealand,"-45.869252, 170.524323","Gardner, Angus",Australia,494,2269519038,line_out_won,2026-02-13T07:41:31+00:00,77,76:03,home,Highlanders,64,-3,2,,,,,,,,,,,,,,
super_rugby_2026_highlanders_vs_crusaders_65866090.json,sr:sport_event:65866090,2026-02-13T06:05:00+00:00,Super Rugby,sr:competition:422,Super Rugby 2026,sr:season:137092,2026,league,regular season,1,Super Rugby Pacific 2026,Highlanders,sr:competitor:4182,HIG,Crusaders,sr:competitor:4181,CRU,Forsyth Barr Stadium,Dunedin,New Zealand,"-45.869252, 170.524323","Gardner, Angus",Australia,495,2269519094,ball_recycled,2026-02-13T07:41:39+00:00,77,76:11,home,Highlanders,59,14,2,,,,,,,,,,,,,,
super_rugby_2026_highlanders_vs_crusaders_65866090.json,sr:sport_event:65866090,2026-02-13T06:05:00+00:00,Super Rugby,sr:competition:422,Super Rugby 2026,sr:season:137092,2026,league,regular season,1,Super Rugby Pacific 2026,Highlanders,sr:competitor:4182,HIG,Crusaders,sr:competitor:4181,CRU,Forsyth Barr Stadium,Dunedin,New Zealand,"-45.869252, 170.524323","Gardner, Angus",Australia,496,2269519164,ball_recycled,2026-02-13T07:41:49+00:00,77,76:21,home,Highlanders,48,47,2,,,,,,,,,,,,,,
super_rugby_2026_highlanders_vs_crusaders_65866090.json,sr:sport_event:65866090,2026-02-13T06:05:00+00:00,Super Rugby,sr:competition:422,Super Rugby 2026,sr:season:137092,2026,league,regular season,1,Super Rugby Pacific 2026,Highlanders,sr:competitor:4182,HIG,Crusaders,sr:competitor:4181,CRU,Forsyth Barr Stadium,Dunedin,New Zealand,"-45.869252, 170.524323","Gardner, Angus",Australia,497,2269519210,ball_kicked,2026-02-13T07:41:55+00:00,77,76:27,home,Highlanders,47,59,2,,,,,,,,,,,,,,
super_rugby_2026_highlanders_vs_crusaders_65866090.json,sr:sport_event:65866090,2026-02-13T06:05:00+00:00,Super Rugby,sr:competition:422,Super Rugby 2026,sr:season:137092,2026,league,regular season,1,Super Rugby Pacific 2026,Highlanders,sr:competitor:4182,HIG,Crusaders,sr:competitor:4181,CRU,Forsyth Barr Stadium,Dunedin,New Zealand,"-45.869252, 170.524323","Gardner, Angus",Australia,498,2269519226,ball_recycled,2026-02-13T07:41:57+00:00,77,76:30,away,Crusaders,73,65,2,,,,,,,,,,,,,,
super_rugby_2026_highlanders_vs_crusaders_65866090.json,sr:sport_event:65866090,2026-02-13T06:05:00+00:00,Super Rugby,sr:competition:422,Super Rugby 2026,sr:season:137092,2026,league,regular season,1,Super Rugby Pacific 2026,Highlanders,sr:competitor:4182,HIG,Crusaders,sr:competitor:4181,CRU,Forsyth Barr Stadium,Dunedin,New Zealand,"-45.869252, 170.524323","Gardner, Angus",Australia,499,2269519312,ball_recycled,2026-02-13T07:42:10+00:00,77,76:42,away,Crusaders,77,54,2,,,,,,,,,,,,,,
super_rugby_2026_highlanders_vs_crusaders_65866090.json,sr:sport_event:65866090,2026-02-13T06:05:00+00:00,Super Rugby,sr:competition:422,Super Rugby 2026,sr:season:137092,2026,league,regular season,1,Super Rugby Pacific 2026,Highlanders,sr:competitor:4182,HIG,Crusaders,sr:competitor:4181,CRU,Forsyth Barr Stadium,Dunedin,New Zealand,"-45.869252, 170.524323","Gardner, Angus",Australia,500,2269519430,ball_recycled,2026-02-13T07:42:25+00:00,77,76:58,away,Crusaders,76,51,2,,,,,,,,,,,,,,
super_rugby_2026_highlanders_vs_crusaders_65866090.json,sr:sport_event:65866090,2026-02-13T06:05:00+00:00,Super Rugby,sr:competition:422,Super Rugby 2026,sr:season:137092,2026,league,regular season,1,Super Rugby Pacific 2026,Highlanders,sr:competitor:4182,HIG,Crusaders,sr:competitor:4181,CRU,Forsyth Barr Stadium,Dunedin,New Zealand,"-45.869252, 170.524323","Gardner, Angus",Australia,501,2269519442,ball_kicked,2026-02-13T07:42:29+00:00,78,77:02,away,Crusaders,88,52,2,,,,,,,,,,,,,,
super_rugby_2026_highlanders_vs_crusaders_65866090.json,sr:sport_event:65866090,2026-02-13T06:05:00+00:00,Super Rugby,sr:competition:422,Super Rugby 2026,sr:season:137092,2026,league,regular season,1,Super Rugby Pacific 2026,Highlanders,sr:competitor:4182,HIG,Crusaders,sr:competitor:4181,CRU,Forsyth Barr Stadium,Dunedin,New Zealand,"-45.869252, 170.524323","Gardner, Angus",Australia,502,2269519468,ball_recycled,2026-02-13T07:42:32+00:00,78,77:05,home,Highlanders,34,57,2,,,,,,,,,,,,,,
super_rugby_2026_highlanders_vs_crusaders_65866090.json,sr:sport_event:65866090,2026-02-13T06:05:00+00:00,Super Rugby,sr:competition:422,Super Rugby 2026,sr:season:137092,2026,league,regular season,1,Super Rugby Pacific 2026,Highlanders,sr:competitor:4182,HIG,Crusaders,sr:competitor:4181,CRU,Forsyth Barr Stadium,Dunedin,New Zealand,"-45.869252, 170.524323","Gardner, Angus",Australia,503,2269519490,ball_recycled,2026-02-13T07:42:35+00:00,78,77:08,home,Highlanders,35,33,2,,,,,,,,,,,,,,
super_rugby_2026_highlanders_vs_crusaders_65866090.json,sr:sport_event:65866090,2026-02-13T06:05:00+00:00,Super Rugby,sr:competition:422,Super Rugby 2026,sr:season:137092,2026,league,regular season,1,Super Rugby Pacific 2026,Highlanders,sr:competitor:4182,HIG,Crusaders,sr:competitor:4181,CRU,Forsyth Barr Stadium,Dunedin,New Zealand,"-45.869252, 170.524323","Gardner, Angus",Australia,504,2269519532,ball_kicked,2026-02-13T07:42:40+00:00,78,77:13,home,Highlanders,47,26,2,,,,,,,,,,,,,,
super_rugby_2026_highlanders_vs_crusaders_65866090.json,sr:sport_event:65866090,2026-02-13T06:05:00+00:00,Super Rugby,sr:competition:422,Super Rugby 2026,sr:season:137092,2026,league,regular season,1,Super Rugby Pacific 2026,Highlanders,sr:competitor:4182,HIG,Crusaders,sr:competitor:4181,CRU,Forsyth Barr Stadium,Dunedin,New Zealand,"-45.869252, 170.524323","Gardner, Angus",Australia,505,2269519552,penalty_awarded,2026-02-13T07:42:44+00:00,78,77:17,home,Highlanders,63,23,2,,,,,,,,,,,,,,
super_rugby_2026_highlanders_vs_crusaders_65866090.json,sr:sport_event:65866090,2026-02-13T06:05:00+00:00,Super Rugby,sr:competition:422,Super Rugby 2026,sr:season:137092,2026,league,regular season,1,Super Rugby Pacific 2026,Highlanders,sr:competitor:4182,HIG,Crusaders,sr:competitor:4181,CRU,Forsyth Barr Stadium,Dunedin,New Zealand,"-45.869252, 170.524323","Gardner, Angus",Australia,506,2269520074,score_change,2026-02-13T07:43:55+00:00,79,78:28,home,Highlanders,62,20,2,,,25,23,penalty,,,sr:player:2533497,"Millar, Cameron",,,,,"[{""id"": ""sr:player:2533497"", ""name"": ""Millar, Cameron"", ""type"": ""scorer""}]"
super_rugby_2026_highlanders_vs_crusaders_65866090.json,sr:sport_event:65866090,2026-02-13T06:05:00+00:00,Super Rugby,sr:competition:422,Super Rugby 2026,sr:season:137092,2026,league,regular season,1,Super Rugby Pacific 2026,Highlanders,sr:competitor:4182,HIG,Crusaders,sr:competitor:4181,CRU,Forsyth Barr Stadium,Dunedin,New Zealand,"-45.869252, 170.524323","Gardner, Angus",Australia,507,2269520270,ball_kicked,2026-02-13T07:44:22+00:00,79,78:55,away,Crusaders,55,33,2,,,,,,,,,,,,,,
super_rugby_2026_highlanders_vs_crusaders_65866090.json,sr:sport_event:65866090,2026-02-13T06:05:00+00:00,Super Rugby,sr:competition:422,Super Rugby 2026,sr:season:137092,2026,league,regular season,1,Super Rugby Pacific 2026,Highlanders,sr:competitor:4182,HIG,Crusaders,sr:competitor:4181,CRU,Forsyth Barr Stadium,Dunedin,New Zealand,"-45.869252, 170.524323","Gardner, Angus",Australia,508,2269520280,ball_recycled,2026-02-13T07:44:24+00:00,79,78:57,home,Highlanders,39,26,2,,,,,,,,,,,,,,
super_rugby_2026_highlanders_vs_crusaders_65866090.json,sr:sport_event:65866090,2026-02-13T06:05:00+00:00,Super Rugby,sr:competition:422,Super Rugby 2026,sr:season:137092,2026,league,regular season,1,Super Rugby Pacific 2026,Highlanders,sr:competitor:4182,HIG,Crusaders,sr:competitor:4181,CRU,Forsyth Barr Stadium,Dunedin,New Zealand,"-45.869252, 170.524323","Gardner, Angus",Australia,509,2269520334,ball_recycled,2026-02-13T07:44:34+00:00,80,79:06,home,Highlanders,39,37,2,,,,,,,,,,,,,,
super_rugby_2026_highlanders_vs_crusaders_65866090.json,sr:sport_event:65866090,2026-02-13T06:05:00+00:00,Super Rugby,sr:competition:422,Super Rugby 2026,sr:season:137092,2026,league,regular season,1,Super Rugby Pacific 2026,Highlanders,sr:competitor:4182,HIG,Crusaders,sr:competitor:4181,CRU,Forsyth Barr Stadium,Dunedin,New Zealand,"-45.869252, 170.524323","Gardner, Angus",Australia,510,2269520438,scrum,2026-02-13T07:44:47+00:00,80,79:20,away,Crusaders,39,36,2,,,,,,,,,,,,,,
super_rugby_2026_highlanders_vs_crusaders_65866090.json,sr:sport_event:65866090,2026-02-13T06:05:00+00:00,Super Rugby,sr:competition:422,Super Rugby 2026,sr:season:137092,2026,league,regular season,1,Super Rugby Pacific 2026,Highlanders,sr:competitor:4182,HIG,Crusaders,sr:competitor:4181,CRU,Forsyth Barr Stadium,Dunedin,New Zealand,"-45.869252, 170.524323","Gardner, Angus",Australia,511,2269520930,ball_recycled,2026-02-13T07:45:49+00:00,80,80:00,away,Crusaders,40,25,2,,,,,,,,,,,,,,
super_rugby_2026_highlanders_vs_crusaders_65866090.json,sr:sport_event:65866090,2026-02-13T06:05:00+00:00,Super Rugby,sr:competition:422,Super Rugby 2026,sr:season:137092,2026,league,regular season,1,Super Rugby Pacific 2026,Highlanders,sr:competitor:4182,HIG,Crusaders,sr:competitor:4181,CRU,Forsyth Barr Stadium,Dunedin,New Zealand,"-45.869252, 170.524323","Gardner, Angus",Australia,512,2269520946,ball_recycled,2026-02-13T07:45:52+00:00,80,80:00,away,Crusaders,40,25,2,,,,,,,,,,,,,,
super_rugby_2026_highlanders_vs_crusaders_65866090.json,sr:sport_event:65866090,2026-02-13T06:05:00+00:00,Super Rugby,sr:competition:422,Super Rugby 2026,sr:season:137092,2026,league,regular season,1,Super Rugby Pacific 2026,Highlanders,sr:competitor:4182,HIG,Crusaders,sr:competitor:4181,CRU,Forsyth Barr Stadium,Dunedin,New Zealand,"-45.869252, 170.524323","Gardner, Angus",Australia,513,2269520976,ball_recycled,2026-02-13T07:45:55+00:00,80,80:00,away,Crusaders,35,17,2,,,,,,,,,,,,,,
super_rugby_2026_highlanders_vs_crusaders_65866090.json,sr:sport_event:65866090,2026-02-13T06:05:00+00:00,Super Rugby,sr:competition:422,Super Rugby 2026,sr:season:137092,2026,league,regular season,1,Super Rugby Pacific 2026,Highlanders,sr:competitor:4182,HIG,Crusaders,sr:competitor:4181,CRU,Forsyth Barr Stadium,Dunedin,New Zealand,"-45.869252, 170.524323","Gardner, Angus",Australia,514,2269521016,ball_recycled,2026-02-13T07:46:01+00:00,80,80:00,away,Crusaders,37,17,2,,,,,,,,,,,,,,
super_rugby_2026_highlanders_vs_crusaders_65866090.json,sr:sport_event:65866090,2026-02-13T06:05:00+00:00,Super Rugby,sr:competition:422,Super Rugby 2026,sr:season:137092,2026,league,regular season,1,Super Rugby Pacific 2026,Highlanders,sr:competitor:4182,HIG,Crusaders,sr:competitor:4181,CRU,Forsyth Barr Stadium,Dunedin,New Zealand,"-45.869252, 170.524323","Gardner, Angus",Australia,515,2269521076,ball_recycled,2026-02-13T07:46:09+00:00,80,80:00,away,Crusaders,37,22,2,,,,,,,,,,,,,,
super_rugby_2026_highlanders_vs_crusaders_65866090.json,sr:sport_event:65866090,2026-02-13T06:05:00+00:00,Super Rugby,sr:competition:422,Super Rugby 2026,sr:season:137092,2026,league,regular season,1,Super Rugby Pacific 2026,Highlanders,sr:competitor:4182,HIG,Crusaders,sr:competitor:4181,CRU,Forsyth Barr Stadium,Dunedin,New Zealand,"-45.869252, 170.524323","Gardner, Angus",Australia,516,2269521126,ball_recycled,2026-02-13T07:46:16+00:00,80,80:00,away,Crusaders,40,30,2,,,,,,,,,,,,,,
super_rugby_2026_highlanders_vs_crusaders_65866090.json,sr:sport_event:65866090,2026-02-13T06:05:00+00:00,Super Rugby,sr:competition:422,Super Rugby 2026,sr:season:137092,2026,league,regular season,1,Super Rugby Pacific 2026,Highlanders,sr:competitor:4182,HIG,Crusaders,sr:competitor:4181,CRU,Forsyth Barr Stadium,Dunedin,New Zealand,"-45.869252, 170.524323","Gardner, Angus",Australia,517,2269521186,ball_recycled,2026-02-13T07:46:22+00:00,80,80:00,away,Crusaders,37,45,2,,,,,,,,,,,,,,
super_rugby_2026_highlanders_vs_crusaders_65866090.json,sr:sport_event:65866090,2026-02-13T06:05:00+00:00,Super Rugby,sr:competition:422,Super Rugby 2026,sr:season:137092,2026,league,regular season,1,Super Rugby Pacific 2026,Highlanders,sr:competitor:4182,HIG,Crusaders,sr:competitor:4181,CRU,Forsyth Barr Stadium,Dunedin,New Zealand,"-45.869252, 170.524323","Gardner, Angus",Australia,518,2269521222,ball_recycled,2026-02-13T07:46:27+00:00,80,80:00,away,Crusaders,37,53,2,,,,,,,,,,,,,,
super_rugby_2026_highlanders_vs_crusaders_65866090.json,sr:sport_event:65866090,2026-02-13T06:05:00+00:00,Super Rugby,sr:competition:422,Super Rugby 2026,sr:season:137092,2026,league,regular season,1,Super Rugby Pacific 2026,Highlanders,sr:competitor:4182,HIG,Crusaders,sr:competitor:4181,CRU,Forsyth Barr Stadium,Dunedin,New Zealand,"-45.869252, 170.524323","Gardner, Angus",Australia,519,2269521276,ball_recycled,2026-02-13T07:46:31+00:00,80,80:00,away,Crusaders,38,40,2,,,,,,,,,,,,,,
super_rugby_2026_highlanders_vs_crusaders_65866090.json,sr:sport_event:65866090,2026-02-13T06:05:00+00:00,Super Rugby,sr:competition:422,Super Rugby 2026,sr:season:137092,2026,league,regular season,1,Super Rugby Pacific 2026,Highlanders,sr:competitor:4182,HIG,Crusaders,sr:competitor:4181,CRU,Forsyth Barr Stadium,Dunedin,New Zealand,"-45.869252, 170.524323","Gardner, Angus",Australia,520,2269521312,ball_recycled,2026-02-13T07:46:36+00:00,80,80:00,away,Crusaders,39,33,2,,,,,,,,,,,,,,
super_rugby_2026_highlanders_vs_crusaders_65866090.json,sr:sport_event:65866090,2026-02-13T06:05:00+00:00,Super Rugby,sr:competition:422,Super Rugby 2026,sr:season:137092,2026,league,regular season,1,Super Rugby Pacific 2026,Highlanders,sr:competitor:4182,HIG,Crusaders,sr:competitor:4181,CRU,Forsyth Barr Stadium,Dunedin,New Zealand,"-45.869252, 170.524323","Gardner, Angus",Australia,521,2269521396,ball_recycled,2026-02-13T07:46:45+00:00,80,80:00,away,Crusaders,38,21,2,,,,,,,,,,,,,,
super_rugby_2026_highlanders_vs_crusaders_65866090.json,sr:sport_event:65866090,2026-02-13T06:05:00+00:00,Super Rugby,sr:competition:422,Super Rugby 2026,sr:season:137092,2026,league,regular season,1,Super Rugby Pacific 2026,Highlanders,sr:competitor:4182,HIG,Crusaders,sr:competitor:4181,CRU,Forsyth Barr Stadium,Dunedin,New Zealand,"-45.869252, 170.524323","Gardner, Angus",Australia,522,2269521454,ball_recycled,2026-02-13T07:46:52+00:00,80,80:00,away,Crusaders,39,35,2,,,,,,,,,,,,,,
super_rugby_2026_highlanders_vs_crusaders_65866090.json,sr:sport_event:65866090,2026-02-13T06:05:00+00:00,Super Rugby,sr:competition:422,Super Rugby 2026,sr:season:137092,2026,league,regular season,1,Super Rugby Pacific 2026,Highlanders,sr:competitor:4182,HIG,Crusaders,sr:competitor:4181,CRU,Forsyth Barr Stadium,Dunedin,New Zealand,"-45.869252, 170.524323","Gardner, Angus",Australia,523,2269521510,ball_recycled,2026-02-13T07:46:59+00:00,80,80:00,away,Crusaders,38,47,2,,,,,,,,,,,,,,
super_rugby_2026_highlanders_vs_crusaders_65866090.json,sr:sport_event:65866090,2026-02-13T06:05:00+00:00,Super Rugby,sr:competition:422,Super Rugby 2026,sr:season:137092,2026,league,regular season,1,Super Rugby Pacific 2026,Highlanders,sr:competitor:4182,HIG,Crusaders,sr:competitor:4181,CRU,Forsyth Barr Stadium,Dunedin,New Zealand,"-45.869252, 170.524323","Gardner, Angus",Australia,524,2269521544,ball_recycled,2026-02-13T07:47:05+00:00,80,80:00,away,Crusaders,39,33,2,,,,,,,,,,,,,,
super_rugby_2026_highlanders_vs_crusaders_65866090.json,sr:sport_event:65866090,2026-02-13T06:05:00+00:00,Super Rugby,sr:competition:422,Super Rugby 2026,sr:season:137092,2026,league,regular season,1,Super Rugby Pacific 2026,Highlanders,sr:competitor:4182,HIG,Crusaders,sr:competitor:4181,CRU,Forsyth Barr Stadium,Dunedin,New Zealand,"-45.869252, 170.524323","Gardner, Angus",Australia,525,2269521594,ball_recycled,2026-02-13T07:47:12+00:00,80,80:00,away,Crusaders,38,23,2,,,,,,,,,,,,,,
super_rugby_2026_highlanders_vs_crusaders_65866090.json,sr:sport_event:65866090,2026-02-13T06:05:00+00:00,Super Rugby,sr:competition:422,Super Rugby 2026,sr:season:137092,2026,league,regular season,1,Super Rugby Pacific 2026,Highlanders,sr:competitor:4182,HIG,Crusaders,sr:competitor:4181,CRU,Forsyth Barr Stadium,Dunedin,New Zealand,"-45.869252, 170.524323","Gardner, Angus",Australia,526,2269521618,ball_recycled,2026-02-13T07:47:19+00:00,80,80:00,away,Crusaders,37,16,2,,,,,,,,,,,,,,
super_rugby_2026_highlanders_vs_crusaders_65866090.json,sr:sport_event:65866090,2026-02-13T06:05:00+00:00,Super Rugby,sr:competition:422,Super Rugby 2026,sr:season:137092,2026,league,regular season,1,Super Rugby Pacific 2026,Highlanders,sr:competitor:4182,HIG,Crusaders,sr:competitor:4181,CRU,Forsyth Barr Stadium,Dunedin,New Zealand,"-45.869252, 170.524323","Gardner, Angus",Australia,527,2269520900,scrum_won,2026-02-13T07:45:46+00:00,81,80:18,away,Crusaders,39,36,,,,,,,,,,,,,,,
super_rugby_2026_highlanders_vs_crusaders_65866090.json,sr:sport_event:65866090,2026-02-13T06:05:00+00:00,Super Rugby,sr:competition:422,Super Rugby 2026,sr:season:137092,2026,league,regular season,1,Super Rugby Pacific 2026,Highlanders,sr:competitor:4182,HIG,Crusaders,sr:competitor:4181,CRU,Forsyth Barr Stadium,Dunedin,New Zealand,"-45.869252, 170.524323","Gardner, Angus",Australia,528,2269521700,turnover,2026-02-13T07:47:29+00:00,83,82:02,home,Highlanders,37,16,,,,,,,,,,,,,,,
super_rugby_2026_highlanders_vs_crusaders_65866090.json,sr:sport_event:65866090,2026-02-13T06:05:00+00:00,Super Rugby,sr:competition:422,Super Rugby 2026,sr:season:137092,2026,league,regular season,1,Super Rugby Pacific 2026,Highlanders,sr:competitor:4182,HIG,Crusaders,sr:competitor:4181,CRU,Forsyth Barr Stadium,Dunedin,New Zealand,"-45.869252, 170.524323","Gardner, Angus",Australia,529,2269521738,match_ended,2026-02-13T07:47:35+00:00,,80:00,,,,,,,,,,,,,,,,,,,
