source_json,match_id,match_start_time,competition,competition_id,season,season_id,season_year,stage_type,stage_phase,round,group,home_team,home_team_id,home_abbreviation,away_team,away_team_id,away_abbreviation,venue,venue_city,venue_country,venue_map_coordinates,referee,referee_nationality,event_order,event_id,event_type,event_timestamp,match_time_minute,match_clock,competitor,team,x,y,period,period_name,break_name,home_score,away_score,method,player_id,player_name,scorer_id,scorer_name,substituted_out_id,substituted_out_name,substituted_in_id,substituted_in_name,players_json
super_rugby_2026_highlanders_vs_chiefs_65866104.json,sr:sport_event:65866104,2026-02-21T06:05:00+00:00,Super Rugby,sr:competition:422,Super Rugby 2026,sr:season:137092,2026,league,regular season,2,Super Rugby Pacific 2026,Highlanders,sr:competitor:4182,HIG,Chiefs,sr:competitor:4185,CHI,Forsyth Barr Stadium,Dunedin,New Zealand,"-45.869252, 170.524323","Mabey, Angus",New Zealand,1,2276722226,match_started,2026-02-21T06:07:14+00:00,,,,,,,,,,,,,,,,,,,,,
super_rugby_2026_highlanders_vs_chiefs_65866104.json,sr:sport_event:65866104,2026-02-21T06:05:00+00:00,Super Rugby,sr:competition:422,Super Rugby 2026,sr:season:137092,2026,league,regular season,2,Super Rugby Pacific 2026,Highlanders,sr:competitor:4182,HIG,Chiefs,sr:competitor:4185,CHI,Forsyth Barr Stadium,Dunedin,New Zealand,"-45.869252, 170.524323","Mabey, Angus",New Zealand,2,2276722224,period_start,2026-02-21T06:07:14+00:00,,,,,,,1,1st_half,,,,,,,,,,,,,
super_rugby_2026_highlanders_vs_chiefs_65866104.json,sr:sport_event:65866104,2026-02-21T06:05:00+00:00,Super Rugby,sr:competition:422,Super Rugby 2026,sr:season:137092,2026,league,regular season,2,Super Rugby Pacific 2026,Highlanders,sr:competitor:4182,HIG,Chiefs,sr:competitor:4185,CHI,Forsyth Barr Stadium,Dunedin,New Zealand,"-45.869252, 170.524323","Mabey, Angus",New Zealand,3,2276722264,ball_kicked,2026-02-21T06:07:18+00:00,1,0:03,away,Chiefs,18,37,1,,,,,,,,,,,,,,
super_rugby_2026_highlanders_vs_chiefs_65866104.json,sr:sport_event:65866104,2026-02-21T06:05:00+00:00,Super Rugby,sr:competition:422,Super Rugby 2026,sr:season:137092,2026,league,regular season,2,Super Rugby Pacific 2026,Highlanders,sr:competitor:4182,HIG,Chiefs,sr:competitor:4185,CHI,Forsyth Barr Stadium,Dunedin,New Zealand,"-45.869252, 170.524323","Mabey, Angus",New Zealand,4,2276722382,penalty_awarded,2026-02-21T06:07:35+00:00,1,0:20,home,Highlanders,,,1,,,,,,,,,,,,,,
super_rugby_2026_highlanders_vs_chiefs_65866104.json,sr:sport_event:65866104,2026-02-21T06:05:00+00:00,Super Rugby,sr:competition:422,Super Rugby 2026,sr:season:137092,2026,league,regular season,2,Super Rugby Pacific 2026,Highlanders,sr:competitor:4182,HIG,Chiefs,sr:competitor:4185,CHI,Forsyth Barr Stadium,Dunedin,New Zealand,"-45.869252, 170.524323","Mabey, Angus",New Zealand,5,2276722574,kick_to_touch,2026-02-21T06:07:56+00:00,1,0:40,home,Highlanders,39,32,1,,,,,,,,,,,,,,
super_rugby_2026_highlanders_vs_chiefs_65866104.json,sr:sport_event:65866104,2026-02-21T06:05:00+00:00,Super Rugby,sr:competition:422,Super Rugby 2026,sr:season:137092,2026,league,regular season,2,Super Rugby Pacific 2026,Highlanders,sr:competitor:4182,HIG,Chiefs,sr:competitor:4185,CHI,Forsyth Barr Stadium,Dunedin,New Zealand,"-45.869252, 170.524323","Mabey, Angus",New Zealand,6,2276722792,line_out,2026-02-21T06:08:23+00:00,2,1:08,home,Highlanders,58,71,1,,,,,,,,,,,,,,
super_rugby_2026_highlanders_vs_chiefs_65866104.json,sr:sport_event:65866104,2026-02-21T06:05:00+00:00,Super Rugby,sr:competition:422,Super Rugby 2026,sr:season:137092,2026,league,regular season,2,Super Rugby Pacific 2026,Highlanders,sr:competitor:4182,HIG,Chiefs,sr:competitor:4185,CHI,Forsyth Barr Stadium,Dunedin,New Zealand,"-45.869252, 170.524323","Mabey, Angus",New Zealand,7,2276722822,line_out_won,2026-02-21T06:08:26+00:00,2,1:11,home,Highlanders,58,71,1,,,,,,,,,,,,,,
super_rugby_2026_highlanders_vs_chiefs_65866104.json,sr:sport_event:65866104,2026-02-21T06:05:00+00:00,Super Rugby,sr:competition:422,Super Rugby 2026,sr:season:137092,2026,league,regular season,2,Super Rugby Pacific 2026,Highlanders,sr:competitor:4182,HIG,Chiefs,sr:competitor:4185,CHI,Forsyth Barr Stadium,Dunedin,New Zealand,"-45.869252, 170.524323","Mabey, Angus",New Zealand,8,2276722892,ball_recycled,2026-02-21T06:08:36+00:00,2,1:20,home,Highlanders,59,47,1,,,,,,,,,,,,,,
super_rugby_2026_highlanders_vs_chiefs_65866104.json,sr:sport_event:65866104,2026-02-21T06:05:00+00:00,Super Rugby,sr:competition:422,Super Rugby 2026,sr:season:137092,2026,league,regular season,2,Super Rugby Pacific 2026,Highlanders,sr:competitor:4182,HIG,Chiefs,sr:competitor:4185,CHI,Forsyth Barr Stadium,Dunedin,New Zealand,"-45.869252, 170.524323","Mabey, Angus",New Zealand,9,2276722936,ball_recycled,2026-02-21T06:08:44+00:00,2,1:29,home,Highlanders,52,33,1,,,,,,,,,,,,,,
super_rugby_2026_highlanders_vs_chiefs_65866104.json,sr:sport_event:65866104,2026-02-21T06:05:00+00:00,Super Rugby,sr:competition:422,Super Rugby 2026,sr:season:137092,2026,league,regular season,2,Super Rugby Pacific 2026,Highlanders,sr:competitor:4182,HIG,Chiefs,sr:competitor:4185,CHI,Forsyth Barr Stadium,Dunedin,New Zealand,"-45.869252, 170.524323","Mabey, Angus",New Zealand,10,2276723054,ball_kicked,2026-02-21T06:08:57+00:00,2,1:42,home,Highlanders,71,21,1,,,,,,,,,,,,,,
super_rugby_2026_highlanders_vs_chiefs_65866104.json,sr:sport_event:65866104,2026-02-21T06:05:00+00:00,Super Rugby,sr:competition:422,Super Rugby 2026,sr:season:137092,2026,league,regular season,2,Super Rugby Pacific 2026,Highlanders,sr:competitor:4182,HIG,Chiefs,sr:competitor:4185,CHI,Forsyth Barr Stadium,Dunedin,New Zealand,"-45.869252, 170.524323","Mabey, Angus",New Zealand,11,2276723192,penalty_awarded,2026-02-21T06:09:08+00:00,2,1:52,home,Highlanders,60,21,1,,,,,,,,,,,,,,
super_rugby_2026_highlanders_vs_chiefs_65866104.json,sr:sport_event:65866104,2026-02-21T06:05:00+00:00,Super Rugby,sr:competition:422,Super Rugby 2026,sr:season:137092,2026,league,regular season,2,Super Rugby Pacific 2026,Highlanders,sr:competitor:4182,HIG,Chiefs,sr:competitor:4185,CHI,Forsyth Barr Stadium,Dunedin,New Zealand,"-45.869252, 170.524323","Mabey, Angus",New Zealand,12,2276723208,tap_and_go,2026-02-21T06:09:09+00:00,2,1:53,home,Highlanders,60,21,1,,,,,,,,,,,,,,
super_rugby_2026_highlanders_vs_chiefs_65866104.json,sr:sport_event:65866104,2026-02-21T06:05:00+00:00,Super Rugby,sr:competition:422,Super Rugby 2026,sr:season:137092,2026,league,regular season,2,Super Rugby Pacific 2026,Highlanders,sr:competitor:4182,HIG,Chiefs,sr:competitor:4185,CHI,Forsyth Barr Stadium,Dunedin,New Zealand,"-45.869252, 170.524323","Mabey, Angus",New Zealand,13,2276723282,ball_recycled,2026-02-21T06:09:16+00:00,3,2:01,home,Highlanders,77,23,1,,,,,,,,,,,,,,
super_rugby_2026_highlanders_vs_chiefs_65866104.json,sr:sport_event:65866104,2026-02-21T06:05:00+00:00,Super Rugby,sr:competition:422,Super Rugby 2026,sr:season:137092,2026,league,regular season,2,Super Rugby Pacific 2026,Highlanders,sr:competitor:4182,HIG,Chiefs,sr:competitor:4185,CHI,Forsyth Barr Stadium,Dunedin,New Zealand,"-45.869252, 170.524323","Mabey, Angus",New Zealand,14,2276723542,score_change,2026-02-21T06:09:47+00:00,3,2:31,home,Highlanders,108,15,1,,,5,0,try,,,sr:player:1260262,"Nareki, Jona",,,,,"[{""id"": ""sr:player:1260262"", ""name"": ""Nareki, Jona"", ""type"": ""scorer""}]"
super_rugby_2026_highlanders_vs_chiefs_65866104.json,sr:sport_event:65866104,2026-02-21T06:05:00+00:00,Super Rugby,sr:competition:422,Super Rugby 2026,sr:season:137092,2026,league,regular season,2,Super Rugby Pacific 2026,Highlanders,sr:competitor:4182,HIG,Chiefs,sr:competitor:4185,CHI,Forsyth Barr Stadium,Dunedin,New Zealand,"-45.869252, 170.524323","Mabey, Angus",New Zealand,15,2276724050,score_change,2026-02-21T06:10:48+00:00,4,3:32,home,Highlanders,89,22,1,,,7,0,conversion,,,sr:player:2533497,"Millar, Cameron",,,,,"[{""id"": ""sr:player:2533497"", ""name"": ""Millar, Cameron"", ""type"": ""scorer""}]"
super_rugby_2026_highlanders_vs_chiefs_65866104.json,sr:sport_event:65866104,2026-02-21T06:05:00+00:00,Super Rugby,sr:competition:422,Super Rugby 2026,sr:season:137092,2026,league,regular season,2,Super Rugby Pacific 2026,Highlanders,sr:competitor:4182,HIG,Chiefs,sr:competitor:4185,CHI,Forsyth Barr Stadium,Dunedin,New Zealand,"-45.869252, 170.524323","Mabey, Angus",New Zealand,16,2276724334,ball_kicked,2026-02-21T06:11:15+00:00,4,4:00,away,Chiefs,26,40,1,,,,,,,,,,,,,,
super_rugby_2026_highlanders_vs_chiefs_65866104.json,sr:sport_event:65866104,2026-02-21T06:05:00+00:00,Super Rugby,sr:competition:422,Super Rugby 2026,sr:season:137092,2026,league,regular season,2,Super Rugby Pacific 2026,Highlanders,sr:competitor:4182,HIG,Chiefs,sr:competitor:4185,CHI,Forsyth Barr Stadium,Dunedin,New Zealand,"-45.869252, 170.524323","Mabey, Angus",New Zealand,17,2276724592,ball_kicked,2026-02-21T06:11:45+00:00,5,4:30,home,Highlanders,55,47,1,,,,,,,,,,,,,,
super_rugby_2026_highlanders_vs_chiefs_65866104.json,sr:sport_event:65866104,2026-02-21T06:05:00+00:00,Super Rugby,sr:competition:422,Super Rugby 2026,sr:season:137092,2026,league,regular season,2,Super Rugby Pacific 2026,Highlanders,sr:competitor:4182,HIG,Chiefs,sr:competitor:4185,CHI,Forsyth Barr Stadium,Dunedin,New Zealand,"-45.869252, 170.524323","Mabey, Angus",New Zealand,18,2276724706,ball_recycled,2026-02-21T06:12:01+00:00,5,4:45,away,Chiefs,43,28,1,,,,,,,,,,,,,,
super_rugby_2026_highlanders_vs_chiefs_65866104.json,sr:sport_event:65866104,2026-02-21T06:05:00+00:00,Super Rugby,sr:competition:422,Super Rugby 2026,sr:season:137092,2026,league,regular season,2,Super Rugby Pacific 2026,Highlanders,sr:competitor:4182,HIG,Chiefs,sr:competitor:4185,CHI,Forsyth Barr Stadium,Dunedin,New Zealand,"-45.869252, 170.524323","Mabey, Angus",New Zealand,19,2276724760,ball_kicked,2026-02-21T06:12:08+00:00,5,4:52,away,Chiefs,43,28,1,,,,,,,,,,,,,,
super_rugby_2026_highlanders_vs_chiefs_65866104.json,sr:sport_event:65866104,2026-02-21T06:05:00+00:00,Super Rugby,sr:competition:422,Super Rugby 2026,sr:season:137092,2026,league,regular season,2,Super Rugby Pacific 2026,Highlanders,sr:competitor:4182,HIG,Chiefs,sr:competitor:4185,CHI,Forsyth Barr Stadium,Dunedin,New Zealand,"-45.869252, 170.524323","Mabey, Angus",New Zealand,20,2276724776,turnover,2026-02-21T06:12:11+00:00,5,4:55,home,Highlanders,4,16,1,,,,,,,,,,,,,,
super_rugby_2026_highlanders_vs_chiefs_65866104.json,sr:sport_event:65866104,2026-02-21T06:05:00+00:00,Super Rugby,sr:competition:422,Super Rugby 2026,sr:season:137092,2026,league,regular season,2,Super Rugby Pacific 2026,Highlanders,sr:competitor:4182,HIG,Chiefs,sr:competitor:4185,CHI,Forsyth Barr Stadium,Dunedin,New Zealand,"-45.869252, 170.524323","Mabey, Angus",New Zealand,21,2276725144,ball_recycled,2026-02-21T06:12:56+00:00,6,5:40,home,Highlanders,37,37,1,,,,,,,,,,,,,,
super_rugby_2026_highlanders_vs_chiefs_65866104.json,sr:sport_event:65866104,2026-02-21T06:05:00+00:00,Super Rugby,sr:competition:422,Super Rugby 2026,sr:season:137092,2026,league,regular season,2,Super Rugby Pacific 2026,Highlanders,sr:competitor:4182,HIG,Chiefs,sr:competitor:4185,CHI,Forsyth Barr Stadium,Dunedin,New Zealand,"-45.869252, 170.524323","Mabey, Angus",New Zealand,22,2276725214,ball_recycled,2026-02-21T06:13:06+00:00,6,5:50,home,Highlanders,42,43,1,,,,,,,,,,,,,,
super_rugby_2026_highlanders_vs_chiefs_65866104.json,sr:sport_event:65866104,2026-02-21T06:05:00+00:00,Super Rugby,sr:competition:422,Super Rugby 2026,sr:season:137092,2026,league,regular season,2,Super Rugby Pacific 2026,Highlanders,sr:competitor:4182,HIG,Chiefs,sr:competitor:4185,CHI,Forsyth Barr Stadium,Dunedin,New Zealand,"-45.869252, 170.524323","Mabey, Angus",New Zealand,23,2276725332,ball_recycled,2026-02-21T06:13:21+00:00,7,6:06,home,Highlanders,40,38,1,,,,,,,,,,,,,,
super_rugby_2026_highlanders_vs_chiefs_65866104.json,sr:sport_event:65866104,2026-02-21T06:05:00+00:00,Super Rugby,sr:competition:422,Super Rugby 2026,sr:season:137092,2026,league,regular season,2,Super Rugby Pacific 2026,Highlanders,sr:competitor:4182,HIG,Chiefs,sr:competitor:4185,CHI,Forsyth Barr Stadium,Dunedin,New Zealand,"-45.869252, 170.524323","Mabey, Angus",New Zealand,24,2276725450,ball_recycled,2026-02-21T06:13:34+00:00,7,6:18,home,Highlanders,40,55,1,,,,,,,,,,,,,,
super_rugby_2026_highlanders_vs_chiefs_65866104.json,sr:sport_event:65866104,2026-02-21T06:05:00+00:00,Super Rugby,sr:competition:422,Super Rugby 2026,sr:season:137092,2026,league,regular season,2,Super Rugby Pacific 2026,Highlanders,sr:competitor:4182,HIG,Chiefs,sr:competitor:4185,CHI,Forsyth Barr Stadium,Dunedin,New Zealand,"-45.869252, 170.524323","Mabey, Angus",New Zealand,25,2276725526,ball_recycled,2026-02-21T06:13:44+00:00,7,6:29,home,Highlanders,34,49,1,,,,,,,,,,,,,,
super_rugby_2026_highlanders_vs_chiefs_65866104.json,sr:sport_event:65866104,2026-02-21T06:05:00+00:00,Super Rugby,sr:competition:422,Super Rugby 2026,sr:season:137092,2026,league,regular season,2,Super Rugby Pacific 2026,Highlanders,sr:competitor:4182,HIG,Chiefs,sr:competitor:4185,CHI,Forsyth Barr Stadium,Dunedin,New Zealand,"-45.869252, 170.524323","Mabey, Angus",New Zealand,26,2276725606,turnover,2026-02-21T06:13:59+00:00,7,6:43,away,Chiefs,34,33,1,,,,,,,,,,,,,,
super_rugby_2026_highlanders_vs_chiefs_65866104.json,sr:sport_event:65866104,2026-02-21T06:05:00+00:00,Super Rugby,sr:competition:422,Super Rugby 2026,sr:season:137092,2026,league,regular season,2,Super Rugby Pacific 2026,Highlanders,sr:competitor:4182,HIG,Chiefs,sr:competitor:4185,CHI,Forsyth Barr Stadium,Dunedin,New Zealand,"-45.869252, 170.524323","Mabey, Angus",New Zealand,27,2276725706,penalty_awarded,2026-02-21T06:14:14+00:00,7,6:59,away,Chiefs,35,17,1,,,,,,,,,,,,,,
super_rugby_2026_highlanders_vs_chiefs_65866104.json,sr:sport_event:65866104,2026-02-21T06:05:00+00:00,Super Rugby,sr:competition:422,Super Rugby 2026,sr:season:137092,2026,league,regular season,2,Super Rugby Pacific 2026,Highlanders,sr:competitor:4182,HIG,Chiefs,sr:competitor:4185,CHI,Forsyth Barr Stadium,Dunedin,New Zealand,"-45.869252, 170.524323","Mabey, Angus",New Zealand,28,2276725924,kick_to_touch,2026-02-21T06:14:48+00:00,8,7:32,away,Chiefs,35,17,1,,,,,,,,,,,,,,
super_rugby_2026_highlanders_vs_chiefs_65866104.json,sr:sport_event:65866104,2026-02-21T06:05:00+00:00,Super Rugby,sr:competition:422,Super Rugby 2026,sr:season:137092,2026,league,regular season,2,Super Rugby Pacific 2026,Highlanders,sr:competitor:4182,HIG,Chiefs,sr:competitor:4185,CHI,Forsyth Barr Stadium,Dunedin,New Zealand,"-45.869252, 170.524323","Mabey, Angus",New Zealand,29,2276725950,line_out,2026-02-21T06:14:53+00:00,8,7:37,away,Chiefs,14,72,1,,,,,,,,,,,,,,
super_rugby_2026_highlanders_vs_chiefs_65866104.json,sr:sport_event:65866104,2026-02-21T06:05:00+00:00,Super Rugby,sr:competition:422,Super Rugby 2026,sr:season:137092,2026,league,regular season,2,Super Rugby Pacific 2026,Highlanders,sr:competitor:4182,HIG,Chiefs,sr:competitor:4185,CHI,Forsyth Barr Stadium,Dunedin,New Zealand,"-45.869252, 170.524323","Mabey, Angus",New Zealand,30,2276725954,line_out_won,2026-02-21T06:14:54+00:00,8,7:39,away,Chiefs,14,72,1,,,,,,,,,,,,,,
super_rugby_2026_highlanders_vs_chiefs_65866104.json,sr:sport_event:65866104,2026-02-21T06:05:00+00:00,Super Rugby,sr:competition:422,Super Rugby 2026,sr:season:137092,2026,league,regular season,2,Super Rugby Pacific 2026,Highlanders,sr:competitor:4182,HIG,Chiefs,sr:competitor:4185,CHI,Forsyth Barr Stadium,Dunedin,New Zealand,"-45.869252, 170.524323","Mabey, Angus",New Zealand,31,2276726190,score_change,2026-02-21T06:15:16+00:00,9,8:01,away,Chiefs,4,55,1,,,7,5,try,,,sr:player:1106251,"Taukei'aho, Samisoni",,,,,"[{""id"": ""sr:player:1106251"", ""name"": ""Taukei'aho, Samisoni"", ""type"": ""scorer""}]"
super_rugby_2026_highlanders_vs_chiefs_65866104.json,sr:sport_event:65866104,2026-02-21T06:05:00+00:00,Super Rugby,sr:competition:422,Super Rugby 2026,sr:season:137092,2026,league,regular season,2,Super Rugby Pacific 2026,Highlanders,sr:competitor:4182,HIG,Chiefs,sr:competitor:4185,CHI,Forsyth Barr Stadium,Dunedin,New Zealand,"-45.869252, 170.524323","Mabey, Angus",New Zealand,32,2276726592,score_change,2026-02-21T06:16:05+00:00,9,8:48,away,Chiefs,55,35,1,,,7,7,conversion,,,sr:player:2774837,"Jacomb, Josh",,,,,"[{""id"": ""sr:player:2774837"", ""name"": ""Jacomb, Josh"", ""type"": ""scorer""}]"
super_rugby_2026_highlanders_vs_chiefs_65866104.json,sr:sport_event:65866104,2026-02-21T06:05:00+00:00,Super Rugby,sr:competition:422,Super Rugby 2026,sr:season:137092,2026,league,regular season,2,Super Rugby Pacific 2026,Highlanders,sr:competitor:4182,HIG,Chiefs,sr:competitor:4185,CHI,Forsyth Barr Stadium,Dunedin,New Zealand,"-45.869252, 170.524323","Mabey, Angus",New Zealand,33,2276726972,ball_kicked,2026-02-21T06:16:45+00:00,10,9:29,home,Highlanders,72,42,1,,,,,,,,,,,,,,
super_rugby_2026_highlanders_vs_chiefs_65866104.json,sr:sport_event:65866104,2026-02-21T06:05:00+00:00,Super Rugby,sr:competition:422,Super Rugby 2026,sr:season:137092,2026,league,regular season,2,Super Rugby Pacific 2026,Highlanders,sr:competitor:4182,HIG,Chiefs,sr:competitor:4185,CHI,Forsyth Barr Stadium,Dunedin,New Zealand,"-45.869252, 170.524323","Mabey, Angus",New Zealand,34,2276727280,line_out,2026-02-21T06:17:25+00:00,11,10:09,home,Highlanders,55,-2,1,,,,,,,,,,,,,,
super_rugby_2026_highlanders_vs_chiefs_65866104.json,sr:sport_event:65866104,2026-02-21T06:05:00+00:00,Super Rugby,sr:competition:422,Super Rugby 2026,sr:season:137092,2026,league,regular season,2,Super Rugby Pacific 2026,Highlanders,sr:competitor:4182,HIG,Chiefs,sr:competitor:4185,CHI,Forsyth Barr Stadium,Dunedin,New Zealand,"-45.869252, 170.524323","Mabey, Angus",New Zealand,35,2276727430,penalty_awarded,2026-02-21T06:17:44+00:00,11,10:27,home,Highlanders,55,-2,1,,,,,,,,,,,,,,
super_rugby_2026_highlanders_vs_chiefs_65866104.json,sr:sport_event:65866104,2026-02-21T06:05:00+00:00,Super Rugby,sr:competition:422,Super Rugby 2026,sr:season:137092,2026,league,regular season,2,Super Rugby Pacific 2026,Highlanders,sr:competitor:4182,HIG,Chiefs,sr:competitor:4185,CHI,Forsyth Barr Stadium,Dunedin,New Zealand,"-45.869252, 170.524323","Mabey, Angus",New Zealand,36,2276727680,kick_to_touch,2026-02-21T06:18:24+00:00,12,11:08,home,Highlanders,50,28,1,,,,,,,,,,,,,,
super_rugby_2026_highlanders_vs_chiefs_65866104.json,sr:sport_event:65866104,2026-02-21T06:05:00+00:00,Super Rugby,sr:competition:422,Super Rugby 2026,sr:season:137092,2026,league,regular season,2,Super Rugby Pacific 2026,Highlanders,sr:competitor:4182,HIG,Chiefs,sr:competitor:4185,CHI,Forsyth Barr Stadium,Dunedin,New Zealand,"-45.869252, 170.524323","Mabey, Angus",New Zealand,37,2276727702,line_out,2026-02-21T06:18:27+00:00,12,11:11,home,Highlanders,93,-1,1,,,,,,,,,,,,,,
super_rugby_2026_highlanders_vs_chiefs_65866104.json,sr:sport_event:65866104,2026-02-21T06:05:00+00:00,Super Rugby,sr:competition:422,Super Rugby 2026,sr:season:137092,2026,league,regular season,2,Super Rugby Pacific 2026,Highlanders,sr:competitor:4182,HIG,Chiefs,sr:competitor:4185,CHI,Forsyth Barr Stadium,Dunedin,New Zealand,"-45.869252, 170.524323","Mabey, Angus",New Zealand,38,2276727734,line_out_won,2026-02-21T06:18:29+00:00,12,11:13,home,Highlanders,93,-1,1,,,,,,,,,,,,,,
super_rugby_2026_highlanders_vs_chiefs_65866104.json,sr:sport_event:65866104,2026-02-21T06:05:00+00:00,Super Rugby,sr:competition:422,Super Rugby 2026,sr:season:137092,2026,league,regular season,2,Super Rugby Pacific 2026,Highlanders,sr:competitor:4182,HIG,Chiefs,sr:competitor:4185,CHI,Forsyth Barr Stadium,Dunedin,New Zealand,"-45.869252, 170.524323","Mabey, Angus",New Zealand,39,2276727864,ball_recycled,2026-02-21T06:18:50+00:00,12,11:34,home,Highlanders,77,23,1,,,,,,,,,,,,,,
super_rugby_2026_highlanders_vs_chiefs_65866104.json,sr:sport_event:65866104,2026-02-21T06:05:00+00:00,Super Rugby,sr:competition:422,Super Rugby 2026,sr:season:137092,2026,league,regular season,2,Super Rugby Pacific 2026,Highlanders,sr:competitor:4182,HIG,Chiefs,sr:competitor:4185,CHI,Forsyth Barr Stadium,Dunedin,New Zealand,"-45.869252, 170.524323","Mabey, Angus",New Zealand,40,2276727958,penalty_awarded,2026-02-21T06:19:07+00:00,12,11:50,home,Highlanders,70,30,1,,,,,,,,,,,,,,
super_rugby_2026_highlanders_vs_chiefs_65866104.json,sr:sport_event:65866104,2026-02-21T06:05:00+00:00,Super Rugby,sr:competition:422,Super Rugby 2026,sr:season:137092,2026,league,regular season,2,Super Rugby Pacific 2026,Highlanders,sr:competitor:4182,HIG,Chiefs,sr:competitor:4185,CHI,Forsyth Barr Stadium,Dunedin,New Zealand,"-45.869252, 170.524323","Mabey, Angus",New Zealand,41,2276728548,scrum,2026-02-21T06:20:26+00:00,14,13:10,home,Highlanders,70,30,1,,,,,,,,,,,,,,
super_rugby_2026_highlanders_vs_chiefs_65866104.json,sr:sport_event:65866104,2026-02-21T06:05:00+00:00,Super Rugby,sr:competition:422,Super Rugby 2026,sr:season:137092,2026,league,regular season,2,Super Rugby Pacific 2026,Highlanders,sr:competitor:4182,HIG,Chiefs,sr:competitor:4185,CHI,Forsyth Barr Stadium,Dunedin,New Zealand,"-45.869252, 170.524323","Mabey, Angus",New Zealand,42,2276728698,scrum_won,2026-02-21T06:20:45+00:00,14,13:29,away,Chiefs,73,32,1,,,,,,,,,,,,,,
super_rugby_2026_highlanders_vs_chiefs_65866104.json,sr:sport_event:65866104,2026-02-21T06:05:00+00:00,Super Rugby,sr:competition:422,Super Rugby 2026,sr:season:137092,2026,league,regular season,2,Super Rugby Pacific 2026,Highlanders,sr:competitor:4182,HIG,Chiefs,sr:competitor:4185,CHI,Forsyth Barr Stadium,Dunedin,New Zealand,"-45.869252, 170.524323","Mabey, Angus",New Zealand,43,2276728702,penalty_awarded,2026-02-21T06:20:46+00:00,14,13:29,away,Chiefs,73,32,1,,,,,,,,,,,,,,
super_rugby_2026_highlanders_vs_chiefs_65866104.json,sr:sport_event:65866104,2026-02-21T06:05:00+00:00,Super Rugby,sr:competition:422,Super Rugby 2026,sr:season:137092,2026,league,regular season,2,Super Rugby Pacific 2026,Highlanders,sr:competitor:4182,HIG,Chiefs,sr:competitor:4185,CHI,Forsyth Barr Stadium,Dunedin,New Zealand,"-45.869252, 170.524323","Mabey, Angus",New Zealand,44,2276729138,kick_to_touch,2026-02-21T06:21:38+00:00,14,13:55,away,Chiefs,67,29,1,,,,,,,,,,,,,,
super_rugby_2026_highlanders_vs_chiefs_65866104.json,sr:sport_event:65866104,2026-02-21T06:05:00+00:00,Super Rugby,sr:competition:422,Super Rugby 2026,sr:season:137092,2026,league,regular season,2,Super Rugby Pacific 2026,Highlanders,sr:competitor:4182,HIG,Chiefs,sr:competitor:4185,CHI,Forsyth Barr Stadium,Dunedin,New Zealand,"-45.869252, 170.524323","Mabey, Angus",New Zealand,45,2276729156,line_out,2026-02-21T06:21:41+00:00,14,13:57,away,Chiefs,48,-2,1,,,,,,,,,,,,,,
super_rugby_2026_highlanders_vs_chiefs_65866104.json,sr:sport_event:65866104,2026-02-21T06:05:00+00:00,Super Rugby,sr:competition:422,Super Rugby 2026,sr:season:137092,2026,league,regular season,2,Super Rugby Pacific 2026,Highlanders,sr:competitor:4182,HIG,Chiefs,sr:competitor:4185,CHI,Forsyth Barr Stadium,Dunedin,New Zealand,"-45.869252, 170.524323","Mabey, Angus",New Zealand,46,2276729202,line_out_won,2026-02-21T06:21:47+00:00,15,14:03,away,Chiefs,48,-2,1,,,,,,,,,,,,,,
super_rugby_2026_highlanders_vs_chiefs_65866104.json,sr:sport_event:65866104,2026-02-21T06:05:00+00:00,Super Rugby,sr:competition:422,Super Rugby 2026,sr:season:137092,2026,league,regular season,2,Super Rugby Pacific 2026,Highlanders,sr:competitor:4182,HIG,Chiefs,sr:competitor:4185,CHI,Forsyth Barr Stadium,Dunedin,New Zealand,"-45.869252, 170.524323","Mabey, Angus",New Zealand,47,2276729488,turnover,2026-02-21T06:22:20+00:00,15,14:37,home,Highlanders,38,41,1,,,,,,,,,,,,,,
super_rugby_2026_highlanders_vs_chiefs_65866104.json,sr:sport_event:65866104,2026-02-21T06:05:00+00:00,Super Rugby,sr:competition:422,Super Rugby 2026,sr:season:137092,2026,league,regular season,2,Super Rugby Pacific 2026,Highlanders,sr:competitor:4182,HIG,Chiefs,sr:competitor:4185,CHI,Forsyth Barr Stadium,Dunedin,New Zealand,"-45.869252, 170.524323","Mabey, Angus",New Zealand,48,2276729562,ball_kicked,2026-02-21T06:22:33+00:00,15,14:49,home,Highlanders,44,16,1,,,,,,,,,,,,,,
super_rugby_2026_highlanders_vs_chiefs_65866104.json,sr:sport_event:65866104,2026-02-21T06:05:00+00:00,Super Rugby,sr:competition:422,Super Rugby 2026,sr:season:137092,2026,league,regular season,2,Super Rugby Pacific 2026,Highlanders,sr:competitor:4182,HIG,Chiefs,sr:competitor:4185,CHI,Forsyth Barr Stadium,Dunedin,New Zealand,"-45.869252, 170.524323","Mabey, Angus",New Zealand,49,2276729598,line_out,2026-02-21T06:22:38+00:00,15,14:55,away,Chiefs,44,-2,1,,,,,,,,,,,,,,
super_rugby_2026_highlanders_vs_chiefs_65866104.json,sr:sport_event:65866104,2026-02-21T06:05:00+00:00,Super Rugby,sr:competition:422,Super Rugby 2026,sr:season:137092,2026,league,regular season,2,Super Rugby Pacific 2026,Highlanders,sr:competitor:4182,HIG,Chiefs,sr:competitor:4185,CHI,Forsyth Barr Stadium,Dunedin,New Zealand,"-45.869252, 170.524323","Mabey, Angus",New Zealand,50,2276729782,line_out_won,2026-02-21T06:23:03+00:00,16,15:18,home,Highlanders,44,-2,1,,,,,,,,,,,,,,
super_rugby_2026_highlanders_vs_chiefs_65866104.json,sr:sport_event:65866104,2026-02-21T06:05:00+00:00,Super Rugby,sr:competition:422,Super Rugby 2026,sr:season:137092,2026,league,regular season,2,Super Rugby Pacific 2026,Highlanders,sr:competitor:4182,HIG,Chiefs,sr:competitor:4185,CHI,Forsyth Barr Stadium,Dunedin,New Zealand,"-45.869252, 170.524323","Mabey, Angus",New Zealand,51,2276729826,ball_recycled,2026-02-21T06:23:10+00:00,16,15:25,home,Highlanders,54,25,1,,,,,,,,,,,,,,
super_rugby_2026_highlanders_vs_chiefs_65866104.json,sr:sport_event:65866104,2026-02-21T06:05:00+00:00,Super Rugby,sr:competition:422,Super Rugby 2026,sr:season:137092,2026,league,regular season,2,Super Rugby Pacific 2026,Highlanders,sr:competitor:4182,HIG,Chiefs,sr:competitor:4185,CHI,Forsyth Barr Stadium,Dunedin,New Zealand,"-45.869252, 170.524323","Mabey, Angus",New Zealand,52,2276729860,ball_recycled,2026-02-21T06:23:14+00:00,16,15:31,home,Highlanders,63,37,1,,,,,,,,,,,,,,
super_rugby_2026_highlanders_vs_chiefs_65866104.json,sr:sport_event:65866104,2026-02-21T06:05:00+00:00,Super Rugby,sr:competition:422,Super Rugby 2026,sr:season:137092,2026,league,regular season,2,Super Rugby Pacific 2026,Highlanders,sr:competitor:4182,HIG,Chiefs,sr:competitor:4185,CHI,Forsyth Barr Stadium,Dunedin,New Zealand,"-45.869252, 170.524323","Mabey, Angus",New Zealand,53,2276730158,ball_recycled,2026-02-21T06:23:41+00:00,16,15:57,home,Highlanders,62,32,1,,,,,,,,,,,,,,
super_rugby_2026_highlanders_vs_chiefs_65866104.json,sr:sport_event:65866104,2026-02-21T06:05:00+00:00,Super Rugby,sr:competition:422,Super Rugby 2026,sr:season:137092,2026,league,regular season,2,Super Rugby Pacific 2026,Highlanders,sr:competitor:4182,HIG,Chiefs,sr:competitor:4185,CHI,Forsyth Barr Stadium,Dunedin,New Zealand,"-45.869252, 170.524323","Mabey, Angus",New Zealand,54,2276730214,turnover,2026-02-21T06:23:54+00:00,17,16:10,away,Chiefs,70,28,1,,,,,,,,,,,,,,
super_rugby_2026_highlanders_vs_chiefs_65866104.json,sr:sport_event:65866104,2026-02-21T06:05:00+00:00,Super Rugby,sr:competition:422,Super Rugby 2026,sr:season:137092,2026,league,regular season,2,Super Rugby Pacific 2026,Highlanders,sr:competitor:4182,HIG,Chiefs,sr:competitor:4185,CHI,Forsyth Barr Stadium,Dunedin,New Zealand,"-45.869252, 170.524323","Mabey, Angus",New Zealand,55,2276730296,ball_kicked,2026-02-21T06:24:04+00:00,17,16:20,away,Chiefs,30,44,1,,,,,,,,,,,,,,
super_rugby_2026_highlanders_vs_chiefs_65866104.json,sr:sport_event:65866104,2026-02-21T06:05:00+00:00,Super Rugby,sr:competition:422,Super Rugby 2026,sr:season:137092,2026,league,regular season,2,Super Rugby Pacific 2026,Highlanders,sr:competitor:4182,HIG,Chiefs,sr:competitor:4185,CHI,Forsyth Barr Stadium,Dunedin,New Zealand,"-45.869252, 170.524323","Mabey, Angus",New Zealand,56,2276730418,line_out,2026-02-21T06:24:26+00:00,17,16:43,home,Highlanders,43,72,1,,,,,,,,,,,,,,
super_rugby_2026_highlanders_vs_chiefs_65866104.json,sr:sport_event:65866104,2026-02-21T06:05:00+00:00,Super Rugby,sr:competition:422,Super Rugby 2026,sr:season:137092,2026,league,regular season,2,Super Rugby Pacific 2026,Highlanders,sr:competitor:4182,HIG,Chiefs,sr:competitor:4185,CHI,Forsyth Barr Stadium,Dunedin,New Zealand,"-45.869252, 170.524323","Mabey, Angus",New Zealand,57,2276730588,line_out_won,2026-02-21T06:24:57+00:00,18,17:13,home,Highlanders,43,72,1,,,,,,,,,,,,,,
super_rugby_2026_highlanders_vs_chiefs_65866104.json,sr:sport_event:65866104,2026-02-21T06:05:00+00:00,Super Rugby,sr:competition:422,Super Rugby 2026,sr:season:137092,2026,league,regular season,2,Super Rugby Pacific 2026,Highlanders,sr:competitor:4182,HIG,Chiefs,sr:competitor:4185,CHI,Forsyth Barr Stadium,Dunedin,New Zealand,"-45.869252, 170.524323","Mabey, Angus",New Zealand,58,2276730632,ball_recycled,2026-02-21T06:25:05+00:00,18,17:20,home,Highlanders,55,45,1,,,,,,,,,,,,,,
super_rugby_2026_highlanders_vs_chiefs_65866104.json,sr:sport_event:65866104,2026-02-21T06:05:00+00:00,Super Rugby,sr:competition:422,Super Rugby 2026,sr:season:137092,2026,league,regular season,2,Super Rugby Pacific 2026,Highlanders,sr:competitor:4182,HIG,Chiefs,sr:competitor:4185,CHI,Forsyth Barr Stadium,Dunedin,New Zealand,"-45.869252, 170.524323","Mabey, Angus",New Zealand,59,2276730652,turnover,2026-02-21T06:25:09+00:00,18,17:25,away,Chiefs,76,31,1,,,,,,,,,,,,,,
super_rugby_2026_highlanders_vs_chiefs_65866104.json,sr:sport_event:65866104,2026-02-21T06:05:00+00:00,Super Rugby,sr:competition:422,Super Rugby 2026,sr:season:137092,2026,league,regular season,2,Super Rugby Pacific 2026,Highlanders,sr:competitor:4182,HIG,Chiefs,sr:competitor:4185,CHI,Forsyth Barr Stadium,Dunedin,New Zealand,"-45.869252, 170.524323","Mabey, Angus",New Zealand,60,2276730728,ball_recycled,2026-02-21T06:25:18+00:00,18,17:35,away,Chiefs,80,22,1,,,,,,,,,,,,,,
super_rugby_2026_highlanders_vs_chiefs_65866104.json,sr:sport_event:65866104,2026-02-21T06:05:00+00:00,Super Rugby,sr:competition:422,Super Rugby 2026,sr:season:137092,2026,league,regular season,2,Super Rugby Pacific 2026,Highlanders,sr:competitor:4182,HIG,Chiefs,sr:competitor:4185,CHI,Forsyth Barr Stadium,Dunedin,New Zealand,"-45.869252, 170.524323","Mabey, Angus",New Zealand,61,2276730794,ball_recycled,2026-02-21T06:25:27+00:00,18,17:43,away,Chiefs,44,20,1,,,,,,,,,,,,,,
super_rugby_2026_highlanders_vs_chiefs_65866104.json,sr:sport_event:65866104,2026-02-21T06:05:00+00:00,Super Rugby,sr:competition:422,Super Rugby 2026,sr:season:137092,2026,league,regular season,2,Super Rugby Pacific 2026,Highlanders,sr:competitor:4182,HIG,Chiefs,sr:competitor:4185,CHI,Forsyth Barr Stadium,Dunedin,New Zealand,"-45.869252, 170.524323","Mabey, Angus",New Zealand,62,2276730862,ball_kicked,2026-02-21T06:25:35+00:00,18,17:52,away,Chiefs,21,12,1,,,,,,,,,,,,,,
super_rugby_2026_highlanders_vs_chiefs_65866104.json,sr:sport_event:65866104,2026-02-21T06:05:00+00:00,Super Rugby,sr:competition:422,Super Rugby 2026,sr:season:137092,2026,league,regular season,2,Super Rugby Pacific 2026,Highlanders,sr:competitor:4182,HIG,Chiefs,sr:competitor:4185,CHI,Forsyth Barr Stadium,Dunedin,New Zealand,"-45.869252, 170.524323","Mabey, Angus",New Zealand,63,2276731122,scrum,2026-02-21T06:26:07+00:00,19,18:23,away,Chiefs,21,12,1,,,,,,,,,,,,,,
super_rugby_2026_highlanders_vs_chiefs_65866104.json,sr:sport_event:65866104,2026-02-21T06:05:00+00:00,Super Rugby,sr:competition:422,Super Rugby 2026,sr:season:137092,2026,league,regular season,2,Super Rugby Pacific 2026,Highlanders,sr:competitor:4182,HIG,Chiefs,sr:competitor:4185,CHI,Forsyth Barr Stadium,Dunedin,New Zealand,"-45.869252, 170.524323","Mabey, Angus",New Zealand,64,2276731136,scrum_won,2026-02-21T06:26:10+00:00,19,18:25,away,Chiefs,21,12,1,,,,,,,,,,,,,,
super_rugby_2026_highlanders_vs_chiefs_65866104.json,sr:sport_event:65866104,2026-02-21T06:05:00+00:00,Super Rugby,sr:competition:422,Super Rugby 2026,sr:season:137092,2026,league,regular season,2,Super Rugby Pacific 2026,Highlanders,sr:competitor:4182,HIG,Chiefs,sr:competitor:4185,CHI,Forsyth Barr Stadium,Dunedin,New Zealand,"-45.869252, 170.524323","Mabey, Angus",New Zealand,65,2276731146,ball_recycled,2026-02-21T06:26:12+00:00,19,18:28,away,Chiefs,37,23,1,,,,,,,,,,,,,,
super_rugby_2026_highlanders_vs_chiefs_65866104.json,sr:sport_event:65866104,2026-02-21T06:05:00+00:00,Super Rugby,sr:competition:422,Super Rugby 2026,sr:season:137092,2026,league,regular season,2,Super Rugby Pacific 2026,Highlanders,sr:competitor:4182,HIG,Chiefs,sr:competitor:4185,CHI,Forsyth Barr Stadium,Dunedin,New Zealand,"-45.869252, 170.524323","Mabey, Angus",New Zealand,66,2276731212,ball_recycled,2026-02-21T06:26:24+00:00,19,18:41,away,Chiefs,40,19,1,,,,,,,,,,,,,,
super_rugby_2026_highlanders_vs_chiefs_65866104.json,sr:sport_event:65866104,2026-02-21T06:05:00+00:00,Super Rugby,sr:competition:422,Super Rugby 2026,sr:season:137092,2026,league,regular season,2,Super Rugby Pacific 2026,Highlanders,sr:competitor:4182,HIG,Chiefs,sr:competitor:4185,CHI,Forsyth Barr Stadium,Dunedin,New Zealand,"-45.869252, 170.524323","Mabey, Angus",New Zealand,67,2276731440,scrum,2026-02-21T06:26:55+00:00,20,19:11,home,Highlanders,42,17,1,,,,,,,,,,,,,,
super_rugby_2026_highlanders_vs_chiefs_65866104.json,sr:sport_event:65866104,2026-02-21T06:05:00+00:00,Super Rugby,sr:competition:422,Super Rugby 2026,sr:season:137092,2026,league,regular season,2,Super Rugby Pacific 2026,Highlanders,sr:competitor:4182,HIG,Chiefs,sr:competitor:4185,CHI,Forsyth Barr Stadium,Dunedin,New Zealand,"-45.869252, 170.524323","Mabey, Angus",New Zealand,68,2276731626,scrum_won,2026-02-21T06:27:31+00:00,20,19:47,home,Highlanders,42,17,1,,,,,,,,,,,,,,
super_rugby_2026_highlanders_vs_chiefs_65866104.json,sr:sport_event:65866104,2026-02-21T06:05:00+00:00,Super Rugby,sr:competition:422,Super Rugby 2026,sr:season:137092,2026,league,regular season,2,Super Rugby Pacific 2026,Highlanders,sr:competitor:4182,HIG,Chiefs,sr:competitor:4185,CHI,Forsyth Barr Stadium,Dunedin,New Zealand,"-45.869252, 170.524323","Mabey, Angus",New Zealand,69,2276731636,ball_recycled,2026-02-21T06:27:34+00:00,20,19:50,home,Highlanders,44,25,1,,,,,,,,,,,,,,
super_rugby_2026_highlanders_vs_chiefs_65866104.json,sr:sport_event:65866104,2026-02-21T06:05:00+00:00,Super Rugby,sr:competition:422,Super Rugby 2026,sr:season:137092,2026,league,regular season,2,Super Rugby Pacific 2026,Highlanders,sr:competitor:4182,HIG,Chiefs,sr:competitor:4185,CHI,Forsyth Barr Stadium,Dunedin,New Zealand,"-45.869252, 170.524323","Mabey, Angus",New Zealand,70,2276731730,ball_recycled,2026-02-21T06:27:49+00:00,21,20:05,home,Highlanders,58,44,1,,,,,,,,,,,,,,
super_rugby_2026_highlanders_vs_chiefs_65866104.json,sr:sport_event:65866104,2026-02-21T06:05:00+00:00,Super Rugby,sr:competition:422,Super Rugby 2026,sr:season:137092,2026,league,regular season,2,Super Rugby Pacific 2026,Highlanders,sr:competitor:4182,HIG,Chiefs,sr:competitor:4185,CHI,Forsyth Barr Stadium,Dunedin,New Zealand,"-45.869252, 170.524323","Mabey, Angus",New Zealand,71,2276731756,ball_recycled,2026-02-21T06:27:53+00:00,21,20:08,home,Highlanders,50,43,1,,,,,,,,,,,,,,
super_rugby_2026_highlanders_vs_chiefs_65866104.json,sr:sport_event:65866104,2026-02-21T06:05:00+00:00,Super Rugby,sr:competition:422,Super Rugby 2026,sr:season:137092,2026,league,regular season,2,Super Rugby Pacific 2026,Highlanders,sr:competitor:4182,HIG,Chiefs,sr:competitor:4185,CHI,Forsyth Barr Stadium,Dunedin,New Zealand,"-45.869252, 170.524323","Mabey, Angus",New Zealand,72,2276731860,line_out,2026-02-21T06:28:09+00:00,21,20:25,home,Highlanders,73,71,1,,,,,,,,,,,,,,
super_rugby_2026_highlanders_vs_chiefs_65866104.json,sr:sport_event:65866104,2026-02-21T06:05:00+00:00,Super Rugby,sr:competition:422,Super Rugby 2026,sr:season:137092,2026,league,regular season,2,Super Rugby Pacific 2026,Highlanders,sr:competitor:4182,HIG,Chiefs,sr:competitor:4185,CHI,Forsyth Barr Stadium,Dunedin,New Zealand,"-45.869252, 170.524323","Mabey, Angus",New Zealand,73,2276732048,line_out_won,2026-02-21T06:28:31+00:00,21,20:48,home,Highlanders,73,71,1,,,,,,,,,,,,,,
super_rugby_2026_highlanders_vs_chiefs_65866104.json,sr:sport_event:65866104,2026-02-21T06:05:00+00:00,Super Rugby,sr:competition:422,Super Rugby 2026,sr:season:137092,2026,league,regular season,2,Super Rugby Pacific 2026,Highlanders,sr:competitor:4182,HIG,Chiefs,sr:competitor:4185,CHI,Forsyth Barr Stadium,Dunedin,New Zealand,"-45.869252, 170.524323","Mabey, Angus",New Zealand,74,2276732368,scrum,2026-02-21T06:29:24+00:00,22,21:40,home,Highlanders,73,47,1,,,,,,,,,,,,,,
super_rugby_2026_highlanders_vs_chiefs_65866104.json,sr:sport_event:65866104,2026-02-21T06:05:00+00:00,Super Rugby,sr:competition:422,Super Rugby 2026,sr:season:137092,2026,league,regular season,2,Super Rugby Pacific 2026,Highlanders,sr:competitor:4182,HIG,Chiefs,sr:competitor:4185,CHI,Forsyth Barr Stadium,Dunedin,New Zealand,"-45.869252, 170.524323","Mabey, Angus",New Zealand,75,2276732660,scrum_won,2026-02-21T06:30:03+00:00,23,22:18,home,Highlanders,73,47,1,,,,,,,,,,,,,,
super_rugby_2026_highlanders_vs_chiefs_65866104.json,sr:sport_event:65866104,2026-02-21T06:05:00+00:00,Super Rugby,sr:competition:422,Super Rugby 2026,sr:season:137092,2026,league,regular season,2,Super Rugby Pacific 2026,Highlanders,sr:competitor:4182,HIG,Chiefs,sr:competitor:4185,CHI,Forsyth Barr Stadium,Dunedin,New Zealand,"-45.869252, 170.524323","Mabey, Angus",New Zealand,76,2276732674,turnover,2026-02-21T06:30:05+00:00,23,22:20,away,Chiefs,46,42,1,,,,,,,,,,,,,,
super_rugby_2026_highlanders_vs_chiefs_65866104.json,sr:sport_event:65866104,2026-02-21T06:05:00+00:00,Super Rugby,sr:competition:422,Super Rugby 2026,sr:season:137092,2026,league,regular season,2,Super Rugby Pacific 2026,Highlanders,sr:competitor:4182,HIG,Chiefs,sr:competitor:4185,CHI,Forsyth Barr Stadium,Dunedin,New Zealand,"-45.869252, 170.524323","Mabey, Angus",New Zealand,77,2276732768,penalty_awarded,2026-02-21T06:30:11+00:00,23,22:26,home,Highlanders,54,44,1,,,,,,,,,,,,,,
super_rugby_2026_highlanders_vs_chiefs_65866104.json,sr:sport_event:65866104,2026-02-21T06:05:00+00:00,Super Rugby,sr:competition:422,Super Rugby 2026,sr:season:137092,2026,league,regular season,2,Super Rugby Pacific 2026,Highlanders,sr:competitor:4182,HIG,Chiefs,sr:competitor:4185,CHI,Forsyth Barr Stadium,Dunedin,New Zealand,"-45.869252, 170.524323","Mabey, Angus",New Zealand,78,2276732780,tap_and_go,2026-02-21T06:30:12+00:00,23,22:27,home,Highlanders,54,44,1,,,,,,,,,,,,,,
super_rugby_2026_highlanders_vs_chiefs_65866104.json,sr:sport_event:65866104,2026-02-21T06:05:00+00:00,Super Rugby,sr:competition:422,Super Rugby 2026,sr:season:137092,2026,league,regular season,2,Super Rugby Pacific 2026,Highlanders,sr:competitor:4182,HIG,Chiefs,sr:competitor:4185,CHI,Forsyth Barr Stadium,Dunedin,New Zealand,"-45.869252, 170.524323","Mabey, Angus",New Zealand,79,2276732806,ball_kicked,2026-02-21T06:30:14+00:00,23,22:31,home,Highlanders,79,57,1,,,,,,,,,,,,,,
super_rugby_2026_highlanders_vs_chiefs_65866104.json,sr:sport_event:65866104,2026-02-21T06:05:00+00:00,Super Rugby,sr:competition:422,Super Rugby 2026,sr:season:137092,2026,league,regular season,2,Super Rugby Pacific 2026,Highlanders,sr:competitor:4182,HIG,Chiefs,sr:competitor:4185,CHI,Forsyth Barr Stadium,Dunedin,New Zealand,"-45.869252, 170.524323","Mabey, Angus",New Zealand,80,2276733142,ball_recycled,2026-02-21T06:30:55+00:00,24,23:10,away,Chiefs,67,51,1,,,,,,,,,,,,,,
super_rugby_2026_highlanders_vs_chiefs_65866104.json,sr:sport_event:65866104,2026-02-21T06:05:00+00:00,Super Rugby,sr:competition:422,Super Rugby 2026,sr:season:137092,2026,league,regular season,2,Super Rugby Pacific 2026,Highlanders,sr:competitor:4182,HIG,Chiefs,sr:competitor:4185,CHI,Forsyth Barr Stadium,Dunedin,New Zealand,"-45.869252, 170.524323","Mabey, Angus",New Zealand,81,2276733404,ball_kicked,2026-02-21T06:31:29+00:00,24,23:46,away,Chiefs,46,46,1,,,,,,,,,,,,,,
super_rugby_2026_highlanders_vs_chiefs_65866104.json,sr:sport_event:65866104,2026-02-21T06:05:00+00:00,Super Rugby,sr:competition:422,Super Rugby 2026,sr:season:137092,2026,league,regular season,2,Super Rugby Pacific 2026,Highlanders,sr:competitor:4182,HIG,Chiefs,sr:competitor:4185,CHI,Forsyth Barr Stadium,Dunedin,New Zealand,"-45.869252, 170.524323","Mabey, Angus",New Zealand,82,2276733468,turnover,2026-02-21T06:31:37+00:00,24,23:53,away,Chiefs,79,57,1,,,,,,,,,,,,,,
super_rugby_2026_highlanders_vs_chiefs_65866104.json,sr:sport_event:65866104,2026-02-21T06:05:00+00:00,Super Rugby,sr:competition:422,Super Rugby 2026,sr:season:137092,2026,league,regular season,2,Super Rugby Pacific 2026,Highlanders,sr:competitor:4182,HIG,Chiefs,sr:competitor:4185,CHI,Forsyth Barr Stadium,Dunedin,New Zealand,"-45.869252, 170.524323","Mabey, Angus",New Zealand,83,2276733526,ball_kicked,2026-02-21T06:31:50+00:00,25,24:05,away,Chiefs,31,40,1,,,,,,,,,,,,,,
super_rugby_2026_highlanders_vs_chiefs_65866104.json,sr:sport_event:65866104,2026-02-21T06:05:00+00:00,Super Rugby,sr:competition:422,Super Rugby 2026,sr:season:137092,2026,league,regular season,2,Super Rugby Pacific 2026,Highlanders,sr:competitor:4182,HIG,Chiefs,sr:competitor:4185,CHI,Forsyth Barr Stadium,Dunedin,New Zealand,"-45.869252, 170.524323","Mabey, Angus",New Zealand,84,2276733560,ball_kicked,2026-02-21T06:31:53+00:00,25,24:08,home,Highlanders,80,16,1,,,,,,,,,,,,,,
super_rugby_2026_highlanders_vs_chiefs_65866104.json,sr:sport_event:65866104,2026-02-21T06:05:00+00:00,Super Rugby,sr:competition:422,Super Rugby 2026,sr:season:137092,2026,league,regular season,2,Super Rugby Pacific 2026,Highlanders,sr:competitor:4182,HIG,Chiefs,sr:competitor:4185,CHI,Forsyth Barr Stadium,Dunedin,New Zealand,"-45.869252, 170.524323","Mabey, Angus",New Zealand,85,2276733630,line_out,2026-02-21T06:32:08+00:00,25,24:23,home,Highlanders,68,0,1,,,,,,,,,,,,,,
super_rugby_2026_highlanders_vs_chiefs_65866104.json,sr:sport_event:65866104,2026-02-21T06:05:00+00:00,Super Rugby,sr:competition:422,Super Rugby 2026,sr:season:137092,2026,league,regular season,2,Super Rugby Pacific 2026,Highlanders,sr:competitor:4182,HIG,Chiefs,sr:competitor:4185,CHI,Forsyth Barr Stadium,Dunedin,New Zealand,"-45.869252, 170.524323","Mabey, Angus",New Zealand,86,2276733874,line_out_won,2026-02-21T06:32:45+00:00,26,25:01,home,Highlanders,68,0,1,,,,,,,,,,,,,,
super_rugby_2026_highlanders_vs_chiefs_65866104.json,sr:sport_event:65866104,2026-02-21T06:05:00+00:00,Super Rugby,sr:competition:422,Super Rugby 2026,sr:season:137092,2026,league,regular season,2,Super Rugby Pacific 2026,Highlanders,sr:competitor:4182,HIG,Chiefs,sr:competitor:4185,CHI,Forsyth Barr Stadium,Dunedin,New Zealand,"-45.869252, 170.524323","Mabey, Angus",New Zealand,87,2276733922,turnover,2026-02-21T06:32:51+00:00,26,25:07,away,Chiefs,48,13,1,,,,,,,,,,,,,,
super_rugby_2026_highlanders_vs_chiefs_65866104.json,sr:sport_event:65866104,2026-02-21T06:05:00+00:00,Super Rugby,sr:competition:422,Super Rugby 2026,sr:season:137092,2026,league,regular season,2,Super Rugby Pacific 2026,Highlanders,sr:competitor:4182,HIG,Chiefs,sr:competitor:4185,CHI,Forsyth Barr Stadium,Dunedin,New Zealand,"-45.869252, 170.524323","Mabey, Angus",New Zealand,88,2276734048,penalty_awarded,2026-02-21T06:33:07+00:00,26,25:22,home,Highlanders,39,26,1,,,,,,,,,,,,,,
super_rugby_2026_highlanders_vs_chiefs_65866104.json,sr:sport_event:65866104,2026-02-21T06:05:00+00:00,Super Rugby,sr:competition:422,Super Rugby 2026,sr:season:137092,2026,league,regular season,2,Super Rugby Pacific 2026,Highlanders,sr:competitor:4182,HIG,Chiefs,sr:competitor:4185,CHI,Forsyth Barr Stadium,Dunedin,New Zealand,"-45.869252, 170.524323","Mabey, Angus",New Zealand,89,2276734316,substitution,2026-02-21T06:33:56+00:00,27,26:12,away,Chiefs,,,1,,,,,,,,,,sr:player:1722392,"Brown, Jahrome",sr:player:2055459,"Parker, Simon","[{""id"": ""sr:player:1722392"", ""name"": ""Brown, Jahrome"", ""type"": ""substituted_out""}, {""id"": ""sr:player:2055459"", ""name"": ""Parker, Simon"", ""type"": ""substituted_in""}]"
super_rugby_2026_highlanders_vs_chiefs_65866104.json,sr:sport_event:65866104,2026-02-21T06:05:00+00:00,Super Rugby,sr:competition:422,Super Rugby 2026,sr:season:137092,2026,league,regular season,2,Super Rugby Pacific 2026,Highlanders,sr:competitor:4182,HIG,Chiefs,sr:competitor:4185,CHI,Forsyth Barr Stadium,Dunedin,New Zealand,"-45.869252, 170.524323","Mabey, Angus",New Zealand,90,2276734442,turnover,2026-02-21T06:34:12+00:00,27,26:28,away,Chiefs,60,44,1,,,,,,,,,,,,,,
super_rugby_2026_highlanders_vs_chiefs_65866104.json,sr:sport_event:65866104,2026-02-21T06:05:00+00:00,Super Rugby,sr:competition:422,Super Rugby 2026,sr:season:137092,2026,league,regular season,2,Super Rugby Pacific 2026,Highlanders,sr:competitor:4182,HIG,Chiefs,sr:competitor:4185,CHI,Forsyth Barr Stadium,Dunedin,New Zealand,"-45.869252, 170.524323","Mabey, Angus",New Zealand,91,2276734562,ball_kicked,2026-02-21T06:34:27+00:00,27,26:43,away,Chiefs,26,17,1,,,,,,,,,,,,,,
super_rugby_2026_highlanders_vs_chiefs_65866104.json,sr:sport_event:65866104,2026-02-21T06:05:00+00:00,Super Rugby,sr:competition:422,Super Rugby 2026,sr:season:137092,2026,league,regular season,2,Super Rugby Pacific 2026,Highlanders,sr:competitor:4182,HIG,Chiefs,sr:competitor:4185,CHI,Forsyth Barr Stadium,Dunedin,New Zealand,"-45.869252, 170.524323","Mabey, Angus",New Zealand,92,2276734722,ball_kicked,2026-02-21T06:34:48+00:00,28,27:04,home,Highlanders,62,31,1,,,,,,,,,,,,,,
super_rugby_2026_highlanders_vs_chiefs_65866104.json,sr:sport_event:65866104,2026-02-21T06:05:00+00:00,Super Rugby,sr:competition:422,Super Rugby 2026,sr:season:137092,2026,league,regular season,2,Super Rugby Pacific 2026,Highlanders,sr:competitor:4182,HIG,Chiefs,sr:competitor:4185,CHI,Forsyth Barr Stadium,Dunedin,New Zealand,"-45.869252, 170.524323","Mabey, Angus",New Zealand,93,2276735176,scrum,2026-02-21T06:35:42+00:00,28,27:58,away,Chiefs,35,27,1,,,,,,,,,,,,,,
super_rugby_2026_highlanders_vs_chiefs_65866104.json,sr:sport_event:65866104,2026-02-21T06:05:00+00:00,Super Rugby,sr:competition:422,Super Rugby 2026,sr:season:137092,2026,league,regular season,2,Super Rugby Pacific 2026,Highlanders,sr:competitor:4182,HIG,Chiefs,sr:competitor:4185,CHI,Forsyth Barr Stadium,Dunedin,New Zealand,"-45.869252, 170.524323","Mabey, Angus",New Zealand,94,2276735238,scrum_won,2026-02-21T06:35:47+00:00,29,28:02,away,Chiefs,35,27,1,,,,,,,,,,,,,,
super_rugby_2026_highlanders_vs_chiefs_65866104.json,sr:sport_event:65866104,2026-02-21T06:05:00+00:00,Super Rugby,sr:competition:422,Super Rugby 2026,sr:season:137092,2026,league,regular season,2,Super Rugby Pacific 2026,Highlanders,sr:competitor:4182,HIG,Chiefs,sr:competitor:4185,CHI,Forsyth Barr Stadium,Dunedin,New Zealand,"-45.869252, 170.524323","Mabey, Angus",New Zealand,95,2276735418,penalty_awarded,2026-02-21T06:36:07+00:00,29,28:22,away,Chiefs,48,26,1,,,,,,,,,,,,,,
super_rugby_2026_highlanders_vs_chiefs_65866104.json,sr:sport_event:65866104,2026-02-21T06:05:00+00:00,Super Rugby,sr:competition:422,Super Rugby 2026,sr:season:137092,2026,league,regular season,2,Super Rugby Pacific 2026,Highlanders,sr:competitor:4182,HIG,Chiefs,sr:competitor:4185,CHI,Forsyth Barr Stadium,Dunedin,New Zealand,"-45.869252, 170.524323","Mabey, Angus",New Zealand,96,2276735734,kick_to_touch,2026-02-21T06:36:48+00:00,30,29:04,away,Chiefs,48,26,1,,,,,,,,,,,,,,
super_rugby_2026_highlanders_vs_chiefs_65866104.json,sr:sport_event:65866104,2026-02-21T06:05:00+00:00,Super Rugby,sr:competition:422,Super Rugby 2026,sr:season:137092,2026,league,regular season,2,Super Rugby Pacific 2026,Highlanders,sr:competitor:4182,HIG,Chiefs,sr:competitor:4185,CHI,Forsyth Barr Stadium,Dunedin,New Zealand,"-45.869252, 170.524323","Mabey, Angus",New Zealand,97,2276735752,line_out,2026-02-21T06:36:50+00:00,30,29:06,away,Chiefs,40,-1,1,,,,,,,,,,,,,,
super_rugby_2026_highlanders_vs_chiefs_65866104.json,sr:sport_event:65866104,2026-02-21T06:05:00+00:00,Super Rugby,sr:competition:422,Super Rugby 2026,sr:season:137092,2026,league,regular season,2,Super Rugby Pacific 2026,Highlanders,sr:competitor:4182,HIG,Chiefs,sr:competitor:4185,CHI,Forsyth Barr Stadium,Dunedin,New Zealand,"-45.869252, 170.524323","Mabey, Angus",New Zealand,98,2276735768,line_out_won,2026-02-21T06:36:52+00:00,30,29:08,away,Chiefs,40,-1,1,,,,,,,,,,,,,,
super_rugby_2026_highlanders_vs_chiefs_65866104.json,sr:sport_event:65866104,2026-02-21T06:05:00+00:00,Super Rugby,sr:competition:422,Super Rugby 2026,sr:season:137092,2026,league,regular season,2,Super Rugby Pacific 2026,Highlanders,sr:competitor:4182,HIG,Chiefs,sr:competitor:4185,CHI,Forsyth Barr Stadium,Dunedin,New Zealand,"-45.869252, 170.524323","Mabey, Angus",New Zealand,99,2276736238,turnover,2026-02-21T06:38:06+00:00,31,30:22,home,Highlanders,58,25,1,,,,,,,,,,,,,,
super_rugby_2026_highlanders_vs_chiefs_65866104.json,sr:sport_event:65866104,2026-02-21T06:05:00+00:00,Super Rugby,sr:competition:422,Super Rugby 2026,sr:season:137092,2026,league,regular season,2,Super Rugby Pacific 2026,Highlanders,sr:competitor:4182,HIG,Chiefs,sr:competitor:4185,CHI,Forsyth Barr Stadium,Dunedin,New Zealand,"-45.869252, 170.524323","Mabey, Angus",New Zealand,100,2276736510,ball_recycled,2026-02-21T06:38:43+00:00,31,31:00,home,Highlanders,83,39,1,,,,,,,,,,,,,,
super_rugby_2026_highlanders_vs_chiefs_65866104.json,sr:sport_event:65866104,2026-02-21T06:05:00+00:00,Super Rugby,sr:competition:422,Super Rugby 2026,sr:season:137092,2026,league,regular season,2,Super Rugby Pacific 2026,Highlanders,sr:competitor:4182,HIG,Chiefs,sr:competitor:4185,CHI,Forsyth Barr Stadium,Dunedin,New Zealand,"-45.869252, 170.524323","Mabey, Angus",New Zealand,101,2276736540,ball_recycled,2026-02-21T06:38:50+00:00,32,31:06,home,Highlanders,83,44,1,,,,,,,,,,,,,,
super_rugby_2026_highlanders_vs_chiefs_65866104.json,sr:sport_event:65866104,2026-02-21T06:05:00+00:00,Super Rugby,sr:competition:422,Super Rugby 2026,sr:season:137092,2026,league,regular season,2,Super Rugby Pacific 2026,Highlanders,sr:competitor:4182,HIG,Chiefs,sr:competitor:4185,CHI,Forsyth Barr Stadium,Dunedin,New Zealand,"-45.869252, 170.524323","Mabey, Angus",New Zealand,102,2276736588,ball_recycled,2026-02-21T06:38:59+00:00,32,31:15,home,Highlanders,79,23,1,,,,,,,,,,,,,,
super_rugby_2026_highlanders_vs_chiefs_65866104.json,sr:sport_event:65866104,2026-02-21T06:05:00+00:00,Super Rugby,sr:competition:422,Super Rugby 2026,sr:season:137092,2026,league,regular season,2,Super Rugby Pacific 2026,Highlanders,sr:competitor:4182,HIG,Chiefs,sr:competitor:4185,CHI,Forsyth Barr Stadium,Dunedin,New Zealand,"-45.869252, 170.524323","Mabey, Angus",New Zealand,103,2276736650,ball_kicked,2026-02-21T06:39:06+00:00,32,31:22,home,Highlanders,92,17,1,,,,,,,,,,,,,,
super_rugby_2026_highlanders_vs_chiefs_65866104.json,sr:sport_event:65866104,2026-02-21T06:05:00+00:00,Super Rugby,sr:competition:422,Super Rugby 2026,sr:season:137092,2026,league,regular season,2,Super Rugby Pacific 2026,Highlanders,sr:competitor:4182,HIG,Chiefs,sr:competitor:4185,CHI,Forsyth Barr Stadium,Dunedin,New Zealand,"-45.869252, 170.524323","Mabey, Angus",New Zealand,104,2276736688,turnover,2026-02-21T06:39:15+00:00,32,31:33,home,Highlanders,92,17,1,,,,,,,,,,,,,,
super_rugby_2026_highlanders_vs_chiefs_65866104.json,sr:sport_event:65866104,2026-02-21T06:05:00+00:00,Super Rugby,sr:competition:422,Super Rugby 2026,sr:season:137092,2026,league,regular season,2,Super Rugby Pacific 2026,Highlanders,sr:competitor:4182,HIG,Chiefs,sr:competitor:4185,CHI,Forsyth Barr Stadium,Dunedin,New Zealand,"-45.869252, 170.524323","Mabey, Angus",New Zealand,105,2276736704,penalty_awarded,2026-02-21T06:39:18+00:00,32,31:36,home,Highlanders,91,12,1,,,,,,,,,,,,,,
super_rugby_2026_highlanders_vs_chiefs_65866104.json,sr:sport_event:65866104,2026-02-21T06:05:00+00:00,Super Rugby,sr:competition:422,Super Rugby 2026,sr:season:137092,2026,league,regular season,2,Super Rugby Pacific 2026,Highlanders,sr:competitor:4182,HIG,Chiefs,sr:competitor:4185,CHI,Forsyth Barr Stadium,Dunedin,New Zealand,"-45.869252, 170.524323","Mabey, Angus",New Zealand,106,2276736720,tap_and_go,2026-02-21T06:39:20+00:00,32,31:37,home,Highlanders,91,12,1,,,,,,,,,,,,,,
super_rugby_2026_highlanders_vs_chiefs_65866104.json,sr:sport_event:65866104,2026-02-21T06:05:00+00:00,Super Rugby,sr:competition:422,Super Rugby 2026,sr:season:137092,2026,league,regular season,2,Super Rugby Pacific 2026,Highlanders,sr:competitor:4182,HIG,Chiefs,sr:competitor:4185,CHI,Forsyth Barr Stadium,Dunedin,New Zealand,"-45.869252, 170.524323","Mabey, Angus",New Zealand,107,2276736738,ball_recycled,2026-02-21T06:39:24+00:00,32,31:41,home,Highlanders,91,12,1,,,,,,,,,,,,,,
super_rugby_2026_highlanders_vs_chiefs_65866104.json,sr:sport_event:65866104,2026-02-21T06:05:00+00:00,Super Rugby,sr:competition:422,Super Rugby 2026,sr:season:137092,2026,league,regular season,2,Super Rugby Pacific 2026,Highlanders,sr:competitor:4182,HIG,Chiefs,sr:competitor:4185,CHI,Forsyth Barr Stadium,Dunedin,New Zealand,"-45.869252, 170.524323","Mabey, Angus",New Zealand,108,2276736842,ball_recycled,2026-02-21T06:39:35+00:00,32,31:52,home,Highlanders,93,21,1,,,,,,,,,,,,,,
super_rugby_2026_highlanders_vs_chiefs_65866104.json,sr:sport_event:65866104,2026-02-21T06:05:00+00:00,Super Rugby,sr:competition:422,Super Rugby 2026,sr:season:137092,2026,league,regular season,2,Super Rugby Pacific 2026,Highlanders,sr:competitor:4182,HIG,Chiefs,sr:competitor:4185,CHI,Forsyth Barr Stadium,Dunedin,New Zealand,"-45.869252, 170.524323","Mabey, Angus",New Zealand,109,2276736942,turnover,2026-02-21T06:39:51+00:00,33,32:08,away,Chiefs,96,51,1,,,,,,,,,,,,,,
super_rugby_2026_highlanders_vs_chiefs_65866104.json,sr:sport_event:65866104,2026-02-21T06:05:00+00:00,Super Rugby,sr:competition:422,Super Rugby 2026,sr:season:137092,2026,league,regular season,2,Super Rugby Pacific 2026,Highlanders,sr:competitor:4182,HIG,Chiefs,sr:competitor:4185,CHI,Forsyth Barr Stadium,Dunedin,New Zealand,"-45.869252, 170.524323","Mabey, Angus",New Zealand,110,2276737002,score_change,2026-02-21T06:40:05+00:00,33,32:21,away,Chiefs,2,57,1,,,7,12,try,,,sr:player:2912161,"Carter, Leroy",,,,,"[{""id"": ""sr:player:2912161"", ""name"": ""Carter, Leroy"", ""type"": ""scorer""}]"
super_rugby_2026_highlanders_vs_chiefs_65866104.json,sr:sport_event:65866104,2026-02-21T06:05:00+00:00,Super Rugby,sr:competition:422,Super Rugby 2026,sr:season:137092,2026,league,regular season,2,Super Rugby Pacific 2026,Highlanders,sr:competitor:4182,HIG,Chiefs,sr:competitor:4185,CHI,Forsyth Barr Stadium,Dunedin,New Zealand,"-45.869252, 170.524323","Mabey, Angus",New Zealand,111,2276737432,score_change,2026-02-21T06:41:04+00:00,34,33:20,away,Chiefs,25,39,1,,,7,14,conversion,,,sr:player:2774837,"Jacomb, Josh",,,,,"[{""id"": ""sr:player:2774837"", ""name"": ""Jacomb, Josh"", ""type"": ""scorer""}]"
super_rugby_2026_highlanders_vs_chiefs_65866104.json,sr:sport_event:65866104,2026-02-21T06:05:00+00:00,Super Rugby,sr:competition:422,Super Rugby 2026,sr:season:137092,2026,league,regular season,2,Super Rugby Pacific 2026,Highlanders,sr:competitor:4182,HIG,Chiefs,sr:competitor:4185,CHI,Forsyth Barr Stadium,Dunedin,New Zealand,"-45.869252, 170.524323","Mabey, Angus",New Zealand,112,2276737932,turnover,2026-02-21T06:42:17+00:00,35,34:33,away,Chiefs,62,27,1,,,,,,,,,,,,,,
super_rugby_2026_highlanders_vs_chiefs_65866104.json,sr:sport_event:65866104,2026-02-21T06:05:00+00:00,Super Rugby,sr:competition:422,Super Rugby 2026,sr:season:137092,2026,league,regular season,2,Super Rugby Pacific 2026,Highlanders,sr:competitor:4182,HIG,Chiefs,sr:competitor:4185,CHI,Forsyth Barr Stadium,Dunedin,New Zealand,"-45.869252, 170.524323","Mabey, Angus",New Zealand,113,2276738154,ball_recycled,2026-02-21T06:42:43+00:00,35,34:59,away,Chiefs,50,21,1,,,,,,,,,,,,,,
super_rugby_2026_highlanders_vs_chiefs_65866104.json,sr:sport_event:65866104,2026-02-21T06:05:00+00:00,Super Rugby,sr:competition:422,Super Rugby 2026,sr:season:137092,2026,league,regular season,2,Super Rugby Pacific 2026,Highlanders,sr:competitor:4182,HIG,Chiefs,sr:competitor:4185,CHI,Forsyth Barr Stadium,Dunedin,New Zealand,"-45.869252, 170.524323","Mabey, Angus",New Zealand,114,2276738298,line_out,2026-02-21T06:43:00+00:00,36,35:15,home,Highlanders,42,71,1,,,,,,,,,,,,,,
super_rugby_2026_highlanders_vs_chiefs_65866104.json,sr:sport_event:65866104,2026-02-21T06:05:00+00:00,Super Rugby,sr:competition:422,Super Rugby 2026,sr:season:137092,2026,league,regular season,2,Super Rugby Pacific 2026,Highlanders,sr:competitor:4182,HIG,Chiefs,sr:competitor:4185,CHI,Forsyth Barr Stadium,Dunedin,New Zealand,"-45.869252, 170.524323","Mabey, Angus",New Zealand,115,2276738520,line_out_won,2026-02-21T06:43:29+00:00,36,35:45,home,Highlanders,42,71,1,,,,,,,,,,,,,,
super_rugby_2026_highlanders_vs_chiefs_65866104.json,sr:sport_event:65866104,2026-02-21T06:05:00+00:00,Super Rugby,sr:competition:422,Super Rugby 2026,sr:season:137092,2026,league,regular season,2,Super Rugby Pacific 2026,Highlanders,sr:competitor:4182,HIG,Chiefs,sr:competitor:4185,CHI,Forsyth Barr Stadium,Dunedin,New Zealand,"-45.869252, 170.524323","Mabey, Angus",New Zealand,116,2276738644,turnover,2026-02-21T06:43:48+00:00,37,36:03,away,Chiefs,77,56,1,,,,,,,,,,,,,,
super_rugby_2026_highlanders_vs_chiefs_65866104.json,sr:sport_event:65866104,2026-02-21T06:05:00+00:00,Super Rugby,sr:competition:422,Super Rugby 2026,sr:season:137092,2026,league,regular season,2,Super Rugby Pacific 2026,Highlanders,sr:competitor:4182,HIG,Chiefs,sr:competitor:4185,CHI,Forsyth Barr Stadium,Dunedin,New Zealand,"-45.869252, 170.524323","Mabey, Angus",New Zealand,117,2276738662,scrum,2026-02-21T06:43:51+00:00,37,36:07,away,Chiefs,77,55,1,,,,,,,,,,,,,,
super_rugby_2026_highlanders_vs_chiefs_65866104.json,sr:sport_event:65866104,2026-02-21T06:05:00+00:00,Super Rugby,sr:competition:422,Super Rugby 2026,sr:season:137092,2026,league,regular season,2,Super Rugby Pacific 2026,Highlanders,sr:competitor:4182,HIG,Chiefs,sr:competitor:4185,CHI,Forsyth Barr Stadium,Dunedin,New Zealand,"-45.869252, 170.524323","Mabey, Angus",New Zealand,118,2276739304,scrum_won,2026-02-21T06:45:11+00:00,38,37:26,away,Chiefs,77,55,1,,,,,,,,,,,,,,
super_rugby_2026_highlanders_vs_chiefs_65866104.json,sr:sport_event:65866104,2026-02-21T06:05:00+00:00,Super Rugby,sr:competition:422,Super Rugby 2026,sr:season:137092,2026,league,regular season,2,Super Rugby Pacific 2026,Highlanders,sr:competitor:4182,HIG,Chiefs,sr:competitor:4185,CHI,Forsyth Barr Stadium,Dunedin,New Zealand,"-45.869252, 170.524323","Mabey, Angus",New Zealand,119,2276739306,penalty_awarded,2026-02-21T06:45:11+00:00,38,37:26,away,Chiefs,77,55,1,,,,,,,,,,,,,,
super_rugby_2026_highlanders_vs_chiefs_65866104.json,sr:sport_event:65866104,2026-02-21T06:05:00+00:00,Super Rugby,sr:competition:422,Super Rugby 2026,sr:season:137092,2026,league,regular season,2,Super Rugby Pacific 2026,Highlanders,sr:competitor:4182,HIG,Chiefs,sr:competitor:4185,CHI,Forsyth Barr Stadium,Dunedin,New Zealand,"-45.869252, 170.524323","Mabey, Angus",New Zealand,120,2276739312,kick_to_touch,2026-02-21T06:45:12+00:00,38,37:28,away,Chiefs,77,55,1,,,,,,,,,,,,,,
super_rugby_2026_highlanders_vs_chiefs_65866104.json,sr:sport_event:65866104,2026-02-21T06:05:00+00:00,Super Rugby,sr:competition:422,Super Rugby 2026,sr:season:137092,2026,league,regular season,2,Super Rugby Pacific 2026,Highlanders,sr:competitor:4182,HIG,Chiefs,sr:competitor:4185,CHI,Forsyth Barr Stadium,Dunedin,New Zealand,"-45.869252, 170.524323","Mabey, Angus",New Zealand,121,2276739320,line_out,2026-02-21T06:45:14+00:00,38,37:31,away,Chiefs,33,72,1,,,,,,,,,,,,,,
super_rugby_2026_highlanders_vs_chiefs_65866104.json,sr:sport_event:65866104,2026-02-21T06:05:00+00:00,Super Rugby,sr:competition:422,Super Rugby 2026,sr:season:137092,2026,league,regular season,2,Super Rugby Pacific 2026,Highlanders,sr:competitor:4182,HIG,Chiefs,sr:competitor:4185,CHI,Forsyth Barr Stadium,Dunedin,New Zealand,"-45.869252, 170.524323","Mabey, Angus",New Zealand,122,2276739636,line_out_won,2026-02-21T06:45:48+00:00,39,38:04,away,Chiefs,33,72,1,,,,,,,,,,,,,,
super_rugby_2026_highlanders_vs_chiefs_65866104.json,sr:sport_event:65866104,2026-02-21T06:05:00+00:00,Super Rugby,sr:competition:422,Super Rugby 2026,sr:season:137092,2026,league,regular season,2,Super Rugby Pacific 2026,Highlanders,sr:competitor:4182,HIG,Chiefs,sr:competitor:4185,CHI,Forsyth Barr Stadium,Dunedin,New Zealand,"-45.869252, 170.524323","Mabey, Angus",New Zealand,123,2276739642,ball_recycled,2026-02-21T06:45:50+00:00,39,38:06,away,Chiefs,29,52,1,,,,,,,,,,,,,,
super_rugby_2026_highlanders_vs_chiefs_65866104.json,sr:sport_event:65866104,2026-02-21T06:05:00+00:00,Super Rugby,sr:competition:422,Super Rugby 2026,sr:season:137092,2026,league,regular season,2,Super Rugby Pacific 2026,Highlanders,sr:competitor:4182,HIG,Chiefs,sr:competitor:4185,CHI,Forsyth Barr Stadium,Dunedin,New Zealand,"-45.869252, 170.524323","Mabey, Angus",New Zealand,124,2276739728,penalty_awarded,2026-02-21T06:46:07+00:00,39,38:22,away,Chiefs,59,59,1,,,,,,,,,,,,,,
super_rugby_2026_highlanders_vs_chiefs_65866104.json,sr:sport_event:65866104,2026-02-21T06:05:00+00:00,Super Rugby,sr:competition:422,Super Rugby 2026,sr:season:137092,2026,league,regular season,2,Super Rugby Pacific 2026,Highlanders,sr:competitor:4182,HIG,Chiefs,sr:competitor:4185,CHI,Forsyth Barr Stadium,Dunedin,New Zealand,"-45.869252, 170.524323","Mabey, Angus",New Zealand,125,2276740022,kick_to_touch,2026-02-21T06:46:52+00:00,40,39:08,away,Chiefs,59,59,1,,,,,,,,,,,,,,
super_rugby_2026_highlanders_vs_chiefs_65866104.json,sr:sport_event:65866104,2026-02-21T06:05:00+00:00,Super Rugby,sr:competition:422,Super Rugby 2026,sr:season:137092,2026,league,regular season,2,Super Rugby Pacific 2026,Highlanders,sr:competitor:4182,HIG,Chiefs,sr:competitor:4185,CHI,Forsyth Barr Stadium,Dunedin,New Zealand,"-45.869252, 170.524323","Mabey, Angus",New Zealand,126,2276740046,line_out,2026-02-21T06:46:57+00:00,40,39:13,away,Chiefs,31,72,1,,,,,,,,,,,,,,
super_rugby_2026_highlanders_vs_chiefs_65866104.json,sr:sport_event:65866104,2026-02-21T06:05:00+00:00,Super Rugby,sr:competition:422,Super Rugby 2026,sr:season:137092,2026,league,regular season,2,Super Rugby Pacific 2026,Highlanders,sr:competitor:4182,HIG,Chiefs,sr:competitor:4185,CHI,Forsyth Barr Stadium,Dunedin,New Zealand,"-45.869252, 170.524323","Mabey, Angus",New Zealand,127,2276740058,line_out_won,2026-02-21T06:46:58+00:00,40,39:14,away,Chiefs,31,72,1,,,,,,,,,,,,,,
super_rugby_2026_highlanders_vs_chiefs_65866104.json,sr:sport_event:65866104,2026-02-21T06:05:00+00:00,Super Rugby,sr:competition:422,Super Rugby 2026,sr:season:137092,2026,league,regular season,2,Super Rugby Pacific 2026,Highlanders,sr:competitor:4182,HIG,Chiefs,sr:competitor:4185,CHI,Forsyth Barr Stadium,Dunedin,New Zealand,"-45.869252, 170.524323","Mabey, Angus",New Zealand,128,2276740118,ball_recycled,2026-02-21T06:47:06+00:00,40,39:21,away,Chiefs,26,52,1,,,,,,,,,,,,,,
super_rugby_2026_highlanders_vs_chiefs_65866104.json,sr:sport_event:65866104,2026-02-21T06:05:00+00:00,Super Rugby,sr:competition:422,Super Rugby 2026,sr:season:137092,2026,league,regular season,2,Super Rugby Pacific 2026,Highlanders,sr:competitor:4182,HIG,Chiefs,sr:competitor:4185,CHI,Forsyth Barr Stadium,Dunedin,New Zealand,"-45.869252, 170.524323","Mabey, Angus",New Zealand,129,2276740964,kick_to_touch,2026-02-21T06:49:03+00:00,40,40:00,away,Chiefs,22,44,1,,,,,,,,,,,,,,
super_rugby_2026_highlanders_vs_chiefs_65866104.json,sr:sport_event:65866104,2026-02-21T06:05:00+00:00,Super Rugby,sr:competition:422,Super Rugby 2026,sr:season:137092,2026,league,regular season,2,Super Rugby Pacific 2026,Highlanders,sr:competitor:4182,HIG,Chiefs,sr:competitor:4185,CHI,Forsyth Barr Stadium,Dunedin,New Zealand,"-45.869252, 170.524323","Mabey, Angus",New Zealand,130,2276740976,line_out,2026-02-21T06:49:06+00:00,40,40:00,away,Chiefs,13,71,1,,,,,,,,,,,,,,
super_rugby_2026_highlanders_vs_chiefs_65866104.json,sr:sport_event:65866104,2026-02-21T06:05:00+00:00,Super Rugby,sr:competition:422,Super Rugby 2026,sr:season:137092,2026,league,regular season,2,Super Rugby Pacific 2026,Highlanders,sr:competitor:4182,HIG,Chiefs,sr:competitor:4185,CHI,Forsyth Barr Stadium,Dunedin,New Zealand,"-45.869252, 170.524323","Mabey, Angus",New Zealand,131,2276741050,period_score,2026-02-21T06:49:17+00:00,,,,,,,1,,,7,14,,,,,,,,,,
super_rugby_2026_highlanders_vs_chiefs_65866104.json,sr:sport_event:65866104,2026-02-21T06:05:00+00:00,Super Rugby,sr:competition:422,Super Rugby 2026,sr:season:137092,2026,league,regular season,2,Super Rugby Pacific 2026,Highlanders,sr:competitor:4182,HIG,Chiefs,sr:competitor:4185,CHI,Forsyth Barr Stadium,Dunedin,New Zealand,"-45.869252, 170.524323","Mabey, Angus",New Zealand,132,2276741052,break_start,2026-02-21T06:49:17+00:00,,,,,,,,,pause,,,,,,,,,,,,
super_rugby_2026_highlanders_vs_chiefs_65866104.json,sr:sport_event:65866104,2026-02-21T06:05:00+00:00,Super Rugby,sr:competition:422,Super Rugby 2026,sr:season:137092,2026,league,regular season,2,Super Rugby Pacific 2026,Highlanders,sr:competitor:4182,HIG,Chiefs,sr:competitor:4185,CHI,Forsyth Barr Stadium,Dunedin,New Zealand,"-45.869252, 170.524323","Mabey, Angus",New Zealand,133,2276747776,period_start,2026-02-21T07:04:20+00:00,,,,,,,2,2nd_half,,,,,,,,,,,,,
super_rugby_2026_highlanders_vs_chiefs_65866104.json,sr:sport_event:65866104,2026-02-21T06:05:00+00:00,Super Rugby,sr:competition:422,Super Rugby 2026,sr:season:137092,2026,league,regular season,2,Super Rugby Pacific 2026,Highlanders,sr:competitor:4182,HIG,Chiefs,sr:competitor:4185,CHI,Forsyth Barr Stadium,Dunedin,New Zealand,"-45.869252, 170.524323","Mabey, Angus",New Zealand,134,2276747808,ball_kicked,2026-02-21T07:04:25+00:00,41,40:04,home,Highlanders,77,58,2,,,,,,,,,,,,,,
super_rugby_2026_highlanders_vs_chiefs_65866104.json,sr:sport_event:65866104,2026-02-21T06:05:00+00:00,Super Rugby,sr:competition:422,Super Rugby 2026,sr:season:137092,2026,league,regular season,2,Super Rugby Pacific 2026,Highlanders,sr:competitor:4182,HIG,Chiefs,sr:competitor:4185,CHI,Forsyth Barr Stadium,Dunedin,New Zealand,"-45.869252, 170.524323","Mabey, Angus",New Zealand,135,2276747868,penalty_awarded,2026-02-21T07:04:36+00:00,41,40:14,home,Highlanders,77,55,2,,,,,,,,,,,,,,
super_rugby_2026_highlanders_vs_chiefs_65866104.json,sr:sport_event:65866104,2026-02-21T06:05:00+00:00,Super Rugby,sr:competition:422,Super Rugby 2026,sr:season:137092,2026,league,regular season,2,Super Rugby Pacific 2026,Highlanders,sr:competitor:4182,HIG,Chiefs,sr:competitor:4185,CHI,Forsyth Barr Stadium,Dunedin,New Zealand,"-45.869252, 170.524323","Mabey, Angus",New Zealand,136,2276740620,penalty_awarded,2026-02-21T06:48:12+00:00,41,40:27,away,Chiefs,22,44,2,,,,,,,,,,,,,,
super_rugby_2026_highlanders_vs_chiefs_65866104.json,sr:sport_event:65866104,2026-02-21T06:05:00+00:00,Super Rugby,sr:competition:422,Super Rugby 2026,sr:season:137092,2026,league,regular season,2,Super Rugby Pacific 2026,Highlanders,sr:competitor:4182,HIG,Chiefs,sr:competitor:4185,CHI,Forsyth Barr Stadium,Dunedin,New Zealand,"-45.869252, 170.524323","Mabey, Angus",New Zealand,137,2276748350,score_change,2026-02-21T07:05:37+00:00,42,41:17,home,Highlanders,77,55,2,,,10,14,penalty,,,sr:player:2533497,"Millar, Cameron",,,,,"[{""id"": ""sr:player:2533497"", ""name"": ""Millar, Cameron"", ""type"": ""scorer""}]"
super_rugby_2026_highlanders_vs_chiefs_65866104.json,sr:sport_event:65866104,2026-02-21T06:05:00+00:00,Super Rugby,sr:competition:422,Super Rugby 2026,sr:season:137092,2026,league,regular season,2,Super Rugby Pacific 2026,Highlanders,sr:competitor:4182,HIG,Chiefs,sr:competitor:4185,CHI,Forsyth Barr Stadium,Dunedin,New Zealand,"-45.869252, 170.524323","Mabey, Angus",New Zealand,138,2276740982,line_out_won,2026-02-21T06:49:07+00:00,42,41:22,away,Chiefs,13,71,2,,,,,,,,,,,,,,
super_rugby_2026_highlanders_vs_chiefs_65866104.json,sr:sport_event:65866104,2026-02-21T06:05:00+00:00,Super Rugby,sr:competition:422,Super Rugby 2026,sr:season:137092,2026,league,regular season,2,Super Rugby Pacific 2026,Highlanders,sr:competitor:4182,HIG,Chiefs,sr:competitor:4185,CHI,Forsyth Barr Stadium,Dunedin,New Zealand,"-45.869252, 170.524323","Mabey, Angus",New Zealand,139,2276740998,turnover,2026-02-21T06:49:10+00:00,42,41:25,home,Highlanders,13,71,2,,,,,,,,,,,,,,
super_rugby_2026_highlanders_vs_chiefs_65866104.json,sr:sport_event:65866104,2026-02-21T06:05:00+00:00,Super Rugby,sr:competition:422,Super Rugby 2026,sr:season:137092,2026,league,regular season,2,Super Rugby Pacific 2026,Highlanders,sr:competitor:4182,HIG,Chiefs,sr:competitor:4185,CHI,Forsyth Barr Stadium,Dunedin,New Zealand,"-45.869252, 170.524323","Mabey, Angus",New Zealand,140,2276748598,ball_kicked,2026-02-21T07:06:01+00:00,42,41:40,away,Chiefs,35,20,2,,,,,,,,,,,,,,
super_rugby_2026_highlanders_vs_chiefs_65866104.json,sr:sport_event:65866104,2026-02-21T06:05:00+00:00,Super Rugby,sr:competition:422,Super Rugby 2026,sr:season:137092,2026,league,regular season,2,Super Rugby Pacific 2026,Highlanders,sr:competitor:4182,HIG,Chiefs,sr:competitor:4185,CHI,Forsyth Barr Stadium,Dunedin,New Zealand,"-45.869252, 170.524323","Mabey, Angus",New Zealand,141,2276748666,ball_recycled,2026-02-21T07:06:08+00:00,42,41:46,home,Highlanders,43,24,2,,,,,,,,,,,,,,
super_rugby_2026_highlanders_vs_chiefs_65866104.json,sr:sport_event:65866104,2026-02-21T06:05:00+00:00,Super Rugby,sr:competition:422,Super Rugby 2026,sr:season:137092,2026,league,regular season,2,Super Rugby Pacific 2026,Highlanders,sr:competitor:4182,HIG,Chiefs,sr:competitor:4185,CHI,Forsyth Barr Stadium,Dunedin,New Zealand,"-45.869252, 170.524323","Mabey, Angus",New Zealand,142,2276748822,ball_kicked,2026-02-21T07:06:23+00:00,43,42:02,home,Highlanders,68,36,2,,,,,,,,,,,,,,
super_rugby_2026_highlanders_vs_chiefs_65866104.json,sr:sport_event:65866104,2026-02-21T06:05:00+00:00,Super Rugby,sr:competition:422,Super Rugby 2026,sr:season:137092,2026,league,regular season,2,Super Rugby Pacific 2026,Highlanders,sr:competitor:4182,HIG,Chiefs,sr:competitor:4185,CHI,Forsyth Barr Stadium,Dunedin,New Zealand,"-45.869252, 170.524323","Mabey, Angus",New Zealand,143,2276748930,ball_recycled,2026-02-21T07:06:35+00:00,43,42:14,away,Chiefs,47,44,2,,,,,,,,,,,,,,
super_rugby_2026_highlanders_vs_chiefs_65866104.json,sr:sport_event:65866104,2026-02-21T06:05:00+00:00,Super Rugby,sr:competition:422,Super Rugby 2026,sr:season:137092,2026,league,regular season,2,Super Rugby Pacific 2026,Highlanders,sr:competitor:4182,HIG,Chiefs,sr:competitor:4185,CHI,Forsyth Barr Stadium,Dunedin,New Zealand,"-45.869252, 170.524323","Mabey, Angus",New Zealand,144,2276749058,turnover,2026-02-21T07:06:49+00:00,43,42:27,home,Highlanders,47,44,2,,,,,,,,,,,,,,
super_rugby_2026_highlanders_vs_chiefs_65866104.json,sr:sport_event:65866104,2026-02-21T06:05:00+00:00,Super Rugby,sr:competition:422,Super Rugby 2026,sr:season:137092,2026,league,regular season,2,Super Rugby Pacific 2026,Highlanders,sr:competitor:4182,HIG,Chiefs,sr:competitor:4185,CHI,Forsyth Barr Stadium,Dunedin,New Zealand,"-45.869252, 170.524323","Mabey, Angus",New Zealand,145,2276749116,tap_and_go,2026-02-21T07:06:54+00:00,43,42:33,home,Highlanders,46,43,2,,,,,,,,,,,,,,
super_rugby_2026_highlanders_vs_chiefs_65866104.json,sr:sport_event:65866104,2026-02-21T06:05:00+00:00,Super Rugby,sr:competition:422,Super Rugby 2026,sr:season:137092,2026,league,regular season,2,Super Rugby Pacific 2026,Highlanders,sr:competitor:4182,HIG,Chiefs,sr:competitor:4185,CHI,Forsyth Barr Stadium,Dunedin,New Zealand,"-45.869252, 170.524323","Mabey, Angus",New Zealand,146,2276749154,ball_kicked,2026-02-21T07:06:57+00:00,43,42:36,home,Highlanders,46,43,2,,,,,,,,,,,,,,
super_rugby_2026_highlanders_vs_chiefs_65866104.json,sr:sport_event:65866104,2026-02-21T06:05:00+00:00,Super Rugby,sr:competition:422,Super Rugby 2026,sr:season:137092,2026,league,regular season,2,Super Rugby Pacific 2026,Highlanders,sr:competitor:4182,HIG,Chiefs,sr:competitor:4185,CHI,Forsyth Barr Stadium,Dunedin,New Zealand,"-45.869252, 170.524323","Mabey, Angus",New Zealand,147,2276749182,turnover,2026-02-21T07:07:00+00:00,43,42:38,away,Chiefs,46,43,2,,,,,,,,,,,,,,
super_rugby_2026_highlanders_vs_chiefs_65866104.json,sr:sport_event:65866104,2026-02-21T06:05:00+00:00,Super Rugby,sr:competition:422,Super Rugby 2026,sr:season:137092,2026,league,regular season,2,Super Rugby Pacific 2026,Highlanders,sr:competitor:4182,HIG,Chiefs,sr:competitor:4185,CHI,Forsyth Barr Stadium,Dunedin,New Zealand,"-45.869252, 170.524323","Mabey, Angus",New Zealand,148,2276749428,ball_kicked,2026-02-21T07:07:28+00:00,44,43:08,away,Chiefs,67,51,2,,,,,,,,,,,,,,
super_rugby_2026_highlanders_vs_chiefs_65866104.json,sr:sport_event:65866104,2026-02-21T06:05:00+00:00,Super Rugby,sr:competition:422,Super Rugby 2026,sr:season:137092,2026,league,regular season,2,Super Rugby Pacific 2026,Highlanders,sr:competitor:4182,HIG,Chiefs,sr:competitor:4185,CHI,Forsyth Barr Stadium,Dunedin,New Zealand,"-45.869252, 170.524323","Mabey, Angus",New Zealand,149,2276749490,ball_recycled,2026-02-21T07:07:36+00:00,44,43:15,home,Highlanders,80,44,2,,,,,,,,,,,,,,
super_rugby_2026_highlanders_vs_chiefs_65866104.json,sr:sport_event:65866104,2026-02-21T06:05:00+00:00,Super Rugby,sr:competition:422,Super Rugby 2026,sr:season:137092,2026,league,regular season,2,Super Rugby Pacific 2026,Highlanders,sr:competitor:4182,HIG,Chiefs,sr:competitor:4185,CHI,Forsyth Barr Stadium,Dunedin,New Zealand,"-45.869252, 170.524323","Mabey, Angus",New Zealand,150,2276749566,ball_recycled,2026-02-21T07:07:45+00:00,44,43:24,home,Highlanders,81,27,2,,,,,,,,,,,,,,
super_rugby_2026_highlanders_vs_chiefs_65866104.json,sr:sport_event:65866104,2026-02-21T06:05:00+00:00,Super Rugby,sr:competition:422,Super Rugby 2026,sr:season:137092,2026,league,regular season,2,Super Rugby Pacific 2026,Highlanders,sr:competitor:4182,HIG,Chiefs,sr:competitor:4185,CHI,Forsyth Barr Stadium,Dunedin,New Zealand,"-45.869252, 170.524323","Mabey, Angus",New Zealand,151,2276749698,penalty_awarded,2026-02-21T07:08:01+00:00,44,43:40,home,Highlanders,81,27,2,,,,,,,,,,,,,,
super_rugby_2026_highlanders_vs_chiefs_65866104.json,sr:sport_event:65866104,2026-02-21T06:05:00+00:00,Super Rugby,sr:competition:422,Super Rugby 2026,sr:season:137092,2026,league,regular season,2,Super Rugby Pacific 2026,Highlanders,sr:competitor:4182,HIG,Chiefs,sr:competitor:4185,CHI,Forsyth Barr Stadium,Dunedin,New Zealand,"-45.869252, 170.524323","Mabey, Angus",New Zealand,152,2276750204,score_change,2026-02-21T07:09:07+00:00,45,44:46,home,Highlanders,81,27,2,,,13,14,penalty,,,sr:player:2533497,"Millar, Cameron",,,,,"[{""id"": ""sr:player:2533497"", ""name"": ""Millar, Cameron"", ""type"": ""scorer""}]"
super_rugby_2026_highlanders_vs_chiefs_65866104.json,sr:sport_event:65866104,2026-02-21T06:05:00+00:00,Super Rugby,sr:competition:422,Super Rugby 2026,sr:season:137092,2026,league,regular season,2,Super Rugby Pacific 2026,Highlanders,sr:competitor:4182,HIG,Chiefs,sr:competitor:4185,CHI,Forsyth Barr Stadium,Dunedin,New Zealand,"-45.869252, 170.524323","Mabey, Angus",New Zealand,153,2276750414,ball_kicked,2026-02-21T07:09:33+00:00,46,45:13,away,Chiefs,37,55,2,,,,,,,,,,,,,,
super_rugby_2026_highlanders_vs_chiefs_65866104.json,sr:sport_event:65866104,2026-02-21T06:05:00+00:00,Super Rugby,sr:competition:422,Super Rugby 2026,sr:season:137092,2026,league,regular season,2,Super Rugby Pacific 2026,Highlanders,sr:competitor:4182,HIG,Chiefs,sr:competitor:4185,CHI,Forsyth Barr Stadium,Dunedin,New Zealand,"-45.869252, 170.524323","Mabey, Angus",New Zealand,154,2276750528,ball_recycled,2026-02-21T07:09:46+00:00,46,45:25,home,Highlanders,34,55,2,,,,,,,,,,,,,,
super_rugby_2026_highlanders_vs_chiefs_65866104.json,sr:sport_event:65866104,2026-02-21T06:05:00+00:00,Super Rugby,sr:competition:422,Super Rugby 2026,sr:season:137092,2026,league,regular season,2,Super Rugby Pacific 2026,Highlanders,sr:competitor:4182,HIG,Chiefs,sr:competitor:4185,CHI,Forsyth Barr Stadium,Dunedin,New Zealand,"-45.869252, 170.524323","Mabey, Angus",New Zealand,155,2276750606,ball_recycled,2026-02-21T07:09:57+00:00,46,45:36,home,Highlanders,54,54,2,,,,,,,,,,,,,,
super_rugby_2026_highlanders_vs_chiefs_65866104.json,sr:sport_event:65866104,2026-02-21T06:05:00+00:00,Super Rugby,sr:competition:422,Super Rugby 2026,sr:season:137092,2026,league,regular season,2,Super Rugby Pacific 2026,Highlanders,sr:competitor:4182,HIG,Chiefs,sr:competitor:4185,CHI,Forsyth Barr Stadium,Dunedin,New Zealand,"-45.869252, 170.524323","Mabey, Angus",New Zealand,156,2276750754,turnover,2026-02-21T07:10:15+00:00,46,45:54,away,Chiefs,62,50,2,,,,,,,,,,,,,,
super_rugby_2026_highlanders_vs_chiefs_65866104.json,sr:sport_event:65866104,2026-02-21T06:05:00+00:00,Super Rugby,sr:competition:422,Super Rugby 2026,sr:season:137092,2026,league,regular season,2,Super Rugby Pacific 2026,Highlanders,sr:competitor:4182,HIG,Chiefs,sr:competitor:4185,CHI,Forsyth Barr Stadium,Dunedin,New Zealand,"-45.869252, 170.524323","Mabey, Angus",New Zealand,157,2276750758,ball_recycled,2026-02-21T07:10:16+00:00,46,45:55,away,Chiefs,62,50,2,,,,,,,,,,,,,,
super_rugby_2026_highlanders_vs_chiefs_65866104.json,sr:sport_event:65866104,2026-02-21T06:05:00+00:00,Super Rugby,sr:competition:422,Super Rugby 2026,sr:season:137092,2026,league,regular season,2,Super Rugby Pacific 2026,Highlanders,sr:competitor:4182,HIG,Chiefs,sr:competitor:4185,CHI,Forsyth Barr Stadium,Dunedin,New Zealand,"-45.869252, 170.524323","Mabey, Angus",New Zealand,158,2276750848,ball_recycled,2026-02-21T07:10:24+00:00,47,46:03,away,Chiefs,60,50,2,,,,,,,,,,,,,,
super_rugby_2026_highlanders_vs_chiefs_65866104.json,sr:sport_event:65866104,2026-02-21T06:05:00+00:00,Super Rugby,sr:competition:422,Super Rugby 2026,sr:season:137092,2026,league,regular season,2,Super Rugby Pacific 2026,Highlanders,sr:competitor:4182,HIG,Chiefs,sr:competitor:4185,CHI,Forsyth Barr Stadium,Dunedin,New Zealand,"-45.869252, 170.524323","Mabey, Angus",New Zealand,159,2276750872,ball_kicked,2026-02-21T07:10:27+00:00,47,46:07,away,Chiefs,31,25,2,,,,,,,,,,,,,,
super_rugby_2026_highlanders_vs_chiefs_65866104.json,sr:sport_event:65866104,2026-02-21T06:05:00+00:00,Super Rugby,sr:competition:422,Super Rugby 2026,sr:season:137092,2026,league,regular season,2,Super Rugby Pacific 2026,Highlanders,sr:competitor:4182,HIG,Chiefs,sr:competitor:4185,CHI,Forsyth Barr Stadium,Dunedin,New Zealand,"-45.869252, 170.524323","Mabey, Angus",New Zealand,160,2276750928,ball_kicked,2026-02-21T07:10:35+00:00,47,46:15,home,Highlanders,77,55,2,,,,,,,,,,,,,,
super_rugby_2026_highlanders_vs_chiefs_65866104.json,sr:sport_event:65866104,2026-02-21T06:05:00+00:00,Super Rugby,sr:competition:422,Super Rugby 2026,sr:season:137092,2026,league,regular season,2,Super Rugby Pacific 2026,Highlanders,sr:competitor:4182,HIG,Chiefs,sr:competitor:4185,CHI,Forsyth Barr Stadium,Dunedin,New Zealand,"-45.869252, 170.524323","Mabey, Angus",New Zealand,161,2276750984,ball_kicked,2026-02-21T07:10:43+00:00,47,46:22,away,Chiefs,48,49,2,,,,,,,,,,,,,,
super_rugby_2026_highlanders_vs_chiefs_65866104.json,sr:sport_event:65866104,2026-02-21T06:05:00+00:00,Super Rugby,sr:competition:422,Super Rugby 2026,sr:season:137092,2026,league,regular season,2,Super Rugby Pacific 2026,Highlanders,sr:competitor:4182,HIG,Chiefs,sr:competitor:4185,CHI,Forsyth Barr Stadium,Dunedin,New Zealand,"-45.869252, 170.524323","Mabey, Angus",New Zealand,162,2276751066,turnover,2026-02-21T07:10:51+00:00,47,46:30,away,Chiefs,68,37,2,,,,,,,,,,,,,,
super_rugby_2026_highlanders_vs_chiefs_65866104.json,sr:sport_event:65866104,2026-02-21T06:05:00+00:00,Super Rugby,sr:competition:422,Super Rugby 2026,sr:season:137092,2026,league,regular season,2,Super Rugby Pacific 2026,Highlanders,sr:competitor:4182,HIG,Chiefs,sr:competitor:4185,CHI,Forsyth Barr Stadium,Dunedin,New Zealand,"-45.869252, 170.524323","Mabey, Angus",New Zealand,163,2276751120,turnover,2026-02-21T07:10:56+00:00,47,46:35,home,Highlanders,71,22,2,,,,,,,,,,,,,,
super_rugby_2026_highlanders_vs_chiefs_65866104.json,sr:sport_event:65866104,2026-02-21T06:05:00+00:00,Super Rugby,sr:competition:422,Super Rugby 2026,sr:season:137092,2026,league,regular season,2,Super Rugby Pacific 2026,Highlanders,sr:competitor:4182,HIG,Chiefs,sr:competitor:4185,CHI,Forsyth Barr Stadium,Dunedin,New Zealand,"-45.869252, 170.524323","Mabey, Angus",New Zealand,164,2276751156,ball_recycled,2026-02-21T07:10:59+00:00,47,46:38,home,Highlanders,71,22,2,,,,,,,,,,,,,,
super_rugby_2026_highlanders_vs_chiefs_65866104.json,sr:sport_event:65866104,2026-02-21T06:05:00+00:00,Super Rugby,sr:competition:422,Super Rugby 2026,sr:season:137092,2026,league,regular season,2,Super Rugby Pacific 2026,Highlanders,sr:competitor:4182,HIG,Chiefs,sr:competitor:4185,CHI,Forsyth Barr Stadium,Dunedin,New Zealand,"-45.869252, 170.524323","Mabey, Angus",New Zealand,165,2276751250,ball_recycled,2026-02-21T07:11:09+00:00,47,46:48,home,Highlanders,73,25,2,,,,,,,,,,,,,,
super_rugby_2026_highlanders_vs_chiefs_65866104.json,sr:sport_event:65866104,2026-02-21T06:05:00+00:00,Super Rugby,sr:competition:422,Super Rugby 2026,sr:season:137092,2026,league,regular season,2,Super Rugby Pacific 2026,Highlanders,sr:competitor:4182,HIG,Chiefs,sr:competitor:4185,CHI,Forsyth Barr Stadium,Dunedin,New Zealand,"-45.869252, 170.524323","Mabey, Angus",New Zealand,166,2276751312,ball_recycled,2026-02-21T07:11:17+00:00,47,46:58,home,Highlanders,77,60,2,,,,,,,,,,,,,,
super_rugby_2026_highlanders_vs_chiefs_65866104.json,sr:sport_event:65866104,2026-02-21T06:05:00+00:00,Super Rugby,sr:competition:422,Super Rugby 2026,sr:season:137092,2026,league,regular season,2,Super Rugby Pacific 2026,Highlanders,sr:competitor:4182,HIG,Chiefs,sr:competitor:4185,CHI,Forsyth Barr Stadium,Dunedin,New Zealand,"-45.869252, 170.524323","Mabey, Angus",New Zealand,167,2276751416,ball_recycled,2026-02-21T07:11:24+00:00,48,47:05,home,Highlanders,79,59,2,,,,,,,,,,,,,,
super_rugby_2026_highlanders_vs_chiefs_65866104.json,sr:sport_event:65866104,2026-02-21T06:05:00+00:00,Super Rugby,sr:competition:422,Super Rugby 2026,sr:season:137092,2026,league,regular season,2,Super Rugby Pacific 2026,Highlanders,sr:competitor:4182,HIG,Chiefs,sr:competitor:4185,CHI,Forsyth Barr Stadium,Dunedin,New Zealand,"-45.869252, 170.524323","Mabey, Angus",New Zealand,168,2276751434,turnover,2026-02-21T07:11:29+00:00,48,47:09,away,Chiefs,76,50,2,,,,,,,,,,,,,,
super_rugby_2026_highlanders_vs_chiefs_65866104.json,sr:sport_event:65866104,2026-02-21T06:05:00+00:00,Super Rugby,sr:competition:422,Super Rugby 2026,sr:season:137092,2026,league,regular season,2,Super Rugby Pacific 2026,Highlanders,sr:competitor:4182,HIG,Chiefs,sr:competitor:4185,CHI,Forsyth Barr Stadium,Dunedin,New Zealand,"-45.869252, 170.524323","Mabey, Angus",New Zealand,169,2276751496,ball_kicked,2026-02-21T07:11:35+00:00,48,47:15,away,Chiefs,40,9,2,,,,,,,,,,,,,,
super_rugby_2026_highlanders_vs_chiefs_65866104.json,sr:sport_event:65866104,2026-02-21T06:05:00+00:00,Super Rugby,sr:competition:422,Super Rugby 2026,sr:season:137092,2026,league,regular season,2,Super Rugby Pacific 2026,Highlanders,sr:competitor:4182,HIG,Chiefs,sr:competitor:4185,CHI,Forsyth Barr Stadium,Dunedin,New Zealand,"-45.869252, 170.524323","Mabey, Angus",New Zealand,170,2276751522,ball_kicked,2026-02-21T07:11:40+00:00,48,47:20,home,Highlanders,83,15,2,,,,,,,,,,,,,,
super_rugby_2026_highlanders_vs_chiefs_65866104.json,sr:sport_event:65866104,2026-02-21T06:05:00+00:00,Super Rugby,sr:competition:422,Super Rugby 2026,sr:season:137092,2026,league,regular season,2,Super Rugby Pacific 2026,Highlanders,sr:competitor:4182,HIG,Chiefs,sr:competitor:4185,CHI,Forsyth Barr Stadium,Dunedin,New Zealand,"-45.869252, 170.524323","Mabey, Angus",New Zealand,171,2276751582,ball_kicked,2026-02-21T07:11:47+00:00,48,47:26,away,Chiefs,48,8,2,,,,,,,,,,,,,,
super_rugby_2026_highlanders_vs_chiefs_65866104.json,sr:sport_event:65866104,2026-02-21T06:05:00+00:00,Super Rugby,sr:competition:422,Super Rugby 2026,sr:season:137092,2026,league,regular season,2,Super Rugby Pacific 2026,Highlanders,sr:competitor:4182,HIG,Chiefs,sr:competitor:4185,CHI,Forsyth Barr Stadium,Dunedin,New Zealand,"-45.869252, 170.524323","Mabey, Angus",New Zealand,172,2276751626,line_out,2026-02-21T07:11:51+00:00,48,47:30,home,Highlanders,47,-1,2,,,,,,,,,,,,,,
super_rugby_2026_highlanders_vs_chiefs_65866104.json,sr:sport_event:65866104,2026-02-21T06:05:00+00:00,Super Rugby,sr:competition:422,Super Rugby 2026,sr:season:137092,2026,league,regular season,2,Super Rugby Pacific 2026,Highlanders,sr:competitor:4182,HIG,Chiefs,sr:competitor:4185,CHI,Forsyth Barr Stadium,Dunedin,New Zealand,"-45.869252, 170.524323","Mabey, Angus",New Zealand,173,2276751814,line_out_won,2026-02-21T07:12:18+00:00,48,47:58,home,Highlanders,47,-1,2,,,,,,,,,,,,,,
super_rugby_2026_highlanders_vs_chiefs_65866104.json,sr:sport_event:65866104,2026-02-21T06:05:00+00:00,Super Rugby,sr:competition:422,Super Rugby 2026,sr:season:137092,2026,league,regular season,2,Super Rugby Pacific 2026,Highlanders,sr:competitor:4182,HIG,Chiefs,sr:competitor:4185,CHI,Forsyth Barr Stadium,Dunedin,New Zealand,"-45.869252, 170.524323","Mabey, Angus",New Zealand,174,2276751942,ball_recycled,2026-02-21T07:12:32+00:00,49,48:12,home,Highlanders,55,22,2,,,,,,,,,,,,,,
super_rugby_2026_highlanders_vs_chiefs_65866104.json,sr:sport_event:65866104,2026-02-21T06:05:00+00:00,Super Rugby,sr:competition:422,Super Rugby 2026,sr:season:137092,2026,league,regular season,2,Super Rugby Pacific 2026,Highlanders,sr:competitor:4182,HIG,Chiefs,sr:competitor:4185,CHI,Forsyth Barr Stadium,Dunedin,New Zealand,"-45.869252, 170.524323","Mabey, Angus",New Zealand,175,2276752004,ball_kicked,2026-02-21T07:12:40+00:00,49,48:19,home,Highlanders,73,18,2,,,,,,,,,,,,,,
super_rugby_2026_highlanders_vs_chiefs_65866104.json,sr:sport_event:65866104,2026-02-21T06:05:00+00:00,Super Rugby,sr:competition:422,Super Rugby 2026,sr:season:137092,2026,league,regular season,2,Super Rugby Pacific 2026,Highlanders,sr:competitor:4182,HIG,Chiefs,sr:competitor:4185,CHI,Forsyth Barr Stadium,Dunedin,New Zealand,"-45.869252, 170.524323","Mabey, Angus",New Zealand,176,2276752038,ball_kicked,2026-02-21T07:12:46+00:00,49,48:26,away,Chiefs,40,18,2,,,,,,,,,,,,,,
super_rugby_2026_highlanders_vs_chiefs_65866104.json,sr:sport_event:65866104,2026-02-21T06:05:00+00:00,Super Rugby,sr:competition:422,Super Rugby 2026,sr:season:137092,2026,league,regular season,2,Super Rugby Pacific 2026,Highlanders,sr:competitor:4182,HIG,Chiefs,sr:competitor:4185,CHI,Forsyth Barr Stadium,Dunedin,New Zealand,"-45.869252, 170.524323","Mabey, Angus",New Zealand,177,2276752128,ball_kicked,2026-02-21T07:12:57+00:00,49,48:36,home,Highlanders,85,58,2,,,,,,,,,,,,,,
super_rugby_2026_highlanders_vs_chiefs_65866104.json,sr:sport_event:65866104,2026-02-21T06:05:00+00:00,Super Rugby,sr:competition:422,Super Rugby 2026,sr:season:137092,2026,league,regular season,2,Super Rugby Pacific 2026,Highlanders,sr:competitor:4182,HIG,Chiefs,sr:competitor:4185,CHI,Forsyth Barr Stadium,Dunedin,New Zealand,"-45.869252, 170.524323","Mabey, Angus",New Zealand,178,2276752438,ball_kicked,2026-02-21T07:13:32+00:00,50,49:12,away,Chiefs,72,51,2,,,,,,,,,,,,,,
super_rugby_2026_highlanders_vs_chiefs_65866104.json,sr:sport_event:65866104,2026-02-21T06:05:00+00:00,Super Rugby,sr:competition:422,Super Rugby 2026,sr:season:137092,2026,league,regular season,2,Super Rugby Pacific 2026,Highlanders,sr:competitor:4182,HIG,Chiefs,sr:competitor:4185,CHI,Forsyth Barr Stadium,Dunedin,New Zealand,"-45.869252, 170.524323","Mabey, Angus",New Zealand,179,2276752468,ball_recycled,2026-02-21T07:13:36+00:00,50,49:15,home,Highlanders,64,29,2,,,,,,,,,,,,,,
super_rugby_2026_highlanders_vs_chiefs_65866104.json,sr:sport_event:65866104,2026-02-21T06:05:00+00:00,Super Rugby,sr:competition:422,Super Rugby 2026,sr:season:137092,2026,league,regular season,2,Super Rugby Pacific 2026,Highlanders,sr:competitor:4182,HIG,Chiefs,sr:competitor:4185,CHI,Forsyth Barr Stadium,Dunedin,New Zealand,"-45.869252, 170.524323","Mabey, Angus",New Zealand,180,2276752544,ball_kicked,2026-02-21T07:13:47+00:00,50,49:27,home,Highlanders,89,16,2,,,,,,,,,,,,,,
super_rugby_2026_highlanders_vs_chiefs_65866104.json,sr:sport_event:65866104,2026-02-21T06:05:00+00:00,Super Rugby,sr:competition:422,Super Rugby 2026,sr:season:137092,2026,league,regular season,2,Super Rugby Pacific 2026,Highlanders,sr:competitor:4182,HIG,Chiefs,sr:competitor:4185,CHI,Forsyth Barr Stadium,Dunedin,New Zealand,"-45.869252, 170.524323","Mabey, Angus",New Zealand,181,2276752660,ball_recycled,2026-02-21T07:13:59+00:00,50,49:39,away,Chiefs,87,31,2,,,,,,,,,,,,,,
super_rugby_2026_highlanders_vs_chiefs_65866104.json,sr:sport_event:65866104,2026-02-21T06:05:00+00:00,Super Rugby,sr:competition:422,Super Rugby 2026,sr:season:137092,2026,league,regular season,2,Super Rugby Pacific 2026,Highlanders,sr:competitor:4182,HIG,Chiefs,sr:competitor:4185,CHI,Forsyth Barr Stadium,Dunedin,New Zealand,"-45.869252, 170.524323","Mabey, Angus",New Zealand,182,2276752704,ball_kicked,2026-02-21T07:14:07+00:00,50,49:45,away,Chiefs,59,11,2,,,,,,,,,,,,,,
super_rugby_2026_highlanders_vs_chiefs_65866104.json,sr:sport_event:65866104,2026-02-21T06:05:00+00:00,Super Rugby,sr:competition:422,Super Rugby 2026,sr:season:137092,2026,league,regular season,2,Super Rugby Pacific 2026,Highlanders,sr:competitor:4182,HIG,Chiefs,sr:competitor:4185,CHI,Forsyth Barr Stadium,Dunedin,New Zealand,"-45.869252, 170.524323","Mabey, Angus",New Zealand,183,2276752724,line_out,2026-02-21T07:14:10+00:00,50,49:49,home,Highlanders,67,-2,2,,,,,,,,,,,,,,
super_rugby_2026_highlanders_vs_chiefs_65866104.json,sr:sport_event:65866104,2026-02-21T06:05:00+00:00,Super Rugby,sr:competition:422,Super Rugby 2026,sr:season:137092,2026,league,regular season,2,Super Rugby Pacific 2026,Highlanders,sr:competitor:4182,HIG,Chiefs,sr:competitor:4185,CHI,Forsyth Barr Stadium,Dunedin,New Zealand,"-45.869252, 170.524323","Mabey, Angus",New Zealand,184,2276752902,line_out_won,2026-02-21T07:14:32+00:00,51,50:12,home,Highlanders,67,-2,2,,,,,,,,,,,,,,
super_rugby_2026_highlanders_vs_chiefs_65866104.json,sr:sport_event:65866104,2026-02-21T06:05:00+00:00,Super Rugby,sr:competition:422,Super Rugby 2026,sr:season:137092,2026,league,regular season,2,Super Rugby Pacific 2026,Highlanders,sr:competitor:4182,HIG,Chiefs,sr:competitor:4185,CHI,Forsyth Barr Stadium,Dunedin,New Zealand,"-45.869252, 170.524323","Mabey, Angus",New Zealand,185,2276752924,ball_recycled,2026-02-21T07:14:35+00:00,51,50:15,home,Highlanders,83,14,2,,,,,,,,,,,,,,
super_rugby_2026_highlanders_vs_chiefs_65866104.json,sr:sport_event:65866104,2026-02-21T06:05:00+00:00,Super Rugby,sr:competition:422,Super Rugby 2026,sr:season:137092,2026,league,regular season,2,Super Rugby Pacific 2026,Highlanders,sr:competitor:4182,HIG,Chiefs,sr:competitor:4185,CHI,Forsyth Barr Stadium,Dunedin,New Zealand,"-45.869252, 170.524323","Mabey, Angus",New Zealand,186,2276752958,ball_recycled,2026-02-21T07:14:40+00:00,51,50:20,home,Highlanders,87,24,2,,,,,,,,,,,,,,
super_rugby_2026_highlanders_vs_chiefs_65866104.json,sr:sport_event:65866104,2026-02-21T06:05:00+00:00,Super Rugby,sr:competition:422,Super Rugby 2026,sr:season:137092,2026,league,regular season,2,Super Rugby Pacific 2026,Highlanders,sr:competitor:4182,HIG,Chiefs,sr:competitor:4185,CHI,Forsyth Barr Stadium,Dunedin,New Zealand,"-45.869252, 170.524323","Mabey, Angus",New Zealand,187,2276752994,ball_recycled,2026-02-21T07:14:47+00:00,51,50:27,home,Highlanders,87,23,2,,,,,,,,,,,,,,
super_rugby_2026_highlanders_vs_chiefs_65866104.json,sr:sport_event:65866104,2026-02-21T06:05:00+00:00,Super Rugby,sr:competition:422,Super Rugby 2026,sr:season:137092,2026,league,regular season,2,Super Rugby Pacific 2026,Highlanders,sr:competitor:4182,HIG,Chiefs,sr:competitor:4185,CHI,Forsyth Barr Stadium,Dunedin,New Zealand,"-45.869252, 170.524323","Mabey, Angus",New Zealand,188,2276753034,turnover,2026-02-21T07:14:52+00:00,51,50:31,away,Chiefs,88,28,2,,,,,,,,,,,,,,
super_rugby_2026_highlanders_vs_chiefs_65866104.json,sr:sport_event:65866104,2026-02-21T06:05:00+00:00,Super Rugby,sr:competition:422,Super Rugby 2026,sr:season:137092,2026,league,regular season,2,Super Rugby Pacific 2026,Highlanders,sr:competitor:4182,HIG,Chiefs,sr:competitor:4185,CHI,Forsyth Barr Stadium,Dunedin,New Zealand,"-45.869252, 170.524323","Mabey, Angus",New Zealand,189,2276753214,penalty_awarded,2026-02-21T07:15:10+00:00,51,50:50,away,Chiefs,10,34,2,,,,,,,,,,,,,,
super_rugby_2026_highlanders_vs_chiefs_65866104.json,sr:sport_event:65866104,2026-02-21T06:05:00+00:00,Super Rugby,sr:competition:422,Super Rugby 2026,sr:season:137092,2026,league,regular season,2,Super Rugby Pacific 2026,Highlanders,sr:competitor:4182,HIG,Chiefs,sr:competitor:4185,CHI,Forsyth Barr Stadium,Dunedin,New Zealand,"-45.869252, 170.524323","Mabey, Angus",New Zealand,190,2276753406,yellow_card,2026-02-21T07:15:29+00:00,52,51:10,home,Highlanders,,,2,,,,,,sr:player:1260262,"Nareki, Jona",,,,,,,
super_rugby_2026_highlanders_vs_chiefs_65866104.json,sr:sport_event:65866104,2026-02-21T06:05:00+00:00,Super Rugby,sr:competition:422,Super Rugby 2026,sr:season:137092,2026,league,regular season,2,Super Rugby Pacific 2026,Highlanders,sr:competitor:4182,HIG,Chiefs,sr:competitor:4185,CHI,Forsyth Barr Stadium,Dunedin,New Zealand,"-45.869252, 170.524323","Mabey, Angus",New Zealand,191,2276753620,scrum,2026-02-21T07:15:52+00:00,52,51:32,away,Chiefs,10,34,2,,,,,,,,,,,,,,
super_rugby_2026_highlanders_vs_chiefs_65866104.json,sr:sport_event:65866104,2026-02-21T06:05:00+00:00,Super Rugby,sr:competition:422,Super Rugby 2026,sr:season:137092,2026,league,regular season,2,Super Rugby Pacific 2026,Highlanders,sr:competitor:4182,HIG,Chiefs,sr:competitor:4185,CHI,Forsyth Barr Stadium,Dunedin,New Zealand,"-45.869252, 170.524323","Mabey, Angus",New Zealand,192,2276753922,scrum_won,2026-02-21T07:16:30+00:00,53,52:10,away,Chiefs,10,34,2,,,,,,,,,,,,,,
super_rugby_2026_highlanders_vs_chiefs_65866104.json,sr:sport_event:65866104,2026-02-21T06:05:00+00:00,Super Rugby,sr:competition:422,Super Rugby 2026,sr:season:137092,2026,league,regular season,2,Super Rugby Pacific 2026,Highlanders,sr:competitor:4182,HIG,Chiefs,sr:competitor:4185,CHI,Forsyth Barr Stadium,Dunedin,New Zealand,"-45.869252, 170.524323","Mabey, Angus",New Zealand,193,2276753984,penalty_awarded,2026-02-21T07:16:39+00:00,53,52:18,away,Chiefs,13,30,2,,,,,,,,,,,,,,
super_rugby_2026_highlanders_vs_chiefs_65866104.json,sr:sport_event:65866104,2026-02-21T06:05:00+00:00,Super Rugby,sr:competition:422,Super Rugby 2026,sr:season:137092,2026,league,regular season,2,Super Rugby Pacific 2026,Highlanders,sr:competitor:4182,HIG,Chiefs,sr:competitor:4185,CHI,Forsyth Barr Stadium,Dunedin,New Zealand,"-45.869252, 170.524323","Mabey, Angus",New Zealand,194,2276754176,scrum,2026-02-21T07:17:05+00:00,53,52:44,away,Chiefs,18,30,2,,,,,,,,,,,,,,
super_rugby_2026_highlanders_vs_chiefs_65866104.json,sr:sport_event:65866104,2026-02-21T06:05:00+00:00,Super Rugby,sr:competition:422,Super Rugby 2026,sr:season:137092,2026,league,regular season,2,Super Rugby Pacific 2026,Highlanders,sr:competitor:4182,HIG,Chiefs,sr:competitor:4185,CHI,Forsyth Barr Stadium,Dunedin,New Zealand,"-45.869252, 170.524323","Mabey, Angus",New Zealand,195,2276754540,scrum_won,2026-02-21T07:17:48+00:00,54,53:27,away,Chiefs,14,34,2,,,,,,,,,,,,,,
super_rugby_2026_highlanders_vs_chiefs_65866104.json,sr:sport_event:65866104,2026-02-21T06:05:00+00:00,Super Rugby,sr:competition:422,Super Rugby 2026,sr:season:137092,2026,league,regular season,2,Super Rugby Pacific 2026,Highlanders,sr:competitor:4182,HIG,Chiefs,sr:competitor:4185,CHI,Forsyth Barr Stadium,Dunedin,New Zealand,"-45.869252, 170.524323","Mabey, Angus",New Zealand,196,2276754588,turnover,2026-02-21T07:17:53+00:00,54,53:32,home,Highlanders,14,8,2,,,,,,,,,,,,,,
super_rugby_2026_highlanders_vs_chiefs_65866104.json,sr:sport_event:65866104,2026-02-21T06:05:00+00:00,Super Rugby,sr:competition:422,Super Rugby 2026,sr:season:137092,2026,league,regular season,2,Super Rugby Pacific 2026,Highlanders,sr:competitor:4182,HIG,Chiefs,sr:competitor:4185,CHI,Forsyth Barr Stadium,Dunedin,New Zealand,"-45.869252, 170.524323","Mabey, Angus",New Zealand,197,2276754620,line_out,2026-02-21T07:17:57+00:00,54,53:36,home,Highlanders,17,-2,2,,,,,,,,,,,,,,
super_rugby_2026_highlanders_vs_chiefs_65866104.json,sr:sport_event:65866104,2026-02-21T06:05:00+00:00,Super Rugby,sr:competition:422,Super Rugby 2026,sr:season:137092,2026,league,regular season,2,Super Rugby Pacific 2026,Highlanders,sr:competitor:4182,HIG,Chiefs,sr:competitor:4185,CHI,Forsyth Barr Stadium,Dunedin,New Zealand,"-45.869252, 170.524323","Mabey, Angus",New Zealand,198,2276754952,line_out_won,2026-02-21T07:18:43+00:00,55,54:22,home,Highlanders,17,-2,2,,,,,,,,,,,,,,
super_rugby_2026_highlanders_vs_chiefs_65866104.json,sr:sport_event:65866104,2026-02-21T06:05:00+00:00,Super Rugby,sr:competition:422,Super Rugby 2026,sr:season:137092,2026,league,regular season,2,Super Rugby Pacific 2026,Highlanders,sr:competitor:4182,HIG,Chiefs,sr:competitor:4185,CHI,Forsyth Barr Stadium,Dunedin,New Zealand,"-45.869252, 170.524323","Mabey, Angus",New Zealand,199,2276754976,ball_recycled,2026-02-21T07:18:45+00:00,55,54:25,home,Highlanders,15,18,2,,,,,,,,,,,,,,
super_rugby_2026_highlanders_vs_chiefs_65866104.json,sr:sport_event:65866104,2026-02-21T06:05:00+00:00,Super Rugby,sr:competition:422,Super Rugby 2026,sr:season:137092,2026,league,regular season,2,Super Rugby Pacific 2026,Highlanders,sr:competitor:4182,HIG,Chiefs,sr:competitor:4185,CHI,Forsyth Barr Stadium,Dunedin,New Zealand,"-45.869252, 170.524323","Mabey, Angus",New Zealand,200,2276755046,ball_kicked,2026-02-21T07:18:52+00:00,55,54:31,home,Highlanders,54,16,2,,,,,,,,,,,,,,
super_rugby_2026_highlanders_vs_chiefs_65866104.json,sr:sport_event:65866104,2026-02-21T06:05:00+00:00,Super Rugby,sr:competition:422,Super Rugby 2026,sr:season:137092,2026,league,regular season,2,Super Rugby Pacific 2026,Highlanders,sr:competitor:4182,HIG,Chiefs,sr:competitor:4185,CHI,Forsyth Barr Stadium,Dunedin,New Zealand,"-45.869252, 170.524323","Mabey, Angus",New Zealand,201,2276755072,line_out,2026-02-21T07:18:56+00:00,55,54:35,away,Chiefs,55,-2,2,,,,,,,,,,,,,,
super_rugby_2026_highlanders_vs_chiefs_65866104.json,sr:sport_event:65866104,2026-02-21T06:05:00+00:00,Super Rugby,sr:competition:422,Super Rugby 2026,sr:season:137092,2026,league,regular season,2,Super Rugby Pacific 2026,Highlanders,sr:competitor:4182,HIG,Chiefs,sr:competitor:4185,CHI,Forsyth Barr Stadium,Dunedin,New Zealand,"-45.869252, 170.524323","Mabey, Angus",New Zealand,202,2276755446,line_out_won,2026-02-21T07:19:32+00:00,56,55:12,away,Chiefs,55,-2,2,,,,,,,,,,,,,,
super_rugby_2026_highlanders_vs_chiefs_65866104.json,sr:sport_event:65866104,2026-02-21T06:05:00+00:00,Super Rugby,sr:competition:422,Super Rugby 2026,sr:season:137092,2026,league,regular season,2,Super Rugby Pacific 2026,Highlanders,sr:competitor:4182,HIG,Chiefs,sr:competitor:4185,CHI,Forsyth Barr Stadium,Dunedin,New Zealand,"-45.869252, 170.524323","Mabey, Angus",New Zealand,203,2276755836,penalty_awarded,2026-02-21T07:20:16+00:00,56,55:20,away,Chiefs,40,30,2,,,,,,,,,,,,,,
super_rugby_2026_highlanders_vs_chiefs_65866104.json,sr:sport_event:65866104,2026-02-21T06:05:00+00:00,Super Rugby,sr:competition:422,Super Rugby 2026,sr:season:137092,2026,league,regular season,2,Super Rugby Pacific 2026,Highlanders,sr:competitor:4182,HIG,Chiefs,sr:competitor:4185,CHI,Forsyth Barr Stadium,Dunedin,New Zealand,"-45.869252, 170.524323","Mabey, Angus",New Zealand,204,2276755528,substitution,2026-02-21T07:19:42+00:00,56,55:22,home,Highlanders,,,2,,,,,,,,,,sr:player:1651681,"Fakatava, Folau",sr:player:2962073,"Lennox, Adam","[{""id"": ""sr:player:1651681"", ""name"": ""Fakatava, Folau"", ""type"": ""substituted_out""}, {""id"": ""sr:player:2962073"", ""name"": ""Lennox, Adam"", ""type"": ""substituted_in""}]"
super_rugby_2026_highlanders_vs_chiefs_65866104.json,sr:sport_event:65866104,2026-02-21T06:05:00+00:00,Super Rugby,sr:competition:422,Super Rugby 2026,sr:season:137092,2026,league,regular season,2,Super Rugby Pacific 2026,Highlanders,sr:competitor:4182,HIG,Chiefs,sr:competitor:4185,CHI,Forsyth Barr Stadium,Dunedin,New Zealand,"-45.869252, 170.524323","Mabey, Angus",New Zealand,205,2276755544,ball_recycled,2026-02-21T07:19:45+00:00,56,55:25,away,Chiefs,51,36,2,,,,,,,,,,,,,,
super_rugby_2026_highlanders_vs_chiefs_65866104.json,sr:sport_event:65866104,2026-02-21T06:05:00+00:00,Super Rugby,sr:competition:422,Super Rugby 2026,sr:season:137092,2026,league,regular season,2,Super Rugby Pacific 2026,Highlanders,sr:competitor:4182,HIG,Chiefs,sr:competitor:4185,CHI,Forsyth Barr Stadium,Dunedin,New Zealand,"-45.869252, 170.524323","Mabey, Angus",New Zealand,206,2276756144,kick_to_touch,2026-02-21T07:20:54+00:00,56,55:57,away,Chiefs,40,30,2,,,,,,,,,,,,,,
super_rugby_2026_highlanders_vs_chiefs_65866104.json,sr:sport_event:65866104,2026-02-21T06:05:00+00:00,Super Rugby,sr:competition:422,Super Rugby 2026,sr:season:137092,2026,league,regular season,2,Super Rugby Pacific 2026,Highlanders,sr:competitor:4182,HIG,Chiefs,sr:competitor:4185,CHI,Forsyth Barr Stadium,Dunedin,New Zealand,"-45.869252, 170.524323","Mabey, Angus",New Zealand,207,2276756166,line_out,2026-02-21T07:20:57+00:00,56,56:00,away,Chiefs,14,0,2,,,,,,,,,,,,,,
super_rugby_2026_highlanders_vs_chiefs_65866104.json,sr:sport_event:65866104,2026-02-21T06:05:00+00:00,Super Rugby,sr:competition:422,Super Rugby 2026,sr:season:137092,2026,league,regular season,2,Super Rugby Pacific 2026,Highlanders,sr:competitor:4182,HIG,Chiefs,sr:competitor:4185,CHI,Forsyth Barr Stadium,Dunedin,New Zealand,"-45.869252, 170.524323","Mabey, Angus",New Zealand,208,2276756456,line_out_won,2026-02-21T07:21:29+00:00,57,56:32,away,Chiefs,14,0,2,,,,,,,,,,,,,,
super_rugby_2026_highlanders_vs_chiefs_65866104.json,sr:sport_event:65866104,2026-02-21T06:05:00+00:00,Super Rugby,sr:competition:422,Super Rugby 2026,sr:season:137092,2026,league,regular season,2,Super Rugby Pacific 2026,Highlanders,sr:competitor:4182,HIG,Chiefs,sr:competitor:4185,CHI,Forsyth Barr Stadium,Dunedin,New Zealand,"-45.869252, 170.524323","Mabey, Angus",New Zealand,209,2276756588,turnover,2026-02-21T07:21:46+00:00,57,56:49,home,Highlanders,4,17,2,,,,,,,,,,,,,,
super_rugby_2026_highlanders_vs_chiefs_65866104.json,sr:sport_event:65866104,2026-02-21T06:05:00+00:00,Super Rugby,sr:competition:422,Super Rugby 2026,sr:season:137092,2026,league,regular season,2,Super Rugby Pacific 2026,Highlanders,sr:competitor:4182,HIG,Chiefs,sr:competitor:4185,CHI,Forsyth Barr Stadium,Dunedin,New Zealand,"-45.869252, 170.524323","Mabey, Angus",New Zealand,210,2276756888,substitution,2026-02-21T07:22:29+00:00,58,57:32,home,Highlanders,,,2,,,,,,,,,,sr:player:3155650,"Casey, Lucas",sr:player:2771885,"Lasaqa, Veveni","[{""id"": ""sr:player:3155650"", ""name"": ""Casey, Lucas"", ""type"": ""substituted_out""}, {""id"": ""sr:player:2771885"", ""name"": ""Lasaqa, Veveni"", ""type"": ""substituted_in""}]"
super_rugby_2026_highlanders_vs_chiefs_65866104.json,sr:sport_event:65866104,2026-02-21T06:05:00+00:00,Super Rugby,sr:competition:422,Super Rugby 2026,sr:season:137092,2026,league,regular season,2,Super Rugby Pacific 2026,Highlanders,sr:competitor:4182,HIG,Chiefs,sr:competitor:4185,CHI,Forsyth Barr Stadium,Dunedin,New Zealand,"-45.869252, 170.524323","Mabey, Angus",New Zealand,211,2276756942,ball_kicked,2026-02-21T07:22:34+00:00,58,57:37,home,Highlanders,62,51,2,,,,,,,,,,,,,,
super_rugby_2026_highlanders_vs_chiefs_65866104.json,sr:sport_event:65866104,2026-02-21T06:05:00+00:00,Super Rugby,sr:competition:422,Super Rugby 2026,sr:season:137092,2026,league,regular season,2,Super Rugby Pacific 2026,Highlanders,sr:competitor:4182,HIG,Chiefs,sr:competitor:4185,CHI,Forsyth Barr Stadium,Dunedin,New Zealand,"-45.869252, 170.524323","Mabey, Angus",New Zealand,212,2276757058,turnover,2026-02-21T07:22:51+00:00,58,57:53,home,Highlanders,26,9,2,,,,,,,,,,,,,,
super_rugby_2026_highlanders_vs_chiefs_65866104.json,sr:sport_event:65866104,2026-02-21T06:05:00+00:00,Super Rugby,sr:competition:422,Super Rugby 2026,sr:season:137092,2026,league,regular season,2,Super Rugby Pacific 2026,Highlanders,sr:competitor:4182,HIG,Chiefs,sr:competitor:4185,CHI,Forsyth Barr Stadium,Dunedin,New Zealand,"-45.869252, 170.524323","Mabey, Angus",New Zealand,213,2276757082,line_out,2026-02-21T07:22:55+00:00,58,57:57,home,Highlanders,30,-1,2,,,,,,,,,,,,,,
super_rugby_2026_highlanders_vs_chiefs_65866104.json,sr:sport_event:65866104,2026-02-21T06:05:00+00:00,Super Rugby,sr:competition:422,Super Rugby 2026,sr:season:137092,2026,league,regular season,2,Super Rugby Pacific 2026,Highlanders,sr:competitor:4182,HIG,Chiefs,sr:competitor:4185,CHI,Forsyth Barr Stadium,Dunedin,New Zealand,"-45.869252, 170.524323","Mabey, Angus",New Zealand,214,2276757396,line_out_won,2026-02-21T07:23:31+00:00,59,58:04,home,Highlanders,33,20,2,,,,,,,,,,,,,,
super_rugby_2026_highlanders_vs_chiefs_65866104.json,sr:sport_event:65866104,2026-02-21T06:05:00+00:00,Super Rugby,sr:competition:422,Super Rugby 2026,sr:season:137092,2026,league,regular season,2,Super Rugby Pacific 2026,Highlanders,sr:competitor:4182,HIG,Chiefs,sr:competitor:4185,CHI,Forsyth Barr Stadium,Dunedin,New Zealand,"-45.869252, 170.524323","Mabey, Angus",New Zealand,215,2276757442,ball_kicked,2026-02-21T07:23:41+00:00,59,58:15,home,Highlanders,58,25,2,,,,,,,,,,,,,,
super_rugby_2026_highlanders_vs_chiefs_65866104.json,sr:sport_event:65866104,2026-02-21T06:05:00+00:00,Super Rugby,sr:competition:422,Super Rugby 2026,sr:season:137092,2026,league,regular season,2,Super Rugby Pacific 2026,Highlanders,sr:competitor:4182,HIG,Chiefs,sr:competitor:4185,CHI,Forsyth Barr Stadium,Dunedin,New Zealand,"-45.869252, 170.524323","Mabey, Angus",New Zealand,216,2276757484,ball_recycled,2026-02-21T07:23:46+00:00,59,58:19,away,Chiefs,50,19,2,,,,,,,,,,,,,,
super_rugby_2026_highlanders_vs_chiefs_65866104.json,sr:sport_event:65866104,2026-02-21T06:05:00+00:00,Super Rugby,sr:competition:422,Super Rugby 2026,sr:season:137092,2026,league,regular season,2,Super Rugby Pacific 2026,Highlanders,sr:competitor:4182,HIG,Chiefs,sr:competitor:4185,CHI,Forsyth Barr Stadium,Dunedin,New Zealand,"-45.869252, 170.524323","Mabey, Angus",New Zealand,217,2276757562,ball_recycled,2026-02-21T07:23:57+00:00,59,58:30,away,Chiefs,37,23,2,,,,,,,,,,,,,,
super_rugby_2026_highlanders_vs_chiefs_65866104.json,sr:sport_event:65866104,2026-02-21T06:05:00+00:00,Super Rugby,sr:competition:422,Super Rugby 2026,sr:season:137092,2026,league,regular season,2,Super Rugby Pacific 2026,Highlanders,sr:competitor:4182,HIG,Chiefs,sr:competitor:4185,CHI,Forsyth Barr Stadium,Dunedin,New Zealand,"-45.869252, 170.524323","Mabey, Angus",New Zealand,218,2276757630,ball_recycled,2026-02-21T07:24:08+00:00,59,58:42,away,Chiefs,35,30,2,,,,,,,,,,,,,,
super_rugby_2026_highlanders_vs_chiefs_65866104.json,sr:sport_event:65866104,2026-02-21T06:05:00+00:00,Super Rugby,sr:competition:422,Super Rugby 2026,sr:season:137092,2026,league,regular season,2,Super Rugby Pacific 2026,Highlanders,sr:competitor:4182,HIG,Chiefs,sr:competitor:4185,CHI,Forsyth Barr Stadium,Dunedin,New Zealand,"-45.869252, 170.524323","Mabey, Angus",New Zealand,219,2276757662,ball_recycled,2026-02-21T07:24:13+00:00,59,58:46,away,Chiefs,29,33,2,,,,,,,,,,,,,,
super_rugby_2026_highlanders_vs_chiefs_65866104.json,sr:sport_event:65866104,2026-02-21T06:05:00+00:00,Super Rugby,sr:competition:422,Super Rugby 2026,sr:season:137092,2026,league,regular season,2,Super Rugby Pacific 2026,Highlanders,sr:competitor:4182,HIG,Chiefs,sr:competitor:4185,CHI,Forsyth Barr Stadium,Dunedin,New Zealand,"-45.869252, 170.524323","Mabey, Angus",New Zealand,220,2276757730,ball_recycled,2026-02-21T07:24:24+00:00,59,58:57,away,Chiefs,30,41,2,,,,,,,,,,,,,,
super_rugby_2026_highlanders_vs_chiefs_65866104.json,sr:sport_event:65866104,2026-02-21T06:05:00+00:00,Super Rugby,sr:competition:422,Super Rugby 2026,sr:season:137092,2026,league,regular season,2,Super Rugby Pacific 2026,Highlanders,sr:competitor:4182,HIG,Chiefs,sr:competitor:4185,CHI,Forsyth Barr Stadium,Dunedin,New Zealand,"-45.869252, 170.524323","Mabey, Angus",New Zealand,221,2276758106,substitution,2026-02-21T07:25:18+00:00,60,59:32,home,Highlanders,,,2,,,,,,,,,,sr:player:2781337,"Wingham, Rohan",sr:player:1001647,"Kautai, Sosefo","[{""id"": ""sr:player:2781337"", ""name"": ""Wingham, Rohan"", ""type"": ""substituted_out""}, {""id"": ""sr:player:1001647"", ""name"": ""Kautai, Sosefo"", ""type"": ""substituted_in""}]"
super_rugby_2026_highlanders_vs_chiefs_65866104.json,sr:sport_event:65866104,2026-02-21T06:05:00+00:00,Super Rugby,sr:competition:422,Super Rugby 2026,sr:season:137092,2026,league,regular season,2,Super Rugby Pacific 2026,Highlanders,sr:competitor:4182,HIG,Chiefs,sr:competitor:4185,CHI,Forsyth Barr Stadium,Dunedin,New Zealand,"-45.869252, 170.524323","Mabey, Angus",New Zealand,222,2276758250,substitution,2026-02-21T07:25:40+00:00,60,59:32,home,Highlanders,,,2,,,,,,,,,,sr:player:1984169,"de Groot, Ethan",sr:player:396222,"Bell, Henry","[{""id"": ""sr:player:1984169"", ""name"": ""de Groot, Ethan"", ""type"": ""substituted_out""}, {""id"": ""sr:player:396222"", ""name"": ""Bell, Henry"", ""type"": ""substituted_in""}]"
super_rugby_2026_highlanders_vs_chiefs_65866104.json,sr:sport_event:65866104,2026-02-21T06:05:00+00:00,Super Rugby,sr:competition:422,Super Rugby 2026,sr:season:137092,2026,league,regular season,2,Super Rugby Pacific 2026,Highlanders,sr:competitor:4182,HIG,Chiefs,sr:competitor:4185,CHI,Forsyth Barr Stadium,Dunedin,New Zealand,"-45.869252, 170.524323","Mabey, Angus",New Zealand,223,2276758252,substitution,2026-02-21T07:25:40+00:00,60,59:32,home,Highlanders,,,2,,,,,,,,,,sr:player:2582463,"Taylor, Jack",sr:player:2355719,"Bartlett, Josh","[{""id"": ""sr:player:2582463"", ""name"": ""Taylor, Jack"", ""type"": ""substituted_out""}, {""id"": ""sr:player:2355719"", ""name"": ""Bartlett, Josh"", ""type"": ""substituted_in""}]"
super_rugby_2026_highlanders_vs_chiefs_65866104.json,sr:sport_event:65866104,2026-02-21T06:05:00+00:00,Super Rugby,sr:competition:422,Super Rugby 2026,sr:season:137092,2026,league,regular season,2,Super Rugby Pacific 2026,Highlanders,sr:competitor:4182,HIG,Chiefs,sr:competitor:4185,CHI,Forsyth Barr Stadium,Dunedin,New Zealand,"-45.869252, 170.524323","Mabey, Angus",New Zealand,224,2276758342,substitution,2026-02-21T07:25:54+00:00,60,59:32,away,Chiefs,,,2,,,,,,,,,,sr:player:884810,"Proffit, Jared",sr:player:2822893,"Kumeroa, Benet","[{""id"": ""sr:player:884810"", ""name"": ""Proffit, Jared"", ""type"": ""substituted_out""}, {""id"": ""sr:player:2822893"", ""name"": ""Kumeroa, Benet"", ""type"": ""substituted_in""}]"
super_rugby_2026_highlanders_vs_chiefs_65866104.json,sr:sport_event:65866104,2026-02-21T06:05:00+00:00,Super Rugby,sr:competition:422,Super Rugby 2026,sr:season:137092,2026,league,regular season,2,Super Rugby Pacific 2026,Highlanders,sr:competitor:4182,HIG,Chiefs,sr:competitor:4185,CHI,Forsyth Barr Stadium,Dunedin,New Zealand,"-45.869252, 170.524323","Mabey, Angus",New Zealand,225,2276758344,substitution,2026-02-21T07:25:54+00:00,60,59:32,away,Chiefs,,,2,,,,,,,,,,sr:player:2315349,"Dyer, George",sr:player:879150,"O'Neill, Reuben","[{""id"": ""sr:player:2315349"", ""name"": ""Dyer, George"", ""type"": ""substituted_out""}, {""id"": ""sr:player:879150"", ""name"": ""O'Neill, Reuben"", ""type"": ""substituted_in""}]"
super_rugby_2026_highlanders_vs_chiefs_65866104.json,sr:sport_event:65866104,2026-02-21T06:05:00+00:00,Super Rugby,sr:competition:422,Super Rugby 2026,sr:season:137092,2026,league,regular season,2,Super Rugby Pacific 2026,Highlanders,sr:competitor:4182,HIG,Chiefs,sr:competitor:4185,CHI,Forsyth Barr Stadium,Dunedin,New Zealand,"-45.869252, 170.524323","Mabey, Angus",New Zealand,226,2276758512,turnover,2026-02-21T07:26:18+00:00,60,59:32,home,Highlanders,30,41,2,,,,,,,,,,,,,,
super_rugby_2026_highlanders_vs_chiefs_65866104.json,sr:sport_event:65866104,2026-02-21T06:05:00+00:00,Super Rugby,sr:competition:422,Super Rugby 2026,sr:season:137092,2026,league,regular season,2,Super Rugby Pacific 2026,Highlanders,sr:competitor:4182,HIG,Chiefs,sr:competitor:4185,CHI,Forsyth Barr Stadium,Dunedin,New Zealand,"-45.869252, 170.524323","Mabey, Angus",New Zealand,227,2276758718,ball_kicked,2026-02-21T07:26:46+00:00,60,59:57,home,Highlanders,55,37,2,,,,,,,,,,,,,,
super_rugby_2026_highlanders_vs_chiefs_65866104.json,sr:sport_event:65866104,2026-02-21T06:05:00+00:00,Super Rugby,sr:competition:422,Super Rugby 2026,sr:season:137092,2026,league,regular season,2,Super Rugby Pacific 2026,Highlanders,sr:competitor:4182,HIG,Chiefs,sr:competitor:4185,CHI,Forsyth Barr Stadium,Dunedin,New Zealand,"-45.869252, 170.524323","Mabey, Angus",New Zealand,228,2276758956,ball_kicked,2026-02-21T07:27:17+00:00,61,60:28,away,Chiefs,31,13,2,,,,,,,,,,,,,,
super_rugby_2026_highlanders_vs_chiefs_65866104.json,sr:sport_event:65866104,2026-02-21T06:05:00+00:00,Super Rugby,sr:competition:422,Super Rugby 2026,sr:season:137092,2026,league,regular season,2,Super Rugby Pacific 2026,Highlanders,sr:competitor:4182,HIG,Chiefs,sr:competitor:4185,CHI,Forsyth Barr Stadium,Dunedin,New Zealand,"-45.869252, 170.524323","Mabey, Angus",New Zealand,229,2276758982,line_out,2026-02-21T07:27:21+00:00,61,60:33,home,Highlanders,18,-1,2,,,,,,,,,,,,,,
super_rugby_2026_highlanders_vs_chiefs_65866104.json,sr:sport_event:65866104,2026-02-21T06:05:00+00:00,Super Rugby,sr:competition:422,Super Rugby 2026,sr:season:137092,2026,league,regular season,2,Super Rugby Pacific 2026,Highlanders,sr:competitor:4182,HIG,Chiefs,sr:competitor:4185,CHI,Forsyth Barr Stadium,Dunedin,New Zealand,"-45.869252, 170.524323","Mabey, Angus",New Zealand,230,2276759078,line_out_won,2026-02-21T07:27:38+00:00,61,60:49,away,Chiefs,18,-1,2,,,,,,,,,,,,,,
super_rugby_2026_highlanders_vs_chiefs_65866104.json,sr:sport_event:65866104,2026-02-21T06:05:00+00:00,Super Rugby,sr:competition:422,Super Rugby 2026,sr:season:137092,2026,league,regular season,2,Super Rugby Pacific 2026,Highlanders,sr:competitor:4182,HIG,Chiefs,sr:competitor:4185,CHI,Forsyth Barr Stadium,Dunedin,New Zealand,"-45.869252, 170.524323","Mabey, Angus",New Zealand,231,2276759114,score_change,2026-02-21T07:27:44+00:00,61,60:55,away,Chiefs,0,16,2,,,13,19,try,,,sr:player:1106251,"Taukei'aho, Samisoni",,,,,"[{""id"": ""sr:player:1106251"", ""name"": ""Taukei'aho, Samisoni"", ""type"": ""scorer""}]"
super_rugby_2026_highlanders_vs_chiefs_65866104.json,sr:sport_event:65866104,2026-02-21T06:05:00+00:00,Super Rugby,sr:competition:422,Super Rugby 2026,sr:season:137092,2026,league,regular season,2,Super Rugby Pacific 2026,Highlanders,sr:competitor:4182,HIG,Chiefs,sr:competitor:4185,CHI,Forsyth Barr Stadium,Dunedin,New Zealand,"-45.869252, 170.524323","Mabey, Angus",New Zealand,232,2276759584,score_change,2026-02-21T07:28:40+00:00,62,61:51,away,Chiefs,23,21,2,,,13,21,conversion,,,sr:player:2774837,"Jacomb, Josh",,,,,"[{""id"": ""sr:player:2774837"", ""name"": ""Jacomb, Josh"", ""type"": ""scorer""}]"
super_rugby_2026_highlanders_vs_chiefs_65866104.json,sr:sport_event:65866104,2026-02-21T06:05:00+00:00,Super Rugby,sr:competition:422,Super Rugby 2026,sr:season:137092,2026,league,regular season,2,Super Rugby Pacific 2026,Highlanders,sr:competitor:4182,HIG,Chiefs,sr:competitor:4185,CHI,Forsyth Barr Stadium,Dunedin,New Zealand,"-45.869252, 170.524323","Mabey, Angus",New Zealand,233,2276759768,ball_kicked,2026-02-21T07:29:05+00:00,63,62:15,home,Highlanders,83,55,2,,,,,,,,,,,,,,
super_rugby_2026_highlanders_vs_chiefs_65866104.json,sr:sport_event:65866104,2026-02-21T06:05:00+00:00,Super Rugby,sr:competition:422,Super Rugby 2026,sr:season:137092,2026,league,regular season,2,Super Rugby Pacific 2026,Highlanders,sr:competitor:4182,HIG,Chiefs,sr:competitor:4185,CHI,Forsyth Barr Stadium,Dunedin,New Zealand,"-45.869252, 170.524323","Mabey, Angus",New Zealand,234,2276759780,turnover,2026-02-21T07:29:07+00:00,63,62:18,home,Highlanders,83,55,2,,,,,,,,,,,,,,
super_rugby_2026_highlanders_vs_chiefs_65866104.json,sr:sport_event:65866104,2026-02-21T06:05:00+00:00,Super Rugby,sr:competition:422,Super Rugby 2026,sr:season:137092,2026,league,regular season,2,Super Rugby Pacific 2026,Highlanders,sr:competitor:4182,HIG,Chiefs,sr:competitor:4185,CHI,Forsyth Barr Stadium,Dunedin,New Zealand,"-45.869252, 170.524323","Mabey, Angus",New Zealand,235,2276759850,ball_recycled,2026-02-21T07:29:17+00:00,63,62:28,home,Highlanders,79,52,2,,,,,,,,,,,,,,
super_rugby_2026_highlanders_vs_chiefs_65866104.json,sr:sport_event:65866104,2026-02-21T06:05:00+00:00,Super Rugby,sr:competition:422,Super Rugby 2026,sr:season:137092,2026,league,regular season,2,Super Rugby Pacific 2026,Highlanders,sr:competitor:4182,HIG,Chiefs,sr:competitor:4185,CHI,Forsyth Barr Stadium,Dunedin,New Zealand,"-45.869252, 170.524323","Mabey, Angus",New Zealand,236,2276759926,ball_recycled,2026-02-21T07:29:27+00:00,63,62:38,home,Highlanders,80,43,2,,,,,,,,,,,,,,
super_rugby_2026_highlanders_vs_chiefs_65866104.json,sr:sport_event:65866104,2026-02-21T06:05:00+00:00,Super Rugby,sr:competition:422,Super Rugby 2026,sr:season:137092,2026,league,regular season,2,Super Rugby Pacific 2026,Highlanders,sr:competitor:4182,HIG,Chiefs,sr:competitor:4185,CHI,Forsyth Barr Stadium,Dunedin,New Zealand,"-45.869252, 170.524323","Mabey, Angus",New Zealand,237,2276760044,ball_recycled,2026-02-21T07:29:42+00:00,63,62:53,home,Highlanders,77,40,2,,,,,,,,,,,,,,
super_rugby_2026_highlanders_vs_chiefs_65866104.json,sr:sport_event:65866104,2026-02-21T06:05:00+00:00,Super Rugby,sr:competition:422,Super Rugby 2026,sr:season:137092,2026,league,regular season,2,Super Rugby Pacific 2026,Highlanders,sr:competitor:4182,HIG,Chiefs,sr:competitor:4185,CHI,Forsyth Barr Stadium,Dunedin,New Zealand,"-45.869252, 170.524323","Mabey, Angus",New Zealand,238,2276760072,ball_recycled,2026-02-21T07:29:48+00:00,63,62:59,home,Highlanders,81,53,2,,,,,,,,,,,,,,
super_rugby_2026_highlanders_vs_chiefs_65866104.json,sr:sport_event:65866104,2026-02-21T06:05:00+00:00,Super Rugby,sr:competition:422,Super Rugby 2026,sr:season:137092,2026,league,regular season,2,Super Rugby Pacific 2026,Highlanders,sr:competitor:4182,HIG,Chiefs,sr:competitor:4185,CHI,Forsyth Barr Stadium,Dunedin,New Zealand,"-45.869252, 170.524323","Mabey, Angus",New Zealand,239,2276760104,ball_recycled,2026-02-21T07:29:53+00:00,64,63:04,home,Highlanders,80,50,2,,,,,,,,,,,,,,
super_rugby_2026_highlanders_vs_chiefs_65866104.json,sr:sport_event:65866104,2026-02-21T06:05:00+00:00,Super Rugby,sr:competition:422,Super Rugby 2026,sr:season:137092,2026,league,regular season,2,Super Rugby Pacific 2026,Highlanders,sr:competitor:4182,HIG,Chiefs,sr:competitor:4185,CHI,Forsyth Barr Stadium,Dunedin,New Zealand,"-45.869252, 170.524323","Mabey, Angus",New Zealand,240,2276760288,substitution,2026-02-21T07:30:09+00:00,64,63:20,away,Chiefs,,,2,,,,,,,,,,sr:player:2241945,"Lord, Josh",sr:player:1983933,"Ah Kuoi, Naitoa","[{""id"": ""sr:player:2241945"", ""name"": ""Lord, Josh"", ""type"": ""substituted_out""}, {""id"": ""sr:player:1983933"", ""name"": ""Ah Kuoi, Naitoa"", ""type"": ""substituted_in""}]"
super_rugby_2026_highlanders_vs_chiefs_65866104.json,sr:sport_event:65866104,2026-02-21T06:05:00+00:00,Super Rugby,sr:competition:422,Super Rugby 2026,sr:season:137092,2026,league,regular season,2,Super Rugby Pacific 2026,Highlanders,sr:competitor:4182,HIG,Chiefs,sr:competitor:4185,CHI,Forsyth Barr Stadium,Dunedin,New Zealand,"-45.869252, 170.524323","Mabey, Angus",New Zealand,241,2276760290,substitution,2026-02-21T07:30:09+00:00,64,63:20,away,Chiefs,,,2,,,,,,,,,,sr:player:1106251,"Taukei'aho, Samisoni",sr:player:2286149,"Thompson, Tyrone","[{""id"": ""sr:player:1106251"", ""name"": ""Taukei'aho, Samisoni"", ""type"": ""substituted_out""}, {""id"": ""sr:player:2286149"", ""name"": ""Thompson, Tyrone"", ""type"": ""substituted_in""}]"
super_rugby_2026_highlanders_vs_chiefs_65866104.json,sr:sport_event:65866104,2026-02-21T06:05:00+00:00,Super Rugby,sr:competition:422,Super Rugby 2026,sr:season:137092,2026,league,regular season,2,Super Rugby Pacific 2026,Highlanders,sr:competitor:4182,HIG,Chiefs,sr:competitor:4185,CHI,Forsyth Barr Stadium,Dunedin,New Zealand,"-45.869252, 170.524323","Mabey, Angus",New Zealand,242,2276760330,ball_recycled,2026-02-21T07:30:12+00:00,64,63:23,home,Highlanders,83,28,2,,,,,,,,,,,,,,
super_rugby_2026_highlanders_vs_chiefs_65866104.json,sr:sport_event:65866104,2026-02-21T06:05:00+00:00,Super Rugby,sr:competition:422,Super Rugby 2026,sr:season:137092,2026,league,regular season,2,Super Rugby Pacific 2026,Highlanders,sr:competitor:4182,HIG,Chiefs,sr:competitor:4185,CHI,Forsyth Barr Stadium,Dunedin,New Zealand,"-45.869252, 170.524323","Mabey, Angus",New Zealand,243,2276760516,substitution,2026-02-21T07:30:29+00:00,64,63:40,home,Highlanders,,,2,,,,,,,,,,sr:player:902066,"Lowe, Jonah",sr:player:1256658,"Telea, Tanielu","[{""id"": ""sr:player:902066"", ""name"": ""Lowe, Jonah"", ""type"": ""substituted_out""}, {""id"": ""sr:player:1256658"", ""name"": ""Telea, Tanielu"", ""type"": ""substituted_in""}]"
super_rugby_2026_highlanders_vs_chiefs_65866104.json,sr:sport_event:65866104,2026-02-21T06:05:00+00:00,Super Rugby,sr:competition:422,Super Rugby 2026,sr:season:137092,2026,league,regular season,2,Super Rugby Pacific 2026,Highlanders,sr:competitor:4182,HIG,Chiefs,sr:competitor:4185,CHI,Forsyth Barr Stadium,Dunedin,New Zealand,"-45.869252, 170.524323","Mabey, Angus",New Zealand,244,2276760524,turnover,2026-02-21T07:30:31+00:00,64,63:42,away,Chiefs,93,27,2,,,,,,,,,,,,,,
super_rugby_2026_highlanders_vs_chiefs_65866104.json,sr:sport_event:65866104,2026-02-21T06:05:00+00:00,Super Rugby,sr:competition:422,Super Rugby 2026,sr:season:137092,2026,league,regular season,2,Super Rugby Pacific 2026,Highlanders,sr:competitor:4182,HIG,Chiefs,sr:competitor:4185,CHI,Forsyth Barr Stadium,Dunedin,New Zealand,"-45.869252, 170.524323","Mabey, Angus",New Zealand,245,2276760638,ball_kicked,2026-02-21T07:30:41+00:00,64,63:51,away,Chiefs,51,16,2,,,,,,,,,,,,,,
super_rugby_2026_highlanders_vs_chiefs_65866104.json,sr:sport_event:65866104,2026-02-21T06:05:00+00:00,Super Rugby,sr:competition:422,Super Rugby 2026,sr:season:137092,2026,league,regular season,2,Super Rugby Pacific 2026,Highlanders,sr:competitor:4182,HIG,Chiefs,sr:competitor:4185,CHI,Forsyth Barr Stadium,Dunedin,New Zealand,"-45.869252, 170.524323","Mabey, Angus",New Zealand,246,2276760682,ball_recycled,2026-02-21T07:30:48+00:00,64,63:58,home,Highlanders,47,19,2,,,,,,,,,,,,,,
super_rugby_2026_highlanders_vs_chiefs_65866104.json,sr:sport_event:65866104,2026-02-21T06:05:00+00:00,Super Rugby,sr:competition:422,Super Rugby 2026,sr:season:137092,2026,league,regular season,2,Super Rugby Pacific 2026,Highlanders,sr:competitor:4182,HIG,Chiefs,sr:competitor:4185,CHI,Forsyth Barr Stadium,Dunedin,New Zealand,"-45.869252, 170.524323","Mabey, Angus",New Zealand,247,2276760736,ball_recycled,2026-02-21T07:30:53+00:00,65,64:03,home,Highlanders,64,48,2,,,,,,,,,,,,,,
super_rugby_2026_highlanders_vs_chiefs_65866104.json,sr:sport_event:65866104,2026-02-21T06:05:00+00:00,Super Rugby,sr:competition:422,Super Rugby 2026,sr:season:137092,2026,league,regular season,2,Super Rugby Pacific 2026,Highlanders,sr:competitor:4182,HIG,Chiefs,sr:competitor:4185,CHI,Forsyth Barr Stadium,Dunedin,New Zealand,"-45.869252, 170.524323","Mabey, Angus",New Zealand,248,2276760776,turnover,2026-02-21T07:31:01+00:00,65,64:11,away,Chiefs,64,50,2,,,,,,,,,,,,,,
super_rugby_2026_highlanders_vs_chiefs_65866104.json,sr:sport_event:65866104,2026-02-21T06:05:00+00:00,Super Rugby,sr:competition:422,Super Rugby 2026,sr:season:137092,2026,league,regular season,2,Super Rugby Pacific 2026,Highlanders,sr:competitor:4182,HIG,Chiefs,sr:competitor:4185,CHI,Forsyth Barr Stadium,Dunedin,New Zealand,"-45.869252, 170.524323","Mabey, Angus",New Zealand,249,2276760802,ball_recycled,2026-02-21T07:31:04+00:00,65,64:14,away,Chiefs,64,42,2,,,,,,,,,,,,,,
super_rugby_2026_highlanders_vs_chiefs_65866104.json,sr:sport_event:65866104,2026-02-21T06:05:00+00:00,Super Rugby,sr:competition:422,Super Rugby 2026,sr:season:137092,2026,league,regular season,2,Super Rugby Pacific 2026,Highlanders,sr:competitor:4182,HIG,Chiefs,sr:competitor:4185,CHI,Forsyth Barr Stadium,Dunedin,New Zealand,"-45.869252, 170.524323","Mabey, Angus",New Zealand,250,2276760870,ball_recycled,2026-02-21T07:31:12+00:00,65,64:23,away,Chiefs,73,34,2,,,,,,,,,,,,,,
super_rugby_2026_highlanders_vs_chiefs_65866104.json,sr:sport_event:65866104,2026-02-21T06:05:00+00:00,Super Rugby,sr:competition:422,Super Rugby 2026,sr:season:137092,2026,league,regular season,2,Super Rugby Pacific 2026,Highlanders,sr:competitor:4182,HIG,Chiefs,sr:competitor:4185,CHI,Forsyth Barr Stadium,Dunedin,New Zealand,"-45.869252, 170.524323","Mabey, Angus",New Zealand,251,2276760906,ball_kicked,2026-02-21T07:31:17+00:00,65,64:29,away,Chiefs,51,47,2,,,,,,,,,,,,,,
super_rugby_2026_highlanders_vs_chiefs_65866104.json,sr:sport_event:65866104,2026-02-21T06:05:00+00:00,Super Rugby,sr:competition:422,Super Rugby 2026,sr:season:137092,2026,league,regular season,2,Super Rugby Pacific 2026,Highlanders,sr:competitor:4182,HIG,Chiefs,sr:competitor:4185,CHI,Forsyth Barr Stadium,Dunedin,New Zealand,"-45.869252, 170.524323","Mabey, Angus",New Zealand,252,2276761422,substitution,2026-02-21T07:32:13+00:00,66,65:24,home,Highlanders,,,2,,,,,,,,,,sr:player:2739147,"Haig, Oliver",sr:player:2786975,"Stodart, Will","[{""id"": ""sr:player:2739147"", ""name"": ""Haig, Oliver"", ""type"": ""substituted_out""}, {""id"": ""sr:player:2786975"", ""name"": ""Stodart, Will"", ""type"": ""substituted_in""}]"
super_rugby_2026_highlanders_vs_chiefs_65866104.json,sr:sport_event:65866104,2026-02-21T06:05:00+00:00,Super Rugby,sr:competition:422,Super Rugby 2026,sr:season:137092,2026,league,regular season,2,Super Rugby Pacific 2026,Highlanders,sr:competitor:4182,HIG,Chiefs,sr:competitor:4185,CHI,Forsyth Barr Stadium,Dunedin,New Zealand,"-45.869252, 170.524323","Mabey, Angus",New Zealand,253,2276761630,scrum,2026-02-21T07:32:37+00:00,66,65:48,away,Chiefs,54,29,2,,,,,,,,,,,,,,
super_rugby_2026_highlanders_vs_chiefs_65866104.json,sr:sport_event:65866104,2026-02-21T06:05:00+00:00,Super Rugby,sr:competition:422,Super Rugby 2026,sr:season:137092,2026,league,regular season,2,Super Rugby Pacific 2026,Highlanders,sr:competitor:4182,HIG,Chiefs,sr:competitor:4185,CHI,Forsyth Barr Stadium,Dunedin,New Zealand,"-45.869252, 170.524323","Mabey, Angus",New Zealand,254,2276761784,scrum_won,2026-02-21T07:33:00+00:00,67,66:10,away,Chiefs,54,29,2,,,,,,,,,,,,,,
super_rugby_2026_highlanders_vs_chiefs_65866104.json,sr:sport_event:65866104,2026-02-21T06:05:00+00:00,Super Rugby,sr:competition:422,Super Rugby 2026,sr:season:137092,2026,league,regular season,2,Super Rugby Pacific 2026,Highlanders,sr:competitor:4182,HIG,Chiefs,sr:competitor:4185,CHI,Forsyth Barr Stadium,Dunedin,New Zealand,"-45.869252, 170.524323","Mabey, Angus",New Zealand,255,2276761876,penalty_awarded,2026-02-21T07:33:10+00:00,67,66:21,away,Chiefs,54,29,2,,,,,,,,,,,,,,
super_rugby_2026_highlanders_vs_chiefs_65866104.json,sr:sport_event:65866104,2026-02-21T06:05:00+00:00,Super Rugby,sr:competition:422,Super Rugby 2026,sr:season:137092,2026,league,regular season,2,Super Rugby Pacific 2026,Highlanders,sr:competitor:4182,HIG,Chiefs,sr:competitor:4185,CHI,Forsyth Barr Stadium,Dunedin,New Zealand,"-45.869252, 170.524323","Mabey, Angus",New Zealand,256,2276761966,tap_and_go,2026-02-21T07:33:21+00:00,67,66:32,away,Chiefs,54,29,2,,,,,,,,,,,,,,
super_rugby_2026_highlanders_vs_chiefs_65866104.json,sr:sport_event:65866104,2026-02-21T06:05:00+00:00,Super Rugby,sr:competition:422,Super Rugby 2026,sr:season:137092,2026,league,regular season,2,Super Rugby Pacific 2026,Highlanders,sr:competitor:4182,HIG,Chiefs,sr:competitor:4185,CHI,Forsyth Barr Stadium,Dunedin,New Zealand,"-45.869252, 170.524323","Mabey, Angus",New Zealand,257,2276762090,substitution,2026-02-21T07:33:35+00:00,67,66:46,away,Chiefs,,,2,,,,,,,,,,sr:player:2286179,"Roe, Xavier",sr:player:848429,"Tahuriorangi, Te Toiroa","[{""id"": ""sr:player:2286179"", ""name"": ""Roe, Xavier"", ""type"": ""substituted_out""}, {""id"": ""sr:player:848429"", ""name"": ""Tahuriorangi, Te Toiroa"", ""type"": ""substituted_in""}]"
super_rugby_2026_highlanders_vs_chiefs_65866104.json,sr:sport_event:65866104,2026-02-21T06:05:00+00:00,Super Rugby,sr:competition:422,Super Rugby 2026,sr:season:137092,2026,league,regular season,2,Super Rugby Pacific 2026,Highlanders,sr:competitor:4182,HIG,Chiefs,sr:competitor:4185,CHI,Forsyth Barr Stadium,Dunedin,New Zealand,"-45.869252, 170.524323","Mabey, Angus",New Zealand,258,2276762136,penalty_awarded,2026-02-21T07:33:42+00:00,67,66:52,away,Chiefs,44,25,2,,,,,,,,,,,,,,
super_rugby_2026_highlanders_vs_chiefs_65866104.json,sr:sport_event:65866104,2026-02-21T06:05:00+00:00,Super Rugby,sr:competition:422,Super Rugby 2026,sr:season:137092,2026,league,regular season,2,Super Rugby Pacific 2026,Highlanders,sr:competitor:4182,HIG,Chiefs,sr:competitor:4185,CHI,Forsyth Barr Stadium,Dunedin,New Zealand,"-45.869252, 170.524323","Mabey, Angus",New Zealand,259,2276762330,kick_to_touch,2026-02-21T07:34:14+00:00,68,67:25,away,Chiefs,44,25,2,,,,,,,,,,,,,,
super_rugby_2026_highlanders_vs_chiefs_65866104.json,sr:sport_event:65866104,2026-02-21T06:05:00+00:00,Super Rugby,sr:competition:422,Super Rugby 2026,sr:season:137092,2026,league,regular season,2,Super Rugby Pacific 2026,Highlanders,sr:competitor:4182,HIG,Chiefs,sr:competitor:4185,CHI,Forsyth Barr Stadium,Dunedin,New Zealand,"-45.869252, 170.524323","Mabey, Angus",New Zealand,260,2276762374,line_out,2026-02-21T07:34:19+00:00,68,67:30,away,Chiefs,18,-2,2,,,,,,,,,,,,,,
super_rugby_2026_highlanders_vs_chiefs_65866104.json,sr:sport_event:65866104,2026-02-21T06:05:00+00:00,Super Rugby,sr:competition:422,Super Rugby 2026,sr:season:137092,2026,league,regular season,2,Super Rugby Pacific 2026,Highlanders,sr:competitor:4182,HIG,Chiefs,sr:competitor:4185,CHI,Forsyth Barr Stadium,Dunedin,New Zealand,"-45.869252, 170.524323","Mabey, Angus",New Zealand,261,2276762456,line_out_won,2026-02-21T07:34:32+00:00,68,67:43,away,Chiefs,18,-2,2,,,,,,,,,,,,,,
super_rugby_2026_highlanders_vs_chiefs_65866104.json,sr:sport_event:65866104,2026-02-21T06:05:00+00:00,Super Rugby,sr:competition:422,Super Rugby 2026,sr:season:137092,2026,league,regular season,2,Super Rugby Pacific 2026,Highlanders,sr:competitor:4182,HIG,Chiefs,sr:competitor:4185,CHI,Forsyth Barr Stadium,Dunedin,New Zealand,"-45.869252, 170.524323","Mabey, Angus",New Zealand,262,2276762666,score_change,2026-02-21T07:34:59+00:00,69,68:10,away,Chiefs,2,16,2,,,13,26,try,,,sr:player:2286133,"Boshier, Kaylum",,,,,"[{""id"": ""sr:player:2286133"", ""name"": ""Boshier, Kaylum"", ""type"": ""scorer""}]"
super_rugby_2026_highlanders_vs_chiefs_65866104.json,sr:sport_event:65866104,2026-02-21T06:05:00+00:00,Super Rugby,sr:competition:422,Super Rugby 2026,sr:season:137092,2026,league,regular season,2,Super Rugby Pacific 2026,Highlanders,sr:competitor:4182,HIG,Chiefs,sr:competitor:4185,CHI,Forsyth Barr Stadium,Dunedin,New Zealand,"-45.869252, 170.524323","Mabey, Angus",New Zealand,263,2276763288,ball_kicked,2026-02-21T07:36:22+00:00,70,69:33,home,Highlanders,72,39,2,,,,,,,,,,,,,,
super_rugby_2026_highlanders_vs_chiefs_65866104.json,sr:sport_event:65866104,2026-02-21T06:05:00+00:00,Super Rugby,sr:competition:422,Super Rugby 2026,sr:season:137092,2026,league,regular season,2,Super Rugby Pacific 2026,Highlanders,sr:competitor:4182,HIG,Chiefs,sr:competitor:4185,CHI,Forsyth Barr Stadium,Dunedin,New Zealand,"-45.869252, 170.524323","Mabey, Angus",New Zealand,264,2276763300,ball_recycled,2026-02-21T07:36:25+00:00,70,69:36,away,Chiefs,76,42,2,,,,,,,,,,,,,,
super_rugby_2026_highlanders_vs_chiefs_65866104.json,sr:sport_event:65866104,2026-02-21T06:05:00+00:00,Super Rugby,sr:competition:422,Super Rugby 2026,sr:season:137092,2026,league,regular season,2,Super Rugby Pacific 2026,Highlanders,sr:competitor:4182,HIG,Chiefs,sr:competitor:4185,CHI,Forsyth Barr Stadium,Dunedin,New Zealand,"-45.869252, 170.524323","Mabey, Angus",New Zealand,265,2276763330,ball_recycled,2026-02-21T07:36:28+00:00,70,69:39,away,Chiefs,75,47,2,,,,,,,,,,,,,,
super_rugby_2026_highlanders_vs_chiefs_65866104.json,sr:sport_event:65866104,2026-02-21T06:05:00+00:00,Super Rugby,sr:competition:422,Super Rugby 2026,sr:season:137092,2026,league,regular season,2,Super Rugby Pacific 2026,Highlanders,sr:competitor:4182,HIG,Chiefs,sr:competitor:4185,CHI,Forsyth Barr Stadium,Dunedin,New Zealand,"-45.869252, 170.524323","Mabey, Angus",New Zealand,266,2276763392,ball_recycled,2026-02-21T07:36:35+00:00,70,69:46,away,Chiefs,68,37,2,,,,,,,,,,,,,,
super_rugby_2026_highlanders_vs_chiefs_65866104.json,sr:sport_event:65866104,2026-02-21T06:05:00+00:00,Super Rugby,sr:competition:422,Super Rugby 2026,sr:season:137092,2026,league,regular season,2,Super Rugby Pacific 2026,Highlanders,sr:competitor:4182,HIG,Chiefs,sr:competitor:4185,CHI,Forsyth Barr Stadium,Dunedin,New Zealand,"-45.869252, 170.524323","Mabey, Angus",New Zealand,267,2276763502,ball_recycled,2026-02-21T07:36:51+00:00,71,70:01,away,Chiefs,56,23,2,,,,,,,,,,,,,,
super_rugby_2026_highlanders_vs_chiefs_65866104.json,sr:sport_event:65866104,2026-02-21T06:05:00+00:00,Super Rugby,sr:competition:422,Super Rugby 2026,sr:season:137092,2026,league,regular season,2,Super Rugby Pacific 2026,Highlanders,sr:competitor:4182,HIG,Chiefs,sr:competitor:4185,CHI,Forsyth Barr Stadium,Dunedin,New Zealand,"-45.869252, 170.524323","Mabey, Angus",New Zealand,268,2276763550,turnover,2026-02-21T07:37:02+00:00,71,70:12,home,Highlanders,51,26,2,,,,,,,,,,,,,,
super_rugby_2026_highlanders_vs_chiefs_65866104.json,sr:sport_event:65866104,2026-02-21T06:05:00+00:00,Super Rugby,sr:competition:422,Super Rugby 2026,sr:season:137092,2026,league,regular season,2,Super Rugby Pacific 2026,Highlanders,sr:competitor:4182,HIG,Chiefs,sr:competitor:4185,CHI,Forsyth Barr Stadium,Dunedin,New Zealand,"-45.869252, 170.524323","Mabey, Angus",New Zealand,269,2276763592,scrum,2026-02-21T07:37:06+00:00,71,70:16,home,Highlanders,55,20,2,,,,,,,,,,,,,,
super_rugby_2026_highlanders_vs_chiefs_65866104.json,sr:sport_event:65866104,2026-02-21T06:05:00+00:00,Super Rugby,sr:competition:422,Super Rugby 2026,sr:season:137092,2026,league,regular season,2,Super Rugby Pacific 2026,Highlanders,sr:competitor:4182,HIG,Chiefs,sr:competitor:4185,CHI,Forsyth Barr Stadium,Dunedin,New Zealand,"-45.869252, 170.524323","Mabey, Angus",New Zealand,270,2276764004,scrum_won,2026-02-21T07:37:58+00:00,72,71:08,home,Highlanders,55,20,2,,,,,,,,,,,,,,
super_rugby_2026_highlanders_vs_chiefs_65866104.json,sr:sport_event:65866104,2026-02-21T06:05:00+00:00,Super Rugby,sr:competition:422,Super Rugby 2026,sr:season:137092,2026,league,regular season,2,Super Rugby Pacific 2026,Highlanders,sr:competitor:4182,HIG,Chiefs,sr:competitor:4185,CHI,Forsyth Barr Stadium,Dunedin,New Zealand,"-45.869252, 170.524323","Mabey, Angus",New Zealand,271,2276764290,ball_recycled,2026-02-21T07:38:33+00:00,72,71:43,home,Highlanders,79,40,2,,,,,,,,,,,,,,
super_rugby_2026_highlanders_vs_chiefs_65866104.json,sr:sport_event:65866104,2026-02-21T06:05:00+00:00,Super Rugby,sr:competition:422,Super Rugby 2026,sr:season:137092,2026,league,regular season,2,Super Rugby Pacific 2026,Highlanders,sr:competitor:4182,HIG,Chiefs,sr:competitor:4185,CHI,Forsyth Barr Stadium,Dunedin,New Zealand,"-45.869252, 170.524323","Mabey, Angus",New Zealand,272,2276764590,substitution,2026-02-21T07:38:43+00:00,72,71:53,away,Chiefs,,,2,,,,,,,,,,sr:player:1402077,"Nanai-Seturo, Etene",sr:player:3114982,"Tepaea, Cook-Savage","[{""id"": ""sr:player:1402077"", ""name"": ""Nanai-Seturo, Etene"", ""type"": ""substituted_out""}, {""id"": ""sr:player:3114982"", ""name"": ""Tepaea, Cook-Savage"", ""type"": ""substituted_in""}]"
super_rugby_2026_highlanders_vs_chiefs_65866104.json,sr:sport_event:65866104,2026-02-21T06:05:00+00:00,Super Rugby,sr:competition:422,Super Rugby 2026,sr:season:137092,2026,league,regular season,2,Super Rugby Pacific 2026,Highlanders,sr:competitor:4182,HIG,Chiefs,sr:competitor:4185,CHI,Forsyth Barr Stadium,Dunedin,New Zealand,"-45.869252, 170.524323","Mabey, Angus",New Zealand,273,2276764612,ball_recycled,2026-02-21T07:38:45+00:00,72,71:55,home,Highlanders,76,20,2,,,,,,,,,,,,,,
super_rugby_2026_highlanders_vs_chiefs_65866104.json,sr:sport_event:65866104,2026-02-21T06:05:00+00:00,Super Rugby,sr:competition:422,Super Rugby 2026,sr:season:137092,2026,league,regular season,2,Super Rugby Pacific 2026,Highlanders,sr:competitor:4182,HIG,Chiefs,sr:competitor:4185,CHI,Forsyth Barr Stadium,Dunedin,New Zealand,"-45.869252, 170.524323","Mabey, Angus",New Zealand,274,2276764682,ball_kicked,2026-02-21T07:38:56+00:00,73,72:05,home,Highlanders,87,19,2,,,,,,,,,,,,,,
super_rugby_2026_highlanders_vs_chiefs_65866104.json,sr:sport_event:65866104,2026-02-21T06:05:00+00:00,Super Rugby,sr:competition:422,Super Rugby 2026,sr:season:137092,2026,league,regular season,2,Super Rugby Pacific 2026,Highlanders,sr:competitor:4182,HIG,Chiefs,sr:competitor:4185,CHI,Forsyth Barr Stadium,Dunedin,New Zealand,"-45.869252, 170.524323","Mabey, Angus",New Zealand,275,2276764836,penalty_awarded,2026-02-21T07:39:16+00:00,73,72:26,away,Chiefs,87,30,2,,,,,,,,,,,,,,
super_rugby_2026_highlanders_vs_chiefs_65866104.json,sr:sport_event:65866104,2026-02-21T06:05:00+00:00,Super Rugby,sr:competition:422,Super Rugby 2026,sr:season:137092,2026,league,regular season,2,Super Rugby Pacific 2026,Highlanders,sr:competitor:4182,HIG,Chiefs,sr:competitor:4185,CHI,Forsyth Barr Stadium,Dunedin,New Zealand,"-45.869252, 170.524323","Mabey, Angus",New Zealand,276,2276764894,kick_to_touch,2026-02-21T07:39:22+00:00,73,72:32,away,Chiefs,87,30,2,,,,,,,,,,,,,,
super_rugby_2026_highlanders_vs_chiefs_65866104.json,sr:sport_event:65866104,2026-02-21T06:05:00+00:00,Super Rugby,sr:competition:422,Super Rugby 2026,sr:season:137092,2026,league,regular season,2,Super Rugby Pacific 2026,Highlanders,sr:competitor:4182,HIG,Chiefs,sr:competitor:4185,CHI,Forsyth Barr Stadium,Dunedin,New Zealand,"-45.869252, 170.524323","Mabey, Angus",New Zealand,277,2276764906,line_out,2026-02-21T07:39:25+00:00,73,72:35,away,Chiefs,62,0,2,,,,,,,,,,,,,,
super_rugby_2026_highlanders_vs_chiefs_65866104.json,sr:sport_event:65866104,2026-02-21T06:05:00+00:00,Super Rugby,sr:competition:422,Super Rugby 2026,sr:season:137092,2026,league,regular season,2,Super Rugby Pacific 2026,Highlanders,sr:competitor:4182,HIG,Chiefs,sr:competitor:4185,CHI,Forsyth Barr Stadium,Dunedin,New Zealand,"-45.869252, 170.524323","Mabey, Angus",New Zealand,278,2276765110,line_out_won,2026-02-21T07:39:58+00:00,74,73:08,away,Chiefs,62,0,2,,,,,,,,,,,,,,
super_rugby_2026_highlanders_vs_chiefs_65866104.json,sr:sport_event:65866104,2026-02-21T06:05:00+00:00,Super Rugby,sr:competition:422,Super Rugby 2026,sr:season:137092,2026,league,regular season,2,Super Rugby Pacific 2026,Highlanders,sr:competitor:4182,HIG,Chiefs,sr:competitor:4185,CHI,Forsyth Barr Stadium,Dunedin,New Zealand,"-45.869252, 170.524323","Mabey, Angus",New Zealand,279,2276765268,ball_recycled,2026-02-21T07:40:13+00:00,74,73:23,away,Chiefs,52,40,2,,,,,,,,,,,,,,
super_rugby_2026_highlanders_vs_chiefs_65866104.json,sr:sport_event:65866104,2026-02-21T06:05:00+00:00,Super Rugby,sr:competition:422,Super Rugby 2026,sr:season:137092,2026,league,regular season,2,Super Rugby Pacific 2026,Highlanders,sr:competitor:4182,HIG,Chiefs,sr:competitor:4185,CHI,Forsyth Barr Stadium,Dunedin,New Zealand,"-45.869252, 170.524323","Mabey, Angus",New Zealand,280,2276765378,turnover,2026-02-21T07:40:27+00:00,74,73:36,home,Highlanders,40,46,2,,,,,,,,,,,,,,
super_rugby_2026_highlanders_vs_chiefs_65866104.json,sr:sport_event:65866104,2026-02-21T06:05:00+00:00,Super Rugby,sr:competition:422,Super Rugby 2026,sr:season:137092,2026,league,regular season,2,Super Rugby Pacific 2026,Highlanders,sr:competitor:4182,HIG,Chiefs,sr:competitor:4185,CHI,Forsyth Barr Stadium,Dunedin,New Zealand,"-45.869252, 170.524323","Mabey, Angus",New Zealand,281,2276765394,penalty_awarded,2026-02-21T07:40:29+00:00,74,73:39,home,Highlanders,40,46,2,,,,,,,,,,,,,,
super_rugby_2026_highlanders_vs_chiefs_65866104.json,sr:sport_event:65866104,2026-02-21T06:05:00+00:00,Super Rugby,sr:competition:422,Super Rugby 2026,sr:season:137092,2026,league,regular season,2,Super Rugby Pacific 2026,Highlanders,sr:competitor:4182,HIG,Chiefs,sr:competitor:4185,CHI,Forsyth Barr Stadium,Dunedin,New Zealand,"-45.869252, 170.524323","Mabey, Angus",New Zealand,282,2276765578,kick_to_touch,2026-02-21T07:40:46+00:00,74,73:55,home,Highlanders,40,46,2,,,,,,,,,,,,,,
super_rugby_2026_highlanders_vs_chiefs_65866104.json,sr:sport_event:65866104,2026-02-21T06:05:00+00:00,Super Rugby,sr:competition:422,Super Rugby 2026,sr:season:137092,2026,league,regular season,2,Super Rugby Pacific 2026,Highlanders,sr:competitor:4182,HIG,Chiefs,sr:competitor:4185,CHI,Forsyth Barr Stadium,Dunedin,New Zealand,"-45.869252, 170.524323","Mabey, Angus",New Zealand,283,2276765598,line_out,2026-02-21T07:40:49+00:00,74,73:58,home,Highlanders,85,72,2,,,,,,,,,,,,,,
super_rugby_2026_highlanders_vs_chiefs_65866104.json,sr:sport_event:65866104,2026-02-21T06:05:00+00:00,Super Rugby,sr:competition:422,Super Rugby 2026,sr:season:137092,2026,league,regular season,2,Super Rugby Pacific 2026,Highlanders,sr:competitor:4182,HIG,Chiefs,sr:competitor:4185,CHI,Forsyth Barr Stadium,Dunedin,New Zealand,"-45.869252, 170.524323","Mabey, Angus",New Zealand,284,2276765706,line_out_won,2026-02-21T07:41:05+00:00,75,74:14,home,Highlanders,85,72,2,,,,,,,,,,,,,,
super_rugby_2026_highlanders_vs_chiefs_65866104.json,sr:sport_event:65866104,2026-02-21T06:05:00+00:00,Super Rugby,sr:competition:422,Super Rugby 2026,sr:season:137092,2026,league,regular season,2,Super Rugby Pacific 2026,Highlanders,sr:competitor:4182,HIG,Chiefs,sr:competitor:4185,CHI,Forsyth Barr Stadium,Dunedin,New Zealand,"-45.869252, 170.524323","Mabey, Angus",New Zealand,285,2276765720,ball_recycled,2026-02-21T07:41:08+00:00,75,74:17,home,Highlanders,85,45,2,,,,,,,,,,,,,,
super_rugby_2026_highlanders_vs_chiefs_65866104.json,sr:sport_event:65866104,2026-02-21T06:05:00+00:00,Super Rugby,sr:competition:422,Super Rugby 2026,sr:season:137092,2026,league,regular season,2,Super Rugby Pacific 2026,Highlanders,sr:competitor:4182,HIG,Chiefs,sr:competitor:4185,CHI,Forsyth Barr Stadium,Dunedin,New Zealand,"-45.869252, 170.524323","Mabey, Angus",New Zealand,286,2276765766,ball_recycled,2026-02-21T07:41:15+00:00,75,74:25,home,Highlanders,80,35,2,,,,,,,,,,,,,,
super_rugby_2026_highlanders_vs_chiefs_65866104.json,sr:sport_event:65866104,2026-02-21T06:05:00+00:00,Super Rugby,sr:competition:422,Super Rugby 2026,sr:season:137092,2026,league,regular season,2,Super Rugby Pacific 2026,Highlanders,sr:competitor:4182,HIG,Chiefs,sr:competitor:4185,CHI,Forsyth Barr Stadium,Dunedin,New Zealand,"-45.869252, 170.524323","Mabey, Angus",New Zealand,287,2276765814,ball_recycled,2026-02-21T07:41:20+00:00,75,74:30,home,Highlanders,81,26,2,,,,,,,,,,,,,,
super_rugby_2026_highlanders_vs_chiefs_65866104.json,sr:sport_event:65866104,2026-02-21T06:05:00+00:00,Super Rugby,sr:competition:422,Super Rugby 2026,sr:season:137092,2026,league,regular season,2,Super Rugby Pacific 2026,Highlanders,sr:competitor:4182,HIG,Chiefs,sr:competitor:4185,CHI,Forsyth Barr Stadium,Dunedin,New Zealand,"-45.869252, 170.524323","Mabey, Angus",New Zealand,288,2276765878,ball_recycled,2026-02-21T07:41:27+00:00,75,74:37,home,Highlanders,83,28,2,,,,,,,,,,,,,,
super_rugby_2026_highlanders_vs_chiefs_65866104.json,sr:sport_event:65866104,2026-02-21T06:05:00+00:00,Super Rugby,sr:competition:422,Super Rugby 2026,sr:season:137092,2026,league,regular season,2,Super Rugby Pacific 2026,Highlanders,sr:competitor:4182,HIG,Chiefs,sr:competitor:4185,CHI,Forsyth Barr Stadium,Dunedin,New Zealand,"-45.869252, 170.524323","Mabey, Angus",New Zealand,289,2276765920,ball_recycled,2026-02-21T07:41:32+00:00,75,74:41,home,Highlanders,79,37,2,,,,,,,,,,,,,,
super_rugby_2026_highlanders_vs_chiefs_65866104.json,sr:sport_event:65866104,2026-02-21T06:05:00+00:00,Super Rugby,sr:competition:422,Super Rugby 2026,sr:season:137092,2026,league,regular season,2,Super Rugby Pacific 2026,Highlanders,sr:competitor:4182,HIG,Chiefs,sr:competitor:4185,CHI,Forsyth Barr Stadium,Dunedin,New Zealand,"-45.869252, 170.524323","Mabey, Angus",New Zealand,290,2276765966,ball_recycled,2026-02-21T07:41:39+00:00,75,74:49,home,Highlanders,79,47,2,,,,,,,,,,,,,,
super_rugby_2026_highlanders_vs_chiefs_65866104.json,sr:sport_event:65866104,2026-02-21T06:05:00+00:00,Super Rugby,sr:competition:422,Super Rugby 2026,sr:season:137092,2026,league,regular season,2,Super Rugby Pacific 2026,Highlanders,sr:competitor:4182,HIG,Chiefs,sr:competitor:4185,CHI,Forsyth Barr Stadium,Dunedin,New Zealand,"-45.869252, 170.524323","Mabey, Angus",New Zealand,291,2276766004,turnover,2026-02-21T07:41:44+00:00,75,74:54,away,Chiefs,77,48,2,,,,,,,,,,,,,,
super_rugby_2026_highlanders_vs_chiefs_65866104.json,sr:sport_event:65866104,2026-02-21T06:05:00+00:00,Super Rugby,sr:competition:422,Super Rugby 2026,sr:season:137092,2026,league,regular season,2,Super Rugby Pacific 2026,Highlanders,sr:competitor:4182,HIG,Chiefs,sr:competitor:4185,CHI,Forsyth Barr Stadium,Dunedin,New Zealand,"-45.869252, 170.524323","Mabey, Angus",New Zealand,292,2276766034,ball_recycled,2026-02-21T07:41:47+00:00,75,74:56,away,Chiefs,83,37,2,,,,,,,,,,,,,,
super_rugby_2026_highlanders_vs_chiefs_65866104.json,sr:sport_event:65866104,2026-02-21T06:05:00+00:00,Super Rugby,sr:competition:422,Super Rugby 2026,sr:season:137092,2026,league,regular season,2,Super Rugby Pacific 2026,Highlanders,sr:competitor:4182,HIG,Chiefs,sr:competitor:4185,CHI,Forsyth Barr Stadium,Dunedin,New Zealand,"-45.869252, 170.524323","Mabey, Angus",New Zealand,293,2276766196,ball_kicked,2026-02-21T07:41:51+00:00,75,75:00,away,Chiefs,54,31,2,,,,,,,,,,,,,,
super_rugby_2026_highlanders_vs_chiefs_65866104.json,sr:sport_event:65866104,2026-02-21T06:05:00+00:00,Super Rugby,sr:competition:422,Super Rugby 2026,sr:season:137092,2026,league,regular season,2,Super Rugby Pacific 2026,Highlanders,sr:competitor:4182,HIG,Chiefs,sr:competitor:4185,CHI,Forsyth Barr Stadium,Dunedin,New Zealand,"-45.869252, 170.524323","Mabey, Angus",New Zealand,294,2276766316,score_change,2026-02-21T07:42:05+00:00,76,75:15,home,Highlanders,110,9,2,,,18,26,try,,,sr:player:2525355,"Tangitau, Caleb",,,,,"[{""id"": ""sr:player:2525355"", ""name"": ""Tangitau, Caleb"", ""type"": ""scorer""}]"
super_rugby_2026_highlanders_vs_chiefs_65866104.json,sr:sport_event:65866104,2026-02-21T06:05:00+00:00,Super Rugby,sr:competition:422,Super Rugby 2026,sr:season:137092,2026,league,regular season,2,Super Rugby Pacific 2026,Highlanders,sr:competitor:4182,HIG,Chiefs,sr:competitor:4185,CHI,Forsyth Barr Stadium,Dunedin,New Zealand,"-45.869252, 170.524323","Mabey, Angus",New Zealand,295,2276766770,substitution,2026-02-21T07:43:05+00:00,77,76:13,home,Highlanders,,,2,,,,,,,,,,sr:player:2533497,"Millar, Cameron",sr:player:2017935,"Pasitoa, Reesjan","[{""id"": ""sr:player:2533497"", ""name"": ""Millar, Cameron"", ""type"": ""substituted_out""}, {""id"": ""sr:player:2017935"", ""name"": ""Pasitoa, Reesjan"", ""type"": ""substituted_in""}]"
super_rugby_2026_highlanders_vs_chiefs_65866104.json,sr:sport_event:65866104,2026-02-21T06:05:00+00:00,Super Rugby,sr:competition:422,Super Rugby 2026,sr:season:137092,2026,league,regular season,2,Super Rugby Pacific 2026,Highlanders,sr:competitor:4182,HIG,Chiefs,sr:competitor:4185,CHI,Forsyth Barr Stadium,Dunedin,New Zealand,"-45.869252, 170.524323","Mabey, Angus",New Zealand,296,2276767054,ball_kicked,2026-02-21T07:43:43+00:00,77,76:53,away,Chiefs,34,51,2,,,,,,,,,,,,,,
super_rugby_2026_highlanders_vs_chiefs_65866104.json,sr:sport_event:65866104,2026-02-21T06:05:00+00:00,Super Rugby,sr:competition:422,Super Rugby 2026,sr:season:137092,2026,league,regular season,2,Super Rugby Pacific 2026,Highlanders,sr:competitor:4182,HIG,Chiefs,sr:competitor:4185,CHI,Forsyth Barr Stadium,Dunedin,New Zealand,"-45.869252, 170.524323","Mabey, Angus",New Zealand,297,2276767084,ball_recycled,2026-02-21T07:43:47+00:00,77,76:57,home,Highlanders,31,53,2,,,,,,,,,,,,,,
super_rugby_2026_highlanders_vs_chiefs_65866104.json,sr:sport_event:65866104,2026-02-21T06:05:00+00:00,Super Rugby,sr:competition:422,Super Rugby 2026,sr:season:137092,2026,league,regular season,2,Super Rugby Pacific 2026,Highlanders,sr:competitor:4182,HIG,Chiefs,sr:competitor:4185,CHI,Forsyth Barr Stadium,Dunedin,New Zealand,"-45.869252, 170.524323","Mabey, Angus",New Zealand,298,2276767216,ball_recycled,2026-02-21T07:44:04+00:00,78,77:13,home,Highlanders,37,12,2,,,,,,,,,,,,,,
super_rugby_2026_highlanders_vs_chiefs_65866104.json,sr:sport_event:65866104,2026-02-21T06:05:00+00:00,Super Rugby,sr:competition:422,Super Rugby 2026,sr:season:137092,2026,league,regular season,2,Super Rugby Pacific 2026,Highlanders,sr:competitor:4182,HIG,Chiefs,sr:competitor:4185,CHI,Forsyth Barr Stadium,Dunedin,New Zealand,"-45.869252, 170.524323","Mabey, Angus",New Zealand,299,2276767342,ball_kicked,2026-02-21T07:44:20+00:00,78,77:30,home,Highlanders,46,19,2,,,,,,,,,,,,,,
super_rugby_2026_highlanders_vs_chiefs_65866104.json,sr:sport_event:65866104,2026-02-21T06:05:00+00:00,Super Rugby,sr:competition:422,Super Rugby 2026,sr:season:137092,2026,league,regular season,2,Super Rugby Pacific 2026,Highlanders,sr:competitor:4182,HIG,Chiefs,sr:competitor:4185,CHI,Forsyth Barr Stadium,Dunedin,New Zealand,"-45.869252, 170.524323","Mabey, Angus",New Zealand,300,2276767436,ball_recycled,2026-02-21T07:44:34+00:00,78,77:43,away,Chiefs,42,30,2,,,,,,,,,,,,,,
super_rugby_2026_highlanders_vs_chiefs_65866104.json,sr:sport_event:65866104,2026-02-21T06:05:00+00:00,Super Rugby,sr:competition:422,Super Rugby 2026,sr:season:137092,2026,league,regular season,2,Super Rugby Pacific 2026,Highlanders,sr:competitor:4182,HIG,Chiefs,sr:competitor:4185,CHI,Forsyth Barr Stadium,Dunedin,New Zealand,"-45.869252, 170.524323","Mabey, Angus",New Zealand,301,2276767554,ball_recycled,2026-02-21T07:44:50+00:00,78,78:00,away,Chiefs,46,31,2,,,,,,,,,,,,,,
super_rugby_2026_highlanders_vs_chiefs_65866104.json,sr:sport_event:65866104,2026-02-21T06:05:00+00:00,Super Rugby,sr:competition:422,Super Rugby 2026,sr:season:137092,2026,league,regular season,2,Super Rugby Pacific 2026,Highlanders,sr:competitor:4182,HIG,Chiefs,sr:competitor:4185,CHI,Forsyth Barr Stadium,Dunedin,New Zealand,"-45.869252, 170.524323","Mabey, Angus",New Zealand,302,2276767576,ball_recycled,2026-02-21T07:44:55+00:00,79,78:05,away,Chiefs,43,21,2,,,,,,,,,,,,,,
super_rugby_2026_highlanders_vs_chiefs_65866104.json,sr:sport_event:65866104,2026-02-21T06:05:00+00:00,Super Rugby,sr:competition:422,Super Rugby 2026,sr:season:137092,2026,league,regular season,2,Super Rugby Pacific 2026,Highlanders,sr:competitor:4182,HIG,Chiefs,sr:competitor:4185,CHI,Forsyth Barr Stadium,Dunedin,New Zealand,"-45.869252, 170.524323","Mabey, Angus",New Zealand,303,2276767678,ball_recycled,2026-02-21T07:45:10+00:00,79,78:20,away,Chiefs,39,26,2,,,,,,,,,,,,,,
super_rugby_2026_highlanders_vs_chiefs_65866104.json,sr:sport_event:65866104,2026-02-21T06:05:00+00:00,Super Rugby,sr:competition:422,Super Rugby 2026,sr:season:137092,2026,league,regular season,2,Super Rugby Pacific 2026,Highlanders,sr:competitor:4182,HIG,Chiefs,sr:competitor:4185,CHI,Forsyth Barr Stadium,Dunedin,New Zealand,"-45.869252, 170.524323","Mabey, Angus",New Zealand,304,2276767800,ball_kicked,2026-02-21T07:45:24+00:00,79,78:34,away,Chiefs,26,18,2,,,,,,,,,,,,,,
super_rugby_2026_highlanders_vs_chiefs_65866104.json,sr:sport_event:65866104,2026-02-21T06:05:00+00:00,Super Rugby,sr:competition:422,Super Rugby 2026,sr:season:137092,2026,league,regular season,2,Super Rugby Pacific 2026,Highlanders,sr:competitor:4182,HIG,Chiefs,sr:competitor:4185,CHI,Forsyth Barr Stadium,Dunedin,New Zealand,"-45.869252, 170.524323","Mabey, Angus",New Zealand,305,2276767930,ball_recycled,2026-02-21T07:45:33+00:00,79,78:43,away,Chiefs,25,12,2,,,,,,,,,,,,,,
super_rugby_2026_highlanders_vs_chiefs_65866104.json,sr:sport_event:65866104,2026-02-21T06:05:00+00:00,Super Rugby,sr:competition:422,Super Rugby 2026,sr:season:137092,2026,league,regular season,2,Super Rugby Pacific 2026,Highlanders,sr:competitor:4182,HIG,Chiefs,sr:competitor:4185,CHI,Forsyth Barr Stadium,Dunedin,New Zealand,"-45.869252, 170.524323","Mabey, Angus",New Zealand,306,2276767954,ball_recycled,2026-02-21T07:45:37+00:00,79,78:47,away,Chiefs,22,16,2,,,,,,,,,,,,,,
super_rugby_2026_highlanders_vs_chiefs_65866104.json,sr:sport_event:65866104,2026-02-21T06:05:00+00:00,Super Rugby,sr:competition:422,Super Rugby 2026,sr:season:137092,2026,league,regular season,2,Super Rugby Pacific 2026,Highlanders,sr:competitor:4182,HIG,Chiefs,sr:competitor:4185,CHI,Forsyth Barr Stadium,Dunedin,New Zealand,"-45.869252, 170.524323","Mabey, Angus",New Zealand,307,2276768062,turnover,2026-02-21T07:45:46+00:00,79,78:55,home,Highlanders,11,29,2,,,,,,,,,,,,,,
super_rugby_2026_highlanders_vs_chiefs_65866104.json,sr:sport_event:65866104,2026-02-21T06:05:00+00:00,Super Rugby,sr:competition:422,Super Rugby 2026,sr:season:137092,2026,league,regular season,2,Super Rugby Pacific 2026,Highlanders,sr:competitor:4182,HIG,Chiefs,sr:competitor:4185,CHI,Forsyth Barr Stadium,Dunedin,New Zealand,"-45.869252, 170.524323","Mabey, Angus",New Zealand,308,2276768126,tap_and_go,2026-02-21T07:45:55+00:00,80,79:05,home,Highlanders,15,30,2,,,,,,,,,,,,,,
super_rugby_2026_highlanders_vs_chiefs_65866104.json,sr:sport_event:65866104,2026-02-21T06:05:00+00:00,Super Rugby,sr:competition:422,Super Rugby 2026,sr:season:137092,2026,league,regular season,2,Super Rugby Pacific 2026,Highlanders,sr:competitor:4182,HIG,Chiefs,sr:competitor:4185,CHI,Forsyth Barr Stadium,Dunedin,New Zealand,"-45.869252, 170.524323","Mabey, Angus",New Zealand,309,2276768484,turnover,2026-02-21T07:46:01+00:00,80,79:11,away,Chiefs,52,8,2,,,,,,,,,,,,,,
super_rugby_2026_highlanders_vs_chiefs_65866104.json,sr:sport_event:65866104,2026-02-21T06:05:00+00:00,Super Rugby,sr:competition:422,Super Rugby 2026,sr:season:137092,2026,league,regular season,2,Super Rugby Pacific 2026,Highlanders,sr:competitor:4182,HIG,Chiefs,sr:competitor:4185,CHI,Forsyth Barr Stadium,Dunedin,New Zealand,"-45.869252, 170.524323","Mabey, Angus",New Zealand,310,2276768768,turnover,2026-02-21T07:46:11+00:00,80,79:21,home,Highlanders,52,19,2,,,,,,,,,,,,,,
super_rugby_2026_highlanders_vs_chiefs_65866104.json,sr:sport_event:65866104,2026-02-21T06:05:00+00:00,Super Rugby,sr:competition:422,Super Rugby 2026,sr:season:137092,2026,league,regular season,2,Super Rugby Pacific 2026,Highlanders,sr:competitor:4182,HIG,Chiefs,sr:competitor:4185,CHI,Forsyth Barr Stadium,Dunedin,New Zealand,"-45.869252, 170.524323","Mabey, Angus",New Zealand,311,2276768800,penalty_awarded,2026-02-21T07:46:15+00:00,80,79:25,home,Highlanders,52,18,2,,,,,,,,,,,,,,
super_rugby_2026_highlanders_vs_chiefs_65866104.json,sr:sport_event:65866104,2026-02-21T06:05:00+00:00,Super Rugby,sr:competition:422,Super Rugby 2026,sr:season:137092,2026,league,regular season,2,Super Rugby Pacific 2026,Highlanders,sr:competitor:4182,HIG,Chiefs,sr:competitor:4185,CHI,Forsyth Barr Stadium,Dunedin,New Zealand,"-45.869252, 170.524323","Mabey, Angus",New Zealand,312,2276768952,kick_to_touch,2026-02-21T07:46:30+00:00,80,79:40,home,Highlanders,52,18,2,,,,,,,,,,,,,,
super_rugby_2026_highlanders_vs_chiefs_65866104.json,sr:sport_event:65866104,2026-02-21T06:05:00+00:00,Super Rugby,sr:competition:422,Super Rugby 2026,sr:season:137092,2026,league,regular season,2,Super Rugby Pacific 2026,Highlanders,sr:competitor:4182,HIG,Chiefs,sr:competitor:4185,CHI,Forsyth Barr Stadium,Dunedin,New Zealand,"-45.869252, 170.524323","Mabey, Angus",New Zealand,313,2276768982,line_out,2026-02-21T07:46:33+00:00,80,79:42,home,Highlanders,96,-2,2,,,,,,,,,,,,,,
super_rugby_2026_highlanders_vs_chiefs_65866104.json,sr:sport_event:65866104,2026-02-21T06:05:00+00:00,Super Rugby,sr:competition:422,Super Rugby 2026,sr:season:137092,2026,league,regular season,2,Super Rugby Pacific 2026,Highlanders,sr:competitor:4182,HIG,Chiefs,sr:competitor:4185,CHI,Forsyth Barr Stadium,Dunedin,New Zealand,"-45.869252, 170.524323","Mabey, Angus",New Zealand,314,2276769390,penalty_awarded,2026-02-21T07:47:15+00:00,80,79:51,home,Highlanders,91,15,2,,,,,,,,,,,,,,
super_rugby_2026_highlanders_vs_chiefs_65866104.json,sr:sport_event:65866104,2026-02-21T06:05:00+00:00,Super Rugby,sr:competition:422,Super Rugby 2026,sr:season:137092,2026,league,regular season,2,Super Rugby Pacific 2026,Highlanders,sr:competitor:4182,HIG,Chiefs,sr:competitor:4185,CHI,Forsyth Barr Stadium,Dunedin,New Zealand,"-45.869252, 170.524323","Mabey, Angus",New Zealand,315,2276769694,yellow_card,2026-02-21T07:47:48+00:00,80,79:51,away,Chiefs,,,2,,,,,,sr:player:879150,"O'Neill, Reuben",,,,,,,
super_rugby_2026_highlanders_vs_chiefs_65866104.json,sr:sport_event:65866104,2026-02-21T06:05:00+00:00,Super Rugby,sr:competition:422,Super Rugby 2026,sr:season:137092,2026,league,regular season,2,Super Rugby Pacific 2026,Highlanders,sr:competitor:4182,HIG,Chiefs,sr:competitor:4185,CHI,Forsyth Barr Stadium,Dunedin,New Zealand,"-45.869252, 170.524323","Mabey, Angus",New Zealand,316,2276770060,kick_to_touch,2026-02-21T07:48:33+00:00,80,79:52,home,Highlanders,91,15,2,,,,,,,,,,,,,,
super_rugby_2026_highlanders_vs_chiefs_65866104.json,sr:sport_event:65866104,2026-02-21T06:05:00+00:00,Super Rugby,sr:competition:422,Super Rugby 2026,sr:season:137092,2026,league,regular season,2,Super Rugby Pacific 2026,Highlanders,sr:competitor:4182,HIG,Chiefs,sr:competitor:4185,CHI,Forsyth Barr Stadium,Dunedin,New Zealand,"-45.869252, 170.524323","Mabey, Angus",New Zealand,317,2276770210,ball_recycled,2026-02-21T07:48:53+00:00,80,80:00,home,Highlanders,91,29,2,,,,,,,,,,,,,,
super_rugby_2026_highlanders_vs_chiefs_65866104.json,sr:sport_event:65866104,2026-02-21T06:05:00+00:00,Super Rugby,sr:competition:422,Super Rugby 2026,sr:season:137092,2026,league,regular season,2,Super Rugby Pacific 2026,Highlanders,sr:competitor:4182,HIG,Chiefs,sr:competitor:4185,CHI,Forsyth Barr Stadium,Dunedin,New Zealand,"-45.869252, 170.524323","Mabey, Angus",New Zealand,318,2276770274,ball_recycled,2026-02-21T07:49:08+00:00,80,80:00,home,Highlanders,93,49,2,,,,,,,,,,,,,,
super_rugby_2026_highlanders_vs_chiefs_65866104.json,sr:sport_event:65866104,2026-02-21T06:05:00+00:00,Super Rugby,sr:competition:422,Super Rugby 2026,sr:season:137092,2026,league,regular season,2,Super Rugby Pacific 2026,Highlanders,sr:competitor:4182,HIG,Chiefs,sr:competitor:4185,CHI,Forsyth Barr Stadium,Dunedin,New Zealand,"-45.869252, 170.524323","Mabey, Angus",New Zealand,319,2276770306,ball_recycled,2026-02-21T07:49:15+00:00,80,80:00,home,Highlanders,92,34,2,,,,,,,,,,,,,,
super_rugby_2026_highlanders_vs_chiefs_65866104.json,sr:sport_event:65866104,2026-02-21T06:05:00+00:00,Super Rugby,sr:competition:422,Super Rugby 2026,sr:season:137092,2026,league,regular season,2,Super Rugby Pacific 2026,Highlanders,sr:competitor:4182,HIG,Chiefs,sr:competitor:4185,CHI,Forsyth Barr Stadium,Dunedin,New Zealand,"-45.869252, 170.524323","Mabey, Angus",New Zealand,320,2276770632,score_change,2026-02-21T07:49:50+00:00,80,80:00,home,Highlanders,106,52,2,,,23,26,try,,,sr:player:2771885,"Lasaqa, Veveni",,,,,"[{""id"": ""sr:player:2771885"", ""name"": ""Lasaqa, Veveni"", ""type"": ""scorer""}]"
super_rugby_2026_highlanders_vs_chiefs_65866104.json,sr:sport_event:65866104,2026-02-21T06:05:00+00:00,Super Rugby,sr:competition:422,Super Rugby 2026,sr:season:137092,2026,league,regular season,2,Super Rugby Pacific 2026,Highlanders,sr:competitor:4182,HIG,Chiefs,sr:competitor:4185,CHI,Forsyth Barr Stadium,Dunedin,New Zealand,"-45.869252, 170.524323","Mabey, Angus",New Zealand,321,2276771292,match_ended,2026-02-21T07:51:04+00:00,,80:00,,,,,,,,,,,,,,,,,,,
