source_json,match_id,match_start_time,competition,competition_id,season,season_id,season_year,stage_type,stage_phase,round,group,home_team,home_team_id,home_abbreviation,away_team,away_team_id,away_abbreviation,venue,venue_city,venue_country,venue_map_coordinates,referee,referee_nationality,event_order,event_id,event_type,event_timestamp,match_time_minute,match_clock,competitor,team,x,y,period,period_name,break_name,home_score,away_score,method,player_id,player_name,scorer_id,scorer_name,substituted_out_id,substituted_out_name,substituted_in_id,substituted_in_name,players_json
super_rugby_2026_waratahs_vs_fijian_drua_65866102.json,sr:sport_event:65866102,2026-02-20T08:35:00+00:00,Super Rugby,sr:competition:422,Super Rugby 2026,sr:season:137092,2026,league,regular season,2,Super Rugby Pacific 2026,Waratahs,sr:competitor:4186,WAR,Fijian Drua,sr:competitor:364712,FID,Allianz Stadium,Sydney,Australia,"-33.889167, 151.225278","Berry, Nic",Australia,1,2275814858,match_started,2026-02-20T08:35:49+00:00,,,,,,,,,,,,,,,,,,,,,
super_rugby_2026_waratahs_vs_fijian_drua_65866102.json,sr:sport_event:65866102,2026-02-20T08:35:00+00:00,Super Rugby,sr:competition:422,Super Rugby 2026,sr:season:137092,2026,league,regular season,2,Super Rugby Pacific 2026,Waratahs,sr:competitor:4186,WAR,Fijian Drua,sr:competitor:364712,FID,Allianz Stadium,Sydney,Australia,"-33.889167, 151.225278","Berry, Nic",Australia,2,2275814856,period_start,2026-02-20T08:35:49+00:00,,,,,,,1,1st_half,,,,,,,,,,,,,
super_rugby_2026_waratahs_vs_fijian_drua_65866102.json,sr:sport_event:65866102,2026-02-20T08:35:00+00:00,Super Rugby,sr:competition:422,Super Rugby 2026,sr:season:137092,2026,league,regular season,2,Super Rugby Pacific 2026,Waratahs,sr:competitor:4186,WAR,Fijian Drua,sr:competitor:364712,FID,Allianz Stadium,Sydney,Australia,"-33.889167, 151.225278","Berry, Nic",Australia,3,2275814886,ball_kicked,2026-02-20T08:35:53+00:00,1,0:04,home,Waratahs,77,50,1,,,,,,,,,,,,,,
super_rugby_2026_waratahs_vs_fijian_drua_65866102.json,sr:sport_event:65866102,2026-02-20T08:35:00+00:00,Super Rugby,sr:competition:422,Super Rugby 2026,sr:season:137092,2026,league,regular season,2,Super Rugby Pacific 2026,Waratahs,sr:competitor:4186,WAR,Fijian Drua,sr:competitor:364712,FID,Allianz Stadium,Sydney,Australia,"-33.889167, 151.225278","Berry, Nic",Australia,4,2275815036,ball_kicked,2026-02-20T08:36:16+00:00,1,0:28,away,Fijian Drua,58,32,1,,,,,,,,,,,,,,
super_rugby_2026_waratahs_vs_fijian_drua_65866102.json,sr:sport_event:65866102,2026-02-20T08:35:00+00:00,Super Rugby,sr:competition:422,Super Rugby 2026,sr:season:137092,2026,league,regular season,2,Super Rugby Pacific 2026,Waratahs,sr:competitor:4186,WAR,Fijian Drua,sr:competitor:364712,FID,Allianz Stadium,Sydney,Australia,"-33.889167, 151.225278","Berry, Nic",Australia,5,2275815314,ball_recycled,2026-02-20T08:36:30+00:00,1,0:41,home,Waratahs,59,20,1,,,,,,,,,,,,,,
super_rugby_2026_waratahs_vs_fijian_drua_65866102.json,sr:sport_event:65866102,2026-02-20T08:35:00+00:00,Super Rugby,sr:competition:422,Super Rugby 2026,sr:season:137092,2026,league,regular season,2,Super Rugby Pacific 2026,Waratahs,sr:competitor:4186,WAR,Fijian Drua,sr:competitor:364712,FID,Allianz Stadium,Sydney,Australia,"-33.889167, 151.225278","Berry, Nic",Australia,6,2275815626,ball_recycled,2026-02-20T08:36:46+00:00,1,0:57,home,Waratahs,55,49,1,,,,,,,,,,,,,,
super_rugby_2026_waratahs_vs_fijian_drua_65866102.json,sr:sport_event:65866102,2026-02-20T08:35:00+00:00,Super Rugby,sr:competition:422,Super Rugby 2026,sr:season:137092,2026,league,regular season,2,Super Rugby Pacific 2026,Waratahs,sr:competitor:4186,WAR,Fijian Drua,sr:competitor:364712,FID,Allianz Stadium,Sydney,Australia,"-33.889167, 151.225278","Berry, Nic",Australia,7,2275815890,turnover,2026-02-20T08:37:00+00:00,2,1:11,away,Fijian Drua,55,30,1,,,,,,,,,,,,,,
super_rugby_2026_waratahs_vs_fijian_drua_65866102.json,sr:sport_event:65866102,2026-02-20T08:35:00+00:00,Super Rugby,sr:competition:422,Super Rugby 2026,sr:season:137092,2026,league,regular season,2,Super Rugby Pacific 2026,Waratahs,sr:competitor:4186,WAR,Fijian Drua,sr:competitor:364712,FID,Allianz Stadium,Sydney,Australia,"-33.889167, 151.225278","Berry, Nic",Australia,8,2275815924,scrum,2026-02-20T08:37:05+00:00,2,1:15,away,Fijian Drua,58,31,1,,,,,,,,,,,,,,
super_rugby_2026_waratahs_vs_fijian_drua_65866102.json,sr:sport_event:65866102,2026-02-20T08:35:00+00:00,Super Rugby,sr:competition:422,Super Rugby 2026,sr:season:137092,2026,league,regular season,2,Super Rugby Pacific 2026,Waratahs,sr:competitor:4186,WAR,Fijian Drua,sr:competitor:364712,FID,Allianz Stadium,Sydney,Australia,"-33.889167, 151.225278","Berry, Nic",Australia,9,2275816818,scrum_reset,2026-02-20T08:38:02+00:00,3,2:11,away,Fijian Drua,58,31,1,,,,,,,,,,,,,,
super_rugby_2026_waratahs_vs_fijian_drua_65866102.json,sr:sport_event:65866102,2026-02-20T08:35:00+00:00,Super Rugby,sr:competition:422,Super Rugby 2026,sr:season:137092,2026,league,regular season,2,Super Rugby Pacific 2026,Waratahs,sr:competitor:4186,WAR,Fijian Drua,sr:competitor:364712,FID,Allianz Stadium,Sydney,Australia,"-33.889167, 151.225278","Berry, Nic",Australia,10,2275817686,scrum_won,2026-02-20T08:38:46+00:00,3,2:57,away,Fijian Drua,58,31,1,,,,,,,,,,,,,,
super_rugby_2026_waratahs_vs_fijian_drua_65866102.json,sr:sport_event:65866102,2026-02-20T08:35:00+00:00,Super Rugby,sr:competition:422,Super Rugby 2026,sr:season:137092,2026,league,regular season,2,Super Rugby Pacific 2026,Waratahs,sr:competitor:4186,WAR,Fijian Drua,sr:competitor:364712,FID,Allianz Stadium,Sydney,Australia,"-33.889167, 151.225278","Berry, Nic",Australia,11,2275817912,ball_recycled,2026-02-20T08:38:52+00:00,4,3:02,away,Fijian Drua,44,55,1,,,,,,,,,,,,,,
super_rugby_2026_waratahs_vs_fijian_drua_65866102.json,sr:sport_event:65866102,2026-02-20T08:35:00+00:00,Super Rugby,sr:competition:422,Super Rugby 2026,sr:season:137092,2026,league,regular season,2,Super Rugby Pacific 2026,Waratahs,sr:competitor:4186,WAR,Fijian Drua,sr:competitor:364712,FID,Allianz Stadium,Sydney,Australia,"-33.889167, 151.225278","Berry, Nic",Australia,12,2275817978,ball_recycled,2026-02-20T08:39:02+00:00,4,3:11,away,Fijian Drua,44,49,1,,,,,,,,,,,,,,
super_rugby_2026_waratahs_vs_fijian_drua_65866102.json,sr:sport_event:65866102,2026-02-20T08:35:00+00:00,Super Rugby,sr:competition:422,Super Rugby 2026,sr:season:137092,2026,league,regular season,2,Super Rugby Pacific 2026,Waratahs,sr:competitor:4186,WAR,Fijian Drua,sr:competitor:364712,FID,Allianz Stadium,Sydney,Australia,"-33.889167, 151.225278","Berry, Nic",Australia,13,2275818354,ball_recycled,2026-02-20T08:39:23+00:00,4,3:34,away,Fijian Drua,40,20,1,,,,,,,,,,,,,,
super_rugby_2026_waratahs_vs_fijian_drua_65866102.json,sr:sport_event:65866102,2026-02-20T08:35:00+00:00,Super Rugby,sr:competition:422,Super Rugby 2026,sr:season:137092,2026,league,regular season,2,Super Rugby Pacific 2026,Waratahs,sr:competitor:4186,WAR,Fijian Drua,sr:competitor:364712,FID,Allianz Stadium,Sydney,Australia,"-33.889167, 151.225278","Berry, Nic",Australia,14,2275818600,ball_recycled,2026-02-20T08:39:34+00:00,4,3:44,away,Fijian Drua,37,32,1,,,,,,,,,,,,,,
super_rugby_2026_waratahs_vs_fijian_drua_65866102.json,sr:sport_event:65866102,2026-02-20T08:35:00+00:00,Super Rugby,sr:competition:422,Super Rugby 2026,sr:season:137092,2026,league,regular season,2,Super Rugby Pacific 2026,Waratahs,sr:competitor:4186,WAR,Fijian Drua,sr:competitor:364712,FID,Allianz Stadium,Sydney,Australia,"-33.889167, 151.225278","Berry, Nic",Australia,15,2275818696,turnover,2026-02-20T08:39:49+00:00,4,3:59,home,Waratahs,39,16,1,,,,,,,,,,,,,,
super_rugby_2026_waratahs_vs_fijian_drua_65866102.json,sr:sport_event:65866102,2026-02-20T08:35:00+00:00,Super Rugby,sr:competition:422,Super Rugby 2026,sr:season:137092,2026,league,regular season,2,Super Rugby Pacific 2026,Waratahs,sr:competitor:4186,WAR,Fijian Drua,sr:competitor:364712,FID,Allianz Stadium,Sydney,Australia,"-33.889167, 151.225278","Berry, Nic",Australia,16,2275818712,turnover,2026-02-20T08:39:53+00:00,5,4:03,away,Fijian Drua,48,39,1,,,,,,,,,,,,,,
super_rugby_2026_waratahs_vs_fijian_drua_65866102.json,sr:sport_event:65866102,2026-02-20T08:35:00+00:00,Super Rugby,sr:competition:422,Super Rugby 2026,sr:season:137092,2026,league,regular season,2,Super Rugby Pacific 2026,Waratahs,sr:competitor:4186,WAR,Fijian Drua,sr:competitor:364712,FID,Allianz Stadium,Sydney,Australia,"-33.889167, 151.225278","Berry, Nic",Australia,17,2275818988,ball_recycled,2026-02-20T08:40:04+00:00,5,4:14,away,Fijian Drua,47,51,1,,,,,,,,,,,,,,
super_rugby_2026_waratahs_vs_fijian_drua_65866102.json,sr:sport_event:65866102,2026-02-20T08:35:00+00:00,Super Rugby,sr:competition:422,Super Rugby 2026,sr:season:137092,2026,league,regular season,2,Super Rugby Pacific 2026,Waratahs,sr:competitor:4186,WAR,Fijian Drua,sr:competitor:364712,FID,Allianz Stadium,Sydney,Australia,"-33.889167, 151.225278","Berry, Nic",Australia,18,2275819264,ball_kicked,2026-02-20T08:40:18+00:00,5,4:28,away,Fijian Drua,42,15,1,,,,,,,,,,,,,,
super_rugby_2026_waratahs_vs_fijian_drua_65866102.json,sr:sport_event:65866102,2026-02-20T08:35:00+00:00,Super Rugby,sr:competition:422,Super Rugby 2026,sr:season:137092,2026,league,regular season,2,Super Rugby Pacific 2026,Waratahs,sr:competitor:4186,WAR,Fijian Drua,sr:competitor:364712,FID,Allianz Stadium,Sydney,Australia,"-33.889167, 151.225278","Berry, Nic",Australia,19,2275819280,line_out,2026-02-20T08:40:22+00:00,5,4:33,home,Waratahs,54,-2,1,,,,,,,,,,,,,,
super_rugby_2026_waratahs_vs_fijian_drua_65866102.json,sr:sport_event:65866102,2026-02-20T08:35:00+00:00,Super Rugby,sr:competition:422,Super Rugby 2026,sr:season:137092,2026,league,regular season,2,Super Rugby Pacific 2026,Waratahs,sr:competitor:4186,WAR,Fijian Drua,sr:competitor:364712,FID,Allianz Stadium,Sydney,Australia,"-33.889167, 151.225278","Berry, Nic",Australia,20,2275819424,line_out_won,2026-02-20T08:40:46+00:00,5,4:56,home,Waratahs,54,-2,1,,,,,,,,,,,,,,
super_rugby_2026_waratahs_vs_fijian_drua_65866102.json,sr:sport_event:65866102,2026-02-20T08:35:00+00:00,Super Rugby,sr:competition:422,Super Rugby 2026,sr:season:137092,2026,league,regular season,2,Super Rugby Pacific 2026,Waratahs,sr:competitor:4186,WAR,Fijian Drua,sr:competitor:364712,FID,Allianz Stadium,Sydney,Australia,"-33.889167, 151.225278","Berry, Nic",Australia,21,2275819748,turnover,2026-02-20T08:41:05+00:00,6,5:15,away,Fijian Drua,62,37,1,,,,,,,,,,,,,,
super_rugby_2026_waratahs_vs_fijian_drua_65866102.json,sr:sport_event:65866102,2026-02-20T08:35:00+00:00,Super Rugby,sr:competition:422,Super Rugby 2026,sr:season:137092,2026,league,regular season,2,Super Rugby Pacific 2026,Waratahs,sr:competitor:4186,WAR,Fijian Drua,sr:competitor:364712,FID,Allianz Stadium,Sydney,Australia,"-33.889167, 151.225278","Berry, Nic",Australia,22,2275819774,penalty_awarded,2026-02-20T08:41:10+00:00,6,5:21,away,Fijian Drua,62,37,1,,,,,,,,,,,,,,
super_rugby_2026_waratahs_vs_fijian_drua_65866102.json,sr:sport_event:65866102,2026-02-20T08:35:00+00:00,Super Rugby,sr:competition:422,Super Rugby 2026,sr:season:137092,2026,league,regular season,2,Super Rugby Pacific 2026,Waratahs,sr:competitor:4186,WAR,Fijian Drua,sr:competitor:364712,FID,Allianz Stadium,Sydney,Australia,"-33.889167, 151.225278","Berry, Nic",Australia,23,2275820402,kick_to_touch,2026-02-20T08:41:47+00:00,6,5:56,away,Fijian Drua,62,37,1,,,,,,,,,,,,,,
super_rugby_2026_waratahs_vs_fijian_drua_65866102.json,sr:sport_event:65866102,2026-02-20T08:35:00+00:00,Super Rugby,sr:competition:422,Super Rugby 2026,sr:season:137092,2026,league,regular season,2,Super Rugby Pacific 2026,Waratahs,sr:competitor:4186,WAR,Fijian Drua,sr:competitor:364712,FID,Allianz Stadium,Sydney,Australia,"-33.889167, 151.225278","Berry, Nic",Australia,24,2275820416,ball_kicked,2026-02-20T08:41:48+00:00,6,5:58,away,Fijian Drua,62,37,1,,,,,,,,,,,,,,
super_rugby_2026_waratahs_vs_fijian_drua_65866102.json,sr:sport_event:65866102,2026-02-20T08:35:00+00:00,Super Rugby,sr:competition:422,Super Rugby 2026,sr:season:137092,2026,league,regular season,2,Super Rugby Pacific 2026,Waratahs,sr:competitor:4186,WAR,Fijian Drua,sr:competitor:364712,FID,Allianz Stadium,Sydney,Australia,"-33.889167, 151.225278","Berry, Nic",Australia,25,2275820718,ball_recycled,2026-02-20T08:42:05+00:00,7,6:14,home,Waratahs,66,30,1,,,,,,,,,,,,,,
super_rugby_2026_waratahs_vs_fijian_drua_65866102.json,sr:sport_event:65866102,2026-02-20T08:35:00+00:00,Super Rugby,sr:competition:422,Super Rugby 2026,sr:season:137092,2026,league,regular season,2,Super Rugby Pacific 2026,Waratahs,sr:competitor:4186,WAR,Fijian Drua,sr:competitor:364712,FID,Allianz Stadium,Sydney,Australia,"-33.889167, 151.225278","Berry, Nic",Australia,26,2275821198,penalty_awarded,2026-02-20T08:42:54+00:00,8,7:04,away,Fijian Drua,83,19,1,,,,,,,,,,,,,,
super_rugby_2026_waratahs_vs_fijian_drua_65866102.json,sr:sport_event:65866102,2026-02-20T08:35:00+00:00,Super Rugby,sr:competition:422,Super Rugby 2026,sr:season:137092,2026,league,regular season,2,Super Rugby Pacific 2026,Waratahs,sr:competitor:4186,WAR,Fijian Drua,sr:competitor:364712,FID,Allianz Stadium,Sydney,Australia,"-33.889167, 151.225278","Berry, Nic",Australia,27,2275821788,kick_to_touch,2026-02-20T08:43:21+00:00,8,7:31,home,Waratahs,83,19,1,,,,,,,,,,,,,,
super_rugby_2026_waratahs_vs_fijian_drua_65866102.json,sr:sport_event:65866102,2026-02-20T08:35:00+00:00,Super Rugby,sr:competition:422,Super Rugby 2026,sr:season:137092,2026,league,regular season,2,Super Rugby Pacific 2026,Waratahs,sr:competitor:4186,WAR,Fijian Drua,sr:competitor:364712,FID,Allianz Stadium,Sydney,Australia,"-33.889167, 151.225278","Berry, Nic",Australia,28,2275821804,line_out,2026-02-20T08:43:24+00:00,8,7:35,home,Waratahs,97,-2,1,,,,,,,,,,,,,,
super_rugby_2026_waratahs_vs_fijian_drua_65866102.json,sr:sport_event:65866102,2026-02-20T08:35:00+00:00,Super Rugby,sr:competition:422,Super Rugby 2026,sr:season:137092,2026,league,regular season,2,Super Rugby Pacific 2026,Waratahs,sr:competitor:4186,WAR,Fijian Drua,sr:competitor:364712,FID,Allianz Stadium,Sydney,Australia,"-33.889167, 151.225278","Berry, Nic",Australia,29,2275822304,turnover,2026-02-20T08:43:58+00:00,9,8:08,away,Fijian Drua,84,19,1,,,,,,,,,,,,,,
super_rugby_2026_waratahs_vs_fijian_drua_65866102.json,sr:sport_event:65866102,2026-02-20T08:35:00+00:00,Super Rugby,sr:competition:422,Super Rugby 2026,sr:season:137092,2026,league,regular season,2,Super Rugby Pacific 2026,Waratahs,sr:competitor:4186,WAR,Fijian Drua,sr:competitor:364712,FID,Allianz Stadium,Sydney,Australia,"-33.889167, 151.225278","Berry, Nic",Australia,30,2275822396,ball_kicked,2026-02-20T08:44:11+00:00,9,8:22,away,Fijian Drua,84,19,1,,,,,,,,,,,,,,
super_rugby_2026_waratahs_vs_fijian_drua_65866102.json,sr:sport_event:65866102,2026-02-20T08:35:00+00:00,Super Rugby,sr:competition:422,Super Rugby 2026,sr:season:137092,2026,league,regular season,2,Super Rugby Pacific 2026,Waratahs,sr:competitor:4186,WAR,Fijian Drua,sr:competitor:364712,FID,Allianz Stadium,Sydney,Australia,"-33.889167, 151.225278","Berry, Nic",Australia,31,2275822636,line_out,2026-02-20T08:44:20+00:00,9,8:31,home,Waratahs,87,-2,1,,,,,,,,,,,,,,
super_rugby_2026_waratahs_vs_fijian_drua_65866102.json,sr:sport_event:65866102,2026-02-20T08:35:00+00:00,Super Rugby,sr:competition:422,Super Rugby 2026,sr:season:137092,2026,league,regular season,2,Super Rugby Pacific 2026,Waratahs,sr:competitor:4186,WAR,Fijian Drua,sr:competitor:364712,FID,Allianz Stadium,Sydney,Australia,"-33.889167, 151.225278","Berry, Nic",Australia,32,2275822922,line_out_won,2026-02-20T08:44:42+00:00,9,8:52,home,Waratahs,87,14,1,,,,,,,,,,,,,,
super_rugby_2026_waratahs_vs_fijian_drua_65866102.json,sr:sport_event:65866102,2026-02-20T08:35:00+00:00,Super Rugby,sr:competition:422,Super Rugby 2026,sr:season:137092,2026,league,regular season,2,Super Rugby Pacific 2026,Waratahs,sr:competitor:4186,WAR,Fijian Drua,sr:competitor:364712,FID,Allianz Stadium,Sydney,Australia,"-33.889167, 151.225278","Berry, Nic",Australia,33,2275823740,score_change,2026-02-20T08:45:23+00:00,10,9:33,home,Waratahs,110,40,1,,,5,0,try,,,sr:player:2291319,"Gamble, Charlie",,,,,"[{""id"": ""sr:player:2291319"", ""name"": ""Gamble, Charlie"", ""type"": ""scorer""}]"
super_rugby_2026_waratahs_vs_fijian_drua_65866102.json,sr:sport_event:65866102,2026-02-20T08:35:00+00:00,Super Rugby,sr:competition:422,Super Rugby 2026,sr:season:137092,2026,league,regular season,2,Super Rugby Pacific 2026,Waratahs,sr:competitor:4186,WAR,Fijian Drua,sr:competitor:364712,FID,Allianz Stadium,Sydney,Australia,"-33.889167, 151.225278","Berry, Nic",Australia,34,2275824430,score_change,2026-02-20T08:46:11+00:00,11,10:22,home,Waratahs,73,51,1,,,7,0,conversion,,,sr:player:2290563,"Creighton, Lawson",,,,,"[{""id"": ""sr:player:2290563"", ""name"": ""Creighton, Lawson"", ""type"": ""scorer""}]"
super_rugby_2026_waratahs_vs_fijian_drua_65866102.json,sr:sport_event:65866102,2026-02-20T08:35:00+00:00,Super Rugby,sr:competition:422,Super Rugby 2026,sr:season:137092,2026,league,regular season,2,Super Rugby Pacific 2026,Waratahs,sr:competitor:4186,WAR,Fijian Drua,sr:competitor:364712,FID,Allianz Stadium,Sydney,Australia,"-33.889167, 151.225278","Berry, Nic",Australia,35,2275825624,ball_kicked,2026-02-20T08:47:25+00:00,12,11:35,away,Fijian Drua,43,51,1,,,,,,,,,,,,,,
super_rugby_2026_waratahs_vs_fijian_drua_65866102.json,sr:sport_event:65866102,2026-02-20T08:35:00+00:00,Super Rugby,sr:competition:422,Super Rugby 2026,sr:season:137092,2026,league,regular season,2,Super Rugby Pacific 2026,Waratahs,sr:competitor:4186,WAR,Fijian Drua,sr:competitor:364712,FID,Allianz Stadium,Sydney,Australia,"-33.889167, 151.225278","Berry, Nic",Australia,36,2275825704,scrum,2026-02-20T08:47:31+00:00,12,11:41,away,Fijian Drua,43,51,1,,,,,,,,,,,,,,
super_rugby_2026_waratahs_vs_fijian_drua_65866102.json,sr:sport_event:65866102,2026-02-20T08:35:00+00:00,Super Rugby,sr:competition:422,Super Rugby 2026,sr:season:137092,2026,league,regular season,2,Super Rugby Pacific 2026,Waratahs,sr:competitor:4186,WAR,Fijian Drua,sr:competitor:364712,FID,Allianz Stadium,Sydney,Australia,"-33.889167, 151.225278","Berry, Nic",Australia,37,2275826004,scrum_won,2026-02-20T08:47:46+00:00,12,11:56,away,Fijian Drua,43,51,1,,,,,,,,,,,,,,
super_rugby_2026_waratahs_vs_fijian_drua_65866102.json,sr:sport_event:65866102,2026-02-20T08:35:00+00:00,Super Rugby,sr:competition:422,Super Rugby 2026,sr:season:137092,2026,league,regular season,2,Super Rugby Pacific 2026,Waratahs,sr:competitor:4186,WAR,Fijian Drua,sr:competitor:364712,FID,Allianz Stadium,Sydney,Australia,"-33.889167, 151.225278","Berry, Nic",Australia,38,2275826272,ball_recycled,2026-02-20T08:48:00+00:00,13,12:10,away,Fijian Drua,30,37,1,,,,,,,,,,,,,,
super_rugby_2026_waratahs_vs_fijian_drua_65866102.json,sr:sport_event:65866102,2026-02-20T08:35:00+00:00,Super Rugby,sr:competition:422,Super Rugby 2026,sr:season:137092,2026,league,regular season,2,Super Rugby Pacific 2026,Waratahs,sr:competitor:4186,WAR,Fijian Drua,sr:competitor:364712,FID,Allianz Stadium,Sydney,Australia,"-33.889167, 151.225278","Berry, Nic",Australia,39,2275826302,ball_recycled,2026-02-20T08:48:06+00:00,13,12:16,away,Fijian Drua,29,45,1,,,,,,,,,,,,,,
super_rugby_2026_waratahs_vs_fijian_drua_65866102.json,sr:sport_event:65866102,2026-02-20T08:35:00+00:00,Super Rugby,sr:competition:422,Super Rugby 2026,sr:season:137092,2026,league,regular season,2,Super Rugby Pacific 2026,Waratahs,sr:competitor:4186,WAR,Fijian Drua,sr:competitor:364712,FID,Allianz Stadium,Sydney,Australia,"-33.889167, 151.225278","Berry, Nic",Australia,40,2275826596,ball_kicked,2026-02-20T08:48:20+00:00,13,12:31,away,Fijian Drua,25,18,1,,,,,,,,,,,,,,
super_rugby_2026_waratahs_vs_fijian_drua_65866102.json,sr:sport_event:65866102,2026-02-20T08:35:00+00:00,Super Rugby,sr:competition:422,Super Rugby 2026,sr:season:137092,2026,league,regular season,2,Super Rugby Pacific 2026,Waratahs,sr:competitor:4186,WAR,Fijian Drua,sr:competitor:364712,FID,Allianz Stadium,Sydney,Australia,"-33.889167, 151.225278","Berry, Nic",Australia,41,2275826840,penalty_awarded,2026-02-20T08:48:29+00:00,13,12:39,away,Fijian Drua,35,29,1,,,,,,,,,,,,,,
super_rugby_2026_waratahs_vs_fijian_drua_65866102.json,sr:sport_event:65866102,2026-02-20T08:35:00+00:00,Super Rugby,sr:competition:422,Super Rugby 2026,sr:season:137092,2026,league,regular season,2,Super Rugby Pacific 2026,Waratahs,sr:competitor:4186,WAR,Fijian Drua,sr:competitor:364712,FID,Allianz Stadium,Sydney,Australia,"-33.889167, 151.225278","Berry, Nic",Australia,42,2275827244,kick_to_touch,2026-02-20T08:49:14+00:00,14,13:24,away,Fijian Drua,35,29,1,,,,,,,,,,,,,,
super_rugby_2026_waratahs_vs_fijian_drua_65866102.json,sr:sport_event:65866102,2026-02-20T08:35:00+00:00,Super Rugby,sr:competition:422,Super Rugby 2026,sr:season:137092,2026,league,regular season,2,Super Rugby Pacific 2026,Waratahs,sr:competitor:4186,WAR,Fijian Drua,sr:competitor:364712,FID,Allianz Stadium,Sydney,Australia,"-33.889167, 151.225278","Berry, Nic",Australia,43,2275827266,line_out,2026-02-20T08:49:17+00:00,14,13:28,away,Fijian Drua,19,71,1,,,,,,,,,,,,,,
super_rugby_2026_waratahs_vs_fijian_drua_65866102.json,sr:sport_event:65866102,2026-02-20T08:35:00+00:00,Super Rugby,sr:competition:422,Super Rugby 2026,sr:season:137092,2026,league,regular season,2,Super Rugby Pacific 2026,Waratahs,sr:competitor:4186,WAR,Fijian Drua,sr:competitor:364712,FID,Allianz Stadium,Sydney,Australia,"-33.889167, 151.225278","Berry, Nic",Australia,44,2275827348,line_out_won,2026-02-20T08:49:33+00:00,14,13:43,away,Fijian Drua,19,71,1,,,,,,,,,,,,,,
super_rugby_2026_waratahs_vs_fijian_drua_65866102.json,sr:sport_event:65866102,2026-02-20T08:35:00+00:00,Super Rugby,sr:competition:422,Super Rugby 2026,sr:season:137092,2026,league,regular season,2,Super Rugby Pacific 2026,Waratahs,sr:competitor:4186,WAR,Fijian Drua,sr:competitor:364712,FID,Allianz Stadium,Sydney,Australia,"-33.889167, 151.225278","Berry, Nic",Australia,45,2275827620,score_change,2026-02-20T08:49:47+00:00,14,13:57,away,Fijian Drua,0,11,1,,,7,5,try,,,sr:player:2531939,"Rakuro, Taniela",,,,,"[{""id"": ""sr:player:2531939"", ""name"": ""Rakuro, Taniela"", ""type"": ""scorer""}]"
super_rugby_2026_waratahs_vs_fijian_drua_65866102.json,sr:sport_event:65866102,2026-02-20T08:35:00+00:00,Super Rugby,sr:competition:422,Super Rugby 2026,sr:season:137092,2026,league,regular season,2,Super Rugby Pacific 2026,Waratahs,sr:competitor:4186,WAR,Fijian Drua,sr:competitor:364712,FID,Allianz Stadium,Sydney,Australia,"-33.889167, 151.225278","Berry, Nic",Australia,46,2275828700,score_change,2026-02-20T08:50:47+00:00,15,14:56,away,Fijian Drua,55,35,1,,,7,7,conversion,,,sr:player:2735981,"Armstrong-Ravula, Isaiah",,,,,"[{""id"": ""sr:player:2735981"", ""name"": ""Armstrong-Ravula, Isaiah"", ""type"": ""scorer""}]"
super_rugby_2026_waratahs_vs_fijian_drua_65866102.json,sr:sport_event:65866102,2026-02-20T08:35:00+00:00,Super Rugby,sr:competition:422,Super Rugby 2026,sr:season:137092,2026,league,regular season,2,Super Rugby Pacific 2026,Waratahs,sr:competitor:4186,WAR,Fijian Drua,sr:competitor:364712,FID,Allianz Stadium,Sydney,Australia,"-33.889167, 151.225278","Berry, Nic",Australia,47,2275829090,ball_kicked,2026-02-20T08:51:13+00:00,16,15:24,home,Waratahs,83,57,1,,,,,,,,,,,,,,
super_rugby_2026_waratahs_vs_fijian_drua_65866102.json,sr:sport_event:65866102,2026-02-20T08:35:00+00:00,Super Rugby,sr:competition:422,Super Rugby 2026,sr:season:137092,2026,league,regular season,2,Super Rugby Pacific 2026,Waratahs,sr:competitor:4186,WAR,Fijian Drua,sr:competitor:364712,FID,Allianz Stadium,Sydney,Australia,"-33.889167, 151.225278","Berry, Nic",Australia,48,2275829338,ball_recycled,2026-02-20T08:51:22+00:00,16,15:33,away,Fijian Drua,77,53,1,,,,,,,,,,,,,,
super_rugby_2026_waratahs_vs_fijian_drua_65866102.json,sr:sport_event:65866102,2026-02-20T08:35:00+00:00,Super Rugby,sr:competition:422,Super Rugby 2026,sr:season:137092,2026,league,regular season,2,Super Rugby Pacific 2026,Waratahs,sr:competitor:4186,WAR,Fijian Drua,sr:competitor:364712,FID,Allianz Stadium,Sydney,Australia,"-33.889167, 151.225278","Berry, Nic",Australia,49,2275829368,ball_recycled,2026-02-20T08:51:28+00:00,16,15:38,away,Fijian Drua,81,42,1,,,,,,,,,,,,,,
super_rugby_2026_waratahs_vs_fijian_drua_65866102.json,sr:sport_event:65866102,2026-02-20T08:35:00+00:00,Super Rugby,sr:competition:422,Super Rugby 2026,sr:season:137092,2026,league,regular season,2,Super Rugby Pacific 2026,Waratahs,sr:competitor:4186,WAR,Fijian Drua,sr:competitor:364712,FID,Allianz Stadium,Sydney,Australia,"-33.889167, 151.225278","Berry, Nic",Australia,50,2275829620,ball_kicked,2026-02-20T08:51:37+00:00,16,15:47,away,Fijian Drua,39,42,1,,,,,,,,,,,,,,
super_rugby_2026_waratahs_vs_fijian_drua_65866102.json,sr:sport_event:65866102,2026-02-20T08:35:00+00:00,Super Rugby,sr:competition:422,Super Rugby 2026,sr:season:137092,2026,league,regular season,2,Super Rugby Pacific 2026,Waratahs,sr:competitor:4186,WAR,Fijian Drua,sr:competitor:364712,FID,Allianz Stadium,Sydney,Australia,"-33.889167, 151.225278","Berry, Nic",Australia,51,2275829660,line_out,2026-02-20T08:51:43+00:00,16,15:53,home,Waratahs,55,71,1,,,,,,,,,,,,,,
super_rugby_2026_waratahs_vs_fijian_drua_65866102.json,sr:sport_event:65866102,2026-02-20T08:35:00+00:00,Super Rugby,sr:competition:422,Super Rugby 2026,sr:season:137092,2026,league,regular season,2,Super Rugby Pacific 2026,Waratahs,sr:competitor:4186,WAR,Fijian Drua,sr:competitor:364712,FID,Allianz Stadium,Sydney,Australia,"-33.889167, 151.225278","Berry, Nic",Australia,52,2275829940,line_out_won,2026-02-20T08:51:54+00:00,17,16:04,home,Waratahs,55,71,1,,,,,,,,,,,,,,
super_rugby_2026_waratahs_vs_fijian_drua_65866102.json,sr:sport_event:65866102,2026-02-20T08:35:00+00:00,Super Rugby,sr:competition:422,Super Rugby 2026,sr:season:137092,2026,league,regular season,2,Super Rugby Pacific 2026,Waratahs,sr:competitor:4186,WAR,Fijian Drua,sr:competitor:364712,FID,Allianz Stadium,Sydney,Australia,"-33.889167, 151.225278","Berry, Nic",Australia,53,2275830158,ball_kicked,2026-02-20T08:52:04+00:00,17,16:13,home,Waratahs,75,24,1,,,,,,,,,,,,,,
super_rugby_2026_waratahs_vs_fijian_drua_65866102.json,sr:sport_event:65866102,2026-02-20T08:35:00+00:00,Super Rugby,sr:competition:422,Super Rugby 2026,sr:season:137092,2026,league,regular season,2,Super Rugby Pacific 2026,Waratahs,sr:competitor:4186,WAR,Fijian Drua,sr:competitor:364712,FID,Allianz Stadium,Sydney,Australia,"-33.889167, 151.225278","Berry, Nic",Australia,54,2275830184,ball_kicked,2026-02-20T08:52:15+00:00,17,16:25,away,Fijian Drua,52,17,1,,,,,,,,,,,,,,
super_rugby_2026_waratahs_vs_fijian_drua_65866102.json,sr:sport_event:65866102,2026-02-20T08:35:00+00:00,Super Rugby,sr:competition:422,Super Rugby 2026,sr:season:137092,2026,league,regular season,2,Super Rugby Pacific 2026,Waratahs,sr:competitor:4186,WAR,Fijian Drua,sr:competitor:364712,FID,Allianz Stadium,Sydney,Australia,"-33.889167, 151.225278","Berry, Nic",Australia,55,2275830406,ball_recycled,2026-02-20T08:52:24+00:00,17,16:34,home,Waratahs,56,9,1,,,,,,,,,,,,,,
super_rugby_2026_waratahs_vs_fijian_drua_65866102.json,sr:sport_event:65866102,2026-02-20T08:35:00+00:00,Super Rugby,sr:competition:422,Super Rugby 2026,sr:season:137092,2026,league,regular season,2,Super Rugby Pacific 2026,Waratahs,sr:competitor:4186,WAR,Fijian Drua,sr:competitor:364712,FID,Allianz Stadium,Sydney,Australia,"-33.889167, 151.225278","Berry, Nic",Australia,56,2275830418,turnover,2026-02-20T08:52:27+00:00,17,16:37,away,Fijian Drua,58,11,1,,,,,,,,,,,,,,
super_rugby_2026_waratahs_vs_fijian_drua_65866102.json,sr:sport_event:65866102,2026-02-20T08:35:00+00:00,Super Rugby,sr:competition:422,Super Rugby 2026,sr:season:137092,2026,league,regular season,2,Super Rugby Pacific 2026,Waratahs,sr:competitor:4186,WAR,Fijian Drua,sr:competitor:364712,FID,Allianz Stadium,Sydney,Australia,"-33.889167, 151.225278","Berry, Nic",Australia,57,2275830440,ball_recycled,2026-02-20T08:52:30+00:00,17,16:40,away,Fijian Drua,51,16,1,,,,,,,,,,,,,,
super_rugby_2026_waratahs_vs_fijian_drua_65866102.json,sr:sport_event:65866102,2026-02-20T08:35:00+00:00,Super Rugby,sr:competition:422,Super Rugby 2026,sr:season:137092,2026,league,regular season,2,Super Rugby Pacific 2026,Waratahs,sr:competitor:4186,WAR,Fijian Drua,sr:competitor:364712,FID,Allianz Stadium,Sydney,Australia,"-33.889167, 151.225278","Berry, Nic",Australia,58,2275830526,ball_kicked,2026-02-20T08:52:49+00:00,17,17:00,away,Fijian Drua,40,15,1,,,,,,,,,,,,,,
super_rugby_2026_waratahs_vs_fijian_drua_65866102.json,sr:sport_event:65866102,2026-02-20T08:35:00+00:00,Super Rugby,sr:competition:422,Super Rugby 2026,sr:season:137092,2026,league,regular season,2,Super Rugby Pacific 2026,Waratahs,sr:competitor:4186,WAR,Fijian Drua,sr:competitor:364712,FID,Allianz Stadium,Sydney,Australia,"-33.889167, 151.225278","Berry, Nic",Australia,59,2275830784,penalty_awarded,2026-02-20T08:53:01+00:00,18,17:11,home,Waratahs,33,11,1,,,,,,,,,,,,,,
super_rugby_2026_waratahs_vs_fijian_drua_65866102.json,sr:sport_event:65866102,2026-02-20T08:35:00+00:00,Super Rugby,sr:competition:422,Super Rugby 2026,sr:season:137092,2026,league,regular season,2,Super Rugby Pacific 2026,Waratahs,sr:competitor:4186,WAR,Fijian Drua,sr:competitor:364712,FID,Allianz Stadium,Sydney,Australia,"-33.889167, 151.225278","Berry, Nic",Australia,60,2275831488,scrum,2026-02-20T08:53:42+00:00,18,17:53,home,Waratahs,33,11,1,,,,,,,,,,,,,,
super_rugby_2026_waratahs_vs_fijian_drua_65866102.json,sr:sport_event:65866102,2026-02-20T08:35:00+00:00,Super Rugby,sr:competition:422,Super Rugby 2026,sr:season:137092,2026,league,regular season,2,Super Rugby Pacific 2026,Waratahs,sr:competitor:4186,WAR,Fijian Drua,sr:competitor:364712,FID,Allianz Stadium,Sydney,Australia,"-33.889167, 151.225278","Berry, Nic",Australia,61,2275831516,scrum_won,2026-02-20T08:53:46+00:00,18,17:57,home,Waratahs,33,11,1,,,,,,,,,,,,,,
super_rugby_2026_waratahs_vs_fijian_drua_65866102.json,sr:sport_event:65866102,2026-02-20T08:35:00+00:00,Super Rugby,sr:competition:422,Super Rugby 2026,sr:season:137092,2026,league,regular season,2,Super Rugby Pacific 2026,Waratahs,sr:competitor:4186,WAR,Fijian Drua,sr:competitor:364712,FID,Allianz Stadium,Sydney,Australia,"-33.889167, 151.225278","Berry, Nic",Australia,62,2275831546,ball_recycled,2026-02-20T08:53:54+00:00,19,18:05,home,Waratahs,68,18,1,,,,,,,,,,,,,,
super_rugby_2026_waratahs_vs_fijian_drua_65866102.json,sr:sport_event:65866102,2026-02-20T08:35:00+00:00,Super Rugby,sr:competition:422,Super Rugby 2026,sr:season:137092,2026,league,regular season,2,Super Rugby Pacific 2026,Waratahs,sr:competitor:4186,WAR,Fijian Drua,sr:competitor:364712,FID,Allianz Stadium,Sydney,Australia,"-33.889167, 151.225278","Berry, Nic",Australia,63,2275831800,line_out,2026-02-20T08:54:06+00:00,19,18:16,away,Fijian Drua,70,-2,1,,,,,,,,,,,,,,
super_rugby_2026_waratahs_vs_fijian_drua_65866102.json,sr:sport_event:65866102,2026-02-20T08:35:00+00:00,Super Rugby,sr:competition:422,Super Rugby 2026,sr:season:137092,2026,league,regular season,2,Super Rugby Pacific 2026,Waratahs,sr:competitor:4186,WAR,Fijian Drua,sr:competitor:364712,FID,Allianz Stadium,Sydney,Australia,"-33.889167, 151.225278","Berry, Nic",Australia,64,2275832270,line_out_won,2026-02-20T08:54:27+00:00,19,18:38,home,Waratahs,70,-2,1,,,,,,,,,,,,,,
super_rugby_2026_waratahs_vs_fijian_drua_65866102.json,sr:sport_event:65866102,2026-02-20T08:35:00+00:00,Super Rugby,sr:competition:422,Super Rugby 2026,sr:season:137092,2026,league,regular season,2,Super Rugby Pacific 2026,Waratahs,sr:competitor:4186,WAR,Fijian Drua,sr:competitor:364712,FID,Allianz Stadium,Sydney,Australia,"-33.889167, 151.225278","Berry, Nic",Australia,65,2275832334,line_out,2026-02-20T08:54:41+00:00,19,18:51,away,Fijian Drua,93,71,1,,,,,,,,,,,,,,
super_rugby_2026_waratahs_vs_fijian_drua_65866102.json,sr:sport_event:65866102,2026-02-20T08:35:00+00:00,Super Rugby,sr:competition:422,Super Rugby 2026,sr:season:137092,2026,league,regular season,2,Super Rugby Pacific 2026,Waratahs,sr:competitor:4186,WAR,Fijian Drua,sr:competitor:364712,FID,Allianz Stadium,Sydney,Australia,"-33.889167, 151.225278","Berry, Nic",Australia,66,2275833100,penalty_awarded,2026-02-20T08:55:24+00:00,20,19:36,away,Fijian Drua,93,57,1,,,,,,,,,,,,,,
super_rugby_2026_waratahs_vs_fijian_drua_65866102.json,sr:sport_event:65866102,2026-02-20T08:35:00+00:00,Super Rugby,sr:competition:422,Super Rugby 2026,sr:season:137092,2026,league,regular season,2,Super Rugby Pacific 2026,Waratahs,sr:competitor:4186,WAR,Fijian Drua,sr:competitor:364712,FID,Allianz Stadium,Sydney,Australia,"-33.889167, 151.225278","Berry, Nic",Australia,67,2275833122,kick_to_touch,2026-02-20T08:55:28+00:00,20,19:39,away,Fijian Drua,93,57,1,,,,,,,,,,,,,,
super_rugby_2026_waratahs_vs_fijian_drua_65866102.json,sr:sport_event:65866102,2026-02-20T08:35:00+00:00,Super Rugby,sr:competition:422,Super Rugby 2026,sr:season:137092,2026,league,regular season,2,Super Rugby Pacific 2026,Waratahs,sr:competitor:4186,WAR,Fijian Drua,sr:competitor:364712,FID,Allianz Stadium,Sydney,Australia,"-33.889167, 151.225278","Berry, Nic",Australia,68,2275833158,line_out,2026-02-20T08:55:33+00:00,20,19:45,away,Fijian Drua,56,71,1,,,,,,,,,,,,,,
super_rugby_2026_waratahs_vs_fijian_drua_65866102.json,sr:sport_event:65866102,2026-02-20T08:35:00+00:00,Super Rugby,sr:competition:422,Super Rugby 2026,sr:season:137092,2026,league,regular season,2,Super Rugby Pacific 2026,Waratahs,sr:competitor:4186,WAR,Fijian Drua,sr:competitor:364712,FID,Allianz Stadium,Sydney,Australia,"-33.889167, 151.225278","Berry, Nic",Australia,69,2275833184,line_out_won,2026-02-20T08:55:37+00:00,20,19:49,away,Fijian Drua,56,71,1,,,,,,,,,,,,,,
super_rugby_2026_waratahs_vs_fijian_drua_65866102.json,sr:sport_event:65866102,2026-02-20T08:35:00+00:00,Super Rugby,sr:competition:422,Super Rugby 2026,sr:season:137092,2026,league,regular season,2,Super Rugby Pacific 2026,Waratahs,sr:competitor:4186,WAR,Fijian Drua,sr:competitor:364712,FID,Allianz Stadium,Sydney,Australia,"-33.889167, 151.225278","Berry, Nic",Australia,70,2275833466,ball_kicked,2026-02-20T08:55:53+00:00,21,20:04,away,Fijian Drua,58,11,1,,,,,,,,,,,,,,
super_rugby_2026_waratahs_vs_fijian_drua_65866102.json,sr:sport_event:65866102,2026-02-20T08:35:00+00:00,Super Rugby,sr:competition:422,Super Rugby 2026,sr:season:137092,2026,league,regular season,2,Super Rugby Pacific 2026,Waratahs,sr:competitor:4186,WAR,Fijian Drua,sr:competitor:364712,FID,Allianz Stadium,Sydney,Australia,"-33.889167, 151.225278","Berry, Nic",Australia,71,2275833714,ball_recycled,2026-02-20T08:56:04+00:00,21,20:15,home,Waratahs,60,38,1,,,,,,,,,,,,,,
super_rugby_2026_waratahs_vs_fijian_drua_65866102.json,sr:sport_event:65866102,2026-02-20T08:35:00+00:00,Super Rugby,sr:competition:422,Super Rugby 2026,sr:season:137092,2026,league,regular season,2,Super Rugby Pacific 2026,Waratahs,sr:competitor:4186,WAR,Fijian Drua,sr:competitor:364712,FID,Allianz Stadium,Sydney,Australia,"-33.889167, 151.225278","Berry, Nic",Australia,72,2275834048,ball_recycled,2026-02-20T08:56:35+00:00,21,20:46,home,Waratahs,83,9,1,,,,,,,,,,,,,,
super_rugby_2026_waratahs_vs_fijian_drua_65866102.json,sr:sport_event:65866102,2026-02-20T08:35:00+00:00,Super Rugby,sr:competition:422,Super Rugby 2026,sr:season:137092,2026,league,regular season,2,Super Rugby Pacific 2026,Waratahs,sr:competitor:4186,WAR,Fijian Drua,sr:competitor:364712,FID,Allianz Stadium,Sydney,Australia,"-33.889167, 151.225278","Berry, Nic",Australia,73,2275834248,ball_recycled,2026-02-20T08:56:42+00:00,21,20:53,home,Waratahs,79,15,1,,,,,,,,,,,,,,
super_rugby_2026_waratahs_vs_fijian_drua_65866102.json,sr:sport_event:65866102,2026-02-20T08:35:00+00:00,Super Rugby,sr:competition:422,Super Rugby 2026,sr:season:137092,2026,league,regular season,2,Super Rugby Pacific 2026,Waratahs,sr:competitor:4186,WAR,Fijian Drua,sr:competitor:364712,FID,Allianz Stadium,Sydney,Australia,"-33.889167, 151.225278","Berry, Nic",Australia,74,2275834280,ball_recycled,2026-02-20T08:56:47+00:00,21,20:58,home,Waratahs,77,22,1,,,,,,,,,,,,,,
super_rugby_2026_waratahs_vs_fijian_drua_65866102.json,sr:sport_event:65866102,2026-02-20T08:35:00+00:00,Super Rugby,sr:competition:422,Super Rugby 2026,sr:season:137092,2026,league,regular season,2,Super Rugby Pacific 2026,Waratahs,sr:competitor:4186,WAR,Fijian Drua,sr:competitor:364712,FID,Allianz Stadium,Sydney,Australia,"-33.889167, 151.225278","Berry, Nic",Australia,75,2275834522,ball_recycled,2026-02-20T08:56:55+00:00,22,21:06,home,Waratahs,81,26,1,,,,,,,,,,,,,,
super_rugby_2026_waratahs_vs_fijian_drua_65866102.json,sr:sport_event:65866102,2026-02-20T08:35:00+00:00,Super Rugby,sr:competition:422,Super Rugby 2026,sr:season:137092,2026,league,regular season,2,Super Rugby Pacific 2026,Waratahs,sr:competitor:4186,WAR,Fijian Drua,sr:competitor:364712,FID,Allianz Stadium,Sydney,Australia,"-33.889167, 151.225278","Berry, Nic",Australia,76,2275834538,turnover,2026-02-20T08:56:57+00:00,22,21:07,away,Fijian Drua,81,27,1,,,,,,,,,,,,,,
super_rugby_2026_waratahs_vs_fijian_drua_65866102.json,sr:sport_event:65866102,2026-02-20T08:35:00+00:00,Super Rugby,sr:competition:422,Super Rugby 2026,sr:season:137092,2026,league,regular season,2,Super Rugby Pacific 2026,Waratahs,sr:competitor:4186,WAR,Fijian Drua,sr:competitor:364712,FID,Allianz Stadium,Sydney,Australia,"-33.889167, 151.225278","Berry, Nic",Australia,77,2275834584,ball_kicked,2026-02-20T08:57:03+00:00,22,21:13,away,Fijian Drua,68,5,1,,,,,,,,,,,,,,
super_rugby_2026_waratahs_vs_fijian_drua_65866102.json,sr:sport_event:65866102,2026-02-20T08:35:00+00:00,Super Rugby,sr:competition:422,Super Rugby 2026,sr:season:137092,2026,league,regular season,2,Super Rugby Pacific 2026,Waratahs,sr:competitor:4186,WAR,Fijian Drua,sr:competitor:364712,FID,Allianz Stadium,Sydney,Australia,"-33.889167, 151.225278","Berry, Nic",Australia,78,2275834606,line_out,2026-02-20T08:57:07+00:00,22,21:17,home,Waratahs,77,-2,1,,,,,,,,,,,,,,
super_rugby_2026_waratahs_vs_fijian_drua_65866102.json,sr:sport_event:65866102,2026-02-20T08:35:00+00:00,Super Rugby,sr:competition:422,Super Rugby 2026,sr:season:137092,2026,league,regular season,2,Super Rugby Pacific 2026,Waratahs,sr:competitor:4186,WAR,Fijian Drua,sr:competitor:364712,FID,Allianz Stadium,Sydney,Australia,"-33.889167, 151.225278","Berry, Nic",Australia,79,2275834890,line_out_won,2026-02-20T08:57:24+00:00,22,21:35,home,Waratahs,77,-2,1,,,,,,,,,,,,,,
super_rugby_2026_waratahs_vs_fijian_drua_65866102.json,sr:sport_event:65866102,2026-02-20T08:35:00+00:00,Super Rugby,sr:competition:422,Super Rugby 2026,sr:season:137092,2026,league,regular season,2,Super Rugby Pacific 2026,Waratahs,sr:competitor:4186,WAR,Fijian Drua,sr:competitor:364712,FID,Allianz Stadium,Sydney,Australia,"-33.889167, 151.225278","Berry, Nic",Australia,80,2275835096,turnover,2026-02-20T08:57:34+00:00,22,21:44,away,Fijian Drua,79,29,1,,,,,,,,,,,,,,
super_rugby_2026_waratahs_vs_fijian_drua_65866102.json,sr:sport_event:65866102,2026-02-20T08:35:00+00:00,Super Rugby,sr:competition:422,Super Rugby 2026,sr:season:137092,2026,league,regular season,2,Super Rugby Pacific 2026,Waratahs,sr:competitor:4186,WAR,Fijian Drua,sr:competitor:364712,FID,Allianz Stadium,Sydney,Australia,"-33.889167, 151.225278","Berry, Nic",Australia,81,2275835136,ball_kicked,2026-02-20T08:57:39+00:00,22,21:50,away,Fijian Drua,40,16,1,,,,,,,,,,,,,,
super_rugby_2026_waratahs_vs_fijian_drua_65866102.json,sr:sport_event:65866102,2026-02-20T08:35:00+00:00,Super Rugby,sr:competition:422,Super Rugby 2026,sr:season:137092,2026,league,regular season,2,Super Rugby Pacific 2026,Waratahs,sr:competitor:4186,WAR,Fijian Drua,sr:competitor:364712,FID,Allianz Stadium,Sydney,Australia,"-33.889167, 151.225278","Berry, Nic",Australia,82,2275835404,ball_kicked,2026-02-20T08:57:51+00:00,23,22:02,home,Waratahs,54,4,1,,,,,,,,,,,,,,
super_rugby_2026_waratahs_vs_fijian_drua_65866102.json,sr:sport_event:65866102,2026-02-20T08:35:00+00:00,Super Rugby,sr:competition:422,Super Rugby 2026,sr:season:137092,2026,league,regular season,2,Super Rugby Pacific 2026,Waratahs,sr:competitor:4186,WAR,Fijian Drua,sr:competitor:364712,FID,Allianz Stadium,Sydney,Australia,"-33.889167, 151.225278","Berry, Nic",Australia,83,2275835418,line_out,2026-02-20T08:57:54+00:00,23,22:05,away,Fijian Drua,54,-1,1,,,,,,,,,,,,,,
super_rugby_2026_waratahs_vs_fijian_drua_65866102.json,sr:sport_event:65866102,2026-02-20T08:35:00+00:00,Super Rugby,sr:competition:422,Super Rugby 2026,sr:season:137092,2026,league,regular season,2,Super Rugby Pacific 2026,Waratahs,sr:competitor:4186,WAR,Fijian Drua,sr:competitor:364712,FID,Allianz Stadium,Sydney,Australia,"-33.889167, 151.225278","Berry, Nic",Australia,84,2275836254,ball_kicked,2026-02-20T08:58:47+00:00,23,22:58,away,Fijian Drua,54,-1,1,,,,,,,,,,,,,,
super_rugby_2026_waratahs_vs_fijian_drua_65866102.json,sr:sport_event:65866102,2026-02-20T08:35:00+00:00,Super Rugby,sr:competition:422,Super Rugby 2026,sr:season:137092,2026,league,regular season,2,Super Rugby Pacific 2026,Waratahs,sr:competitor:4186,WAR,Fijian Drua,sr:competitor:364712,FID,Allianz Stadium,Sydney,Australia,"-33.889167, 151.225278","Berry, Nic",Australia,85,2275836476,turnover,2026-02-20T08:58:52+00:00,24,23:02,home,Waratahs,59,22,1,,,,,,,,,,,,,,
super_rugby_2026_waratahs_vs_fijian_drua_65866102.json,sr:sport_event:65866102,2026-02-20T08:35:00+00:00,Super Rugby,sr:competition:422,Super Rugby 2026,sr:season:137092,2026,league,regular season,2,Super Rugby Pacific 2026,Waratahs,sr:competitor:4186,WAR,Fijian Drua,sr:competitor:364712,FID,Allianz Stadium,Sydney,Australia,"-33.889167, 151.225278","Berry, Nic",Australia,86,2275836488,ball_kicked,2026-02-20T08:58:55+00:00,24,23:05,home,Waratahs,73,26,1,,,,,,,,,,,,,,
super_rugby_2026_waratahs_vs_fijian_drua_65866102.json,sr:sport_event:65866102,2026-02-20T08:35:00+00:00,Super Rugby,sr:competition:422,Super Rugby 2026,sr:season:137092,2026,league,regular season,2,Super Rugby Pacific 2026,Waratahs,sr:competitor:4186,WAR,Fijian Drua,sr:competitor:364712,FID,Allianz Stadium,Sydney,Australia,"-33.889167, 151.225278","Berry, Nic",Australia,87,2275836732,ball_recycled,2026-02-20T08:59:08+00:00,24,23:19,away,Fijian Drua,62,23,1,,,,,,,,,,,,,,
super_rugby_2026_waratahs_vs_fijian_drua_65866102.json,sr:sport_event:65866102,2026-02-20T08:35:00+00:00,Super Rugby,sr:competition:422,Super Rugby 2026,sr:season:137092,2026,league,regular season,2,Super Rugby Pacific 2026,Waratahs,sr:competitor:4186,WAR,Fijian Drua,sr:competitor:364712,FID,Allianz Stadium,Sydney,Australia,"-33.889167, 151.225278","Berry, Nic",Australia,88,2275836788,ball_kicked,2026-02-20T08:59:14+00:00,24,23:25,away,Fijian Drua,38,9,1,,,,,,,,,,,,,,
super_rugby_2026_waratahs_vs_fijian_drua_65866102.json,sr:sport_event:65866102,2026-02-20T08:35:00+00:00,Super Rugby,sr:competition:422,Super Rugby 2026,sr:season:137092,2026,league,regular season,2,Super Rugby Pacific 2026,Waratahs,sr:competitor:4186,WAR,Fijian Drua,sr:competitor:364712,FID,Allianz Stadium,Sydney,Australia,"-33.889167, 151.225278","Berry, Nic",Australia,89,2275837032,ball_recycled,2026-02-20T08:59:26+00:00,24,23:37,home,Waratahs,50,15,1,,,,,,,,,,,,,,
super_rugby_2026_waratahs_vs_fijian_drua_65866102.json,sr:sport_event:65866102,2026-02-20T08:35:00+00:00,Super Rugby,sr:competition:422,Super Rugby 2026,sr:season:137092,2026,league,regular season,2,Super Rugby Pacific 2026,Waratahs,sr:competitor:4186,WAR,Fijian Drua,sr:competitor:364712,FID,Allianz Stadium,Sydney,Australia,"-33.889167, 151.225278","Berry, Nic",Australia,90,2275837290,ball_recycled,2026-02-20T08:59:41+00:00,24,23:51,home,Waratahs,56,16,1,,,,,,,,,,,,,,
super_rugby_2026_waratahs_vs_fijian_drua_65866102.json,sr:sport_event:65866102,2026-02-20T08:35:00+00:00,Super Rugby,sr:competition:422,Super Rugby 2026,sr:season:137092,2026,league,regular season,2,Super Rugby Pacific 2026,Waratahs,sr:competitor:4186,WAR,Fijian Drua,sr:competitor:364712,FID,Allianz Stadium,Sydney,Australia,"-33.889167, 151.225278","Berry, Nic",Australia,91,2275837326,ball_kicked,2026-02-20T08:59:45+00:00,24,23:56,home,Waratahs,76,11,1,,,,,,,,,,,,,,
super_rugby_2026_waratahs_vs_fijian_drua_65866102.json,sr:sport_event:65866102,2026-02-20T08:35:00+00:00,Super Rugby,sr:competition:422,Super Rugby 2026,sr:season:137092,2026,league,regular season,2,Super Rugby Pacific 2026,Waratahs,sr:competitor:4186,WAR,Fijian Drua,sr:competitor:364712,FID,Allianz Stadium,Sydney,Australia,"-33.889167, 151.225278","Berry, Nic",Australia,92,2275837356,ball_recycled,2026-02-20T08:59:52+00:00,25,24:03,away,Fijian Drua,77,13,1,,,,,,,,,,,,,,
super_rugby_2026_waratahs_vs_fijian_drua_65866102.json,sr:sport_event:65866102,2026-02-20T08:35:00+00:00,Super Rugby,sr:competition:422,Super Rugby 2026,sr:season:137092,2026,league,regular season,2,Super Rugby Pacific 2026,Waratahs,sr:competitor:4186,WAR,Fijian Drua,sr:competitor:364712,FID,Allianz Stadium,Sydney,Australia,"-33.889167, 151.225278","Berry, Nic",Australia,93,2275837678,penalty_awarded,2026-02-20T09:00:07+00:00,25,24:18,away,Fijian Drua,72,27,1,,,,,,,,,,,,,,
super_rugby_2026_waratahs_vs_fijian_drua_65866102.json,sr:sport_event:65866102,2026-02-20T08:35:00+00:00,Super Rugby,sr:competition:422,Super Rugby 2026,sr:season:137092,2026,league,regular season,2,Super Rugby Pacific 2026,Waratahs,sr:competitor:4186,WAR,Fijian Drua,sr:competitor:364712,FID,Allianz Stadium,Sydney,Australia,"-33.889167, 151.225278","Berry, Nic",Australia,94,2275838104,kick_to_touch,2026-02-20T09:00:50+00:00,25,25:00,away,Fijian Drua,72,27,1,,,,,,,,,,,,,,
super_rugby_2026_waratahs_vs_fijian_drua_65866102.json,sr:sport_event:65866102,2026-02-20T08:35:00+00:00,Super Rugby,sr:competition:422,Super Rugby 2026,sr:season:137092,2026,league,regular season,2,Super Rugby Pacific 2026,Waratahs,sr:competitor:4186,WAR,Fijian Drua,sr:competitor:364712,FID,Allianz Stadium,Sydney,Australia,"-33.889167, 151.225278","Berry, Nic",Australia,95,2275838318,line_out,2026-02-20T09:00:52+00:00,26,25:03,away,Fijian Drua,37,-1,1,,,,,,,,,,,,,,
super_rugby_2026_waratahs_vs_fijian_drua_65866102.json,sr:sport_event:65866102,2026-02-20T08:35:00+00:00,Super Rugby,sr:competition:422,Super Rugby 2026,sr:season:137092,2026,league,regular season,2,Super Rugby Pacific 2026,Waratahs,sr:competitor:4186,WAR,Fijian Drua,sr:competitor:364712,FID,Allianz Stadium,Sydney,Australia,"-33.889167, 151.225278","Berry, Nic",Australia,96,2275838334,line_out_won,2026-02-20T09:00:55+00:00,26,25:06,away,Fijian Drua,37,-1,1,,,,,,,,,,,,,,
super_rugby_2026_waratahs_vs_fijian_drua_65866102.json,sr:sport_event:65866102,2026-02-20T08:35:00+00:00,Super Rugby,sr:competition:422,Super Rugby 2026,sr:season:137092,2026,league,regular season,2,Super Rugby Pacific 2026,Waratahs,sr:competitor:4186,WAR,Fijian Drua,sr:competitor:364712,FID,Allianz Stadium,Sydney,Australia,"-33.889167, 151.225278","Berry, Nic",Australia,97,2275838480,penalty_awarded,2026-02-20T09:01:11+00:00,26,25:22,away,Fijian Drua,27,22,1,,,,,,,,,,,,,,
super_rugby_2026_waratahs_vs_fijian_drua_65866102.json,sr:sport_event:65866102,2026-02-20T08:35:00+00:00,Super Rugby,sr:competition:422,Super Rugby 2026,sr:season:137092,2026,league,regular season,2,Super Rugby Pacific 2026,Waratahs,sr:competitor:4186,WAR,Fijian Drua,sr:competitor:364712,FID,Allianz Stadium,Sydney,Australia,"-33.889167, 151.225278","Berry, Nic",Australia,98,2275838728,kick_to_touch,2026-02-20T09:01:45+00:00,26,25:56,away,Fijian Drua,27,22,1,,,,,,,,,,,,,,
super_rugby_2026_waratahs_vs_fijian_drua_65866102.json,sr:sport_event:65866102,2026-02-20T08:35:00+00:00,Super Rugby,sr:competition:422,Super Rugby 2026,sr:season:137092,2026,league,regular season,2,Super Rugby Pacific 2026,Waratahs,sr:competitor:4186,WAR,Fijian Drua,sr:competitor:364712,FID,Allianz Stadium,Sydney,Australia,"-33.889167, 151.225278","Berry, Nic",Australia,99,2275838746,line_out,2026-02-20T09:01:49+00:00,26,26:00,away,Fijian Drua,15,-1,1,,,,,,,,,,,,,,
super_rugby_2026_waratahs_vs_fijian_drua_65866102.json,sr:sport_event:65866102,2026-02-20T08:35:00+00:00,Super Rugby,sr:competition:422,Super Rugby 2026,sr:season:137092,2026,league,regular season,2,Super Rugby Pacific 2026,Waratahs,sr:competitor:4186,WAR,Fijian Drua,sr:competitor:364712,FID,Allianz Stadium,Sydney,Australia,"-33.889167, 151.225278","Berry, Nic",Australia,100,2275838820,line_out_won,2026-02-20T09:01:58+00:00,27,26:08,away,Fijian Drua,15,-1,1,,,,,,,,,,,,,,
super_rugby_2026_waratahs_vs_fijian_drua_65866102.json,sr:sport_event:65866102,2026-02-20T08:35:00+00:00,Super Rugby,sr:competition:422,Super Rugby 2026,sr:season:137092,2026,league,regular season,2,Super Rugby Pacific 2026,Waratahs,sr:competitor:4186,WAR,Fijian Drua,sr:competitor:364712,FID,Allianz Stadium,Sydney,Australia,"-33.889167, 151.225278","Berry, Nic",Australia,101,2275838856,line_out,2026-02-20T09:02:01+00:00,27,26:12,away,Fijian Drua,13,-2,1,,,,,,,,,,,,,,
super_rugby_2026_waratahs_vs_fijian_drua_65866102.json,sr:sport_event:65866102,2026-02-20T08:35:00+00:00,Super Rugby,sr:competition:422,Super Rugby 2026,sr:season:137092,2026,league,regular season,2,Super Rugby Pacific 2026,Waratahs,sr:competitor:4186,WAR,Fijian Drua,sr:competitor:364712,FID,Allianz Stadium,Sydney,Australia,"-33.889167, 151.225278","Berry, Nic",Australia,102,2275839070,line_out_won,2026-02-20T09:02:16+00:00,27,26:27,away,Fijian Drua,13,-2,1,,,,,,,,,,,,,,
super_rugby_2026_waratahs_vs_fijian_drua_65866102.json,sr:sport_event:65866102,2026-02-20T08:35:00+00:00,Super Rugby,sr:competition:422,Super Rugby 2026,sr:season:137092,2026,league,regular season,2,Super Rugby Pacific 2026,Waratahs,sr:competitor:4186,WAR,Fijian Drua,sr:competitor:364712,FID,Allianz Stadium,Sydney,Australia,"-33.889167, 151.225278","Berry, Nic",Australia,103,2275839236,penalty_awarded,2026-02-20T09:02:37+00:00,27,26:48,away,Fijian Drua,13,-2,1,,,,,,,,,,,,,,
super_rugby_2026_waratahs_vs_fijian_drua_65866102.json,sr:sport_event:65866102,2026-02-20T08:35:00+00:00,Super Rugby,sr:competition:422,Super Rugby 2026,sr:season:137092,2026,league,regular season,2,Super Rugby Pacific 2026,Waratahs,sr:competitor:4186,WAR,Fijian Drua,sr:competitor:364712,FID,Allianz Stadium,Sydney,Australia,"-33.889167, 151.225278","Berry, Nic",Australia,104,2275839402,tap_and_go,2026-02-20T09:03:02+00:00,28,27:12,away,Fijian Drua,13,-2,1,,,,,,,,,,,,,,
super_rugby_2026_waratahs_vs_fijian_drua_65866102.json,sr:sport_event:65866102,2026-02-20T08:35:00+00:00,Super Rugby,sr:competition:422,Super Rugby 2026,sr:season:137092,2026,league,regular season,2,Super Rugby Pacific 2026,Waratahs,sr:competitor:4186,WAR,Fijian Drua,sr:competitor:364712,FID,Allianz Stadium,Sydney,Australia,"-33.889167, 151.225278","Berry, Nic",Australia,105,2275839524,turnover,2026-02-20T09:03:22+00:00,28,27:33,home,Waratahs,7,26,1,,,,,,,,,,,,,,
super_rugby_2026_waratahs_vs_fijian_drua_65866102.json,sr:sport_event:65866102,2026-02-20T08:35:00+00:00,Super Rugby,sr:competition:422,Super Rugby 2026,sr:season:137092,2026,league,regular season,2,Super Rugby Pacific 2026,Waratahs,sr:competitor:4186,WAR,Fijian Drua,sr:competitor:364712,FID,Allianz Stadium,Sydney,Australia,"-33.889167, 151.225278","Berry, Nic",Australia,106,2275839572,scrum,2026-02-20T09:03:27+00:00,28,27:38,home,Waratahs,9,26,1,,,,,,,,,,,,,,
super_rugby_2026_waratahs_vs_fijian_drua_65866102.json,sr:sport_event:65866102,2026-02-20T08:35:00+00:00,Super Rugby,sr:competition:422,Super Rugby 2026,sr:season:137092,2026,league,regular season,2,Super Rugby Pacific 2026,Waratahs,sr:competitor:4186,WAR,Fijian Drua,sr:competitor:364712,FID,Allianz Stadium,Sydney,Australia,"-33.889167, 151.225278","Berry, Nic",Australia,107,2275840060,scrum_won,2026-02-20T09:04:41+00:00,29,28:52,home,Waratahs,9,26,1,,,,,,,,,,,,,,
super_rugby_2026_waratahs_vs_fijian_drua_65866102.json,sr:sport_event:65866102,2026-02-20T08:35:00+00:00,Super Rugby,sr:competition:422,Super Rugby 2026,sr:season:137092,2026,league,regular season,2,Super Rugby Pacific 2026,Waratahs,sr:competitor:4186,WAR,Fijian Drua,sr:competitor:364712,FID,Allianz Stadium,Sydney,Australia,"-33.889167, 151.225278","Berry, Nic",Australia,108,2275840232,penalty_awarded,2026-02-20T09:05:13+00:00,30,29:25,home,Waratahs,21,20,1,,,,,,,,,,,,,,
super_rugby_2026_waratahs_vs_fijian_drua_65866102.json,sr:sport_event:65866102,2026-02-20T08:35:00+00:00,Super Rugby,sr:competition:422,Super Rugby 2026,sr:season:137092,2026,league,regular season,2,Super Rugby Pacific 2026,Waratahs,sr:competitor:4186,WAR,Fijian Drua,sr:competitor:364712,FID,Allianz Stadium,Sydney,Australia,"-33.889167, 151.225278","Berry, Nic",Australia,109,2275840538,kick_to_touch,2026-02-20T09:05:53+00:00,31,30:04,home,Waratahs,21,20,1,,,,,,,,,,,,,,
super_rugby_2026_waratahs_vs_fijian_drua_65866102.json,sr:sport_event:65866102,2026-02-20T08:35:00+00:00,Super Rugby,sr:competition:422,Super Rugby 2026,sr:season:137092,2026,league,regular season,2,Super Rugby Pacific 2026,Waratahs,sr:competitor:4186,WAR,Fijian Drua,sr:competitor:364712,FID,Allianz Stadium,Sydney,Australia,"-33.889167, 151.225278","Berry, Nic",Australia,110,2275841090,scrum,2026-02-20T09:06:59+00:00,32,31:09,away,Fijian Drua,60,45,1,,,,,,,,,,,,,,
super_rugby_2026_waratahs_vs_fijian_drua_65866102.json,sr:sport_event:65866102,2026-02-20T08:35:00+00:00,Super Rugby,sr:competition:422,Super Rugby 2026,sr:season:137092,2026,league,regular season,2,Super Rugby Pacific 2026,Waratahs,sr:competitor:4186,WAR,Fijian Drua,sr:competitor:364712,FID,Allianz Stadium,Sydney,Australia,"-33.889167, 151.225278","Berry, Nic",Australia,111,2275841226,scrum_won,2026-02-20T09:07:19+00:00,32,31:31,away,Fijian Drua,60,45,1,,,,,,,,,,,,,,
super_rugby_2026_waratahs_vs_fijian_drua_65866102.json,sr:sport_event:65866102,2026-02-20T08:35:00+00:00,Super Rugby,sr:competition:422,Super Rugby 2026,sr:season:137092,2026,league,regular season,2,Super Rugby Pacific 2026,Waratahs,sr:competitor:4186,WAR,Fijian Drua,sr:competitor:364712,FID,Allianz Stadium,Sydney,Australia,"-33.889167, 151.225278","Berry, Nic",Australia,112,2275841248,ball_recycled,2026-02-20T09:07:22+00:00,32,31:33,away,Fijian Drua,37,37,1,,,,,,,,,,,,,,
super_rugby_2026_waratahs_vs_fijian_drua_65866102.json,sr:sport_event:65866102,2026-02-20T08:35:00+00:00,Super Rugby,sr:competition:422,Super Rugby 2026,sr:season:137092,2026,league,regular season,2,Super Rugby Pacific 2026,Waratahs,sr:competitor:4186,WAR,Fijian Drua,sr:competitor:364712,FID,Allianz Stadium,Sydney,Australia,"-33.889167, 151.225278","Berry, Nic",Australia,113,2275841506,penalty_awarded,2026-02-20T09:08:09+00:00,33,32:21,away,Fijian Drua,22,23,1,,,,,,,,,,,,,,
super_rugby_2026_waratahs_vs_fijian_drua_65866102.json,sr:sport_event:65866102,2026-02-20T08:35:00+00:00,Super Rugby,sr:competition:422,Super Rugby 2026,sr:season:137092,2026,league,regular season,2,Super Rugby Pacific 2026,Waratahs,sr:competitor:4186,WAR,Fijian Drua,sr:competitor:364712,FID,Allianz Stadium,Sydney,Australia,"-33.889167, 151.225278","Berry, Nic",Australia,114,2275841926,score_change,2026-02-20T09:09:15+00:00,34,33:26,away,Fijian Drua,22,23,1,,,7,10,penalty,,,sr:player:2735981,"Armstrong-Ravula, Isaiah",,,,,"[{""id"": ""sr:player:2735981"", ""name"": ""Armstrong-Ravula, Isaiah"", ""type"": ""scorer""}]"
super_rugby_2026_waratahs_vs_fijian_drua_65866102.json,sr:sport_event:65866102,2026-02-20T08:35:00+00:00,Super Rugby,sr:competition:422,Super Rugby 2026,sr:season:137092,2026,league,regular season,2,Super Rugby Pacific 2026,Waratahs,sr:competitor:4186,WAR,Fijian Drua,sr:competitor:364712,FID,Allianz Stadium,Sydney,Australia,"-33.889167, 151.225278","Berry, Nic",Australia,115,2275842094,ball_kicked,2026-02-20T09:09:41+00:00,34,33:51,home,Waratahs,79,49,1,,,,,,,,,,,,,,
super_rugby_2026_waratahs_vs_fijian_drua_65866102.json,sr:sport_event:65866102,2026-02-20T08:35:00+00:00,Super Rugby,sr:competition:422,Super Rugby 2026,sr:season:137092,2026,league,regular season,2,Super Rugby Pacific 2026,Waratahs,sr:competitor:4186,WAR,Fijian Drua,sr:competitor:364712,FID,Allianz Stadium,Sydney,Australia,"-33.889167, 151.225278","Berry, Nic",Australia,116,2275842126,scrum,2026-02-20T09:09:46+00:00,34,33:57,home,Waratahs,81,50,1,,,,,,,,,,,,,,
super_rugby_2026_waratahs_vs_fijian_drua_65866102.json,sr:sport_event:65866102,2026-02-20T08:35:00+00:00,Super Rugby,sr:competition:422,Super Rugby 2026,sr:season:137092,2026,league,regular season,2,Super Rugby Pacific 2026,Waratahs,sr:competitor:4186,WAR,Fijian Drua,sr:competitor:364712,FID,Allianz Stadium,Sydney,Australia,"-33.889167, 151.225278","Berry, Nic",Australia,117,2275842520,scrum_won,2026-02-20T09:10:49+00:00,35,35:00,home,Waratahs,81,50,1,,,,,,,,,,,,,,
super_rugby_2026_waratahs_vs_fijian_drua_65866102.json,sr:sport_event:65866102,2026-02-20T08:35:00+00:00,Super Rugby,sr:competition:422,Super Rugby 2026,sr:season:137092,2026,league,regular season,2,Super Rugby Pacific 2026,Waratahs,sr:competitor:4186,WAR,Fijian Drua,sr:competitor:364712,FID,Allianz Stadium,Sydney,Australia,"-33.889167, 151.225278","Berry, Nic",Australia,118,2275842546,ball_recycled,2026-02-20T09:10:53+00:00,36,35:04,home,Waratahs,83,41,1,,,,,,,,,,,,,,
super_rugby_2026_waratahs_vs_fijian_drua_65866102.json,sr:sport_event:65866102,2026-02-20T08:35:00+00:00,Super Rugby,sr:competition:422,Super Rugby 2026,sr:season:137092,2026,league,regular season,2,Super Rugby Pacific 2026,Waratahs,sr:competitor:4186,WAR,Fijian Drua,sr:competitor:364712,FID,Allianz Stadium,Sydney,Australia,"-33.889167, 151.225278","Berry, Nic",Australia,119,2275842632,penalty_awarded,2026-02-20T09:11:08+00:00,36,35:18,home,Waratahs,92,33,1,,,,,,,,,,,,,,
super_rugby_2026_waratahs_vs_fijian_drua_65866102.json,sr:sport_event:65866102,2026-02-20T08:35:00+00:00,Super Rugby,sr:competition:422,Super Rugby 2026,sr:season:137092,2026,league,regular season,2,Super Rugby Pacific 2026,Waratahs,sr:competitor:4186,WAR,Fijian Drua,sr:competitor:364712,FID,Allianz Stadium,Sydney,Australia,"-33.889167, 151.225278","Berry, Nic",Australia,120,2275843026,scrum,2026-02-20T09:12:12+00:00,37,36:24,home,Waratahs,92,33,1,,,,,,,,,,,,,,
super_rugby_2026_waratahs_vs_fijian_drua_65866102.json,sr:sport_event:65866102,2026-02-20T08:35:00+00:00,Super Rugby,sr:competition:422,Super Rugby 2026,sr:season:137092,2026,league,regular season,2,Super Rugby Pacific 2026,Waratahs,sr:competitor:4186,WAR,Fijian Drua,sr:competitor:364712,FID,Allianz Stadium,Sydney,Australia,"-33.889167, 151.225278","Berry, Nic",Australia,121,2275843334,scrum_won,2026-02-20T09:12:32+00:00,37,36:42,home,Waratahs,81,32,1,,,,,,,,,,,,,,
super_rugby_2026_waratahs_vs_fijian_drua_65866102.json,sr:sport_event:65866102,2026-02-20T08:35:00+00:00,Super Rugby,sr:competition:422,Super Rugby 2026,sr:season:137092,2026,league,regular season,2,Super Rugby Pacific 2026,Waratahs,sr:competitor:4186,WAR,Fijian Drua,sr:competitor:364712,FID,Allianz Stadium,Sydney,Australia,"-33.889167, 151.225278","Berry, Nic",Australia,122,2275843472,score_change,2026-02-20T09:12:46+00:00,37,36:57,home,Waratahs,108,12,1,,,12,10,try,,,sr:player:2535551,"Jorgensen, Max",,,,,"[{""id"": ""sr:player:2535551"", ""name"": ""Jorgensen, Max"", ""type"": ""scorer""}]"
super_rugby_2026_waratahs_vs_fijian_drua_65866102.json,sr:sport_event:65866102,2026-02-20T08:35:00+00:00,Super Rugby,sr:competition:422,Super Rugby 2026,sr:season:137092,2026,league,regular season,2,Super Rugby Pacific 2026,Waratahs,sr:competitor:4186,WAR,Fijian Drua,sr:competitor:364712,FID,Allianz Stadium,Sydney,Australia,"-33.889167, 151.225278","Berry, Nic",Australia,123,2275844334,score_change,2026-02-20T09:13:56+00:00,39,38:06,home,Waratahs,80,12,1,,,14,10,conversion,,,sr:player:2290563,"Creighton, Lawson",,,,,"[{""id"": ""sr:player:2290563"", ""name"": ""Creighton, Lawson"", ""type"": ""scorer""}]"
super_rugby_2026_waratahs_vs_fijian_drua_65866102.json,sr:sport_event:65866102,2026-02-20T08:35:00+00:00,Super Rugby,sr:competition:422,Super Rugby 2026,sr:season:137092,2026,league,regular season,2,Super Rugby Pacific 2026,Waratahs,sr:competitor:4186,WAR,Fijian Drua,sr:competitor:364712,FID,Allianz Stadium,Sydney,Australia,"-33.889167, 151.225278","Berry, Nic",Australia,124,2275845244,ball_kicked,2026-02-20T09:14:41+00:00,39,38:51,away,Fijian Drua,35,19,1,,,,,,,,,,,,,,
super_rugby_2026_waratahs_vs_fijian_drua_65866102.json,sr:sport_event:65866102,2026-02-20T08:35:00+00:00,Super Rugby,sr:competition:422,Super Rugby 2026,sr:season:137092,2026,league,regular season,2,Super Rugby Pacific 2026,Waratahs,sr:competitor:4186,WAR,Fijian Drua,sr:competitor:364712,FID,Allianz Stadium,Sydney,Australia,"-33.889167, 151.225278","Berry, Nic",Australia,125,2275845476,ball_recycled,2026-02-20T09:14:49+00:00,39,39:00,home,Waratahs,47,18,1,,,,,,,,,,,,,,
super_rugby_2026_waratahs_vs_fijian_drua_65866102.json,sr:sport_event:65866102,2026-02-20T08:35:00+00:00,Super Rugby,sr:competition:422,Super Rugby 2026,sr:season:137092,2026,league,regular season,2,Super Rugby Pacific 2026,Waratahs,sr:competitor:4186,WAR,Fijian Drua,sr:competitor:364712,FID,Allianz Stadium,Sydney,Australia,"-33.889167, 151.225278","Berry, Nic",Australia,126,2275845524,ball_kicked,2026-02-20T09:14:55+00:00,40,39:06,home,Waratahs,77,13,1,,,,,,,,,,,,,,
super_rugby_2026_waratahs_vs_fijian_drua_65866102.json,sr:sport_event:65866102,2026-02-20T08:35:00+00:00,Super Rugby,sr:competition:422,Super Rugby 2026,sr:season:137092,2026,league,regular season,2,Super Rugby Pacific 2026,Waratahs,sr:competitor:4186,WAR,Fijian Drua,sr:competitor:364712,FID,Allianz Stadium,Sydney,Australia,"-33.889167, 151.225278","Berry, Nic",Australia,127,2275845896,ball_kicked,2026-02-20T09:15:03+00:00,40,39:13,away,Fijian Drua,50,9,1,,,,,,,,,,,,,,
super_rugby_2026_waratahs_vs_fijian_drua_65866102.json,sr:sport_event:65866102,2026-02-20T08:35:00+00:00,Super Rugby,sr:competition:422,Super Rugby 2026,sr:season:137092,2026,league,regular season,2,Super Rugby Pacific 2026,Waratahs,sr:competitor:4186,WAR,Fijian Drua,sr:competitor:364712,FID,Allianz Stadium,Sydney,Australia,"-33.889167, 151.225278","Berry, Nic",Australia,128,2275846286,ball_recycled,2026-02-20T09:15:17+00:00,40,39:27,home,Waratahs,56,48,1,,,,,,,,,,,,,,
super_rugby_2026_waratahs_vs_fijian_drua_65866102.json,sr:sport_event:65866102,2026-02-20T08:35:00+00:00,Super Rugby,sr:competition:422,Super Rugby 2026,sr:season:137092,2026,league,regular season,2,Super Rugby Pacific 2026,Waratahs,sr:competitor:4186,WAR,Fijian Drua,sr:competitor:364712,FID,Allianz Stadium,Sydney,Australia,"-33.889167, 151.225278","Berry, Nic",Australia,129,2275846326,ball_recycled,2026-02-20T09:15:26+00:00,40,39:38,home,Waratahs,59,47,1,,,,,,,,,,,,,,
super_rugby_2026_waratahs_vs_fijian_drua_65866102.json,sr:sport_event:65866102,2026-02-20T08:35:00+00:00,Super Rugby,sr:competition:422,Super Rugby 2026,sr:season:137092,2026,league,regular season,2,Super Rugby Pacific 2026,Waratahs,sr:competitor:4186,WAR,Fijian Drua,sr:competitor:364712,FID,Allianz Stadium,Sydney,Australia,"-33.889167, 151.225278","Berry, Nic",Australia,130,2275848138,period_score,2026-02-20T09:17:29+00:00,,,,,,,1,,,14,10,,,,,,,,,,
super_rugby_2026_waratahs_vs_fijian_drua_65866102.json,sr:sport_event:65866102,2026-02-20T08:35:00+00:00,Super Rugby,sr:competition:422,Super Rugby 2026,sr:season:137092,2026,league,regular season,2,Super Rugby Pacific 2026,Waratahs,sr:competitor:4186,WAR,Fijian Drua,sr:competitor:364712,FID,Allianz Stadium,Sydney,Australia,"-33.889167, 151.225278","Berry, Nic",Australia,131,2275848140,break_start,2026-02-20T09:17:29+00:00,,,,,,,,,pause,,,,,,,,,,,,
super_rugby_2026_waratahs_vs_fijian_drua_65866102.json,sr:sport_event:65866102,2026-02-20T08:35:00+00:00,Super Rugby,sr:competition:422,Super Rugby 2026,sr:season:137092,2026,league,regular season,2,Super Rugby Pacific 2026,Waratahs,sr:competitor:4186,WAR,Fijian Drua,sr:competitor:364712,FID,Allianz Stadium,Sydney,Australia,"-33.889167, 151.225278","Berry, Nic",Australia,132,2275854966,period_start,2026-02-20T09:32:47+00:00,,,,,,,2,2nd_half,,,,,,,,,,,,,
super_rugby_2026_waratahs_vs_fijian_drua_65866102.json,sr:sport_event:65866102,2026-02-20T08:35:00+00:00,Super Rugby,sr:competition:422,Super Rugby 2026,sr:season:137092,2026,league,regular season,2,Super Rugby Pacific 2026,Waratahs,sr:competitor:4186,WAR,Fijian Drua,sr:competitor:364712,FID,Allianz Stadium,Sydney,Australia,"-33.889167, 151.225278","Berry, Nic",Australia,133,2275854990,turnover,2026-02-20T09:32:51+00:00,41,40:04,away,Fijian Drua,42,16,2,,,,,,,,,,,,,,
super_rugby_2026_waratahs_vs_fijian_drua_65866102.json,sr:sport_event:65866102,2026-02-20T08:35:00+00:00,Super Rugby,sr:competition:422,Super Rugby 2026,sr:season:137092,2026,league,regular season,2,Super Rugby Pacific 2026,Waratahs,sr:competitor:4186,WAR,Fijian Drua,sr:competitor:364712,FID,Allianz Stadium,Sydney,Australia,"-33.889167, 151.225278","Berry, Nic",Australia,134,2275854994,ball_kicked,2026-02-20T09:32:51+00:00,41,40:04,away,Fijian Drua,42,16,2,,,,,,,,,,,,,,
super_rugby_2026_waratahs_vs_fijian_drua_65866102.json,sr:sport_event:65866102,2026-02-20T08:35:00+00:00,Super Rugby,sr:competition:422,Super Rugby 2026,sr:season:137092,2026,league,regular season,2,Super Rugby Pacific 2026,Waratahs,sr:competitor:4186,WAR,Fijian Drua,sr:competitor:364712,FID,Allianz Stadium,Sydney,Australia,"-33.889167, 151.225278","Berry, Nic",Australia,135,2275855140,ball_recycled,2026-02-20T09:33:10+00:00,41,40:22,home,Waratahs,43,18,2,,,,,,,,,,,,,,
super_rugby_2026_waratahs_vs_fijian_drua_65866102.json,sr:sport_event:65866102,2026-02-20T08:35:00+00:00,Super Rugby,sr:competition:422,Super Rugby 2026,sr:season:137092,2026,league,regular season,2,Super Rugby Pacific 2026,Waratahs,sr:competitor:4186,WAR,Fijian Drua,sr:competitor:364712,FID,Allianz Stadium,Sydney,Australia,"-33.889167, 151.225278","Berry, Nic",Australia,136,2275855182,ball_kicked,2026-02-20T09:33:16+00:00,41,40:28,home,Waratahs,66,12,2,,,,,,,,,,,,,,
super_rugby_2026_waratahs_vs_fijian_drua_65866102.json,sr:sport_event:65866102,2026-02-20T08:35:00+00:00,Super Rugby,sr:competition:422,Super Rugby 2026,sr:season:137092,2026,league,regular season,2,Super Rugby Pacific 2026,Waratahs,sr:competitor:4186,WAR,Fijian Drua,sr:competitor:364712,FID,Allianz Stadium,Sydney,Australia,"-33.889167, 151.225278","Berry, Nic",Australia,137,2275855638,scrum,2026-02-20T09:34:19+00:00,42,41:30,away,Fijian Drua,63,16,2,,,,,,,,,,,,,,
super_rugby_2026_waratahs_vs_fijian_drua_65866102.json,sr:sport_event:65866102,2026-02-20T08:35:00+00:00,Super Rugby,sr:competition:422,Super Rugby 2026,sr:season:137092,2026,league,regular season,2,Super Rugby Pacific 2026,Waratahs,sr:competitor:4186,WAR,Fijian Drua,sr:competitor:364712,FID,Allianz Stadium,Sydney,Australia,"-33.889167, 151.225278","Berry, Nic",Australia,138,2275855970,scrum_won,2026-02-20T09:35:07+00:00,43,42:19,away,Fijian Drua,63,16,2,,,,,,,,,,,,,,
super_rugby_2026_waratahs_vs_fijian_drua_65866102.json,sr:sport_event:65866102,2026-02-20T08:35:00+00:00,Super Rugby,sr:competition:422,Super Rugby 2026,sr:season:137092,2026,league,regular season,2,Super Rugby Pacific 2026,Waratahs,sr:competitor:4186,WAR,Fijian Drua,sr:competitor:364712,FID,Allianz Stadium,Sydney,Australia,"-33.889167, 151.225278","Berry, Nic",Australia,139,2275856040,turnover,2026-02-20T09:35:15+00:00,43,42:27,home,Waratahs,54,27,2,,,,,,,,,,,,,,
super_rugby_2026_waratahs_vs_fijian_drua_65866102.json,sr:sport_event:65866102,2026-02-20T08:35:00+00:00,Super Rugby,sr:competition:422,Super Rugby 2026,sr:season:137092,2026,league,regular season,2,Super Rugby Pacific 2026,Waratahs,sr:competitor:4186,WAR,Fijian Drua,sr:competitor:364712,FID,Allianz Stadium,Sydney,Australia,"-33.889167, 151.225278","Berry, Nic",Australia,140,2275856084,turnover,2026-02-20T09:35:20+00:00,43,42:33,away,Fijian Drua,62,17,2,,,,,,,,,,,,,,
super_rugby_2026_waratahs_vs_fijian_drua_65866102.json,sr:sport_event:65866102,2026-02-20T08:35:00+00:00,Super Rugby,sr:competition:422,Super Rugby 2026,sr:season:137092,2026,league,regular season,2,Super Rugby Pacific 2026,Waratahs,sr:competitor:4186,WAR,Fijian Drua,sr:competitor:364712,FID,Allianz Stadium,Sydney,Australia,"-33.889167, 151.225278","Berry, Nic",Australia,141,2275856092,ball_recycled,2026-02-20T09:35:21+00:00,43,42:34,away,Fijian Drua,62,17,2,,,,,,,,,,,,,,
super_rugby_2026_waratahs_vs_fijian_drua_65866102.json,sr:sport_event:65866102,2026-02-20T08:35:00+00:00,Super Rugby,sr:competition:422,Super Rugby 2026,sr:season:137092,2026,league,regular season,2,Super Rugby Pacific 2026,Waratahs,sr:competitor:4186,WAR,Fijian Drua,sr:competitor:364712,FID,Allianz Stadium,Sydney,Australia,"-33.889167, 151.225278","Berry, Nic",Australia,142,2275856124,ball_kicked,2026-02-20T09:35:24+00:00,43,42:37,away,Fijian Drua,39,13,2,,,,,,,,,,,,,,
super_rugby_2026_waratahs_vs_fijian_drua_65866102.json,sr:sport_event:65866102,2026-02-20T08:35:00+00:00,Super Rugby,sr:competition:422,Super Rugby 2026,sr:season:137092,2026,league,regular season,2,Super Rugby Pacific 2026,Waratahs,sr:competitor:4186,WAR,Fijian Drua,sr:competitor:364712,FID,Allianz Stadium,Sydney,Australia,"-33.889167, 151.225278","Berry, Nic",Australia,143,2275856192,turnover,2026-02-20T09:35:33+00:00,43,42:45,away,Fijian Drua,38,18,2,,,,,,,,,,,,,,
super_rugby_2026_waratahs_vs_fijian_drua_65866102.json,sr:sport_event:65866102,2026-02-20T08:35:00+00:00,Super Rugby,sr:competition:422,Super Rugby 2026,sr:season:137092,2026,league,regular season,2,Super Rugby Pacific 2026,Waratahs,sr:competitor:4186,WAR,Fijian Drua,sr:competitor:364712,FID,Allianz Stadium,Sydney,Australia,"-33.889167, 151.225278","Berry, Nic",Australia,144,2275856222,ball_recycled,2026-02-20T09:35:36+00:00,43,42:47,away,Fijian Drua,39,19,2,,,,,,,,,,,,,,
super_rugby_2026_waratahs_vs_fijian_drua_65866102.json,sr:sport_event:65866102,2026-02-20T08:35:00+00:00,Super Rugby,sr:competition:422,Super Rugby 2026,sr:season:137092,2026,league,regular season,2,Super Rugby Pacific 2026,Waratahs,sr:competitor:4186,WAR,Fijian Drua,sr:competitor:364712,FID,Allianz Stadium,Sydney,Australia,"-33.889167, 151.225278","Berry, Nic",Australia,145,2275856366,ball_kicked,2026-02-20T09:35:53+00:00,44,43:05,away,Fijian Drua,37,55,2,,,,,,,,,,,,,,
super_rugby_2026_waratahs_vs_fijian_drua_65866102.json,sr:sport_event:65866102,2026-02-20T08:35:00+00:00,Super Rugby,sr:competition:422,Super Rugby 2026,sr:season:137092,2026,league,regular season,2,Super Rugby Pacific 2026,Waratahs,sr:competitor:4186,WAR,Fijian Drua,sr:competitor:364712,FID,Allianz Stadium,Sydney,Australia,"-33.889167, 151.225278","Berry, Nic",Australia,146,2275856614,turnover,2026-02-20T09:36:30+00:00,44,43:43,away,Fijian Drua,40,43,2,,,,,,,,,,,,,,
super_rugby_2026_waratahs_vs_fijian_drua_65866102.json,sr:sport_event:65866102,2026-02-20T08:35:00+00:00,Super Rugby,sr:competition:422,Super Rugby 2026,sr:season:137092,2026,league,regular season,2,Super Rugby Pacific 2026,Waratahs,sr:competitor:4186,WAR,Fijian Drua,sr:competitor:364712,FID,Allianz Stadium,Sydney,Australia,"-33.889167, 151.225278","Berry, Nic",Australia,147,2275856676,ball_kicked,2026-02-20T09:36:37+00:00,44,43:51,away,Fijian Drua,40,43,2,,,,,,,,,,,,,,
super_rugby_2026_waratahs_vs_fijian_drua_65866102.json,sr:sport_event:65866102,2026-02-20T08:35:00+00:00,Super Rugby,sr:competition:422,Super Rugby 2026,sr:season:137092,2026,league,regular season,2,Super Rugby Pacific 2026,Waratahs,sr:competitor:4186,WAR,Fijian Drua,sr:competitor:364712,FID,Allianz Stadium,Sydney,Australia,"-33.889167, 151.225278","Berry, Nic",Australia,148,2275856694,penalty_awarded,2026-02-20T09:36:40+00:00,44,43:54,away,Fijian Drua,37,46,2,,,,,,,,,,,,,,
super_rugby_2026_waratahs_vs_fijian_drua_65866102.json,sr:sport_event:65866102,2026-02-20T08:35:00+00:00,Super Rugby,sr:competition:422,Super Rugby 2026,sr:season:137092,2026,league,regular season,2,Super Rugby Pacific 2026,Waratahs,sr:competitor:4186,WAR,Fijian Drua,sr:competitor:364712,FID,Allianz Stadium,Sydney,Australia,"-33.889167, 151.225278","Berry, Nic",Australia,149,2275856858,score_change,2026-02-20T09:37:05+00:00,45,44:19,away,Fijian Drua,37,46,2,,,14,13,penalty,,,sr:player:2735981,"Armstrong-Ravula, Isaiah",,,,,"[{""id"": ""sr:player:2735981"", ""name"": ""Armstrong-Ravula, Isaiah"", ""type"": ""scorer""}]"
super_rugby_2026_waratahs_vs_fijian_drua_65866102.json,sr:sport_event:65866102,2026-02-20T08:35:00+00:00,Super Rugby,sr:competition:422,Super Rugby 2026,sr:season:137092,2026,league,regular season,2,Super Rugby Pacific 2026,Waratahs,sr:competitor:4186,WAR,Fijian Drua,sr:competitor:364712,FID,Allianz Stadium,Sydney,Australia,"-33.889167, 151.225278","Berry, Nic",Australia,150,2275857042,ball_kicked,2026-02-20T09:37:31+00:00,45,44:45,home,Waratahs,76,54,2,,,,,,,,,,,,,,
super_rugby_2026_waratahs_vs_fijian_drua_65866102.json,sr:sport_event:65866102,2026-02-20T08:35:00+00:00,Super Rugby,sr:competition:422,Super Rugby 2026,sr:season:137092,2026,league,regular season,2,Super Rugby Pacific 2026,Waratahs,sr:competitor:4186,WAR,Fijian Drua,sr:competitor:364712,FID,Allianz Stadium,Sydney,Australia,"-33.889167, 151.225278","Berry, Nic",Australia,151,2275857192,ball_recycled,2026-02-20T09:37:50+00:00,46,45:03,away,Fijian Drua,80,53,2,,,,,,,,,,,,,,
super_rugby_2026_waratahs_vs_fijian_drua_65866102.json,sr:sport_event:65866102,2026-02-20T08:35:00+00:00,Super Rugby,sr:competition:422,Super Rugby 2026,sr:season:137092,2026,league,regular season,2,Super Rugby Pacific 2026,Waratahs,sr:competitor:4186,WAR,Fijian Drua,sr:competitor:364712,FID,Allianz Stadium,Sydney,Australia,"-33.889167, 151.225278","Berry, Nic",Australia,152,2275857358,ball_recycled,2026-02-20T09:38:13+00:00,46,45:25,away,Fijian Drua,67,54,2,,,,,,,,,,,,,,
super_rugby_2026_waratahs_vs_fijian_drua_65866102.json,sr:sport_event:65866102,2026-02-20T08:35:00+00:00,Super Rugby,sr:competition:422,Super Rugby 2026,sr:season:137092,2026,league,regular season,2,Super Rugby Pacific 2026,Waratahs,sr:competitor:4186,WAR,Fijian Drua,sr:competitor:364712,FID,Allianz Stadium,Sydney,Australia,"-33.889167, 151.225278","Berry, Nic",Australia,153,2275857386,penalty_awarded,2026-02-20T09:38:16+00:00,46,45:29,away,Fijian Drua,67,54,2,,,,,,,,,,,,,,
super_rugby_2026_waratahs_vs_fijian_drua_65866102.json,sr:sport_event:65866102,2026-02-20T08:35:00+00:00,Super Rugby,sr:competition:422,Super Rugby 2026,sr:season:137092,2026,league,regular season,2,Super Rugby Pacific 2026,Waratahs,sr:competitor:4186,WAR,Fijian Drua,sr:competitor:364712,FID,Allianz Stadium,Sydney,Australia,"-33.889167, 151.225278","Berry, Nic",Australia,154,2275857888,scrum,2026-02-20T09:39:26+00:00,47,46:40,away,Fijian Drua,62,46,2,,,,,,,,,,,,,,
super_rugby_2026_waratahs_vs_fijian_drua_65866102.json,sr:sport_event:65866102,2026-02-20T08:35:00+00:00,Super Rugby,sr:competition:422,Super Rugby 2026,sr:season:137092,2026,league,regular season,2,Super Rugby Pacific 2026,Waratahs,sr:competitor:4186,WAR,Fijian Drua,sr:competitor:364712,FID,Allianz Stadium,Sydney,Australia,"-33.889167, 151.225278","Berry, Nic",Australia,155,2275857938,scrum_won,2026-02-20T09:39:34+00:00,47,46:47,home,Waratahs,63,48,2,,,,,,,,,,,,,,
super_rugby_2026_waratahs_vs_fijian_drua_65866102.json,sr:sport_event:65866102,2026-02-20T08:35:00+00:00,Super Rugby,sr:competition:422,Super Rugby 2026,sr:season:137092,2026,league,regular season,2,Super Rugby Pacific 2026,Waratahs,sr:competitor:4186,WAR,Fijian Drua,sr:competitor:364712,FID,Allianz Stadium,Sydney,Australia,"-33.889167, 151.225278","Berry, Nic",Australia,156,2275857980,penalty_awarded,2026-02-20T09:39:40+00:00,47,46:53,home,Waratahs,64,45,2,,,,,,,,,,,,,,
super_rugby_2026_waratahs_vs_fijian_drua_65866102.json,sr:sport_event:65866102,2026-02-20T08:35:00+00:00,Super Rugby,sr:competition:422,Super Rugby 2026,sr:season:137092,2026,league,regular season,2,Super Rugby Pacific 2026,Waratahs,sr:competitor:4186,WAR,Fijian Drua,sr:competitor:364712,FID,Allianz Stadium,Sydney,Australia,"-33.889167, 151.225278","Berry, Nic",Australia,157,2275858244,tap_and_go,2026-02-20T09:40:14+00:00,48,47:27,home,Waratahs,64,45,2,,,,,,,,,,,,,,
super_rugby_2026_waratahs_vs_fijian_drua_65866102.json,sr:sport_event:65866102,2026-02-20T08:35:00+00:00,Super Rugby,sr:competition:422,Super Rugby 2026,sr:season:137092,2026,league,regular season,2,Super Rugby Pacific 2026,Waratahs,sr:competitor:4186,WAR,Fijian Drua,sr:competitor:364712,FID,Allianz Stadium,Sydney,Australia,"-33.889167, 151.225278","Berry, Nic",Australia,158,2275858390,turnover,2026-02-20T09:40:33+00:00,48,47:46,away,Fijian Drua,103,22,2,,,,,,,,,,,,,,
super_rugby_2026_waratahs_vs_fijian_drua_65866102.json,sr:sport_event:65866102,2026-02-20T08:35:00+00:00,Super Rugby,sr:competition:422,Super Rugby 2026,sr:season:137092,2026,league,regular season,2,Super Rugby Pacific 2026,Waratahs,sr:competitor:4186,WAR,Fijian Drua,sr:competitor:364712,FID,Allianz Stadium,Sydney,Australia,"-33.889167, 151.225278","Berry, Nic",Australia,159,2275858668,ball_kicked,2026-02-20T09:41:16+00:00,49,48:28,away,Fijian Drua,55,37,2,,,,,,,,,,,,,,
super_rugby_2026_waratahs_vs_fijian_drua_65866102.json,sr:sport_event:65866102,2026-02-20T08:35:00+00:00,Super Rugby,sr:competition:422,Super Rugby 2026,sr:season:137092,2026,league,regular season,2,Super Rugby Pacific 2026,Waratahs,sr:competitor:4186,WAR,Fijian Drua,sr:competitor:364712,FID,Allianz Stadium,Sydney,Australia,"-33.889167, 151.225278","Berry, Nic",Australia,160,2275859398,substitution,2026-02-20T09:43:04+00:00,50,49:35,home,Waratahs,,,2,,,,,,,,,,sr:player:2117340,"Lambert, Tom",sr:player:2311847,"Kailea, Isaac Aedo","[{""id"": ""sr:player:2117340"", ""name"": ""Lambert, Tom"", ""type"": ""substituted_out""}, {""id"": ""sr:player:2311847"", ""name"": ""Kailea, Isaac Aedo"", ""type"": ""substituted_in""}]"
super_rugby_2026_waratahs_vs_fijian_drua_65866102.json,sr:sport_event:65866102,2026-02-20T08:35:00+00:00,Super Rugby,sr:competition:422,Super Rugby 2026,sr:season:137092,2026,league,regular season,2,Super Rugby Pacific 2026,Waratahs,sr:competitor:4186,WAR,Fijian Drua,sr:competitor:364712,FID,Allianz Stadium,Sydney,Australia,"-33.889167, 151.225278","Berry, Nic",Australia,161,2275859406,substitution,2026-02-20T09:43:05+00:00,50,49:35,home,Waratahs,,,2,,,,,,,,,,sr:player:2272957,"Amatosero, Miles",sr:player:2533555,"Amone, Siosifa","[{""id"": ""sr:player:2272957"", ""name"": ""Amatosero, Miles"", ""type"": ""substituted_out""}, {""id"": ""sr:player:2533555"", ""name"": ""Amone, Siosifa"", ""type"": ""substituted_in""}]"
super_rugby_2026_waratahs_vs_fijian_drua_65866102.json,sr:sport_event:65866102,2026-02-20T08:35:00+00:00,Super Rugby,sr:competition:422,Super Rugby 2026,sr:season:137092,2026,league,regular season,2,Super Rugby Pacific 2026,Waratahs,sr:competitor:4186,WAR,Fijian Drua,sr:competitor:364712,FID,Allianz Stadium,Sydney,Australia,"-33.889167, 151.225278","Berry, Nic",Australia,162,2275859430,ball_recycled,2026-02-20T09:43:08+00:00,50,49:38,home,Waratahs,73,40,2,,,,,,,,,,,,,,
super_rugby_2026_waratahs_vs_fijian_drua_65866102.json,sr:sport_event:65866102,2026-02-20T08:35:00+00:00,Super Rugby,sr:competition:422,Super Rugby 2026,sr:season:137092,2026,league,regular season,2,Super Rugby Pacific 2026,Waratahs,sr:competitor:4186,WAR,Fijian Drua,sr:competitor:364712,FID,Allianz Stadium,Sydney,Australia,"-33.889167, 151.225278","Berry, Nic",Australia,163,2275859522,penalty_awarded,2026-02-20T09:43:21+00:00,50,49:53,home,Waratahs,77,37,2,,,,,,,,,,,,,,
super_rugby_2026_waratahs_vs_fijian_drua_65866102.json,sr:sport_event:65866102,2026-02-20T08:35:00+00:00,Super Rugby,sr:competition:422,Super Rugby 2026,sr:season:137092,2026,league,regular season,2,Super Rugby Pacific 2026,Waratahs,sr:competitor:4186,WAR,Fijian Drua,sr:competitor:364712,FID,Allianz Stadium,Sydney,Australia,"-33.889167, 151.225278","Berry, Nic",Australia,164,2275859532,tap_and_go,2026-02-20T09:43:22+00:00,50,49:54,home,Waratahs,77,37,2,,,,,,,,,,,,,,
super_rugby_2026_waratahs_vs_fijian_drua_65866102.json,sr:sport_event:65866102,2026-02-20T08:35:00+00:00,Super Rugby,sr:competition:422,Super Rugby 2026,sr:season:137092,2026,league,regular season,2,Super Rugby Pacific 2026,Waratahs,sr:competitor:4186,WAR,Fijian Drua,sr:competitor:364712,FID,Allianz Stadium,Sydney,Australia,"-33.889167, 151.225278","Berry, Nic",Australia,165,2275859738,score_change,2026-02-20T09:43:52+00:00,51,50:23,home,Waratahs,108,30,2,,,19,13,try,,,sr:player:2573399,"Moananu, Ioane",,,,,"[{""id"": ""sr:player:2573399"", ""name"": ""Moananu, Ioane"", ""type"": ""scorer""}]"
super_rugby_2026_waratahs_vs_fijian_drua_65866102.json,sr:sport_event:65866102,2026-02-20T08:35:00+00:00,Super Rugby,sr:competition:422,Super Rugby 2026,sr:season:137092,2026,league,regular season,2,Super Rugby Pacific 2026,Waratahs,sr:competitor:4186,WAR,Fijian Drua,sr:competitor:364712,FID,Allianz Stadium,Sydney,Australia,"-33.889167, 151.225278","Berry, Nic",Australia,166,2275860122,score_change,2026-02-20T09:44:50+00:00,52,51:21,home,Waratahs,71,29,2,,,21,13,conversion,,,sr:player:2290563,"Creighton, Lawson",,,,,"[{""id"": ""sr:player:2290563"", ""name"": ""Creighton, Lawson"", ""type"": ""scorer""}]"
super_rugby_2026_waratahs_vs_fijian_drua_65866102.json,sr:sport_event:65866102,2026-02-20T08:35:00+00:00,Super Rugby,sr:competition:422,Super Rugby 2026,sr:season:137092,2026,league,regular season,2,Super Rugby Pacific 2026,Waratahs,sr:competitor:4186,WAR,Fijian Drua,sr:competitor:364712,FID,Allianz Stadium,Sydney,Australia,"-33.889167, 151.225278","Berry, Nic",Australia,167,2275860334,substitution,2026-02-20T09:45:09+00:00,52,51:39,home,Waratahs,,,2,,,,,,,,,,sr:player:2743273,"Dobbins, Ethan",sr:player:2573399,"Moananu, Ioane","[{""id"": ""sr:player:2743273"", ""name"": ""Dobbins, Ethan"", ""type"": ""substituted_out""}, {""id"": ""sr:player:2573399"", ""name"": ""Moananu, Ioane"", ""type"": ""substituted_in""}]"
super_rugby_2026_waratahs_vs_fijian_drua_65866102.json,sr:sport_event:65866102,2026-02-20T08:35:00+00:00,Super Rugby,sr:competition:422,Super Rugby 2026,sr:season:137092,2026,league,regular season,2,Super Rugby Pacific 2026,Waratahs,sr:competitor:4186,WAR,Fijian Drua,sr:competitor:364712,FID,Allianz Stadium,Sydney,Australia,"-33.889167, 151.225278","Berry, Nic",Australia,168,2275860604,ball_kicked,2026-02-20T09:45:36+00:00,52,51:54,away,Fijian Drua,39,26,2,,,,,,,,,,,,,,
super_rugby_2026_waratahs_vs_fijian_drua_65866102.json,sr:sport_event:65866102,2026-02-20T08:35:00+00:00,Super Rugby,sr:competition:422,Super Rugby 2026,sr:season:137092,2026,league,regular season,2,Super Rugby Pacific 2026,Waratahs,sr:competitor:4186,WAR,Fijian Drua,sr:competitor:364712,FID,Allianz Stadium,Sydney,Australia,"-33.889167, 151.225278","Berry, Nic",Australia,169,2275860828,substitution,2026-02-20T09:46:05+00:00,53,52:23,away,Fijian Drua,,,2,,,,,,,,,,sr:player:2886491,"Loganimasi, Ponepati",sr:player:1080186,"Mataele, Manasa Moala","[{""id"": ""sr:player:2886491"", ""name"": ""Loganimasi, Ponepati"", ""type"": ""substituted_out""}, {""id"": ""sr:player:1080186"", ""name"": ""Mataele, Manasa Moala"", ""type"": ""substituted_in""}]"
super_rugby_2026_waratahs_vs_fijian_drua_65866102.json,sr:sport_event:65866102,2026-02-20T08:35:00+00:00,Super Rugby,sr:competition:422,Super Rugby 2026,sr:season:137092,2026,league,regular season,2,Super Rugby Pacific 2026,Waratahs,sr:competitor:4186,WAR,Fijian Drua,sr:competitor:364712,FID,Allianz Stadium,Sydney,Australia,"-33.889167, 151.225278","Berry, Nic",Australia,170,2275861328,ball_recycled,2026-02-20T09:47:07+00:00,54,53:25,home,Waratahs,66,40,2,,,,,,,,,,,,,,
super_rugby_2026_waratahs_vs_fijian_drua_65866102.json,sr:sport_event:65866102,2026-02-20T08:35:00+00:00,Super Rugby,sr:competition:422,Super Rugby 2026,sr:season:137092,2026,league,regular season,2,Super Rugby Pacific 2026,Waratahs,sr:competitor:4186,WAR,Fijian Drua,sr:competitor:364712,FID,Allianz Stadium,Sydney,Australia,"-33.889167, 151.225278","Berry, Nic",Australia,171,2275861600,penalty_awarded,2026-02-20T09:47:43+00:00,55,54:01,home,Waratahs,83,29,2,,,,,,,,,,,,,,
super_rugby_2026_waratahs_vs_fijian_drua_65866102.json,sr:sport_event:65866102,2026-02-20T08:35:00+00:00,Super Rugby,sr:competition:422,Super Rugby 2026,sr:season:137092,2026,league,regular season,2,Super Rugby Pacific 2026,Waratahs,sr:competitor:4186,WAR,Fijian Drua,sr:competitor:364712,FID,Allianz Stadium,Sydney,Australia,"-33.889167, 151.225278","Berry, Nic",Australia,172,2275862078,ball_recycled,2026-02-20T09:48:47+00:00,56,55:05,home,Waratahs,97,53,2,,,,,,,,,,,,,,
super_rugby_2026_waratahs_vs_fijian_drua_65866102.json,sr:sport_event:65866102,2026-02-20T08:35:00+00:00,Super Rugby,sr:competition:422,Super Rugby 2026,sr:season:137092,2026,league,regular season,2,Super Rugby Pacific 2026,Waratahs,sr:competitor:4186,WAR,Fijian Drua,sr:competitor:364712,FID,Allianz Stadium,Sydney,Australia,"-33.889167, 151.225278","Berry, Nic",Australia,173,2275862292,substitution,2026-02-20T09:49:18+00:00,56,55:36,home,Waratahs,,,2,,,,,,,,,,sr:player:2911959,"Halaholo, Clem",sr:player:2911975,"Talataina, Leafi","[{""id"": ""sr:player:2911959"", ""name"": ""Halaholo, Clem"", ""type"": ""substituted_out""}, {""id"": ""sr:player:2911975"", ""name"": ""Talataina, Leafi"", ""type"": ""substituted_in""}]"
super_rugby_2026_waratahs_vs_fijian_drua_65866102.json,sr:sport_event:65866102,2026-02-20T08:35:00+00:00,Super Rugby,sr:competition:422,Super Rugby 2026,sr:season:137092,2026,league,regular season,2,Super Rugby Pacific 2026,Waratahs,sr:competitor:4186,WAR,Fijian Drua,sr:competitor:364712,FID,Allianz Stadium,Sydney,Australia,"-33.889167, 151.225278","Berry, Nic",Australia,174,2275862304,substitution,2026-02-20T09:49:19+00:00,56,55:36,home,Waratahs,,,2,,,,,,,,,,sr:player:1989091,"Potter, Harry",sr:player:762214,"Debreczeni, Jack","[{""id"": ""sr:player:1989091"", ""name"": ""Potter, Harry"", ""type"": ""substituted_out""}, {""id"": ""sr:player:762214"", ""name"": ""Debreczeni, Jack"", ""type"": ""substituted_in""}]"
super_rugby_2026_waratahs_vs_fijian_drua_65866102.json,sr:sport_event:65866102,2026-02-20T08:35:00+00:00,Super Rugby,sr:competition:422,Super Rugby 2026,sr:season:137092,2026,league,regular season,2,Super Rugby Pacific 2026,Waratahs,sr:competitor:4186,WAR,Fijian Drua,sr:competitor:364712,FID,Allianz Stadium,Sydney,Australia,"-33.889167, 151.225278","Berry, Nic",Australia,175,2275862306,substitution,2026-02-20T09:49:19+00:00,56,55:36,away,Fijian Drua,,,2,,,,,,,,,,sr:player:1343380,"Lomani, Frank",sr:player:849908,"Fines-Leleiwasa, Isaak","[{""id"": ""sr:player:1343380"", ""name"": ""Lomani, Frank"", ""type"": ""substituted_out""}, {""id"": ""sr:player:849908"", ""name"": ""Fines-Leleiwasa, Isaak"", ""type"": ""substituted_in""}]"
super_rugby_2026_waratahs_vs_fijian_drua_65866102.json,sr:sport_event:65866102,2026-02-20T08:35:00+00:00,Super Rugby,sr:competition:422,Super Rugby 2026,sr:season:137092,2026,league,regular season,2,Super Rugby Pacific 2026,Waratahs,sr:competitor:4186,WAR,Fijian Drua,sr:competitor:364712,FID,Allianz Stadium,Sydney,Australia,"-33.889167, 151.225278","Berry, Nic",Australia,176,2275862546,substitution,2026-02-20T09:49:55+00:00,56,55:41,away,Fijian Drua,,,2,,,,,,,,,,sr:player:2257625,"Togiatama, Zuriel",sr:player:3016588,"Tagivetaua, Kavaia","[{""id"": ""sr:player:2257625"", ""name"": ""Togiatama, Zuriel"", ""type"": ""substituted_out""}, {""id"": ""sr:player:3016588"", ""name"": ""Tagivetaua, Kavaia"", ""type"": ""substituted_in""}]"
super_rugby_2026_waratahs_vs_fijian_drua_65866102.json,sr:sport_event:65866102,2026-02-20T08:35:00+00:00,Super Rugby,sr:competition:422,Super Rugby 2026,sr:season:137092,2026,league,regular season,2,Super Rugby Pacific 2026,Waratahs,sr:competitor:4186,WAR,Fijian Drua,sr:competitor:364712,FID,Allianz Stadium,Sydney,Australia,"-33.889167, 151.225278","Berry, Nic",Australia,177,2275862718,substitution,2026-02-20T09:50:16+00:00,56,55:41,home,Waratahs,,,2,,,,,,,,,,sr:player:2911945,"Hendren, James",sr:player:1431731,"Reilly, Triston","[{""id"": ""sr:player:2911945"", ""name"": ""Hendren, James"", ""type"": ""substituted_out""}, {""id"": ""sr:player:1431731"", ""name"": ""Reilly, Triston"", ""type"": ""substituted_in""}]"
super_rugby_2026_waratahs_vs_fijian_drua_65866102.json,sr:sport_event:65866102,2026-02-20T08:35:00+00:00,Super Rugby,sr:competition:422,Super Rugby 2026,sr:season:137092,2026,league,regular season,2,Super Rugby Pacific 2026,Waratahs,sr:competitor:4186,WAR,Fijian Drua,sr:competitor:364712,FID,Allianz Stadium,Sydney,Australia,"-33.889167, 151.225278","Berry, Nic",Australia,178,2275862808,tap_and_go,2026-02-20T09:50:29+00:00,56,55:50,home,Waratahs,75,56,2,,,,,,,,,,,,,,
super_rugby_2026_waratahs_vs_fijian_drua_65866102.json,sr:sport_event:65866102,2026-02-20T08:35:00+00:00,Super Rugby,sr:competition:422,Super Rugby 2026,sr:season:137092,2026,league,regular season,2,Super Rugby Pacific 2026,Waratahs,sr:competitor:4186,WAR,Fijian Drua,sr:competitor:364712,FID,Allianz Stadium,Sydney,Australia,"-33.889167, 151.225278","Berry, Nic",Australia,179,2275862838,ball_recycled,2026-02-20T09:50:32+00:00,56,55:52,home,Waratahs,80,52,2,,,,,,,,,,,,,,
super_rugby_2026_waratahs_vs_fijian_drua_65866102.json,sr:sport_event:65866102,2026-02-20T08:35:00+00:00,Super Rugby,sr:competition:422,Super Rugby 2026,sr:season:137092,2026,league,regular season,2,Super Rugby Pacific 2026,Waratahs,sr:competitor:4186,WAR,Fijian Drua,sr:competitor:364712,FID,Allianz Stadium,Sydney,Australia,"-33.889167, 151.225278","Berry, Nic",Australia,180,2275862990,turnover,2026-02-20T09:50:49+00:00,57,56:09,away,Fijian Drua,80,23,2,,,,,,,,,,,,,,
super_rugby_2026_waratahs_vs_fijian_drua_65866102.json,sr:sport_event:65866102,2026-02-20T08:35:00+00:00,Super Rugby,sr:competition:422,Super Rugby 2026,sr:season:137092,2026,league,regular season,2,Super Rugby Pacific 2026,Waratahs,sr:competitor:4186,WAR,Fijian Drua,sr:competitor:364712,FID,Allianz Stadium,Sydney,Australia,"-33.889167, 151.225278","Berry, Nic",Australia,181,2275863018,scrum,2026-02-20T09:50:53+00:00,57,56:13,away,Fijian Drua,80,23,2,,,,,,,,,,,,,,
super_rugby_2026_waratahs_vs_fijian_drua_65866102.json,sr:sport_event:65866102,2026-02-20T08:35:00+00:00,Super Rugby,sr:competition:422,Super Rugby 2026,sr:season:137092,2026,league,regular season,2,Super Rugby Pacific 2026,Waratahs,sr:competitor:4186,WAR,Fijian Drua,sr:competitor:364712,FID,Allianz Stadium,Sydney,Australia,"-33.889167, 151.225278","Berry, Nic",Australia,182,2275863478,scrum_won,2026-02-20T09:51:58+00:00,58,57:18,away,Fijian Drua,80,23,2,,,,,,,,,,,,,,
super_rugby_2026_waratahs_vs_fijian_drua_65866102.json,sr:sport_event:65866102,2026-02-20T08:35:00+00:00,Super Rugby,sr:competition:422,Super Rugby 2026,sr:season:137092,2026,league,regular season,2,Super Rugby Pacific 2026,Waratahs,sr:competitor:4186,WAR,Fijian Drua,sr:competitor:364712,FID,Allianz Stadium,Sydney,Australia,"-33.889167, 151.225278","Berry, Nic",Australia,183,2275863574,ball_recycled,2026-02-20T09:52:13+00:00,58,57:33,away,Fijian Drua,72,26,2,,,,,,,,,,,,,,
super_rugby_2026_waratahs_vs_fijian_drua_65866102.json,sr:sport_event:65866102,2026-02-20T08:35:00+00:00,Super Rugby,sr:competition:422,Super Rugby 2026,sr:season:137092,2026,league,regular season,2,Super Rugby Pacific 2026,Waratahs,sr:competitor:4186,WAR,Fijian Drua,sr:competitor:364712,FID,Allianz Stadium,Sydney,Australia,"-33.889167, 151.225278","Berry, Nic",Australia,184,2275863722,ball_recycled,2026-02-20T09:52:35+00:00,58,57:55,away,Fijian Drua,71,19,2,,,,,,,,,,,,,,
super_rugby_2026_waratahs_vs_fijian_drua_65866102.json,sr:sport_event:65866102,2026-02-20T08:35:00+00:00,Super Rugby,sr:competition:422,Super Rugby 2026,sr:season:137092,2026,league,regular season,2,Super Rugby Pacific 2026,Waratahs,sr:competitor:4186,WAR,Fijian Drua,sr:competitor:364712,FID,Allianz Stadium,Sydney,Australia,"-33.889167, 151.225278","Berry, Nic",Australia,185,2275863740,ball_kicked,2026-02-20T09:52:38+00:00,58,57:58,away,Fijian Drua,43,12,2,,,,,,,,,,,,,,
super_rugby_2026_waratahs_vs_fijian_drua_65866102.json,sr:sport_event:65866102,2026-02-20T08:35:00+00:00,Super Rugby,sr:competition:422,Super Rugby 2026,sr:season:137092,2026,league,regular season,2,Super Rugby Pacific 2026,Waratahs,sr:competitor:4186,WAR,Fijian Drua,sr:competitor:364712,FID,Allianz Stadium,Sydney,Australia,"-33.889167, 151.225278","Berry, Nic",Australia,186,2275863824,ball_recycled,2026-02-20T09:52:47+00:00,59,58:07,home,Waratahs,55,18,2,,,,,,,,,,,,,,
super_rugby_2026_waratahs_vs_fijian_drua_65866102.json,sr:sport_event:65866102,2026-02-20T08:35:00+00:00,Super Rugby,sr:competition:422,Super Rugby 2026,sr:season:137092,2026,league,regular season,2,Super Rugby Pacific 2026,Waratahs,sr:competitor:4186,WAR,Fijian Drua,sr:competitor:364712,FID,Allianz Stadium,Sydney,Australia,"-33.889167, 151.225278","Berry, Nic",Australia,187,2275863950,ball_kicked,2026-02-20T09:53:05+00:00,59,58:25,home,Waratahs,70,21,2,,,,,,,,,,,,,,
super_rugby_2026_waratahs_vs_fijian_drua_65866102.json,sr:sport_event:65866102,2026-02-20T08:35:00+00:00,Super Rugby,sr:competition:422,Super Rugby 2026,sr:season:137092,2026,league,regular season,2,Super Rugby Pacific 2026,Waratahs,sr:competitor:4186,WAR,Fijian Drua,sr:competitor:364712,FID,Allianz Stadium,Sydney,Australia,"-33.889167, 151.225278","Berry, Nic",Australia,188,2275863994,ball_kicked,2026-02-20T09:53:14+00:00,59,58:34,home,Waratahs,85,16,2,,,,,,,,,,,,,,
super_rugby_2026_waratahs_vs_fijian_drua_65866102.json,sr:sport_event:65866102,2026-02-20T08:35:00+00:00,Super Rugby,sr:competition:422,Super Rugby 2026,sr:season:137092,2026,league,regular season,2,Super Rugby Pacific 2026,Waratahs,sr:competitor:4186,WAR,Fijian Drua,sr:competitor:364712,FID,Allianz Stadium,Sydney,Australia,"-33.889167, 151.225278","Berry, Nic",Australia,189,2275864094,score_change,2026-02-20T09:53:28+00:00,59,58:48,home,Waratahs,108,9,2,,,26,13,try,,,sr:player:1257376,"Blyth, Angus",,,,,"[{""id"": ""sr:player:1257376"", ""name"": ""Blyth, Angus"", ""type"": ""scorer""}]"
super_rugby_2026_waratahs_vs_fijian_drua_65866102.json,sr:sport_event:65866102,2026-02-20T08:35:00+00:00,Super Rugby,sr:competition:422,Super Rugby 2026,sr:season:137092,2026,league,regular season,2,Super Rugby Pacific 2026,Waratahs,sr:competitor:4186,WAR,Fijian Drua,sr:competitor:364712,FID,Allianz Stadium,Sydney,Australia,"-33.889167, 151.225278","Berry, Nic",Australia,190,2275864308,substitution,2026-02-20T09:54:08+00:00,60,59:28,home,Waratahs,,,2,,,,,,,,,,sr:player:2569085,"Botha, Daniel",sr:player:1257376,"Blyth, Angus","[{""id"": ""sr:player:2569085"", ""name"": ""Botha, Daniel"", ""type"": ""substituted_out""}, {""id"": ""sr:player:1257376"", ""name"": ""Blyth, Angus"", ""type"": ""substituted_in""}]"
super_rugby_2026_waratahs_vs_fijian_drua_65866102.json,sr:sport_event:65866102,2026-02-20T08:35:00+00:00,Super Rugby,sr:competition:422,Super Rugby 2026,sr:season:137092,2026,league,regular season,2,Super Rugby Pacific 2026,Waratahs,sr:competitor:4186,WAR,Fijian Drua,sr:competitor:364712,FID,Allianz Stadium,Sydney,Australia,"-33.889167, 151.225278","Berry, Nic",Australia,191,2275864698,ball_kicked,2026-02-20T09:55:31+00:00,61,60:52,away,Fijian Drua,35,14,2,,,,,,,,,,,,,,
super_rugby_2026_waratahs_vs_fijian_drua_65866102.json,sr:sport_event:65866102,2026-02-20T08:35:00+00:00,Super Rugby,sr:competition:422,Super Rugby 2026,sr:season:137092,2026,league,regular season,2,Super Rugby Pacific 2026,Waratahs,sr:competitor:4186,WAR,Fijian Drua,sr:competitor:364712,FID,Allianz Stadium,Sydney,Australia,"-33.889167, 151.225278","Berry, Nic",Australia,192,2275864758,ball_recycled,2026-02-20T09:55:41+00:00,61,61:00,away,Fijian Drua,34,59,2,,,,,,,,,,,,,,
super_rugby_2026_waratahs_vs_fijian_drua_65866102.json,sr:sport_event:65866102,2026-02-20T08:35:00+00:00,Super Rugby,sr:competition:422,Super Rugby 2026,sr:season:137092,2026,league,regular season,2,Super Rugby Pacific 2026,Waratahs,sr:competitor:4186,WAR,Fijian Drua,sr:competitor:364712,FID,Allianz Stadium,Sydney,Australia,"-33.889167, 151.225278","Berry, Nic",Australia,193,2275865154,scrum,2026-02-20T09:56:53+00:00,63,62:11,home,Waratahs,43,40,2,,,,,,,,,,,,,,
super_rugby_2026_waratahs_vs_fijian_drua_65866102.json,sr:sport_event:65866102,2026-02-20T08:35:00+00:00,Super Rugby,sr:competition:422,Super Rugby 2026,sr:season:137092,2026,league,regular season,2,Super Rugby Pacific 2026,Waratahs,sr:competitor:4186,WAR,Fijian Drua,sr:competitor:364712,FID,Allianz Stadium,Sydney,Australia,"-33.889167, 151.225278","Berry, Nic",Australia,194,2275865176,scrum_reset,2026-02-20T09:56:58+00:00,63,62:17,home,Waratahs,43,40,2,,,,,,,,,,,,,,
super_rugby_2026_waratahs_vs_fijian_drua_65866102.json,sr:sport_event:65866102,2026-02-20T08:35:00+00:00,Super Rugby,sr:competition:422,Super Rugby 2026,sr:season:137092,2026,league,regular season,2,Super Rugby Pacific 2026,Waratahs,sr:competitor:4186,WAR,Fijian Drua,sr:competitor:364712,FID,Allianz Stadium,Sydney,Australia,"-33.889167, 151.225278","Berry, Nic",Australia,195,2275865678,scrum_won,2026-02-20T09:58:26+00:00,63,62:42,home,Waratahs,44,48,2,,,,,,,,,,,,,,
super_rugby_2026_waratahs_vs_fijian_drua_65866102.json,sr:sport_event:65866102,2026-02-20T08:35:00+00:00,Super Rugby,sr:competition:422,Super Rugby 2026,sr:season:137092,2026,league,regular season,2,Super Rugby Pacific 2026,Waratahs,sr:competitor:4186,WAR,Fijian Drua,sr:competitor:364712,FID,Allianz Stadium,Sydney,Australia,"-33.889167, 151.225278","Berry, Nic",Australia,196,2275865730,penalty_awarded,2026-02-20T09:58:34+00:00,63,62:49,home,Waratahs,43,47,2,,,,,,,,,,,,,,
super_rugby_2026_waratahs_vs_fijian_drua_65866102.json,sr:sport_event:65866102,2026-02-20T08:35:00+00:00,Super Rugby,sr:competition:422,Super Rugby 2026,sr:season:137092,2026,league,regular season,2,Super Rugby Pacific 2026,Waratahs,sr:competitor:4186,WAR,Fijian Drua,sr:competitor:364712,FID,Allianz Stadium,Sydney,Australia,"-33.889167, 151.225278","Berry, Nic",Australia,197,2275865986,kick_to_touch,2026-02-20T09:59:23+00:00,64,63:38,home,Waratahs,43,47,2,,,,,,,,,,,,,,
super_rugby_2026_waratahs_vs_fijian_drua_65866102.json,sr:sport_event:65866102,2026-02-20T08:35:00+00:00,Super Rugby,sr:competition:422,Super Rugby 2026,sr:season:137092,2026,league,regular season,2,Super Rugby Pacific 2026,Waratahs,sr:competitor:4186,WAR,Fijian Drua,sr:competitor:364712,FID,Allianz Stadium,Sydney,Australia,"-33.889167, 151.225278","Berry, Nic",Australia,198,2275866032,line_out,2026-02-20T09:59:29+00:00,64,63:44,home,Waratahs,84,72,2,,,,,,,,,,,,,,
super_rugby_2026_waratahs_vs_fijian_drua_65866102.json,sr:sport_event:65866102,2026-02-20T08:35:00+00:00,Super Rugby,sr:competition:422,Super Rugby 2026,sr:season:137092,2026,league,regular season,2,Super Rugby Pacific 2026,Waratahs,sr:competitor:4186,WAR,Fijian Drua,sr:competitor:364712,FID,Allianz Stadium,Sydney,Australia,"-33.889167, 151.225278","Berry, Nic",Australia,199,2275866056,penalty_awarded,2026-02-20T09:59:33+00:00,64,63:48,away,Fijian Drua,84,72,2,,,,,,,,,,,,,,
super_rugby_2026_waratahs_vs_fijian_drua_65866102.json,sr:sport_event:65866102,2026-02-20T08:35:00+00:00,Super Rugby,sr:competition:422,Super Rugby 2026,sr:season:137092,2026,league,regular season,2,Super Rugby Pacific 2026,Waratahs,sr:competitor:4186,WAR,Fijian Drua,sr:competitor:364712,FID,Allianz Stadium,Sydney,Australia,"-33.889167, 151.225278","Berry, Nic",Australia,200,2275866144,kick_to_touch,2026-02-20T09:59:49+00:00,65,64:04,away,Fijian Drua,71,44,2,,,,,,,,,,,,,,
super_rugby_2026_waratahs_vs_fijian_drua_65866102.json,sr:sport_event:65866102,2026-02-20T08:35:00+00:00,Super Rugby,sr:competition:422,Super Rugby 2026,sr:season:137092,2026,league,regular season,2,Super Rugby Pacific 2026,Waratahs,sr:competitor:4186,WAR,Fijian Drua,sr:competitor:364712,FID,Allianz Stadium,Sydney,Australia,"-33.889167, 151.225278","Berry, Nic",Australia,201,2275866174,line_out,2026-02-20T09:59:53+00:00,65,64:08,away,Fijian Drua,39,72,2,,,,,,,,,,,,,,
super_rugby_2026_waratahs_vs_fijian_drua_65866102.json,sr:sport_event:65866102,2026-02-20T08:35:00+00:00,Super Rugby,sr:competition:422,Super Rugby 2026,sr:season:137092,2026,league,regular season,2,Super Rugby Pacific 2026,Waratahs,sr:competitor:4186,WAR,Fijian Drua,sr:competitor:364712,FID,Allianz Stadium,Sydney,Australia,"-33.889167, 151.225278","Berry, Nic",Australia,202,2275866330,line_out_won,2026-02-20T10:00:08+00:00,65,64:22,away,Fijian Drua,39,72,2,,,,,,,,,,,,,,
super_rugby_2026_waratahs_vs_fijian_drua_65866102.json,sr:sport_event:65866102,2026-02-20T08:35:00+00:00,Super Rugby,sr:competition:422,Super Rugby 2026,sr:season:137092,2026,league,regular season,2,Super Rugby Pacific 2026,Waratahs,sr:competitor:4186,WAR,Fijian Drua,sr:competitor:364712,FID,Allianz Stadium,Sydney,Australia,"-33.889167, 151.225278","Berry, Nic",Australia,203,2275866348,ball_recycled,2026-02-20T10:00:14+00:00,65,64:28,away,Fijian Drua,58,53,2,,,,,,,,,,,,,,
super_rugby_2026_waratahs_vs_fijian_drua_65866102.json,sr:sport_event:65866102,2026-02-20T08:35:00+00:00,Super Rugby,sr:competition:422,Super Rugby 2026,sr:season:137092,2026,league,regular season,2,Super Rugby Pacific 2026,Waratahs,sr:competitor:4186,WAR,Fijian Drua,sr:competitor:364712,FID,Allianz Stadium,Sydney,Australia,"-33.889167, 151.225278","Berry, Nic",Australia,204,2275866472,ball_recycled,2026-02-20T10:00:23+00:00,65,64:38,away,Fijian Drua,52,30,2,,,,,,,,,,,,,,
super_rugby_2026_waratahs_vs_fijian_drua_65866102.json,sr:sport_event:65866102,2026-02-20T08:35:00+00:00,Super Rugby,sr:competition:422,Super Rugby 2026,sr:season:137092,2026,league,regular season,2,Super Rugby Pacific 2026,Waratahs,sr:competitor:4186,WAR,Fijian Drua,sr:competitor:364712,FID,Allianz Stadium,Sydney,Australia,"-33.889167, 151.225278","Berry, Nic",Australia,205,2275866528,turnover,2026-02-20T10:00:28+00:00,65,64:43,home,Waratahs,39,19,2,,,,,,,,,,,,,,
super_rugby_2026_waratahs_vs_fijian_drua_65866102.json,sr:sport_event:65866102,2026-02-20T08:35:00+00:00,Super Rugby,sr:competition:422,Super Rugby 2026,sr:season:137092,2026,league,regular season,2,Super Rugby Pacific 2026,Waratahs,sr:competitor:4186,WAR,Fijian Drua,sr:competitor:364712,FID,Allianz Stadium,Sydney,Australia,"-33.889167, 151.225278","Berry, Nic",Australia,206,2275866646,ball_recycled,2026-02-20T10:00:36+00:00,65,64:52,home,Waratahs,44,29,2,,,,,,,,,,,,,,
super_rugby_2026_waratahs_vs_fijian_drua_65866102.json,sr:sport_event:65866102,2026-02-20T08:35:00+00:00,Super Rugby,sr:competition:422,Super Rugby 2026,sr:season:137092,2026,league,regular season,2,Super Rugby Pacific 2026,Waratahs,sr:competitor:4186,WAR,Fijian Drua,sr:competitor:364712,FID,Allianz Stadium,Sydney,Australia,"-33.889167, 151.225278","Berry, Nic",Australia,207,2275866740,ball_recycled,2026-02-20T10:00:49+00:00,66,65:03,home,Waratahs,47,27,2,,,,,,,,,,,,,,
super_rugby_2026_waratahs_vs_fijian_drua_65866102.json,sr:sport_event:65866102,2026-02-20T08:35:00+00:00,Super Rugby,sr:competition:422,Super Rugby 2026,sr:season:137092,2026,league,regular season,2,Super Rugby Pacific 2026,Waratahs,sr:competitor:4186,WAR,Fijian Drua,sr:competitor:364712,FID,Allianz Stadium,Sydney,Australia,"-33.889167, 151.225278","Berry, Nic",Australia,208,2275866794,ball_kicked,2026-02-20T10:00:55+00:00,66,65:10,home,Waratahs,67,12,2,,,,,,,,,,,,,,
super_rugby_2026_waratahs_vs_fijian_drua_65866102.json,sr:sport_event:65866102,2026-02-20T08:35:00+00:00,Super Rugby,sr:competition:422,Super Rugby 2026,sr:season:137092,2026,league,regular season,2,Super Rugby Pacific 2026,Waratahs,sr:competitor:4186,WAR,Fijian Drua,sr:competitor:364712,FID,Allianz Stadium,Sydney,Australia,"-33.889167, 151.225278","Berry, Nic",Australia,209,2275866810,line_out,2026-02-20T10:00:59+00:00,66,65:13,away,Fijian Drua,66,0,2,,,,,,,,,,,,,,
super_rugby_2026_waratahs_vs_fijian_drua_65866102.json,sr:sport_event:65866102,2026-02-20T08:35:00+00:00,Super Rugby,sr:competition:422,Super Rugby 2026,sr:season:137092,2026,league,regular season,2,Super Rugby Pacific 2026,Waratahs,sr:competitor:4186,WAR,Fijian Drua,sr:competitor:364712,FID,Allianz Stadium,Sydney,Australia,"-33.889167, 151.225278","Berry, Nic",Australia,210,2275866826,line_out_won,2026-02-20T10:01:02+00:00,66,65:17,away,Fijian Drua,66,0,2,,,,,,,,,,,,,,
super_rugby_2026_waratahs_vs_fijian_drua_65866102.json,sr:sport_event:65866102,2026-02-20T08:35:00+00:00,Super Rugby,sr:competition:422,Super Rugby 2026,sr:season:137092,2026,league,regular season,2,Super Rugby Pacific 2026,Waratahs,sr:competitor:4186,WAR,Fijian Drua,sr:competitor:364712,FID,Allianz Stadium,Sydney,Australia,"-33.889167, 151.225278","Berry, Nic",Australia,211,2275867012,line_out,2026-02-20T10:01:22+00:00,66,65:37,home,Waratahs,42,71,2,,,,,,,,,,,,,,
super_rugby_2026_waratahs_vs_fijian_drua_65866102.json,sr:sport_event:65866102,2026-02-20T08:35:00+00:00,Super Rugby,sr:competition:422,Super Rugby 2026,sr:season:137092,2026,league,regular season,2,Super Rugby Pacific 2026,Waratahs,sr:competitor:4186,WAR,Fijian Drua,sr:competitor:364712,FID,Allianz Stadium,Sydney,Australia,"-33.889167, 151.225278","Berry, Nic",Australia,212,2275867448,line_out_won,2026-02-20T10:02:27+00:00,67,66:42,home,Waratahs,,,2,,,,,,,,,,,,,,
super_rugby_2026_waratahs_vs_fijian_drua_65866102.json,sr:sport_event:65866102,2026-02-20T08:35:00+00:00,Super Rugby,sr:competition:422,Super Rugby 2026,sr:season:137092,2026,league,regular season,2,Super Rugby Pacific 2026,Waratahs,sr:competitor:4186,WAR,Fijian Drua,sr:competitor:364712,FID,Allianz Stadium,Sydney,Australia,"-33.889167, 151.225278","Berry, Nic",Australia,213,2275867550,turnover,2026-02-20T10:02:39+00:00,67,66:54,away,Fijian Drua,76,57,2,,,,,,,,,,,,,,
super_rugby_2026_waratahs_vs_fijian_drua_65866102.json,sr:sport_event:65866102,2026-02-20T08:35:00+00:00,Super Rugby,sr:competition:422,Super Rugby 2026,sr:season:137092,2026,league,regular season,2,Super Rugby Pacific 2026,Waratahs,sr:competitor:4186,WAR,Fijian Drua,sr:competitor:364712,FID,Allianz Stadium,Sydney,Australia,"-33.889167, 151.225278","Berry, Nic",Australia,214,2275867564,ball_recycled,2026-02-20T10:02:40+00:00,67,66:54,away,Fijian Drua,76,57,2,,,,,,,,,,,,,,
super_rugby_2026_waratahs_vs_fijian_drua_65866102.json,sr:sport_event:65866102,2026-02-20T08:35:00+00:00,Super Rugby,sr:competition:422,Super Rugby 2026,sr:season:137092,2026,league,regular season,2,Super Rugby Pacific 2026,Waratahs,sr:competitor:4186,WAR,Fijian Drua,sr:competitor:364712,FID,Allianz Stadium,Sydney,Australia,"-33.889167, 151.225278","Berry, Nic",Australia,215,2275867680,turnover,2026-02-20T10:02:55+00:00,68,67:10,home,Waratahs,76,59,2,,,,,,,,,,,,,,
super_rugby_2026_waratahs_vs_fijian_drua_65866102.json,sr:sport_event:65866102,2026-02-20T08:35:00+00:00,Super Rugby,sr:competition:422,Super Rugby 2026,sr:season:137092,2026,league,regular season,2,Super Rugby Pacific 2026,Waratahs,sr:competitor:4186,WAR,Fijian Drua,sr:competitor:364712,FID,Allianz Stadium,Sydney,Australia,"-33.889167, 151.225278","Berry, Nic",Australia,216,2275867826,penalty_awarded,2026-02-20T10:03:15+00:00,68,67:31,home,Waratahs,84,52,2,,,,,,,,,,,,,,
super_rugby_2026_waratahs_vs_fijian_drua_65866102.json,sr:sport_event:65866102,2026-02-20T08:35:00+00:00,Super Rugby,sr:competition:422,Super Rugby 2026,sr:season:137092,2026,league,regular season,2,Super Rugby Pacific 2026,Waratahs,sr:competitor:4186,WAR,Fijian Drua,sr:competitor:364712,FID,Allianz Stadium,Sydney,Australia,"-33.889167, 151.225278","Berry, Nic",Australia,217,2275868110,substitution,2026-02-20T10:03:54+00:00,69,68:09,home,Waratahs,,,2,,,,,,,,,,sr:player:765494,"Gordon, Jake",sr:player:2320049,"Wilson, Teddy","[{""id"": ""sr:player:765494"", ""name"": ""Gordon, Jake"", ""type"": ""substituted_out""}, {""id"": ""sr:player:2320049"", ""name"": ""Wilson, Teddy"", ""type"": ""substituted_in""}]"
super_rugby_2026_waratahs_vs_fijian_drua_65866102.json,sr:sport_event:65866102,2026-02-20T08:35:00+00:00,Super Rugby,sr:competition:422,Super Rugby 2026,sr:season:137092,2026,league,regular season,2,Super Rugby Pacific 2026,Waratahs,sr:competitor:4186,WAR,Fijian Drua,sr:competitor:364712,FID,Allianz Stadium,Sydney,Australia,"-33.889167, 151.225278","Berry, Nic",Australia,218,2275868122,substitution,2026-02-20T10:03:55+00:00,69,68:09,away,Fijian Drua,,,2,,,,,,,,,,sr:player:2531939,"Rakuro, Taniela",sr:player:2273199,"Tabuavou, Inia","[{""id"": ""sr:player:2531939"", ""name"": ""Rakuro, Taniela"", ""type"": ""substituted_out""}, {""id"": ""sr:player:2273199"", ""name"": ""Tabuavou, Inia"", ""type"": ""substituted_in""}]"
super_rugby_2026_waratahs_vs_fijian_drua_65866102.json,sr:sport_event:65866102,2026-02-20T08:35:00+00:00,Super Rugby,sr:competition:422,Super Rugby 2026,sr:season:137092,2026,league,regular season,2,Super Rugby Pacific 2026,Waratahs,sr:competitor:4186,WAR,Fijian Drua,sr:competitor:364712,FID,Allianz Stadium,Sydney,Australia,"-33.889167, 151.225278","Berry, Nic",Australia,219,2275868204,ball_recycled,2026-02-20T10:04:09+00:00,69,68:25,home,Waratahs,93,59,2,,,,,,,,,,,,,,
super_rugby_2026_waratahs_vs_fijian_drua_65866102.json,sr:sport_event:65866102,2026-02-20T08:35:00+00:00,Super Rugby,sr:competition:422,Super Rugby 2026,sr:season:137092,2026,league,regular season,2,Super Rugby Pacific 2026,Waratahs,sr:competitor:4186,WAR,Fijian Drua,sr:competitor:364712,FID,Allianz Stadium,Sydney,Australia,"-33.889167, 151.225278","Berry, Nic",Australia,220,2275868388,substitution,2026-02-20T10:04:39+00:00,69,68:54,away,Fijian Drua,,,2,,,,,,,,,,sr:player:2085137,"Hete, Haereiti",sr:player:533434,"Ravai, Peni","[{""id"": ""sr:player:2085137"", ""name"": ""Hete, Haereiti"", ""type"": ""substituted_out""}, {""id"": ""sr:player:533434"", ""name"": ""Ravai, Peni"", ""type"": ""substituted_in""}]"
super_rugby_2026_waratahs_vs_fijian_drua_65866102.json,sr:sport_event:65866102,2026-02-20T08:35:00+00:00,Super Rugby,sr:competition:422,Super Rugby 2026,sr:season:137092,2026,league,regular season,2,Super Rugby Pacific 2026,Waratahs,sr:competitor:4186,WAR,Fijian Drua,sr:competitor:364712,FID,Allianz Stadium,Sydney,Australia,"-33.889167, 151.225278","Berry, Nic",Australia,221,2275869202,substitution,2026-02-20T10:06:19+00:00,70,69:33,away,Fijian Drua,,,2,,,,,,,,,,sr:player:2287839,"Tamani, Joseva",sr:player:2770191,"Vocevoce, Mesake","[{""id"": ""sr:player:2287839"", ""name"": ""Tamani, Joseva"", ""type"": ""substituted_out""}, {""id"": ""sr:player:2770191"", ""name"": ""Vocevoce, Mesake"", ""type"": ""substituted_in""}]"
super_rugby_2026_waratahs_vs_fijian_drua_65866102.json,sr:sport_event:65866102,2026-02-20T08:35:00+00:00,Super Rugby,sr:competition:422,Super Rugby 2026,sr:season:137092,2026,league,regular season,2,Super Rugby Pacific 2026,Waratahs,sr:competitor:4186,WAR,Fijian Drua,sr:competitor:364712,FID,Allianz Stadium,Sydney,Australia,"-33.889167, 151.225278","Berry, Nic",Australia,222,2275869400,scrum,2026-02-20T10:06:44+00:00,70,69:58,home,Waratahs,89,46,2,,,,,,,,,,,,,,
super_rugby_2026_waratahs_vs_fijian_drua_65866102.json,sr:sport_event:65866102,2026-02-20T08:35:00+00:00,Super Rugby,sr:competition:422,Super Rugby 2026,sr:season:137092,2026,league,regular season,2,Super Rugby Pacific 2026,Waratahs,sr:competitor:4186,WAR,Fijian Drua,sr:competitor:364712,FID,Allianz Stadium,Sydney,Australia,"-33.889167, 151.225278","Berry, Nic",Australia,223,2275869546,scrum_won,2026-02-20T10:07:04+00:00,71,70:18,home,Waratahs,89,46,2,,,,,,,,,,,,,,
super_rugby_2026_waratahs_vs_fijian_drua_65866102.json,sr:sport_event:65866102,2026-02-20T08:35:00+00:00,Super Rugby,sr:competition:422,Super Rugby 2026,sr:season:137092,2026,league,regular season,2,Super Rugby Pacific 2026,Waratahs,sr:competitor:4186,WAR,Fijian Drua,sr:competitor:364712,FID,Allianz Stadium,Sydney,Australia,"-33.889167, 151.225278","Berry, Nic",Australia,224,2275869630,penalty_awarded,2026-02-20T10:07:14+00:00,71,70:28,home,Waratahs,84,38,2,,,,,,,,,,,,,,
super_rugby_2026_waratahs_vs_fijian_drua_65866102.json,sr:sport_event:65866102,2026-02-20T08:35:00+00:00,Super Rugby,sr:competition:422,Super Rugby 2026,sr:season:137092,2026,league,regular season,2,Super Rugby Pacific 2026,Waratahs,sr:competitor:4186,WAR,Fijian Drua,sr:competitor:364712,FID,Allianz Stadium,Sydney,Australia,"-33.889167, 151.225278","Berry, Nic",Australia,225,2275870038,substitution,2026-02-20T10:08:04+00:00,72,71:18,away,Fijian Drua,,,2,,,,,,,,,,sr:player:2092932,"Mayanavanua, Temo",sr:player:2287855,"Salawa Junior, Kitinoe","[{""id"": ""sr:player:2092932"", ""name"": ""Mayanavanua, Temo"", ""type"": ""substituted_out""}, {""id"": ""sr:player:2287855"", ""name"": ""Salawa Junior, Kitinoe"", ""type"": ""substituted_in""}]"
super_rugby_2026_waratahs_vs_fijian_drua_65866102.json,sr:sport_event:65866102,2026-02-20T08:35:00+00:00,Super Rugby,sr:competition:422,Super Rugby 2026,sr:season:137092,2026,league,regular season,2,Super Rugby Pacific 2026,Waratahs,sr:competitor:4186,WAR,Fijian Drua,sr:competitor:364712,FID,Allianz Stadium,Sydney,Australia,"-33.889167, 151.225278","Berry, Nic",Australia,226,2275870078,tap_and_go,2026-02-20T10:08:07+00:00,72,71:21,home,Waratahs,112,37,2,,,,,,,,,,,,,,
super_rugby_2026_waratahs_vs_fijian_drua_65866102.json,sr:sport_event:65866102,2026-02-20T08:35:00+00:00,Super Rugby,sr:competition:422,Super Rugby 2026,sr:season:137092,2026,league,regular season,2,Super Rugby Pacific 2026,Waratahs,sr:competitor:4186,WAR,Fijian Drua,sr:competitor:364712,FID,Allianz Stadium,Sydney,Australia,"-33.889167, 151.225278","Berry, Nic",Australia,227,2275870244,score_change,2026-02-20T10:08:26+00:00,72,71:41,home,Waratahs,113,20,2,,,31,13,try,,,sr:player:2573399,"Moananu, Ioane",,,,,"[{""id"": ""sr:player:2573399"", ""name"": ""Moananu, Ioane"", ""type"": ""scorer""}]"
super_rugby_2026_waratahs_vs_fijian_drua_65866102.json,sr:sport_event:65866102,2026-02-20T08:35:00+00:00,Super Rugby,sr:competition:422,Super Rugby 2026,sr:season:137092,2026,league,regular season,2,Super Rugby Pacific 2026,Waratahs,sr:competitor:4186,WAR,Fijian Drua,sr:competitor:364712,FID,Allianz Stadium,Sydney,Australia,"-33.889167, 151.225278","Berry, Nic",Australia,228,2275871016,ball_kicked,2026-02-20T10:10:09+00:00,74,73:22,away,Fijian Drua,42,30,2,,,,,,,,,,,,,,
super_rugby_2026_waratahs_vs_fijian_drua_65866102.json,sr:sport_event:65866102,2026-02-20T08:35:00+00:00,Super Rugby,sr:competition:422,Super Rugby 2026,sr:season:137092,2026,league,regular season,2,Super Rugby Pacific 2026,Waratahs,sr:competitor:4186,WAR,Fijian Drua,sr:competitor:364712,FID,Allianz Stadium,Sydney,Australia,"-33.889167, 151.225278","Berry, Nic",Australia,229,2275871432,turnover,2026-02-20T10:10:55+00:00,75,74:10,away,Fijian Drua,54,41,2,,,,,,,,,,,,,,
super_rugby_2026_waratahs_vs_fijian_drua_65866102.json,sr:sport_event:65866102,2026-02-20T08:35:00+00:00,Super Rugby,sr:competition:422,Super Rugby 2026,sr:season:137092,2026,league,regular season,2,Super Rugby Pacific 2026,Waratahs,sr:competitor:4186,WAR,Fijian Drua,sr:competitor:364712,FID,Allianz Stadium,Sydney,Australia,"-33.889167, 151.225278","Berry, Nic",Australia,230,2275871470,penalty_awarded,2026-02-20T10:10:58+00:00,75,74:13,away,Fijian Drua,54,41,2,,,,,,,,,,,,,,
super_rugby_2026_waratahs_vs_fijian_drua_65866102.json,sr:sport_event:65866102,2026-02-20T08:35:00+00:00,Super Rugby,sr:competition:422,Super Rugby 2026,sr:season:137092,2026,league,regular season,2,Super Rugby Pacific 2026,Waratahs,sr:competitor:4186,WAR,Fijian Drua,sr:competitor:364712,FID,Allianz Stadium,Sydney,Australia,"-33.889167, 151.225278","Berry, Nic",Australia,231,2275871600,kick_to_touch,2026-02-20T10:11:11+00:00,75,74:26,away,Fijian Drua,51,34,2,,,,,,,,,,,,,,
super_rugby_2026_waratahs_vs_fijian_drua_65866102.json,sr:sport_event:65866102,2026-02-20T08:35:00+00:00,Super Rugby,sr:competition:422,Super Rugby 2026,sr:season:137092,2026,league,regular season,2,Super Rugby Pacific 2026,Waratahs,sr:competitor:4186,WAR,Fijian Drua,sr:competitor:364712,FID,Allianz Stadium,Sydney,Australia,"-33.889167, 151.225278","Berry, Nic",Australia,232,2275871828,scrum,2026-02-20T10:11:40+00:00,75,74:54,away,Fijian Drua,37,35,2,,,,,,,,,,,,,,
super_rugby_2026_waratahs_vs_fijian_drua_65866102.json,sr:sport_event:65866102,2026-02-20T08:35:00+00:00,Super Rugby,sr:competition:422,Super Rugby 2026,sr:season:137092,2026,league,regular season,2,Super Rugby Pacific 2026,Waratahs,sr:competitor:4186,WAR,Fijian Drua,sr:competitor:364712,FID,Allianz Stadium,Sydney,Australia,"-33.889167, 151.225278","Berry, Nic",Australia,233,2275872402,turnover,2026-02-20T10:12:57+00:00,77,76:12,home,Waratahs,47,51,2,,,,,,,,,,,,,,
super_rugby_2026_waratahs_vs_fijian_drua_65866102.json,sr:sport_event:65866102,2026-02-20T08:35:00+00:00,Super Rugby,sr:competition:422,Super Rugby 2026,sr:season:137092,2026,league,regular season,2,Super Rugby Pacific 2026,Waratahs,sr:competitor:4186,WAR,Fijian Drua,sr:competitor:364712,FID,Allianz Stadium,Sydney,Australia,"-33.889167, 151.225278","Berry, Nic",Australia,234,2275872462,scrum_won,2026-02-20T10:13:03+00:00,77,76:19,home,Waratahs,54,44,2,,,,,,,,,,,,,,
super_rugby_2026_waratahs_vs_fijian_drua_65866102.json,sr:sport_event:65866102,2026-02-20T08:35:00+00:00,Super Rugby,sr:competition:422,Super Rugby 2026,sr:season:137092,2026,league,regular season,2,Super Rugby Pacific 2026,Waratahs,sr:competitor:4186,WAR,Fijian Drua,sr:competitor:364712,FID,Allianz Stadium,Sydney,Australia,"-33.889167, 151.225278","Berry, Nic",Australia,235,2275872478,penalty_awarded,2026-02-20T10:13:04+00:00,77,76:19,home,Waratahs,54,44,2,,,,,,,,,,,,,,
super_rugby_2026_waratahs_vs_fijian_drua_65866102.json,sr:sport_event:65866102,2026-02-20T08:35:00+00:00,Super Rugby,sr:competition:422,Super Rugby 2026,sr:season:137092,2026,league,regular season,2,Super Rugby Pacific 2026,Waratahs,sr:competitor:4186,WAR,Fijian Drua,sr:competitor:364712,FID,Allianz Stadium,Sydney,Australia,"-33.889167, 151.225278","Berry, Nic",Australia,236,2275872488,kick_to_touch,2026-02-20T10:13:05+00:00,77,76:20,home,Waratahs,54,44,2,,,,,,,,,,,,,,
super_rugby_2026_waratahs_vs_fijian_drua_65866102.json,sr:sport_event:65866102,2026-02-20T08:35:00+00:00,Super Rugby,sr:competition:422,Super Rugby 2026,sr:season:137092,2026,league,regular season,2,Super Rugby Pacific 2026,Waratahs,sr:competitor:4186,WAR,Fijian Drua,sr:competitor:364712,FID,Allianz Stadium,Sydney,Australia,"-33.889167, 151.225278","Berry, Nic",Australia,237,2275872614,line_out,2026-02-20T10:13:22+00:00,77,76:38,home,Waratahs,70,72,2,,,,,,,,,,,,,,
super_rugby_2026_waratahs_vs_fijian_drua_65866102.json,sr:sport_event:65866102,2026-02-20T08:35:00+00:00,Super Rugby,sr:competition:422,Super Rugby 2026,sr:season:137092,2026,league,regular season,2,Super Rugby Pacific 2026,Waratahs,sr:competitor:4186,WAR,Fijian Drua,sr:competitor:364712,FID,Allianz Stadium,Sydney,Australia,"-33.889167, 151.225278","Berry, Nic",Australia,238,2275872642,line_out_won,2026-02-20T10:13:27+00:00,77,76:43,home,Waratahs,70,72,2,,,,,,,,,,,,,,
super_rugby_2026_waratahs_vs_fijian_drua_65866102.json,sr:sport_event:65866102,2026-02-20T08:35:00+00:00,Super Rugby,sr:competition:422,Super Rugby 2026,sr:season:137092,2026,league,regular season,2,Super Rugby Pacific 2026,Waratahs,sr:competitor:4186,WAR,Fijian Drua,sr:competitor:364712,FID,Allianz Stadium,Sydney,Australia,"-33.889167, 151.225278","Berry, Nic",Australia,239,2275872674,ball_recycled,2026-02-20T10:13:31+00:00,77,76:47,home,Waratahs,70,48,2,,,,,,,,,,,,,,
super_rugby_2026_waratahs_vs_fijian_drua_65866102.json,sr:sport_event:65866102,2026-02-20T08:35:00+00:00,Super Rugby,sr:competition:422,Super Rugby 2026,sr:season:137092,2026,league,regular season,2,Super Rugby Pacific 2026,Waratahs,sr:competitor:4186,WAR,Fijian Drua,sr:competitor:364712,FID,Allianz Stadium,Sydney,Australia,"-33.889167, 151.225278","Berry, Nic",Australia,240,2275872736,ball_recycled,2026-02-20T10:13:39+00:00,77,76:55,home,Waratahs,75,30,2,,,,,,,,,,,,,,
super_rugby_2026_waratahs_vs_fijian_drua_65866102.json,sr:sport_event:65866102,2026-02-20T08:35:00+00:00,Super Rugby,sr:competition:422,Super Rugby 2026,sr:season:137092,2026,league,regular season,2,Super Rugby Pacific 2026,Waratahs,sr:competitor:4186,WAR,Fijian Drua,sr:competitor:364712,FID,Allianz Stadium,Sydney,Australia,"-33.889167, 151.225278","Berry, Nic",Australia,241,2275872790,ball_recycled,2026-02-20T10:13:45+00:00,77,77:00,home,Waratahs,79,28,2,,,,,,,,,,,,,,
super_rugby_2026_waratahs_vs_fijian_drua_65866102.json,sr:sport_event:65866102,2026-02-20T08:35:00+00:00,Super Rugby,sr:competition:422,Super Rugby 2026,sr:season:137092,2026,league,regular season,2,Super Rugby Pacific 2026,Waratahs,sr:competitor:4186,WAR,Fijian Drua,sr:competitor:364712,FID,Allianz Stadium,Sydney,Australia,"-33.889167, 151.225278","Berry, Nic",Australia,242,2275872846,turnover,2026-02-20T10:13:51+00:00,78,77:06,away,Fijian Drua,79,28,2,,,,,,,,,,,,,,
super_rugby_2026_waratahs_vs_fijian_drua_65866102.json,sr:sport_event:65866102,2026-02-20T08:35:00+00:00,Super Rugby,sr:competition:422,Super Rugby 2026,sr:season:137092,2026,league,regular season,2,Super Rugby Pacific 2026,Waratahs,sr:competitor:4186,WAR,Fijian Drua,sr:competitor:364712,FID,Allianz Stadium,Sydney,Australia,"-33.889167, 151.225278","Berry, Nic",Australia,243,2275872898,ball_recycled,2026-02-20T10:13:59+00:00,78,77:14,away,Fijian Drua,66,51,2,,,,,,,,,,,,,,
super_rugby_2026_waratahs_vs_fijian_drua_65866102.json,sr:sport_event:65866102,2026-02-20T08:35:00+00:00,Super Rugby,sr:competition:422,Super Rugby 2026,sr:season:137092,2026,league,regular season,2,Super Rugby Pacific 2026,Waratahs,sr:competitor:4186,WAR,Fijian Drua,sr:competitor:364712,FID,Allianz Stadium,Sydney,Australia,"-33.889167, 151.225278","Berry, Nic",Australia,244,2275872970,ball_kicked,2026-02-20T10:14:07+00:00,78,77:22,away,Fijian Drua,33,26,2,,,,,,,,,,,,,,
super_rugby_2026_waratahs_vs_fijian_drua_65866102.json,sr:sport_event:65866102,2026-02-20T08:35:00+00:00,Super Rugby,sr:competition:422,Super Rugby 2026,sr:season:137092,2026,league,regular season,2,Super Rugby Pacific 2026,Waratahs,sr:competitor:4186,WAR,Fijian Drua,sr:competitor:364712,FID,Allianz Stadium,Sydney,Australia,"-33.889167, 151.225278","Berry, Nic",Australia,245,2275873068,ball_kicked,2026-02-20T10:14:19+00:00,78,77:36,home,Waratahs,56,15,2,,,,,,,,,,,,,,
super_rugby_2026_waratahs_vs_fijian_drua_65866102.json,sr:sport_event:65866102,2026-02-20T08:35:00+00:00,Super Rugby,sr:competition:422,Super Rugby 2026,sr:season:137092,2026,league,regular season,2,Super Rugby Pacific 2026,Waratahs,sr:competitor:4186,WAR,Fijian Drua,sr:competitor:364712,FID,Allianz Stadium,Sydney,Australia,"-33.889167, 151.225278","Berry, Nic",Australia,246,2275873102,line_out,2026-02-20T10:14:22+00:00,78,77:38,away,Fijian Drua,67,-1,2,,,,,,,,,,,,,,
super_rugby_2026_waratahs_vs_fijian_drua_65866102.json,sr:sport_event:65866102,2026-02-20T08:35:00+00:00,Super Rugby,sr:competition:422,Super Rugby 2026,sr:season:137092,2026,league,regular season,2,Super Rugby Pacific 2026,Waratahs,sr:competitor:4186,WAR,Fijian Drua,sr:competitor:364712,FID,Allianz Stadium,Sydney,Australia,"-33.889167, 151.225278","Berry, Nic",Australia,247,2275873230,line_out_won,2026-02-20T10:14:44+00:00,78,78:00,away,Fijian Drua,67,-1,2,,,,,,,,,,,,,,
super_rugby_2026_waratahs_vs_fijian_drua_65866102.json,sr:sport_event:65866102,2026-02-20T08:35:00+00:00,Super Rugby,sr:competition:422,Super Rugby 2026,sr:season:137092,2026,league,regular season,2,Super Rugby Pacific 2026,Waratahs,sr:competitor:4186,WAR,Fijian Drua,sr:competitor:364712,FID,Allianz Stadium,Sydney,Australia,"-33.889167, 151.225278","Berry, Nic",Australia,248,2275873352,scrum,2026-02-20T10:15:01+00:00,79,78:16,home,Waratahs,63,26,2,,,,,,,,,,,,,,
super_rugby_2026_waratahs_vs_fijian_drua_65866102.json,sr:sport_event:65866102,2026-02-20T08:35:00+00:00,Super Rugby,sr:competition:422,Super Rugby 2026,sr:season:137092,2026,league,regular season,2,Super Rugby Pacific 2026,Waratahs,sr:competitor:4186,WAR,Fijian Drua,sr:competitor:364712,FID,Allianz Stadium,Sydney,Australia,"-33.889167, 151.225278","Berry, Nic",Australia,249,2275873878,scrum_won,2026-02-20T10:15:48+00:00,80,79:04,home,Waratahs,63,26,2,,,,,,,,,,,,,,
super_rugby_2026_waratahs_vs_fijian_drua_65866102.json,sr:sport_event:65866102,2026-02-20T08:35:00+00:00,Super Rugby,sr:competition:422,Super Rugby 2026,sr:season:137092,2026,league,regular season,2,Super Rugby Pacific 2026,Waratahs,sr:competitor:4186,WAR,Fijian Drua,sr:competitor:364712,FID,Allianz Stadium,Sydney,Australia,"-33.889167, 151.225278","Berry, Nic",Australia,250,2275873960,ball_recycled,2026-02-20T10:15:59+00:00,80,79:15,home,Waratahs,77,52,2,,,,,,,,,,,,,,
super_rugby_2026_waratahs_vs_fijian_drua_65866102.json,sr:sport_event:65866102,2026-02-20T08:35:00+00:00,Super Rugby,sr:competition:422,Super Rugby 2026,sr:season:137092,2026,league,regular season,2,Super Rugby Pacific 2026,Waratahs,sr:competitor:4186,WAR,Fijian Drua,sr:competitor:364712,FID,Allianz Stadium,Sydney,Australia,"-33.889167, 151.225278","Berry, Nic",Australia,251,2275874098,score_change,2026-02-20T10:16:18+00:00,80,79:33,home,Waratahs,109,11,2,,,36,13,try,,,sr:player:2535551,"Jorgensen, Max",,,,,"[{""id"": ""sr:player:2535551"", ""name"": ""Jorgensen, Max"", ""type"": ""scorer""}]"
super_rugby_2026_waratahs_vs_fijian_drua_65866102.json,sr:sport_event:65866102,2026-02-20T08:35:00+00:00,Super Rugby,sr:competition:422,Super Rugby 2026,sr:season:137092,2026,league,regular season,2,Super Rugby Pacific 2026,Waratahs,sr:competitor:4186,WAR,Fijian Drua,sr:competitor:364712,FID,Allianz Stadium,Sydney,Australia,"-33.889167, 151.225278","Berry, Nic",Australia,252,2275874694,match_ended,2026-02-20T10:17:36+00:00,,80:00,,,,,,,,,,,,,,,,,,,
