source_json,match_id,match_start_time,competition,competition_id,season,season_id,season_year,stage_type,stage_phase,round,group,home_team,home_team_id,home_abbreviation,away_team,away_team_id,away_abbreviation,venue,venue_city,venue_country,venue_map_coordinates,referee,referee_nationality,event_order,event_id,event_type,event_timestamp,match_time_minute,match_clock,competitor,team,x,y,period,period_name,break_name,home_score,away_score,method,player_id,player_name,scorer_id,scorer_name,substituted_out_id,substituted_out_name,substituted_in_id,substituted_in_name,players_json
super_rugby_2026_waratahs_vs_reds_65866092.json,sr:sport_event:65866092,2026-02-13T08:35:00+00:00,Super Rugby,sr:competition:422,Super Rugby 2026,sr:season:137092,2026,league,regular season,1,Super Rugby Pacific 2026,Waratahs,sr:competitor:4186,WAR,Reds,sr:competitor:4180,RED,Allianz Stadium,Sydney,Australia,"-33.889167, 151.225278","Williams, Paul",New Zealand,1,2269545864,match_started,2026-02-13T08:38:34+00:00,,,,,,,,,,,,,,,,,,,,,
super_rugby_2026_waratahs_vs_reds_65866092.json,sr:sport_event:65866092,2026-02-13T08:35:00+00:00,Super Rugby,sr:competition:422,Super Rugby 2026,sr:season:137092,2026,league,regular season,1,Super Rugby Pacific 2026,Waratahs,sr:competitor:4186,WAR,Reds,sr:competitor:4180,RED,Allianz Stadium,Sydney,Australia,"-33.889167, 151.225278","Williams, Paul",New Zealand,2,2269545860,period_start,2026-02-13T08:38:34+00:00,,,,,,,1,1st_half,,,,,,,,,,,,,
super_rugby_2026_waratahs_vs_reds_65866092.json,sr:sport_event:65866092,2026-02-13T08:35:00+00:00,Super Rugby,sr:competition:422,Super Rugby 2026,sr:season:137092,2026,league,regular season,1,Super Rugby Pacific 2026,Waratahs,sr:competitor:4186,WAR,Reds,sr:competitor:4180,RED,Allianz Stadium,Sydney,Australia,"-33.889167, 151.225278","Williams, Paul",New Zealand,3,2269545924,ball_kicked,2026-02-13T08:38:41+00:00,1,0:07,home,Waratahs,56,37,1,,,,,,,,,,,,,,
super_rugby_2026_waratahs_vs_reds_65866092.json,sr:sport_event:65866092,2026-02-13T08:35:00+00:00,Super Rugby,sr:competition:422,Super Rugby 2026,sr:season:137092,2026,league,regular season,1,Super Rugby Pacific 2026,Waratahs,sr:competitor:4186,WAR,Reds,sr:competitor:4180,RED,Allianz Stadium,Sydney,Australia,"-33.889167, 151.225278","Williams, Paul",New Zealand,4,2269545964,ball_recycled,2026-02-13T08:38:44+00:00,1,0:10,away,Reds,80,29,1,,,,,,,,,,,,,,
super_rugby_2026_waratahs_vs_reds_65866092.json,sr:sport_event:65866092,2026-02-13T08:35:00+00:00,Super Rugby,sr:competition:422,Super Rugby 2026,sr:season:137092,2026,league,regular season,1,Super Rugby Pacific 2026,Waratahs,sr:competitor:4186,WAR,Reds,sr:competitor:4180,RED,Allianz Stadium,Sydney,Australia,"-33.889167, 151.225278","Williams, Paul",New Zealand,5,2269546072,ball_kicked,2026-02-13T08:38:55+00:00,1,0:21,away,Reds,87,26,1,,,,,,,,,,,,,,
super_rugby_2026_waratahs_vs_reds_65866092.json,sr:sport_event:65866092,2026-02-13T08:35:00+00:00,Super Rugby,sr:competition:422,Super Rugby 2026,sr:season:137092,2026,league,regular season,1,Super Rugby Pacific 2026,Waratahs,sr:competitor:4186,WAR,Reds,sr:competitor:4180,RED,Allianz Stadium,Sydney,Australia,"-33.889167, 151.225278","Williams, Paul",New Zealand,6,2269546100,ball_recycled,2026-02-13T08:38:58+00:00,1,0:24,home,Waratahs,58,22,1,,,,,,,,,,,,,,
super_rugby_2026_waratahs_vs_reds_65866092.json,sr:sport_event:65866092,2026-02-13T08:35:00+00:00,Super Rugby,sr:competition:422,Super Rugby 2026,sr:season:137092,2026,league,regular season,1,Super Rugby Pacific 2026,Waratahs,sr:competitor:4186,WAR,Reds,sr:competitor:4180,RED,Allianz Stadium,Sydney,Australia,"-33.889167, 151.225278","Williams, Paul",New Zealand,7,2269546124,ball_recycled,2026-02-13T08:39:04+00:00,1,0:30,home,Waratahs,56,37,1,,,,,,,,,,,,,,
super_rugby_2026_waratahs_vs_reds_65866092.json,sr:sport_event:65866092,2026-02-13T08:35:00+00:00,Super Rugby,sr:competition:422,Super Rugby 2026,sr:season:137092,2026,league,regular season,1,Super Rugby Pacific 2026,Waratahs,sr:competitor:4186,WAR,Reds,sr:competitor:4180,RED,Allianz Stadium,Sydney,Australia,"-33.889167, 151.225278","Williams, Paul",New Zealand,8,2269546174,ball_recycled,2026-02-13T08:39:10+00:00,1,0:35,home,Waratahs,52,28,1,,,,,,,,,,,,,,
super_rugby_2026_waratahs_vs_reds_65866092.json,sr:sport_event:65866092,2026-02-13T08:35:00+00:00,Super Rugby,sr:competition:422,Super Rugby 2026,sr:season:137092,2026,league,regular season,1,Super Rugby Pacific 2026,Waratahs,sr:competitor:4186,WAR,Reds,sr:competitor:4180,RED,Allianz Stadium,Sydney,Australia,"-33.889167, 151.225278","Williams, Paul",New Zealand,9,2269546236,ball_recycled,2026-02-13T08:39:15+00:00,1,0:40,home,Waratahs,52,22,1,,,,,,,,,,,,,,
super_rugby_2026_waratahs_vs_reds_65866092.json,sr:sport_event:65866092,2026-02-13T08:35:00+00:00,Super Rugby,sr:competition:422,Super Rugby 2026,sr:season:137092,2026,league,regular season,1,Super Rugby Pacific 2026,Waratahs,sr:competitor:4186,WAR,Reds,sr:competitor:4180,RED,Allianz Stadium,Sydney,Australia,"-33.889167, 151.225278","Williams, Paul",New Zealand,10,2269546272,turnover,2026-02-13T08:39:21+00:00,1,0:46,away,Reds,52,24,1,,,,,,,,,,,,,,
super_rugby_2026_waratahs_vs_reds_65866092.json,sr:sport_event:65866092,2026-02-13T08:35:00+00:00,Super Rugby,sr:competition:422,Super Rugby 2026,sr:season:137092,2026,league,regular season,1,Super Rugby Pacific 2026,Waratahs,sr:competitor:4186,WAR,Reds,sr:competitor:4180,RED,Allianz Stadium,Sydney,Australia,"-33.889167, 151.225278","Williams, Paul",New Zealand,11,2269546306,ball_recycled,2026-02-13T08:39:25+00:00,1,0:51,away,Reds,54,57,1,,,,,,,,,,,,,,
super_rugby_2026_waratahs_vs_reds_65866092.json,sr:sport_event:65866092,2026-02-13T08:35:00+00:00,Super Rugby,sr:competition:422,Super Rugby 2026,sr:season:137092,2026,league,regular season,1,Super Rugby Pacific 2026,Waratahs,sr:competitor:4186,WAR,Reds,sr:competitor:4180,RED,Allianz Stadium,Sydney,Australia,"-33.889167, 151.225278","Williams, Paul",New Zealand,12,2269546336,ball_recycled,2026-02-13T08:39:28+00:00,1,0:54,away,Reds,50,62,1,,,,,,,,,,,,,,
super_rugby_2026_waratahs_vs_reds_65866092.json,sr:sport_event:65866092,2026-02-13T08:35:00+00:00,Super Rugby,sr:competition:422,Super Rugby 2026,sr:season:137092,2026,league,regular season,1,Super Rugby Pacific 2026,Waratahs,sr:competitor:4186,WAR,Reds,sr:competitor:4180,RED,Allianz Stadium,Sydney,Australia,"-33.889167, 151.225278","Williams, Paul",New Zealand,13,2269546426,ball_recycled,2026-02-13T08:39:37+00:00,2,1:02,away,Reds,51,51,1,,,,,,,,,,,,,,
super_rugby_2026_waratahs_vs_reds_65866092.json,sr:sport_event:65866092,2026-02-13T08:35:00+00:00,Super Rugby,sr:competition:422,Super Rugby 2026,sr:season:137092,2026,league,regular season,1,Super Rugby Pacific 2026,Waratahs,sr:competitor:4186,WAR,Reds,sr:competitor:4180,RED,Allianz Stadium,Sydney,Australia,"-33.889167, 151.225278","Williams, Paul",New Zealand,14,2269546474,ball_recycled,2026-02-13T08:39:42+00:00,2,1:08,away,Reds,52,40,1,,,,,,,,,,,,,,
super_rugby_2026_waratahs_vs_reds_65866092.json,sr:sport_event:65866092,2026-02-13T08:35:00+00:00,Super Rugby,sr:competition:422,Super Rugby 2026,sr:season:137092,2026,league,regular season,1,Super Rugby Pacific 2026,Waratahs,sr:competitor:4186,WAR,Reds,sr:competitor:4180,RED,Allianz Stadium,Sydney,Australia,"-33.889167, 151.225278","Williams, Paul",New Zealand,15,2269546546,penalty_awarded,2026-02-13T08:39:50+00:00,2,1:15,home,Waratahs,52,40,1,,,,,,,,,,,,,,
super_rugby_2026_waratahs_vs_reds_65866092.json,sr:sport_event:65866092,2026-02-13T08:35:00+00:00,Super Rugby,sr:competition:422,Super Rugby 2026,sr:season:137092,2026,league,regular season,1,Super Rugby Pacific 2026,Waratahs,sr:competitor:4186,WAR,Reds,sr:competitor:4180,RED,Allianz Stadium,Sydney,Australia,"-33.889167, 151.225278","Williams, Paul",New Zealand,16,2269546708,kick_to_touch,2026-02-13T08:40:14+00:00,2,1:40,home,Waratahs,52,40,1,,,,,,,,,,,,,,
super_rugby_2026_waratahs_vs_reds_65866092.json,sr:sport_event:65866092,2026-02-13T08:35:00+00:00,Super Rugby,sr:competition:422,Super Rugby 2026,sr:season:137092,2026,league,regular season,1,Super Rugby Pacific 2026,Waratahs,sr:competitor:4186,WAR,Reds,sr:competitor:4180,RED,Allianz Stadium,Sydney,Australia,"-33.889167, 151.225278","Williams, Paul",New Zealand,17,2269546758,line_out,2026-02-13T08:40:21+00:00,2,1:47,home,Waratahs,79,72,1,,,,,,,,,,,,,,
super_rugby_2026_waratahs_vs_reds_65866092.json,sr:sport_event:65866092,2026-02-13T08:35:00+00:00,Super Rugby,sr:competition:422,Super Rugby 2026,sr:season:137092,2026,league,regular season,1,Super Rugby Pacific 2026,Waratahs,sr:competitor:4186,WAR,Reds,sr:competitor:4180,RED,Allianz Stadium,Sydney,Australia,"-33.889167, 151.225278","Williams, Paul",New Zealand,18,2269546970,line_out_won,2026-02-13T08:40:41+00:00,3,2:07,home,Waratahs,79,72,1,,,,,,,,,,,,,,
super_rugby_2026_waratahs_vs_reds_65866092.json,sr:sport_event:65866092,2026-02-13T08:35:00+00:00,Super Rugby,sr:competition:422,Super Rugby 2026,sr:season:137092,2026,league,regular season,1,Super Rugby Pacific 2026,Waratahs,sr:competitor:4186,WAR,Reds,sr:competitor:4180,RED,Allianz Stadium,Sydney,Australia,"-33.889167, 151.225278","Williams, Paul",New Zealand,19,2269546998,ball_recycled,2026-02-13T08:40:44+00:00,3,2:09,home,Waratahs,77,48,1,,,,,,,,,,,,,,
super_rugby_2026_waratahs_vs_reds_65866092.json,sr:sport_event:65866092,2026-02-13T08:35:00+00:00,Super Rugby,sr:competition:422,Super Rugby 2026,sr:season:137092,2026,league,regular season,1,Super Rugby Pacific 2026,Waratahs,sr:competitor:4186,WAR,Reds,sr:competitor:4180,RED,Allianz Stadium,Sydney,Australia,"-33.889167, 151.225278","Williams, Paul",New Zealand,20,2269547046,ball_recycled,2026-02-13T08:40:49+00:00,3,2:15,home,Waratahs,84,41,1,,,,,,,,,,,,,,
super_rugby_2026_waratahs_vs_reds_65866092.json,sr:sport_event:65866092,2026-02-13T08:35:00+00:00,Super Rugby,sr:competition:422,Super Rugby 2026,sr:season:137092,2026,league,regular season,1,Super Rugby Pacific 2026,Waratahs,sr:competitor:4186,WAR,Reds,sr:competitor:4180,RED,Allianz Stadium,Sydney,Australia,"-33.889167, 151.225278","Williams, Paul",New Zealand,21,2269547072,ball_recycled,2026-02-13T08:40:53+00:00,3,2:19,home,Waratahs,88,34,1,,,,,,,,,,,,,,
super_rugby_2026_waratahs_vs_reds_65866092.json,sr:sport_event:65866092,2026-02-13T08:35:00+00:00,Super Rugby,sr:competition:422,Super Rugby 2026,sr:season:137092,2026,league,regular season,1,Super Rugby Pacific 2026,Waratahs,sr:competitor:4186,WAR,Reds,sr:competitor:4180,RED,Allianz Stadium,Sydney,Australia,"-33.889167, 151.225278","Williams, Paul",New Zealand,22,2269547108,ball_recycled,2026-02-13T08:40:58+00:00,3,2:24,home,Waratahs,89,15,1,,,,,,,,,,,,,,
super_rugby_2026_waratahs_vs_reds_65866092.json,sr:sport_event:65866092,2026-02-13T08:35:00+00:00,Super Rugby,sr:competition:422,Super Rugby 2026,sr:season:137092,2026,league,regular season,1,Super Rugby Pacific 2026,Waratahs,sr:competitor:4186,WAR,Reds,sr:competitor:4180,RED,Allianz Stadium,Sydney,Australia,"-33.889167, 151.225278","Williams, Paul",New Zealand,23,2269547152,ball_recycled,2026-02-13T08:41:03+00:00,3,2:29,home,Waratahs,85,25,1,,,,,,,,,,,,,,
super_rugby_2026_waratahs_vs_reds_65866092.json,sr:sport_event:65866092,2026-02-13T08:35:00+00:00,Super Rugby,sr:competition:422,Super Rugby 2026,sr:season:137092,2026,league,regular season,1,Super Rugby Pacific 2026,Waratahs,sr:competitor:4186,WAR,Reds,sr:competitor:4180,RED,Allianz Stadium,Sydney,Australia,"-33.889167, 151.225278","Williams, Paul",New Zealand,24,2269547220,ball_recycled,2026-02-13T08:41:10+00:00,3,2:35,home,Waratahs,76,62,1,,,,,,,,,,,,,,
super_rugby_2026_waratahs_vs_reds_65866092.json,sr:sport_event:65866092,2026-02-13T08:35:00+00:00,Super Rugby,sr:competition:422,Super Rugby 2026,sr:season:137092,2026,league,regular season,1,Super Rugby Pacific 2026,Waratahs,sr:competitor:4186,WAR,Reds,sr:competitor:4180,RED,Allianz Stadium,Sydney,Australia,"-33.889167, 151.225278","Williams, Paul",New Zealand,25,2269547280,turnover,2026-02-13T08:41:16+00:00,3,2:42,away,Reds,93,65,1,,,,,,,,,,,,,,
super_rugby_2026_waratahs_vs_reds_65866092.json,sr:sport_event:65866092,2026-02-13T08:35:00+00:00,Super Rugby,sr:competition:422,Super Rugby 2026,sr:season:137092,2026,league,regular season,1,Super Rugby Pacific 2026,Waratahs,sr:competitor:4186,WAR,Reds,sr:competitor:4180,RED,Allianz Stadium,Sydney,Australia,"-33.889167, 151.225278","Williams, Paul",New Zealand,26,2269547320,ball_recycled,2026-02-13T08:41:22+00:00,3,2:47,away,Reds,91,60,1,,,,,,,,,,,,,,
super_rugby_2026_waratahs_vs_reds_65866092.json,sr:sport_event:65866092,2026-02-13T08:35:00+00:00,Super Rugby,sr:competition:422,Super Rugby 2026,sr:season:137092,2026,league,regular season,1,Super Rugby Pacific 2026,Waratahs,sr:competitor:4186,WAR,Reds,sr:competitor:4180,RED,Allianz Stadium,Sydney,Australia,"-33.889167, 151.225278","Williams, Paul",New Zealand,27,2269547380,ball_recycled,2026-02-13T08:41:28+00:00,3,2:54,away,Reds,91,57,1,,,,,,,,,,,,,,
super_rugby_2026_waratahs_vs_reds_65866092.json,sr:sport_event:65866092,2026-02-13T08:35:00+00:00,Super Rugby,sr:competition:422,Super Rugby 2026,sr:season:137092,2026,league,regular season,1,Super Rugby Pacific 2026,Waratahs,sr:competitor:4186,WAR,Reds,sr:competitor:4180,RED,Allianz Stadium,Sydney,Australia,"-33.889167, 151.225278","Williams, Paul",New Zealand,28,2269547450,ball_kicked,2026-02-13T08:41:36+00:00,4,3:02,away,Reds,92,58,1,,,,,,,,,,,,,,
super_rugby_2026_waratahs_vs_reds_65866092.json,sr:sport_event:65866092,2026-02-13T08:35:00+00:00,Super Rugby,sr:competition:422,Super Rugby 2026,sr:season:137092,2026,league,regular season,1,Super Rugby Pacific 2026,Waratahs,sr:competitor:4186,WAR,Reds,sr:competitor:4180,RED,Allianz Stadium,Sydney,Australia,"-33.889167, 151.225278","Williams, Paul",New Zealand,29,2269547512,ball_kicked,2026-02-13T08:41:40+00:00,4,3:05,away,Reds,97,62,1,,,,,,,,,,,,,,
super_rugby_2026_waratahs_vs_reds_65866092.json,sr:sport_event:65866092,2026-02-13T08:35:00+00:00,Super Rugby,sr:competition:422,Super Rugby 2026,sr:season:137092,2026,league,regular season,1,Super Rugby Pacific 2026,Waratahs,sr:competitor:4186,WAR,Reds,sr:competitor:4180,RED,Allianz Stadium,Sydney,Australia,"-33.889167, 151.225278","Williams, Paul",New Zealand,30,2269547540,line_out,2026-02-13T08:41:43+00:00,4,3:09,home,Waratahs,89,72,1,,,,,,,,,,,,,,
super_rugby_2026_waratahs_vs_reds_65866092.json,sr:sport_event:65866092,2026-02-13T08:35:00+00:00,Super Rugby,sr:competition:422,Super Rugby 2026,sr:season:137092,2026,league,regular season,1,Super Rugby Pacific 2026,Waratahs,sr:competitor:4186,WAR,Reds,sr:competitor:4180,RED,Allianz Stadium,Sydney,Australia,"-33.889167, 151.225278","Williams, Paul",New Zealand,31,2269547880,line_out_won,2026-02-13T08:42:30+00:00,4,3:56,home,Waratahs,89,72,1,,,,,,,,,,,,,,
super_rugby_2026_waratahs_vs_reds_65866092.json,sr:sport_event:65866092,2026-02-13T08:35:00+00:00,Super Rugby,sr:competition:422,Super Rugby 2026,sr:season:137092,2026,league,regular season,1,Super Rugby Pacific 2026,Waratahs,sr:competitor:4186,WAR,Reds,sr:competitor:4180,RED,Allianz Stadium,Sydney,Australia,"-33.889167, 151.225278","Williams, Paul",New Zealand,32,2269547994,ball_recycled,2026-02-13T08:42:44+00:00,5,4:10,home,Waratahs,97,60,1,,,,,,,,,,,,,,
super_rugby_2026_waratahs_vs_reds_65866092.json,sr:sport_event:65866092,2026-02-13T08:35:00+00:00,Super Rugby,sr:competition:422,Super Rugby 2026,sr:season:137092,2026,league,regular season,1,Super Rugby Pacific 2026,Waratahs,sr:competitor:4186,WAR,Reds,sr:competitor:4180,RED,Allianz Stadium,Sydney,Australia,"-33.889167, 151.225278","Williams, Paul",New Zealand,33,2269548072,ball_recycled,2026-02-13T08:42:50+00:00,5,4:15,home,Waratahs,97,60,1,,,,,,,,,,,,,,
super_rugby_2026_waratahs_vs_reds_65866092.json,sr:sport_event:65866092,2026-02-13T08:35:00+00:00,Super Rugby,sr:competition:422,Super Rugby 2026,sr:season:137092,2026,league,regular season,1,Super Rugby Pacific 2026,Waratahs,sr:competitor:4186,WAR,Reds,sr:competitor:4180,RED,Allianz Stadium,Sydney,Australia,"-33.889167, 151.225278","Williams, Paul",New Zealand,34,2269548150,ball_recycled,2026-02-13T08:42:58+00:00,5,4:24,home,Waratahs,101,62,1,,,,,,,,,,,,,,
super_rugby_2026_waratahs_vs_reds_65866092.json,sr:sport_event:65866092,2026-02-13T08:35:00+00:00,Super Rugby,sr:competition:422,Super Rugby 2026,sr:season:137092,2026,league,regular season,1,Super Rugby Pacific 2026,Waratahs,sr:competitor:4186,WAR,Reds,sr:competitor:4180,RED,Allianz Stadium,Sydney,Australia,"-33.889167, 151.225278","Williams, Paul",New Zealand,35,2269548226,ball_recycled,2026-02-13T08:43:07+00:00,5,4:32,home,Waratahs,101,55,1,,,,,,,,,,,,,,
super_rugby_2026_waratahs_vs_reds_65866092.json,sr:sport_event:65866092,2026-02-13T08:35:00+00:00,Super Rugby,sr:competition:422,Super Rugby 2026,sr:season:137092,2026,league,regular season,1,Super Rugby Pacific 2026,Waratahs,sr:competitor:4186,WAR,Reds,sr:competitor:4180,RED,Allianz Stadium,Sydney,Australia,"-33.889167, 151.225278","Williams, Paul",New Zealand,36,2269548490,penalty_awarded,2026-02-13T08:43:33+00:00,5,4:59,home,Waratahs,101,58,1,,,,,,,,,,,,,,
super_rugby_2026_waratahs_vs_reds_65866092.json,sr:sport_event:65866092,2026-02-13T08:35:00+00:00,Super Rugby,sr:competition:422,Super Rugby 2026,sr:season:137092,2026,league,regular season,1,Super Rugby Pacific 2026,Waratahs,sr:competitor:4186,WAR,Reds,sr:competitor:4180,RED,Allianz Stadium,Sydney,Australia,"-33.889167, 151.225278","Williams, Paul",New Zealand,37,2269548656,kick_to_touch,2026-02-13T08:43:52+00:00,6,5:17,home,Waratahs,101,58,1,,,,,,,,,,,,,,
super_rugby_2026_waratahs_vs_reds_65866092.json,sr:sport_event:65866092,2026-02-13T08:35:00+00:00,Super Rugby,sr:competition:422,Super Rugby 2026,sr:season:137092,2026,league,regular season,1,Super Rugby Pacific 2026,Waratahs,sr:competitor:4186,WAR,Reds,sr:competitor:4180,RED,Allianz Stadium,Sydney,Australia,"-33.889167, 151.225278","Williams, Paul",New Zealand,38,2269548710,line_out,2026-02-13T08:43:57+00:00,6,5:22,home,Waratahs,99,72,1,,,,,,,,,,,,,,
super_rugby_2026_waratahs_vs_reds_65866092.json,sr:sport_event:65866092,2026-02-13T08:35:00+00:00,Super Rugby,sr:competition:422,Super Rugby 2026,sr:season:137092,2026,league,regular season,1,Super Rugby Pacific 2026,Waratahs,sr:competitor:4186,WAR,Reds,sr:competitor:4180,RED,Allianz Stadium,Sydney,Australia,"-33.889167, 151.225278","Williams, Paul",New Zealand,39,2269548818,line_out_won,2026-02-13T08:44:09+00:00,6,5:35,home,Waratahs,99,72,1,,,,,,,,,,,,,,
super_rugby_2026_waratahs_vs_reds_65866092.json,sr:sport_event:65866092,2026-02-13T08:35:00+00:00,Super Rugby,sr:competition:422,Super Rugby 2026,sr:season:137092,2026,league,regular season,1,Super Rugby Pacific 2026,Waratahs,sr:competitor:4186,WAR,Reds,sr:competitor:4180,RED,Allianz Stadium,Sydney,Australia,"-33.889167, 151.225278","Williams, Paul",New Zealand,40,2269549008,ball_recycled,2026-02-13T08:44:30+00:00,6,5:55,home,Waratahs,101,62,1,,,,,,,,,,,,,,
super_rugby_2026_waratahs_vs_reds_65866092.json,sr:sport_event:65866092,2026-02-13T08:35:00+00:00,Super Rugby,sr:competition:422,Super Rugby 2026,sr:season:137092,2026,league,regular season,1,Super Rugby Pacific 2026,Waratahs,sr:competitor:4186,WAR,Reds,sr:competitor:4180,RED,Allianz Stadium,Sydney,Australia,"-33.889167, 151.225278","Williams, Paul",New Zealand,41,2269549064,ball_recycled,2026-02-13T08:44:36+00:00,7,6:01,home,Waratahs,101,58,1,,,,,,,,,,,,,,
super_rugby_2026_waratahs_vs_reds_65866092.json,sr:sport_event:65866092,2026-02-13T08:35:00+00:00,Super Rugby,sr:competition:422,Super Rugby 2026,sr:season:137092,2026,league,regular season,1,Super Rugby Pacific 2026,Waratahs,sr:competitor:4186,WAR,Reds,sr:competitor:4180,RED,Allianz Stadium,Sydney,Australia,"-33.889167, 151.225278","Williams, Paul",New Zealand,42,2269549096,ball_recycled,2026-02-13T08:44:42+00:00,7,6:07,home,Waratahs,101,51,1,,,,,,,,,,,,,,
super_rugby_2026_waratahs_vs_reds_65866092.json,sr:sport_event:65866092,2026-02-13T08:35:00+00:00,Super Rugby,sr:competition:422,Super Rugby 2026,sr:season:137092,2026,league,regular season,1,Super Rugby Pacific 2026,Waratahs,sr:competitor:4186,WAR,Reds,sr:competitor:4180,RED,Allianz Stadium,Sydney,Australia,"-33.889167, 151.225278","Williams, Paul",New Zealand,43,2269549148,ball_recycled,2026-02-13T08:44:47+00:00,7,6:13,home,Waratahs,101,37,1,,,,,,,,,,,,,,
super_rugby_2026_waratahs_vs_reds_65866092.json,sr:sport_event:65866092,2026-02-13T08:35:00+00:00,Super Rugby,sr:competition:422,Super Rugby 2026,sr:season:137092,2026,league,regular season,1,Super Rugby Pacific 2026,Waratahs,sr:competitor:4186,WAR,Reds,sr:competitor:4180,RED,Allianz Stadium,Sydney,Australia,"-33.889167, 151.225278","Williams, Paul",New Zealand,44,2269549220,ball_recycled,2026-02-13T08:44:57+00:00,7,6:22,home,Waratahs,101,37,1,,,,,,,,,,,,,,
super_rugby_2026_waratahs_vs_reds_65866092.json,sr:sport_event:65866092,2026-02-13T08:35:00+00:00,Super Rugby,sr:competition:422,Super Rugby 2026,sr:season:137092,2026,league,regular season,1,Super Rugby Pacific 2026,Waratahs,sr:competitor:4186,WAR,Reds,sr:competitor:4180,RED,Allianz Stadium,Sydney,Australia,"-33.889167, 151.225278","Williams, Paul",New Zealand,45,2269549664,penalty_awarded,2026-02-13T08:45:41+00:00,7,6:35,home,Waratahs,96,52,1,,,,,,,,,,,,,,
super_rugby_2026_waratahs_vs_reds_65866092.json,sr:sport_event:65866092,2026-02-13T08:35:00+00:00,Super Rugby,sr:competition:422,Super Rugby 2026,sr:season:137092,2026,league,regular season,1,Super Rugby Pacific 2026,Waratahs,sr:competitor:4186,WAR,Reds,sr:competitor:4180,RED,Allianz Stadium,Sydney,Australia,"-33.889167, 151.225278","Williams, Paul",New Zealand,46,2269549670,kick_to_touch,2026-02-13T08:45:42+00:00,7,6:37,home,Waratahs,96,52,1,,,,,,,,,,,,,,
super_rugby_2026_waratahs_vs_reds_65866092.json,sr:sport_event:65866092,2026-02-13T08:35:00+00:00,Super Rugby,sr:competition:422,Super Rugby 2026,sr:season:137092,2026,league,regular season,1,Super Rugby Pacific 2026,Waratahs,sr:competitor:4186,WAR,Reds,sr:competitor:4180,RED,Allianz Stadium,Sydney,Australia,"-33.889167, 151.225278","Williams, Paul",New Zealand,47,2269549684,line_out,2026-02-13T08:45:45+00:00,7,6:40,home,Waratahs,99,73,1,,,,,,,,,,,,,,
super_rugby_2026_waratahs_vs_reds_65866092.json,sr:sport_event:65866092,2026-02-13T08:35:00+00:00,Super Rugby,sr:competition:422,Super Rugby 2026,sr:season:137092,2026,league,regular season,1,Super Rugby Pacific 2026,Waratahs,sr:competitor:4186,WAR,Reds,sr:competitor:4180,RED,Allianz Stadium,Sydney,Australia,"-33.889167, 151.225278","Williams, Paul",New Zealand,48,2269549718,line_out_won,2026-02-13T08:45:50+00:00,7,6:44,home,Waratahs,99,73,1,,,,,,,,,,,,,,
super_rugby_2026_waratahs_vs_reds_65866092.json,sr:sport_event:65866092,2026-02-13T08:35:00+00:00,Super Rugby,sr:competition:422,Super Rugby 2026,sr:season:137092,2026,league,regular season,1,Super Rugby Pacific 2026,Waratahs,sr:competitor:4186,WAR,Reds,sr:competitor:4180,RED,Allianz Stadium,Sydney,Australia,"-33.889167, 151.225278","Williams, Paul",New Zealand,49,2269549772,ball_recycled,2026-02-13T08:45:56+00:00,7,6:51,home,Waratahs,97,55,1,,,,,,,,,,,,,,
super_rugby_2026_waratahs_vs_reds_65866092.json,sr:sport_event:65866092,2026-02-13T08:35:00+00:00,Super Rugby,sr:competition:422,Super Rugby 2026,sr:season:137092,2026,league,regular season,1,Super Rugby Pacific 2026,Waratahs,sr:competitor:4186,WAR,Reds,sr:competitor:4180,RED,Allianz Stadium,Sydney,Australia,"-33.889167, 151.225278","Williams, Paul",New Zealand,50,2269549972,score_change,2026-02-13T08:46:22+00:00,8,7:16,home,Waratahs,97,55,1,,,5,0,try,,,sr:player:2911959,"Halaholo, Clem",,,,,"[{""id"": ""sr:player:2911959"", ""name"": ""Halaholo, Clem"", ""type"": ""scorer""}]"
super_rugby_2026_waratahs_vs_reds_65866092.json,sr:sport_event:65866092,2026-02-13T08:35:00+00:00,Super Rugby,sr:competition:422,Super Rugby 2026,sr:season:137092,2026,league,regular season,1,Super Rugby Pacific 2026,Waratahs,sr:competitor:4186,WAR,Reds,sr:competitor:4180,RED,Allianz Stadium,Sydney,Australia,"-33.889167, 151.225278","Williams, Paul",New Zealand,51,2269550422,score_change,2026-02-13T08:47:09+00:00,9,8:03,home,Waratahs,55,35,1,,,7,0,conversion,,,sr:player:2290563,"Creighton, Lawson",,,,,"[{""id"": ""sr:player:2290563"", ""name"": ""Creighton, Lawson"", ""type"": ""scorer""}]"
super_rugby_2026_waratahs_vs_reds_65866092.json,sr:sport_event:65866092,2026-02-13T08:35:00+00:00,Super Rugby,sr:competition:422,Super Rugby 2026,sr:season:137092,2026,league,regular season,1,Super Rugby Pacific 2026,Waratahs,sr:competitor:4186,WAR,Reds,sr:competitor:4180,RED,Allianz Stadium,Sydney,Australia,"-33.889167, 151.225278","Williams, Paul",New Zealand,52,2269550632,ball_kicked,2026-02-13T08:47:37+00:00,9,8:32,away,Reds,56,37,1,,,,,,,,,,,,,,
super_rugby_2026_waratahs_vs_reds_65866092.json,sr:sport_event:65866092,2026-02-13T08:35:00+00:00,Super Rugby,sr:competition:422,Super Rugby 2026,sr:season:137092,2026,league,regular season,1,Super Rugby Pacific 2026,Waratahs,sr:competitor:4186,WAR,Reds,sr:competitor:4180,RED,Allianz Stadium,Sydney,Australia,"-33.889167, 151.225278","Williams, Paul",New Zealand,53,2269550662,ball_recycled,2026-02-13T08:47:40+00:00,9,8:35,home,Waratahs,33,60,1,,,,,,,,,,,,,,
super_rugby_2026_waratahs_vs_reds_65866092.json,sr:sport_event:65866092,2026-02-13T08:35:00+00:00,Super Rugby,sr:competition:422,Super Rugby 2026,sr:season:137092,2026,league,regular season,1,Super Rugby Pacific 2026,Waratahs,sr:competitor:4186,WAR,Reds,sr:competitor:4180,RED,Allianz Stadium,Sydney,Australia,"-33.889167, 151.225278","Williams, Paul",New Zealand,54,2269550706,ball_recycled,2026-02-13T08:47:46+00:00,9,8:41,home,Waratahs,38,57,1,,,,,,,,,,,,,,
super_rugby_2026_waratahs_vs_reds_65866092.json,sr:sport_event:65866092,2026-02-13T08:35:00+00:00,Super Rugby,sr:competition:422,Super Rugby 2026,sr:season:137092,2026,league,regular season,1,Super Rugby Pacific 2026,Waratahs,sr:competitor:4186,WAR,Reds,sr:competitor:4180,RED,Allianz Stadium,Sydney,Australia,"-33.889167, 151.225278","Williams, Paul",New Zealand,55,2269550752,ball_recycled,2026-02-13T08:47:52+00:00,9,8:46,home,Waratahs,22,51,1,,,,,,,,,,,,,,
super_rugby_2026_waratahs_vs_reds_65866092.json,sr:sport_event:65866092,2026-02-13T08:35:00+00:00,Super Rugby,sr:competition:422,Super Rugby 2026,sr:season:137092,2026,league,regular season,1,Super Rugby Pacific 2026,Waratahs,sr:competitor:4186,WAR,Reds,sr:competitor:4180,RED,Allianz Stadium,Sydney,Australia,"-33.889167, 151.225278","Williams, Paul",New Zealand,56,2269550774,ball_recycled,2026-02-13T08:47:54+00:00,9,8:48,home,Waratahs,27,48,1,,,,,,,,,,,,,,
super_rugby_2026_waratahs_vs_reds_65866092.json,sr:sport_event:65866092,2026-02-13T08:35:00+00:00,Super Rugby,sr:competition:422,Super Rugby 2026,sr:season:137092,2026,league,regular season,1,Super Rugby Pacific 2026,Waratahs,sr:competitor:4186,WAR,Reds,sr:competitor:4180,RED,Allianz Stadium,Sydney,Australia,"-33.889167, 151.225278","Williams, Paul",New Zealand,57,2269550836,ball_recycled,2026-02-13T08:48:00+00:00,9,8:54,home,Waratahs,33,53,1,,,,,,,,,,,,,,
super_rugby_2026_waratahs_vs_reds_65866092.json,sr:sport_event:65866092,2026-02-13T08:35:00+00:00,Super Rugby,sr:competition:422,Super Rugby 2026,sr:season:137092,2026,league,regular season,1,Super Rugby Pacific 2026,Waratahs,sr:competitor:4186,WAR,Reds,sr:competitor:4180,RED,Allianz Stadium,Sydney,Australia,"-33.889167, 151.225278","Williams, Paul",New Zealand,58,2269550958,ball_kicked,2026-02-13T08:48:12+00:00,10,9:07,home,Waratahs,25,55,1,,,,,,,,,,,,,,
super_rugby_2026_waratahs_vs_reds_65866092.json,sr:sport_event:65866092,2026-02-13T08:35:00+00:00,Super Rugby,sr:competition:422,Super Rugby 2026,sr:season:137092,2026,league,regular season,1,Super Rugby Pacific 2026,Waratahs,sr:competitor:4186,WAR,Reds,sr:competitor:4180,RED,Allianz Stadium,Sydney,Australia,"-33.889167, 151.225278","Williams, Paul",New Zealand,59,2269550998,ball_recycled,2026-02-13T08:48:16+00:00,10,9:10,away,Reds,51,55,1,,,,,,,,,,,,,,
super_rugby_2026_waratahs_vs_reds_65866092.json,sr:sport_event:65866092,2026-02-13T08:35:00+00:00,Super Rugby,sr:competition:422,Super Rugby 2026,sr:season:137092,2026,league,regular season,1,Super Rugby Pacific 2026,Waratahs,sr:competitor:4186,WAR,Reds,sr:competitor:4180,RED,Allianz Stadium,Sydney,Australia,"-33.889167, 151.225278","Williams, Paul",New Zealand,60,2269551066,ball_recycled,2026-02-13T08:48:23+00:00,10,9:18,away,Reds,54,50,1,,,,,,,,,,,,,,
super_rugby_2026_waratahs_vs_reds_65866092.json,sr:sport_event:65866092,2026-02-13T08:35:00+00:00,Super Rugby,sr:competition:422,Super Rugby 2026,sr:season:137092,2026,league,regular season,1,Super Rugby Pacific 2026,Waratahs,sr:competitor:4186,WAR,Reds,sr:competitor:4180,RED,Allianz Stadium,Sydney,Australia,"-33.889167, 151.225278","Williams, Paul",New Zealand,61,2269551170,ball_kicked,2026-02-13T08:48:37+00:00,10,9:31,away,Reds,58,52,1,,,,,,,,,,,,,,
super_rugby_2026_waratahs_vs_reds_65866092.json,sr:sport_event:65866092,2026-02-13T08:35:00+00:00,Super Rugby,sr:competition:422,Super Rugby 2026,sr:season:137092,2026,league,regular season,1,Super Rugby Pacific 2026,Waratahs,sr:competitor:4186,WAR,Reds,sr:competitor:4180,RED,Allianz Stadium,Sydney,Australia,"-33.889167, 151.225278","Williams, Paul",New Zealand,62,2269551176,ball_recycled,2026-02-13T08:48:38+00:00,10,9:33,home,Waratahs,34,45,1,,,,,,,,,,,,,,
super_rugby_2026_waratahs_vs_reds_65866092.json,sr:sport_event:65866092,2026-02-13T08:35:00+00:00,Super Rugby,sr:competition:422,Super Rugby 2026,sr:season:137092,2026,league,regular season,1,Super Rugby Pacific 2026,Waratahs,sr:competitor:4186,WAR,Reds,sr:competitor:4180,RED,Allianz Stadium,Sydney,Australia,"-33.889167, 151.225278","Williams, Paul",New Zealand,63,2269551330,ball_recycled,2026-02-13T08:48:41+00:00,10,9:36,home,Waratahs,51,37,1,,,,,,,,,,,,,,
super_rugby_2026_waratahs_vs_reds_65866092.json,sr:sport_event:65866092,2026-02-13T08:35:00+00:00,Super Rugby,sr:competition:422,Super Rugby 2026,sr:season:137092,2026,league,regular season,1,Super Rugby Pacific 2026,Waratahs,sr:competitor:4186,WAR,Reds,sr:competitor:4180,RED,Allianz Stadium,Sydney,Australia,"-33.889167, 151.225278","Williams, Paul",New Zealand,64,2269551412,ball_kicked,2026-02-13T08:48:52+00:00,10,9:47,home,Waratahs,62,10,1,,,,,,,,,,,,,,
super_rugby_2026_waratahs_vs_reds_65866092.json,sr:sport_event:65866092,2026-02-13T08:35:00+00:00,Super Rugby,sr:competition:422,Super Rugby 2026,sr:season:137092,2026,league,regular season,1,Super Rugby Pacific 2026,Waratahs,sr:competitor:4186,WAR,Reds,sr:competitor:4180,RED,Allianz Stadium,Sydney,Australia,"-33.889167, 151.225278","Williams, Paul",New Zealand,65,2269551436,ball_recycled,2026-02-13T08:48:56+00:00,10,9:51,away,Reds,66,10,1,,,,,,,,,,,,,,
super_rugby_2026_waratahs_vs_reds_65866092.json,sr:sport_event:65866092,2026-02-13T08:35:00+00:00,Super Rugby,sr:competition:422,Super Rugby 2026,sr:season:137092,2026,league,regular season,1,Super Rugby Pacific 2026,Waratahs,sr:competitor:4186,WAR,Reds,sr:competitor:4180,RED,Allianz Stadium,Sydney,Australia,"-33.889167, 151.225278","Williams, Paul",New Zealand,66,2269551444,ball_recycled,2026-02-13T08:48:58+00:00,10,9:53,away,Reds,79,11,1,,,,,,,,,,,,,,
super_rugby_2026_waratahs_vs_reds_65866092.json,sr:sport_event:65866092,2026-02-13T08:35:00+00:00,Super Rugby,sr:competition:422,Super Rugby 2026,sr:season:137092,2026,league,regular season,1,Super Rugby Pacific 2026,Waratahs,sr:competitor:4186,WAR,Reds,sr:competitor:4180,RED,Allianz Stadium,Sydney,Australia,"-33.889167, 151.225278","Williams, Paul",New Zealand,67,2269551506,ball_recycled,2026-02-13T08:49:04+00:00,10,9:59,away,Reds,79,21,1,,,,,,,,,,,,,,
super_rugby_2026_waratahs_vs_reds_65866092.json,sr:sport_event:65866092,2026-02-13T08:35:00+00:00,Super Rugby,sr:competition:422,Super Rugby 2026,sr:season:137092,2026,league,regular season,1,Super Rugby Pacific 2026,Waratahs,sr:competitor:4186,WAR,Reds,sr:competitor:4180,RED,Allianz Stadium,Sydney,Australia,"-33.889167, 151.225278","Williams, Paul",New Zealand,68,2269551610,ball_kicked,2026-02-13T08:49:17+00:00,11,10:12,away,Reds,79,23,1,,,,,,,,,,,,,,
super_rugby_2026_waratahs_vs_reds_65866092.json,sr:sport_event:65866092,2026-02-13T08:35:00+00:00,Super Rugby,sr:competition:422,Super Rugby 2026,sr:season:137092,2026,league,regular season,1,Super Rugby Pacific 2026,Waratahs,sr:competitor:4186,WAR,Reds,sr:competitor:4180,RED,Allianz Stadium,Sydney,Australia,"-33.889167, 151.225278","Williams, Paul",New Zealand,69,2269551616,ball_recycled,2026-02-13T08:49:19+00:00,11,10:14,home,Waratahs,59,23,1,,,,,,,,,,,,,,
super_rugby_2026_waratahs_vs_reds_65866092.json,sr:sport_event:65866092,2026-02-13T08:35:00+00:00,Super Rugby,sr:competition:422,Super Rugby 2026,sr:season:137092,2026,league,regular season,1,Super Rugby Pacific 2026,Waratahs,sr:competitor:4186,WAR,Reds,sr:competitor:4180,RED,Allianz Stadium,Sydney,Australia,"-33.889167, 151.225278","Williams, Paul",New Zealand,70,2269551638,ball_recycled,2026-02-13T08:49:22+00:00,11,10:17,home,Waratahs,62,19,1,,,,,,,,,,,,,,
super_rugby_2026_waratahs_vs_reds_65866092.json,sr:sport_event:65866092,2026-02-13T08:35:00+00:00,Super Rugby,sr:competition:422,Super Rugby 2026,sr:season:137092,2026,league,regular season,1,Super Rugby Pacific 2026,Waratahs,sr:competitor:4186,WAR,Reds,sr:competitor:4180,RED,Allianz Stadium,Sydney,Australia,"-33.889167, 151.225278","Williams, Paul",New Zealand,71,2269551696,ball_recycled,2026-02-13T08:49:30+00:00,11,10:25,home,Waratahs,52,41,1,,,,,,,,,,,,,,
super_rugby_2026_waratahs_vs_reds_65866092.json,sr:sport_event:65866092,2026-02-13T08:35:00+00:00,Super Rugby,sr:competition:422,Super Rugby 2026,sr:season:137092,2026,league,regular season,1,Super Rugby Pacific 2026,Waratahs,sr:competitor:4186,WAR,Reds,sr:competitor:4180,RED,Allianz Stadium,Sydney,Australia,"-33.889167, 151.225278","Williams, Paul",New Zealand,72,2269551744,ball_recycled,2026-02-13T08:49:38+00:00,11,10:32,home,Waratahs,51,31,1,,,,,,,,,,,,,,
super_rugby_2026_waratahs_vs_reds_65866092.json,sr:sport_event:65866092,2026-02-13T08:35:00+00:00,Super Rugby,sr:competition:422,Super Rugby 2026,sr:season:137092,2026,league,regular season,1,Super Rugby Pacific 2026,Waratahs,sr:competitor:4186,WAR,Reds,sr:competitor:4180,RED,Allianz Stadium,Sydney,Australia,"-33.889167, 151.225278","Williams, Paul",New Zealand,73,2269551834,penalty_awarded,2026-02-13T08:49:49+00:00,11,10:44,away,Reds,50,32,1,,,,,,,,,,,,,,
super_rugby_2026_waratahs_vs_reds_65866092.json,sr:sport_event:65866092,2026-02-13T08:35:00+00:00,Super Rugby,sr:competition:422,Super Rugby 2026,sr:season:137092,2026,league,regular season,1,Super Rugby Pacific 2026,Waratahs,sr:competitor:4186,WAR,Reds,sr:competitor:4180,RED,Allianz Stadium,Sydney,Australia,"-33.889167, 151.225278","Williams, Paul",New Zealand,74,2269552022,kick_to_touch,2026-02-13T08:50:11+00:00,12,11:06,away,Reds,50,32,1,,,,,,,,,,,,,,
super_rugby_2026_waratahs_vs_reds_65866092.json,sr:sport_event:65866092,2026-02-13T08:35:00+00:00,Super Rugby,sr:competition:422,Super Rugby 2026,sr:season:137092,2026,league,regular season,1,Super Rugby Pacific 2026,Waratahs,sr:competitor:4186,WAR,Reds,sr:competitor:4180,RED,Allianz Stadium,Sydney,Australia,"-33.889167, 151.225278","Williams, Paul",New Zealand,75,2269552050,line_out,2026-02-13T08:50:14+00:00,12,11:08,away,Reds,25,-2,1,,,,,,,,,,,,,,
super_rugby_2026_waratahs_vs_reds_65866092.json,sr:sport_event:65866092,2026-02-13T08:35:00+00:00,Super Rugby,sr:competition:422,Super Rugby 2026,sr:season:137092,2026,league,regular season,1,Super Rugby Pacific 2026,Waratahs,sr:competitor:4186,WAR,Reds,sr:competitor:4180,RED,Allianz Stadium,Sydney,Australia,"-33.889167, 151.225278","Williams, Paul",New Zealand,76,2269552238,line_out_won,2026-02-13T08:50:37+00:00,12,11:31,away,Reds,25,-2,1,,,,,,,,,,,,,,
super_rugby_2026_waratahs_vs_reds_65866092.json,sr:sport_event:65866092,2026-02-13T08:35:00+00:00,Super Rugby,sr:competition:422,Super Rugby 2026,sr:season:137092,2026,league,regular season,1,Super Rugby Pacific 2026,Waratahs,sr:competitor:4186,WAR,Reds,sr:competitor:4180,RED,Allianz Stadium,Sydney,Australia,"-33.889167, 151.225278","Williams, Paul",New Zealand,77,2269552308,ball_recycled,2026-02-13T08:50:44+00:00,12,11:38,away,Reds,25,9,1,,,,,,,,,,,,,,
super_rugby_2026_waratahs_vs_reds_65866092.json,sr:sport_event:65866092,2026-02-13T08:35:00+00:00,Super Rugby,sr:competition:422,Super Rugby 2026,sr:season:137092,2026,league,regular season,1,Super Rugby Pacific 2026,Waratahs,sr:competitor:4186,WAR,Reds,sr:competitor:4180,RED,Allianz Stadium,Sydney,Australia,"-33.889167, 151.225278","Williams, Paul",New Zealand,78,2269552372,ball_recycled,2026-02-13T08:50:50+00:00,12,11:45,away,Reds,17,8,1,,,,,,,,,,,,,,
super_rugby_2026_waratahs_vs_reds_65866092.json,sr:sport_event:65866092,2026-02-13T08:35:00+00:00,Super Rugby,sr:competition:422,Super Rugby 2026,sr:season:137092,2026,league,regular season,1,Super Rugby Pacific 2026,Waratahs,sr:competitor:4186,WAR,Reds,sr:competitor:4180,RED,Allianz Stadium,Sydney,Australia,"-33.889167, 151.225278","Williams, Paul",New Zealand,79,2269552446,ball_recycled,2026-02-13T08:51:00+00:00,12,11:55,away,Reds,18,21,1,,,,,,,,,,,,,,
super_rugby_2026_waratahs_vs_reds_65866092.json,sr:sport_event:65866092,2026-02-13T08:35:00+00:00,Super Rugby,sr:competition:422,Super Rugby 2026,sr:season:137092,2026,league,regular season,1,Super Rugby Pacific 2026,Waratahs,sr:competitor:4186,WAR,Reds,sr:competitor:4180,RED,Allianz Stadium,Sydney,Australia,"-33.889167, 151.225278","Williams, Paul",New Zealand,80,2269552476,penalty_awarded,2026-02-13T08:51:05+00:00,12,12:00,away,Reds,18,8,1,,,,,,,,,,,,,,
super_rugby_2026_waratahs_vs_reds_65866092.json,sr:sport_event:65866092,2026-02-13T08:35:00+00:00,Super Rugby,sr:competition:422,Super Rugby 2026,sr:season:137092,2026,league,regular season,1,Super Rugby Pacific 2026,Waratahs,sr:competitor:4186,WAR,Reds,sr:competitor:4180,RED,Allianz Stadium,Sydney,Australia,"-33.889167, 151.225278","Williams, Paul",New Zealand,81,2269552604,kick_to_touch,2026-02-13T08:51:21+00:00,13,12:16,away,Reds,18,8,1,,,,,,,,,,,,,,
super_rugby_2026_waratahs_vs_reds_65866092.json,sr:sport_event:65866092,2026-02-13T08:35:00+00:00,Super Rugby,sr:competition:422,Super Rugby 2026,sr:season:137092,2026,league,regular season,1,Super Rugby Pacific 2026,Waratahs,sr:competitor:4186,WAR,Reds,sr:competitor:4180,RED,Allianz Stadium,Sydney,Australia,"-33.889167, 151.225278","Williams, Paul",New Zealand,82,2269552634,line_out,2026-02-13T08:51:24+00:00,13,12:19,away,Reds,14,-2,1,,,,,,,,,,,,,,
super_rugby_2026_waratahs_vs_reds_65866092.json,sr:sport_event:65866092,2026-02-13T08:35:00+00:00,Super Rugby,sr:competition:422,Super Rugby 2026,sr:season:137092,2026,league,regular season,1,Super Rugby Pacific 2026,Waratahs,sr:competitor:4186,WAR,Reds,sr:competitor:4180,RED,Allianz Stadium,Sydney,Australia,"-33.889167, 151.225278","Williams, Paul",New Zealand,83,2269552748,line_out_won,2026-02-13T08:51:42+00:00,13,12:36,away,Reds,14,-2,1,,,,,,,,,,,,,,
super_rugby_2026_waratahs_vs_reds_65866092.json,sr:sport_event:65866092,2026-02-13T08:35:00+00:00,Super Rugby,sr:competition:422,Super Rugby 2026,sr:season:137092,2026,league,regular season,1,Super Rugby Pacific 2026,Waratahs,sr:competitor:4186,WAR,Reds,sr:competitor:4180,RED,Allianz Stadium,Sydney,Australia,"-33.889167, 151.225278","Williams, Paul",New Zealand,84,2269552784,ball_recycled,2026-02-13T08:51:46+00:00,13,12:41,away,Reds,13,12,1,,,,,,,,,,,,,,
super_rugby_2026_waratahs_vs_reds_65866092.json,sr:sport_event:65866092,2026-02-13T08:35:00+00:00,Super Rugby,sr:competition:422,Super Rugby 2026,sr:season:137092,2026,league,regular season,1,Super Rugby Pacific 2026,Waratahs,sr:competitor:4186,WAR,Reds,sr:competitor:4180,RED,Allianz Stadium,Sydney,Australia,"-33.889167, 151.225278","Williams, Paul",New Zealand,85,2269552812,ball_recycled,2026-02-13T08:51:49+00:00,13,12:44,away,Reds,9,8,1,,,,,,,,,,,,,,
super_rugby_2026_waratahs_vs_reds_65866092.json,sr:sport_event:65866092,2026-02-13T08:35:00+00:00,Super Rugby,sr:competition:422,Super Rugby 2026,sr:season:137092,2026,league,regular season,1,Super Rugby Pacific 2026,Waratahs,sr:competitor:4186,WAR,Reds,sr:competitor:4180,RED,Allianz Stadium,Sydney,Australia,"-33.889167, 151.225278","Williams, Paul",New Zealand,86,2269552860,turnover,2026-02-13T08:51:56+00:00,13,12:51,home,Waratahs,10,11,1,,,,,,,,,,,,,,
super_rugby_2026_waratahs_vs_reds_65866092.json,sr:sport_event:65866092,2026-02-13T08:35:00+00:00,Super Rugby,sr:competition:422,Super Rugby 2026,sr:season:137092,2026,league,regular season,1,Super Rugby Pacific 2026,Waratahs,sr:competitor:4186,WAR,Reds,sr:competitor:4180,RED,Allianz Stadium,Sydney,Australia,"-33.889167, 151.225278","Williams, Paul",New Zealand,87,2269552902,scrum,2026-02-13T08:52:01+00:00,13,12:56,home,Waratahs,14,12,1,,,,,,,,,,,,,,
super_rugby_2026_waratahs_vs_reds_65866092.json,sr:sport_event:65866092,2026-02-13T08:35:00+00:00,Super Rugby,sr:competition:422,Super Rugby 2026,sr:season:137092,2026,league,regular season,1,Super Rugby Pacific 2026,Waratahs,sr:competitor:4186,WAR,Reds,sr:competitor:4180,RED,Allianz Stadium,Sydney,Australia,"-33.889167, 151.225278","Williams, Paul",New Zealand,88,2269553366,scrum_won,2026-02-13T08:52:58+00:00,14,13:52,home,Waratahs,14,12,1,,,,,,,,,,,,,,
super_rugby_2026_waratahs_vs_reds_65866092.json,sr:sport_event:65866092,2026-02-13T08:35:00+00:00,Super Rugby,sr:competition:422,Super Rugby 2026,sr:season:137092,2026,league,regular season,1,Super Rugby Pacific 2026,Waratahs,sr:competitor:4186,WAR,Reds,sr:competitor:4180,RED,Allianz Stadium,Sydney,Australia,"-33.889167, 151.225278","Williams, Paul",New Zealand,89,2269553476,ball_kicked,2026-02-13T08:53:12+00:00,15,14:07,home,Waratahs,14,12,1,,,,,,,,,,,,,,
super_rugby_2026_waratahs_vs_reds_65866092.json,sr:sport_event:65866092,2026-02-13T08:35:00+00:00,Super Rugby,sr:competition:422,Super Rugby 2026,sr:season:137092,2026,league,regular season,1,Super Rugby Pacific 2026,Waratahs,sr:competitor:4186,WAR,Reds,sr:competitor:4180,RED,Allianz Stadium,Sydney,Australia,"-33.889167, 151.225278","Williams, Paul",New Zealand,90,2269553522,line_out,2026-02-13T08:53:17+00:00,15,14:11,away,Reds,42,-1,1,,,,,,,,,,,,,,
super_rugby_2026_waratahs_vs_reds_65866092.json,sr:sport_event:65866092,2026-02-13T08:35:00+00:00,Super Rugby,sr:competition:422,Super Rugby 2026,sr:season:137092,2026,league,regular season,1,Super Rugby Pacific 2026,Waratahs,sr:competitor:4186,WAR,Reds,sr:competitor:4180,RED,Allianz Stadium,Sydney,Australia,"-33.889167, 151.225278","Williams, Paul",New Zealand,91,2269553722,line_out_won,2026-02-13T08:53:43+00:00,15,14:38,away,Reds,42,-1,1,,,,,,,,,,,,,,
super_rugby_2026_waratahs_vs_reds_65866092.json,sr:sport_event:65866092,2026-02-13T08:35:00+00:00,Super Rugby,sr:competition:422,Super Rugby 2026,sr:season:137092,2026,league,regular season,1,Super Rugby Pacific 2026,Waratahs,sr:competitor:4186,WAR,Reds,sr:competitor:4180,RED,Allianz Stadium,Sydney,Australia,"-33.889167, 151.225278","Williams, Paul",New Zealand,92,2269553770,turnover,2026-02-13T08:53:50+00:00,15,14:44,home,Waratahs,39,23,1,,,,,,,,,,,,,,
super_rugby_2026_waratahs_vs_reds_65866092.json,sr:sport_event:65866092,2026-02-13T08:35:00+00:00,Super Rugby,sr:competition:422,Super Rugby 2026,sr:season:137092,2026,league,regular season,1,Super Rugby Pacific 2026,Waratahs,sr:competitor:4186,WAR,Reds,sr:competitor:4180,RED,Allianz Stadium,Sydney,Australia,"-33.889167, 151.225278","Williams, Paul",New Zealand,93,2269553792,ball_kicked,2026-02-13T08:53:54+00:00,15,14:48,home,Waratahs,33,39,1,,,,,,,,,,,,,,
super_rugby_2026_waratahs_vs_reds_65866092.json,sr:sport_event:65866092,2026-02-13T08:35:00+00:00,Super Rugby,sr:competition:422,Super Rugby 2026,sr:season:137092,2026,league,regular season,1,Super Rugby Pacific 2026,Waratahs,sr:competitor:4186,WAR,Reds,sr:competitor:4180,RED,Allianz Stadium,Sydney,Australia,"-33.889167, 151.225278","Williams, Paul",New Zealand,94,2269553832,ball_recycled,2026-02-13T08:53:57+00:00,15,14:52,away,Reds,89,48,1,,,,,,,,,,,,,,
super_rugby_2026_waratahs_vs_reds_65866092.json,sr:sport_event:65866092,2026-02-13T08:35:00+00:00,Super Rugby,sr:competition:422,Super Rugby 2026,sr:season:137092,2026,league,regular season,1,Super Rugby Pacific 2026,Waratahs,sr:competitor:4186,WAR,Reds,sr:competitor:4180,RED,Allianz Stadium,Sydney,Australia,"-33.889167, 151.225278","Williams, Paul",New Zealand,95,2269553890,ball_kicked,2026-02-13T08:54:02+00:00,15,14:56,away,Reds,72,44,1,,,,,,,,,,,,,,
super_rugby_2026_waratahs_vs_reds_65866092.json,sr:sport_event:65866092,2026-02-13T08:35:00+00:00,Super Rugby,sr:competition:422,Super Rugby 2026,sr:season:137092,2026,league,regular season,1,Super Rugby Pacific 2026,Waratahs,sr:competitor:4186,WAR,Reds,sr:competitor:4180,RED,Allianz Stadium,Sydney,Australia,"-33.889167, 151.225278","Williams, Paul",New Zealand,96,2269553904,ball_recycled,2026-02-13T08:54:04+00:00,15,14:58,home,Waratahs,31,64,1,,,,,,,,,,,,,,
super_rugby_2026_waratahs_vs_reds_65866092.json,sr:sport_event:65866092,2026-02-13T08:35:00+00:00,Super Rugby,sr:competition:422,Super Rugby 2026,sr:season:137092,2026,league,regular season,1,Super Rugby Pacific 2026,Waratahs,sr:competitor:4186,WAR,Reds,sr:competitor:4180,RED,Allianz Stadium,Sydney,Australia,"-33.889167, 151.225278","Williams, Paul",New Zealand,97,2269553934,ball_kicked,2026-02-13T08:54:08+00:00,16,15:02,home,Waratahs,42,63,1,,,,,,,,,,,,,,
super_rugby_2026_waratahs_vs_reds_65866092.json,sr:sport_event:65866092,2026-02-13T08:35:00+00:00,Super Rugby,sr:competition:422,Super Rugby 2026,sr:season:137092,2026,league,regular season,1,Super Rugby Pacific 2026,Waratahs,sr:competitor:4186,WAR,Reds,sr:competitor:4180,RED,Allianz Stadium,Sydney,Australia,"-33.889167, 151.225278","Williams, Paul",New Zealand,98,2269553968,ball_kicked,2026-02-13T08:54:14+00:00,16,15:08,away,Reds,91,55,1,,,,,,,,,,,,,,
super_rugby_2026_waratahs_vs_reds_65866092.json,sr:sport_event:65866092,2026-02-13T08:35:00+00:00,Super Rugby,sr:competition:422,Super Rugby 2026,sr:season:137092,2026,league,regular season,1,Super Rugby Pacific 2026,Waratahs,sr:competitor:4186,WAR,Reds,sr:competitor:4180,RED,Allianz Stadium,Sydney,Australia,"-33.889167, 151.225278","Williams, Paul",New Zealand,99,2269553980,ball_recycled,2026-02-13T08:54:16+00:00,16,15:11,home,Waratahs,31,64,1,,,,,,,,,,,,,,
super_rugby_2026_waratahs_vs_reds_65866092.json,sr:sport_event:65866092,2026-02-13T08:35:00+00:00,Super Rugby,sr:competition:422,Super Rugby 2026,sr:season:137092,2026,league,regular season,1,Super Rugby Pacific 2026,Waratahs,sr:competitor:4186,WAR,Reds,sr:competitor:4180,RED,Allianz Stadium,Sydney,Australia,"-33.889167, 151.225278","Williams, Paul",New Zealand,100,2269554024,ball_kicked,2026-02-13T08:54:25+00:00,16,15:20,home,Waratahs,43,59,1,,,,,,,,,,,,,,
super_rugby_2026_waratahs_vs_reds_65866092.json,sr:sport_event:65866092,2026-02-13T08:35:00+00:00,Super Rugby,sr:competition:422,Super Rugby 2026,sr:season:137092,2026,league,regular season,1,Super Rugby Pacific 2026,Waratahs,sr:competitor:4186,WAR,Reds,sr:competitor:4180,RED,Allianz Stadium,Sydney,Australia,"-33.889167, 151.225278","Williams, Paul",New Zealand,101,2269554040,ball_recycled,2026-02-13T08:54:27+00:00,16,15:22,away,Reds,70,58,1,,,,,,,,,,,,,,
super_rugby_2026_waratahs_vs_reds_65866092.json,sr:sport_event:65866092,2026-02-13T08:35:00+00:00,Super Rugby,sr:competition:422,Super Rugby 2026,sr:season:137092,2026,league,regular season,1,Super Rugby Pacific 2026,Waratahs,sr:competitor:4186,WAR,Reds,sr:competitor:4180,RED,Allianz Stadium,Sydney,Australia,"-33.889167, 151.225278","Williams, Paul",New Zealand,102,2269554074,ball_recycled,2026-02-13T08:54:32+00:00,16,15:27,away,Reds,68,51,1,,,,,,,,,,,,,,
super_rugby_2026_waratahs_vs_reds_65866092.json,sr:sport_event:65866092,2026-02-13T08:35:00+00:00,Super Rugby,sr:competition:422,Super Rugby 2026,sr:season:137092,2026,league,regular season,1,Super Rugby Pacific 2026,Waratahs,sr:competitor:4186,WAR,Reds,sr:competitor:4180,RED,Allianz Stadium,Sydney,Australia,"-33.889167, 151.225278","Williams, Paul",New Zealand,103,2269554116,ball_recycled,2026-02-13T08:54:39+00:00,16,15:33,away,Reds,76,25,1,,,,,,,,,,,,,,
super_rugby_2026_waratahs_vs_reds_65866092.json,sr:sport_event:65866092,2026-02-13T08:35:00+00:00,Super Rugby,sr:competition:422,Super Rugby 2026,sr:season:137092,2026,league,regular season,1,Super Rugby Pacific 2026,Waratahs,sr:competitor:4186,WAR,Reds,sr:competitor:4180,RED,Allianz Stadium,Sydney,Australia,"-33.889167, 151.225278","Williams, Paul",New Zealand,104,2269554166,ball_recycled,2026-02-13T08:54:45+00:00,16,15:39,away,Reds,46,11,1,,,,,,,,,,,,,,
super_rugby_2026_waratahs_vs_reds_65866092.json,sr:sport_event:65866092,2026-02-13T08:35:00+00:00,Super Rugby,sr:competition:422,Super Rugby 2026,sr:season:137092,2026,league,regular season,1,Super Rugby Pacific 2026,Waratahs,sr:competitor:4186,WAR,Reds,sr:competitor:4180,RED,Allianz Stadium,Sydney,Australia,"-33.889167, 151.225278","Williams, Paul",New Zealand,105,2269554180,ball_recycled,2026-02-13T08:54:49+00:00,16,15:44,away,Reds,39,22,1,,,,,,,,,,,,,,
super_rugby_2026_waratahs_vs_reds_65866092.json,sr:sport_event:65866092,2026-02-13T08:35:00+00:00,Super Rugby,sr:competition:422,Super Rugby 2026,sr:season:137092,2026,league,regular season,1,Super Rugby Pacific 2026,Waratahs,sr:competitor:4186,WAR,Reds,sr:competitor:4180,RED,Allianz Stadium,Sydney,Australia,"-33.889167, 151.225278","Williams, Paul",New Zealand,106,2269554234,ball_recycled,2026-02-13T08:54:56+00:00,16,15:51,away,Reds,40,31,1,,,,,,,,,,,,,,
super_rugby_2026_waratahs_vs_reds_65866092.json,sr:sport_event:65866092,2026-02-13T08:35:00+00:00,Super Rugby,sr:competition:422,Super Rugby 2026,sr:season:137092,2026,league,regular season,1,Super Rugby Pacific 2026,Waratahs,sr:competitor:4186,WAR,Reds,sr:competitor:4180,RED,Allianz Stadium,Sydney,Australia,"-33.889167, 151.225278","Williams, Paul",New Zealand,107,2269554300,ball_recycled,2026-02-13T08:55:04+00:00,16,15:59,away,Reds,42,23,1,,,,,,,,,,,,,,
super_rugby_2026_waratahs_vs_reds_65866092.json,sr:sport_event:65866092,2026-02-13T08:35:00+00:00,Super Rugby,sr:competition:422,Super Rugby 2026,sr:season:137092,2026,league,regular season,1,Super Rugby Pacific 2026,Waratahs,sr:competitor:4186,WAR,Reds,sr:competitor:4180,RED,Allianz Stadium,Sydney,Australia,"-33.889167, 151.225278","Williams, Paul",New Zealand,108,2269554346,ball_recycled,2026-02-13T08:55:10+00:00,17,16:05,away,Reds,42,17,1,,,,,,,,,,,,,,
super_rugby_2026_waratahs_vs_reds_65866092.json,sr:sport_event:65866092,2026-02-13T08:35:00+00:00,Super Rugby,sr:competition:422,Super Rugby 2026,sr:season:137092,2026,league,regular season,1,Super Rugby Pacific 2026,Waratahs,sr:competitor:4186,WAR,Reds,sr:competitor:4180,RED,Allianz Stadium,Sydney,Australia,"-33.889167, 151.225278","Williams, Paul",New Zealand,109,2269554374,ball_recycled,2026-02-13T08:55:15+00:00,17,16:10,away,Reds,40,23,1,,,,,,,,,,,,,,
super_rugby_2026_waratahs_vs_reds_65866092.json,sr:sport_event:65866092,2026-02-13T08:35:00+00:00,Super Rugby,sr:competition:422,Super Rugby 2026,sr:season:137092,2026,league,regular season,1,Super Rugby Pacific 2026,Waratahs,sr:competitor:4186,WAR,Reds,sr:competitor:4180,RED,Allianz Stadium,Sydney,Australia,"-33.889167, 151.225278","Williams, Paul",New Zealand,110,2269554418,ball_recycled,2026-02-13T08:55:20+00:00,17,16:14,away,Reds,38,37,1,,,,,,,,,,,,,,
super_rugby_2026_waratahs_vs_reds_65866092.json,sr:sport_event:65866092,2026-02-13T08:35:00+00:00,Super Rugby,sr:competition:422,Super Rugby 2026,sr:season:137092,2026,league,regular season,1,Super Rugby Pacific 2026,Waratahs,sr:competitor:4186,WAR,Reds,sr:competitor:4180,RED,Allianz Stadium,Sydney,Australia,"-33.889167, 151.225278","Williams, Paul",New Zealand,111,2269554474,ball_recycled,2026-02-13T08:55:27+00:00,17,16:21,away,Reds,39,28,1,,,,,,,,,,,,,,
super_rugby_2026_waratahs_vs_reds_65866092.json,sr:sport_event:65866092,2026-02-13T08:35:00+00:00,Super Rugby,sr:competition:422,Super Rugby 2026,sr:season:137092,2026,league,regular season,1,Super Rugby Pacific 2026,Waratahs,sr:competitor:4186,WAR,Reds,sr:competitor:4180,RED,Allianz Stadium,Sydney,Australia,"-33.889167, 151.225278","Williams, Paul",New Zealand,112,2269554516,ball_recycled,2026-02-13T08:55:34+00:00,17,16:29,away,Reds,40,19,1,,,,,,,,,,,,,,
super_rugby_2026_waratahs_vs_reds_65866092.json,sr:sport_event:65866092,2026-02-13T08:35:00+00:00,Super Rugby,sr:competition:422,Super Rugby 2026,sr:season:137092,2026,league,regular season,1,Super Rugby Pacific 2026,Waratahs,sr:competitor:4186,WAR,Reds,sr:competitor:4180,RED,Allianz Stadium,Sydney,Australia,"-33.889167, 151.225278","Williams, Paul",New Zealand,113,2269554558,ball_recycled,2026-02-13T08:55:41+00:00,17,16:36,away,Reds,40,28,1,,,,,,,,,,,,,,
super_rugby_2026_waratahs_vs_reds_65866092.json,sr:sport_event:65866092,2026-02-13T08:35:00+00:00,Super Rugby,sr:competition:422,Super Rugby 2026,sr:season:137092,2026,league,regular season,1,Super Rugby Pacific 2026,Waratahs,sr:competitor:4186,WAR,Reds,sr:competitor:4180,RED,Allianz Stadium,Sydney,Australia,"-33.889167, 151.225278","Williams, Paul",New Zealand,114,2269554644,ball_recycled,2026-02-13T08:55:49+00:00,17,16:44,away,Reds,42,19,1,,,,,,,,,,,,,,
super_rugby_2026_waratahs_vs_reds_65866092.json,sr:sport_event:65866092,2026-02-13T08:35:00+00:00,Super Rugby,sr:competition:422,Super Rugby 2026,sr:season:137092,2026,league,regular season,1,Super Rugby Pacific 2026,Waratahs,sr:competitor:4186,WAR,Reds,sr:competitor:4180,RED,Allianz Stadium,Sydney,Australia,"-33.889167, 151.225278","Williams, Paul",New Zealand,115,2269554716,ball_kicked,2026-02-13T08:56:00+00:00,17,16:55,away,Reds,44,21,1,,,,,,,,,,,,,,
super_rugby_2026_waratahs_vs_reds_65866092.json,sr:sport_event:65866092,2026-02-13T08:35:00+00:00,Super Rugby,sr:competition:422,Super Rugby 2026,sr:season:137092,2026,league,regular season,1,Super Rugby Pacific 2026,Waratahs,sr:competitor:4186,WAR,Reds,sr:competitor:4180,RED,Allianz Stadium,Sydney,Australia,"-33.889167, 151.225278","Williams, Paul",New Zealand,116,2269554744,ball_recycled,2026-02-13T08:56:03+00:00,17,16:58,home,Waratahs,33,10,1,,,,,,,,,,,,,,
super_rugby_2026_waratahs_vs_reds_65866092.json,sr:sport_event:65866092,2026-02-13T08:35:00+00:00,Super Rugby,sr:competition:422,Super Rugby 2026,sr:season:137092,2026,league,regular season,1,Super Rugby Pacific 2026,Waratahs,sr:competitor:4186,WAR,Reds,sr:competitor:4180,RED,Allianz Stadium,Sydney,Australia,"-33.889167, 151.225278","Williams, Paul",New Zealand,117,2269554786,ball_recycled,2026-02-13T08:56:11+00:00,18,17:05,home,Waratahs,34,19,1,,,,,,,,,,,,,,
super_rugby_2026_waratahs_vs_reds_65866092.json,sr:sport_event:65866092,2026-02-13T08:35:00+00:00,Super Rugby,sr:competition:422,Super Rugby 2026,sr:season:137092,2026,league,regular season,1,Super Rugby Pacific 2026,Waratahs,sr:competitor:4186,WAR,Reds,sr:competitor:4180,RED,Allianz Stadium,Sydney,Australia,"-33.889167, 151.225278","Williams, Paul",New Zealand,118,2269554858,penalty_awarded,2026-02-13T08:56:23+00:00,18,17:18,home,Waratahs,33,19,1,,,,,,,,,,,,,,
super_rugby_2026_waratahs_vs_reds_65866092.json,sr:sport_event:65866092,2026-02-13T08:35:00+00:00,Super Rugby,sr:competition:422,Super Rugby 2026,sr:season:137092,2026,league,regular season,1,Super Rugby Pacific 2026,Waratahs,sr:competitor:4186,WAR,Reds,sr:competitor:4180,RED,Allianz Stadium,Sydney,Australia,"-33.889167, 151.225278","Williams, Paul",New Zealand,119,2269554976,kick_to_touch,2026-02-13T08:56:37+00:00,18,17:32,home,Waratahs,33,19,1,,,,,,,,,,,,,,
super_rugby_2026_waratahs_vs_reds_65866092.json,sr:sport_event:65866092,2026-02-13T08:35:00+00:00,Super Rugby,sr:competition:422,Super Rugby 2026,sr:season:137092,2026,league,regular season,1,Super Rugby Pacific 2026,Waratahs,sr:competitor:4186,WAR,Reds,sr:competitor:4180,RED,Allianz Stadium,Sydney,Australia,"-33.889167, 151.225278","Williams, Paul",New Zealand,120,2269555156,line_out,2026-02-13T08:56:58+00:00,18,17:52,home,Waratahs,62,-1,1,,,,,,,,,,,,,,
super_rugby_2026_waratahs_vs_reds_65866092.json,sr:sport_event:65866092,2026-02-13T08:35:00+00:00,Super Rugby,sr:competition:422,Super Rugby 2026,sr:season:137092,2026,league,regular season,1,Super Rugby Pacific 2026,Waratahs,sr:competitor:4186,WAR,Reds,sr:competitor:4180,RED,Allianz Stadium,Sydney,Australia,"-33.889167, 151.225278","Williams, Paul",New Zealand,121,2269555228,line_out_won,2026-02-13T08:57:09+00:00,19,18:03,home,Waratahs,62,-1,1,,,,,,,,,,,,,,
super_rugby_2026_waratahs_vs_reds_65866092.json,sr:sport_event:65866092,2026-02-13T08:35:00+00:00,Super Rugby,sr:competition:422,Super Rugby 2026,sr:season:137092,2026,league,regular season,1,Super Rugby Pacific 2026,Waratahs,sr:competitor:4186,WAR,Reds,sr:competitor:4180,RED,Allianz Stadium,Sydney,Australia,"-33.889167, 151.225278","Williams, Paul",New Zealand,122,2269555274,ball_kicked,2026-02-13T08:57:16+00:00,19,18:10,home,Waratahs,54,25,1,,,,,,,,,,,,,,
super_rugby_2026_waratahs_vs_reds_65866092.json,sr:sport_event:65866092,2026-02-13T08:35:00+00:00,Super Rugby,sr:competition:422,Super Rugby 2026,sr:season:137092,2026,league,regular season,1,Super Rugby Pacific 2026,Waratahs,sr:competitor:4186,WAR,Reds,sr:competitor:4180,RED,Allianz Stadium,Sydney,Australia,"-33.889167, 151.225278","Williams, Paul",New Zealand,123,2269555294,ball_recycled,2026-02-13T08:57:18+00:00,19,18:13,away,Reds,88,39,1,,,,,,,,,,,,,,
super_rugby_2026_waratahs_vs_reds_65866092.json,sr:sport_event:65866092,2026-02-13T08:35:00+00:00,Super Rugby,sr:competition:422,Super Rugby 2026,sr:season:137092,2026,league,regular season,1,Super Rugby Pacific 2026,Waratahs,sr:competitor:4186,WAR,Reds,sr:competitor:4180,RED,Allianz Stadium,Sydney,Australia,"-33.889167, 151.225278","Williams, Paul",New Zealand,124,2269555340,ball_recycled,2026-02-13T08:57:24+00:00,19,18:18,away,Reds,58,23,1,,,,,,,,,,,,,,
super_rugby_2026_waratahs_vs_reds_65866092.json,sr:sport_event:65866092,2026-02-13T08:35:00+00:00,Super Rugby,sr:competition:422,Super Rugby 2026,sr:season:137092,2026,league,regular season,1,Super Rugby Pacific 2026,Waratahs,sr:competitor:4186,WAR,Reds,sr:competitor:4180,RED,Allianz Stadium,Sydney,Australia,"-33.889167, 151.225278","Williams, Paul",New Zealand,125,2269555372,ball_recycled,2026-02-13T08:57:26+00:00,19,18:20,away,Reds,51,20,1,,,,,,,,,,,,,,
super_rugby_2026_waratahs_vs_reds_65866092.json,sr:sport_event:65866092,2026-02-13T08:35:00+00:00,Super Rugby,sr:competition:422,Super Rugby 2026,sr:season:137092,2026,league,regular season,1,Super Rugby Pacific 2026,Waratahs,sr:competitor:4186,WAR,Reds,sr:competitor:4180,RED,Allianz Stadium,Sydney,Australia,"-33.889167, 151.225278","Williams, Paul",New Zealand,126,2269555408,ball_recycled,2026-02-13T08:57:31+00:00,19,18:26,away,Reds,50,27,1,,,,,,,,,,,,,,
super_rugby_2026_waratahs_vs_reds_65866092.json,sr:sport_event:65866092,2026-02-13T08:35:00+00:00,Super Rugby,sr:competition:422,Super Rugby 2026,sr:season:137092,2026,league,regular season,1,Super Rugby Pacific 2026,Waratahs,sr:competitor:4186,WAR,Reds,sr:competitor:4180,RED,Allianz Stadium,Sydney,Australia,"-33.889167, 151.225278","Williams, Paul",New Zealand,127,2269555426,ball_kicked,2026-02-13T08:57:34+00:00,19,18:29,away,Reds,54,35,1,,,,,,,,,,,,,,
super_rugby_2026_waratahs_vs_reds_65866092.json,sr:sport_event:65866092,2026-02-13T08:35:00+00:00,Super Rugby,sr:competition:422,Super Rugby 2026,sr:season:137092,2026,league,regular season,1,Super Rugby Pacific 2026,Waratahs,sr:competitor:4186,WAR,Reds,sr:competitor:4180,RED,Allianz Stadium,Sydney,Australia,"-33.889167, 151.225278","Williams, Paul",New Zealand,128,2269555482,ball_recycled,2026-02-13T08:57:40+00:00,19,18:34,home,Waratahs,18,36,1,,,,,,,,,,,,,,
super_rugby_2026_waratahs_vs_reds_65866092.json,sr:sport_event:65866092,2026-02-13T08:35:00+00:00,Super Rugby,sr:competition:422,Super Rugby 2026,sr:season:137092,2026,league,regular season,1,Super Rugby Pacific 2026,Waratahs,sr:competitor:4186,WAR,Reds,sr:competitor:4180,RED,Allianz Stadium,Sydney,Australia,"-33.889167, 151.225278","Williams, Paul",New Zealand,129,2269555492,ball_kicked,2026-02-13T08:57:42+00:00,19,18:37,home,Waratahs,17,20,1,,,,,,,,,,,,,,
super_rugby_2026_waratahs_vs_reds_65866092.json,sr:sport_event:65866092,2026-02-13T08:35:00+00:00,Super Rugby,sr:competition:422,Super Rugby 2026,sr:season:137092,2026,league,regular season,1,Super Rugby Pacific 2026,Waratahs,sr:competitor:4186,WAR,Reds,sr:competitor:4180,RED,Allianz Stadium,Sydney,Australia,"-33.889167, 151.225278","Williams, Paul",New Zealand,130,2269555530,line_out,2026-02-13T08:57:49+00:00,19,18:44,away,Reds,46,-2,1,,,,,,,,,,,,,,
super_rugby_2026_waratahs_vs_reds_65866092.json,sr:sport_event:65866092,2026-02-13T08:35:00+00:00,Super Rugby,sr:competition:422,Super Rugby 2026,sr:season:137092,2026,league,regular season,1,Super Rugby Pacific 2026,Waratahs,sr:competitor:4186,WAR,Reds,sr:competitor:4180,RED,Allianz Stadium,Sydney,Australia,"-33.889167, 151.225278","Williams, Paul",New Zealand,131,2269555686,line_out_won,2026-02-13T08:58:15+00:00,20,19:09,away,Reds,46,-2,1,,,,,,,,,,,,,,
super_rugby_2026_waratahs_vs_reds_65866092.json,sr:sport_event:65866092,2026-02-13T08:35:00+00:00,Super Rugby,sr:competition:422,Super Rugby 2026,sr:season:137092,2026,league,regular season,1,Super Rugby Pacific 2026,Waratahs,sr:competitor:4186,WAR,Reds,sr:competitor:4180,RED,Allianz Stadium,Sydney,Australia,"-33.889167, 151.225278","Williams, Paul",New Zealand,132,2269555778,ball_recycled,2026-02-13T08:58:24+00:00,20,19:19,away,Reds,46,32,1,,,,,,,,,,,,,,
super_rugby_2026_waratahs_vs_reds_65866092.json,sr:sport_event:65866092,2026-02-13T08:35:00+00:00,Super Rugby,sr:competition:422,Super Rugby 2026,sr:season:137092,2026,league,regular season,1,Super Rugby Pacific 2026,Waratahs,sr:competitor:4186,WAR,Reds,sr:competitor:4180,RED,Allianz Stadium,Sydney,Australia,"-33.889167, 151.225278","Williams, Paul",New Zealand,133,2269555788,ball_recycled,2026-02-13T08:58:26+00:00,20,19:21,away,Reds,31,26,1,,,,,,,,,,,,,,
super_rugby_2026_waratahs_vs_reds_65866092.json,sr:sport_event:65866092,2026-02-13T08:35:00+00:00,Super Rugby,sr:competition:422,Super Rugby 2026,sr:season:137092,2026,league,regular season,1,Super Rugby Pacific 2026,Waratahs,sr:competitor:4186,WAR,Reds,sr:competitor:4180,RED,Allianz Stadium,Sydney,Australia,"-33.889167, 151.225278","Williams, Paul",New Zealand,134,2269555840,ball_recycled,2026-02-13T08:58:32+00:00,20,19:26,away,Reds,21,25,1,,,,,,,,,,,,,,
super_rugby_2026_waratahs_vs_reds_65866092.json,sr:sport_event:65866092,2026-02-13T08:35:00+00:00,Super Rugby,sr:competition:422,Super Rugby 2026,sr:season:137092,2026,league,regular season,1,Super Rugby Pacific 2026,Waratahs,sr:competitor:4186,WAR,Reds,sr:competitor:4180,RED,Allianz Stadium,Sydney,Australia,"-33.889167, 151.225278","Williams, Paul",New Zealand,135,2269555920,ball_recycled,2026-02-13T08:58:42+00:00,20,19:36,away,Reds,56,14,1,,,,,,,,,,,,,,
super_rugby_2026_waratahs_vs_reds_65866092.json,sr:sport_event:65866092,2026-02-13T08:35:00+00:00,Super Rugby,sr:competition:422,Super Rugby 2026,sr:season:137092,2026,league,regular season,1,Super Rugby Pacific 2026,Waratahs,sr:competitor:4186,WAR,Reds,sr:competitor:4180,RED,Allianz Stadium,Sydney,Australia,"-33.889167, 151.225278","Williams, Paul",New Zealand,136,2269555942,ball_recycled,2026-02-13T08:58:47+00:00,20,19:42,away,Reds,48,37,1,,,,,,,,,,,,,,
super_rugby_2026_waratahs_vs_reds_65866092.json,sr:sport_event:65866092,2026-02-13T08:35:00+00:00,Super Rugby,sr:competition:422,Super Rugby 2026,sr:season:137092,2026,league,regular season,1,Super Rugby Pacific 2026,Waratahs,sr:competitor:4186,WAR,Reds,sr:competitor:4180,RED,Allianz Stadium,Sydney,Australia,"-33.889167, 151.225278","Williams, Paul",New Zealand,137,2269555988,ball_kicked,2026-02-13T08:58:53+00:00,20,19:47,away,Reds,59,33,1,,,,,,,,,,,,,,
super_rugby_2026_waratahs_vs_reds_65866092.json,sr:sport_event:65866092,2026-02-13T08:35:00+00:00,Super Rugby,sr:competition:422,Super Rugby 2026,sr:season:137092,2026,league,regular season,1,Super Rugby Pacific 2026,Waratahs,sr:competitor:4186,WAR,Reds,sr:competitor:4180,RED,Allianz Stadium,Sydney,Australia,"-33.889167, 151.225278","Williams, Paul",New Zealand,138,2269556030,ball_recycled,2026-02-13T08:58:57+00:00,20,19:51,home,Waratahs,19,51,1,,,,,,,,,,,,,,
super_rugby_2026_waratahs_vs_reds_65866092.json,sr:sport_event:65866092,2026-02-13T08:35:00+00:00,Super Rugby,sr:competition:422,Super Rugby 2026,sr:season:137092,2026,league,regular season,1,Super Rugby Pacific 2026,Waratahs,sr:competitor:4186,WAR,Reds,sr:competitor:4180,RED,Allianz Stadium,Sydney,Australia,"-33.889167, 151.225278","Williams, Paul",New Zealand,139,2269556086,ball_kicked,2026-02-13T08:59:04+00:00,20,19:58,home,Waratahs,44,55,1,,,,,,,,,,,,,,
super_rugby_2026_waratahs_vs_reds_65866092.json,sr:sport_event:65866092,2026-02-13T08:35:00+00:00,Super Rugby,sr:competition:422,Super Rugby 2026,sr:season:137092,2026,league,regular season,1,Super Rugby Pacific 2026,Waratahs,sr:competitor:4186,WAR,Reds,sr:competitor:4180,RED,Allianz Stadium,Sydney,Australia,"-33.889167, 151.225278","Williams, Paul",New Zealand,140,2269556388,score_change,2026-02-13T08:59:45+00:00,21,20:40,away,Reds,44,55,1,,,7,5,try,,,sr:player:2746677,"Ryan, Tim",,,,,"[{""id"": ""sr:player:2746677"", ""name"": ""Ryan, Tim"", ""type"": ""scorer""}]"
super_rugby_2026_waratahs_vs_reds_65866092.json,sr:sport_event:65866092,2026-02-13T08:35:00+00:00,Super Rugby,sr:competition:422,Super Rugby 2026,sr:season:137092,2026,league,regular season,1,Super Rugby Pacific 2026,Waratahs,sr:competitor:4186,WAR,Reds,sr:competitor:4180,RED,Allianz Stadium,Sydney,Australia,"-33.889167, 151.225278","Williams, Paul",New Zealand,141,2269556896,ball_kicked,2026-02-13T09:00:30+00:00,22,21:25,home,Waratahs,56,37,1,,,,,,,,,,,,,,
super_rugby_2026_waratahs_vs_reds_65866092.json,sr:sport_event:65866092,2026-02-13T08:35:00+00:00,Super Rugby,sr:competition:422,Super Rugby 2026,sr:season:137092,2026,league,regular season,1,Super Rugby Pacific 2026,Waratahs,sr:competitor:4186,WAR,Reds,sr:competitor:4180,RED,Allianz Stadium,Sydney,Australia,"-33.889167, 151.225278","Williams, Paul",New Zealand,142,2269556920,ball_recycled,2026-02-13T09:00:33+00:00,22,21:27,away,Reds,87,14,1,,,,,,,,,,,,,,
super_rugby_2026_waratahs_vs_reds_65866092.json,sr:sport_event:65866092,2026-02-13T08:35:00+00:00,Super Rugby,sr:competition:422,Super Rugby 2026,sr:season:137092,2026,league,regular season,1,Super Rugby Pacific 2026,Waratahs,sr:competitor:4186,WAR,Reds,sr:competitor:4180,RED,Allianz Stadium,Sydney,Australia,"-33.889167, 151.225278","Williams, Paul",New Zealand,143,2269556940,ball_recycled,2026-02-13T09:00:35+00:00,22,21:30,away,Reds,77,17,1,,,,,,,,,,,,,,
super_rugby_2026_waratahs_vs_reds_65866092.json,sr:sport_event:65866092,2026-02-13T08:35:00+00:00,Super Rugby,sr:competition:422,Super Rugby 2026,sr:season:137092,2026,league,regular season,1,Super Rugby Pacific 2026,Waratahs,sr:competitor:4186,WAR,Reds,sr:competitor:4180,RED,Allianz Stadium,Sydney,Australia,"-33.889167, 151.225278","Williams, Paul",New Zealand,144,2269557054,ball_recycled,2026-02-13T09:00:45+00:00,22,21:39,away,Reds,71,25,1,,,,,,,,,,,,,,
super_rugby_2026_waratahs_vs_reds_65866092.json,sr:sport_event:65866092,2026-02-13T08:35:00+00:00,Super Rugby,sr:competition:422,Super Rugby 2026,sr:season:137092,2026,league,regular season,1,Super Rugby Pacific 2026,Waratahs,sr:competitor:4186,WAR,Reds,sr:competitor:4180,RED,Allianz Stadium,Sydney,Australia,"-33.889167, 151.225278","Williams, Paul",New Zealand,145,2269557098,ball_recycled,2026-02-13T09:00:49+00:00,22,21:43,away,Reds,70,37,1,,,,,,,,,,,,,,
super_rugby_2026_waratahs_vs_reds_65866092.json,sr:sport_event:65866092,2026-02-13T08:35:00+00:00,Super Rugby,sr:competition:422,Super Rugby 2026,sr:season:137092,2026,league,regular season,1,Super Rugby Pacific 2026,Waratahs,sr:competitor:4186,WAR,Reds,sr:competitor:4180,RED,Allianz Stadium,Sydney,Australia,"-33.889167, 151.225278","Williams, Paul",New Zealand,146,2269557246,scrum,2026-02-13T09:01:03+00:00,22,21:57,away,Reds,70,44,1,,,,,,,,,,,,,,
super_rugby_2026_waratahs_vs_reds_65866092.json,sr:sport_event:65866092,2026-02-13T08:35:00+00:00,Super Rugby,sr:competition:422,Super Rugby 2026,sr:season:137092,2026,league,regular season,1,Super Rugby Pacific 2026,Waratahs,sr:competitor:4186,WAR,Reds,sr:competitor:4180,RED,Allianz Stadium,Sydney,Australia,"-33.889167, 151.225278","Williams, Paul",New Zealand,147,2269557762,scrum_won,2026-02-13T09:01:56+00:00,23,22:50,away,Reds,70,44,1,,,,,,,,,,,,,,
super_rugby_2026_waratahs_vs_reds_65866092.json,sr:sport_event:65866092,2026-02-13T08:35:00+00:00,Super Rugby,sr:competition:422,Super Rugby 2026,sr:season:137092,2026,league,regular season,1,Super Rugby Pacific 2026,Waratahs,sr:competitor:4186,WAR,Reds,sr:competitor:4180,RED,Allianz Stadium,Sydney,Australia,"-33.889167, 151.225278","Williams, Paul",New Zealand,148,2269557764,penalty_awarded,2026-02-13T09:01:57+00:00,23,22:50,away,Reds,,,1,,,,,,,,,,,,,,
super_rugby_2026_waratahs_vs_reds_65866092.json,sr:sport_event:65866092,2026-02-13T08:35:00+00:00,Super Rugby,sr:competition:422,Super Rugby 2026,sr:season:137092,2026,league,regular season,1,Super Rugby Pacific 2026,Waratahs,sr:competitor:4186,WAR,Reds,sr:competitor:4180,RED,Allianz Stadium,Sydney,Australia,"-33.889167, 151.225278","Williams, Paul",New Zealand,149,2269557916,kick_to_touch,2026-02-13T09:02:10+00:00,24,23:04,away,Reds,70,44,1,,,,,,,,,,,,,,
super_rugby_2026_waratahs_vs_reds_65866092.json,sr:sport_event:65866092,2026-02-13T08:35:00+00:00,Super Rugby,sr:competition:422,Super Rugby 2026,sr:season:137092,2026,league,regular season,1,Super Rugby Pacific 2026,Waratahs,sr:competitor:4186,WAR,Reds,sr:competitor:4180,RED,Allianz Stadium,Sydney,Australia,"-33.889167, 151.225278","Williams, Paul",New Zealand,150,2269557980,line_out,2026-02-13T09:02:16+00:00,24,23:11,away,Reds,44,72,1,,,,,,,,,,,,,,
super_rugby_2026_waratahs_vs_reds_65866092.json,sr:sport_event:65866092,2026-02-13T08:35:00+00:00,Super Rugby,sr:competition:422,Super Rugby 2026,sr:season:137092,2026,league,regular season,1,Super Rugby Pacific 2026,Waratahs,sr:competitor:4186,WAR,Reds,sr:competitor:4180,RED,Allianz Stadium,Sydney,Australia,"-33.889167, 151.225278","Williams, Paul",New Zealand,151,2269558630,line_out_won,2026-02-13T09:03:27+00:00,25,24:20,away,Reds,44,72,1,,,,,,,,,,,,,,
super_rugby_2026_waratahs_vs_reds_65866092.json,sr:sport_event:65866092,2026-02-13T08:35:00+00:00,Super Rugby,sr:competition:422,Super Rugby 2026,sr:season:137092,2026,league,regular season,1,Super Rugby Pacific 2026,Waratahs,sr:competitor:4186,WAR,Reds,sr:competitor:4180,RED,Allianz Stadium,Sydney,Australia,"-33.889167, 151.225278","Williams, Paul",New Zealand,152,2269558656,line_out,2026-02-13T09:03:29+00:00,25,24:22,home,Waratahs,21,71,1,,,,,,,,,,,,,,
super_rugby_2026_waratahs_vs_reds_65866092.json,sr:sport_event:65866092,2026-02-13T08:35:00+00:00,Super Rugby,sr:competition:422,Super Rugby 2026,sr:season:137092,2026,league,regular season,1,Super Rugby Pacific 2026,Waratahs,sr:competitor:4186,WAR,Reds,sr:competitor:4180,RED,Allianz Stadium,Sydney,Australia,"-33.889167, 151.225278","Williams, Paul",New Zealand,153,2269558666,line_out_won,2026-02-13T09:03:30+00:00,25,24:24,home,Waratahs,21,71,1,,,,,,,,,,,,,,
super_rugby_2026_waratahs_vs_reds_65866092.json,sr:sport_event:65866092,2026-02-13T08:35:00+00:00,Super Rugby,sr:competition:422,Super Rugby 2026,sr:season:137092,2026,league,regular season,1,Super Rugby Pacific 2026,Waratahs,sr:competitor:4186,WAR,Reds,sr:competitor:4180,RED,Allianz Stadium,Sydney,Australia,"-33.889167, 151.225278","Williams, Paul",New Zealand,154,2269558720,ball_kicked,2026-02-13T09:03:36+00:00,25,24:29,home,Waratahs,39,51,1,,,,,,,,,,,,,,
super_rugby_2026_waratahs_vs_reds_65866092.json,sr:sport_event:65866092,2026-02-13T08:35:00+00:00,Super Rugby,sr:competition:422,Super Rugby 2026,sr:season:137092,2026,league,regular season,1,Super Rugby Pacific 2026,Waratahs,sr:competitor:4186,WAR,Reds,sr:competitor:4180,RED,Allianz Stadium,Sydney,Australia,"-33.889167, 151.225278","Williams, Paul",New Zealand,155,2269558772,ball_recycled,2026-02-13T09:03:39+00:00,25,24:33,away,Reds,60,60,1,,,,,,,,,,,,,,
super_rugby_2026_waratahs_vs_reds_65866092.json,sr:sport_event:65866092,2026-02-13T08:35:00+00:00,Super Rugby,sr:competition:422,Super Rugby 2026,sr:season:137092,2026,league,regular season,1,Super Rugby Pacific 2026,Waratahs,sr:competitor:4186,WAR,Reds,sr:competitor:4180,RED,Allianz Stadium,Sydney,Australia,"-33.889167, 151.225278","Williams, Paul",New Zealand,156,2269558834,ball_recycled,2026-02-13T09:03:45+00:00,25,24:38,away,Reds,62,54,1,,,,,,,,,,,,,,
super_rugby_2026_waratahs_vs_reds_65866092.json,sr:sport_event:65866092,2026-02-13T08:35:00+00:00,Super Rugby,sr:competition:422,Super Rugby 2026,sr:season:137092,2026,league,regular season,1,Super Rugby Pacific 2026,Waratahs,sr:competitor:4186,WAR,Reds,sr:competitor:4180,RED,Allianz Stadium,Sydney,Australia,"-33.889167, 151.225278","Williams, Paul",New Zealand,157,2269558936,ball_kicked,2026-02-13T09:03:54+00:00,25,24:48,away,Reds,62,54,1,,,,,,,,,,,,,,
super_rugby_2026_waratahs_vs_reds_65866092.json,sr:sport_event:65866092,2026-02-13T08:35:00+00:00,Super Rugby,sr:competition:422,Super Rugby 2026,sr:season:137092,2026,league,regular season,1,Super Rugby Pacific 2026,Waratahs,sr:competitor:4186,WAR,Reds,sr:competitor:4180,RED,Allianz Stadium,Sydney,Australia,"-33.889167, 151.225278","Williams, Paul",New Zealand,158,2269558978,turnover,2026-02-13T09:03:59+00:00,25,24:53,away,Reds,33,60,1,,,,,,,,,,,,,,
super_rugby_2026_waratahs_vs_reds_65866092.json,sr:sport_event:65866092,2026-02-13T08:35:00+00:00,Super Rugby,sr:competition:422,Super Rugby 2026,sr:season:137092,2026,league,regular season,1,Super Rugby Pacific 2026,Waratahs,sr:competitor:4186,WAR,Reds,sr:competitor:4180,RED,Allianz Stadium,Sydney,Australia,"-33.889167, 151.225278","Williams, Paul",New Zealand,159,2269558990,ball_recycled,2026-02-13T09:04:01+00:00,25,24:55,away,Reds,34,58,1,,,,,,,,,,,,,,
super_rugby_2026_waratahs_vs_reds_65866092.json,sr:sport_event:65866092,2026-02-13T08:35:00+00:00,Super Rugby,sr:competition:422,Super Rugby 2026,sr:season:137092,2026,league,regular season,1,Super Rugby Pacific 2026,Waratahs,sr:competitor:4186,WAR,Reds,sr:competitor:4180,RED,Allianz Stadium,Sydney,Australia,"-33.889167, 151.225278","Williams, Paul",New Zealand,160,2269559040,ball_recycled,2026-02-13T09:04:06+00:00,25,24:59,away,Reds,37,55,1,,,,,,,,,,,,,,
super_rugby_2026_waratahs_vs_reds_65866092.json,sr:sport_event:65866092,2026-02-13T08:35:00+00:00,Super Rugby,sr:competition:422,Super Rugby 2026,sr:season:137092,2026,league,regular season,1,Super Rugby Pacific 2026,Waratahs,sr:competitor:4186,WAR,Reds,sr:competitor:4180,RED,Allianz Stadium,Sydney,Australia,"-33.889167, 151.225278","Williams, Paul",New Zealand,161,2269559102,ball_recycled,2026-02-13T09:04:13+00:00,26,25:06,away,Reds,35,49,1,,,,,,,,,,,,,,
super_rugby_2026_waratahs_vs_reds_65866092.json,sr:sport_event:65866092,2026-02-13T08:35:00+00:00,Super Rugby,sr:competition:422,Super Rugby 2026,sr:season:137092,2026,league,regular season,1,Super Rugby Pacific 2026,Waratahs,sr:competitor:4186,WAR,Reds,sr:competitor:4180,RED,Allianz Stadium,Sydney,Australia,"-33.889167, 151.225278","Williams, Paul",New Zealand,162,2269559146,ball_recycled,2026-02-13T09:04:18+00:00,26,25:12,away,Reds,37,58,1,,,,,,,,,,,,,,
super_rugby_2026_waratahs_vs_reds_65866092.json,sr:sport_event:65866092,2026-02-13T08:35:00+00:00,Super Rugby,sr:competition:422,Super Rugby 2026,sr:season:137092,2026,league,regular season,1,Super Rugby Pacific 2026,Waratahs,sr:competitor:4186,WAR,Reds,sr:competitor:4180,RED,Allianz Stadium,Sydney,Australia,"-33.889167, 151.225278","Williams, Paul",New Zealand,163,2269559234,ball_recycled,2026-02-13T09:04:27+00:00,26,25:20,away,Reds,33,65,1,,,,,,,,,,,,,,
super_rugby_2026_waratahs_vs_reds_65866092.json,sr:sport_event:65866092,2026-02-13T08:35:00+00:00,Super Rugby,sr:competition:422,Super Rugby 2026,sr:season:137092,2026,league,regular season,1,Super Rugby Pacific 2026,Waratahs,sr:competitor:4186,WAR,Reds,sr:competitor:4180,RED,Allianz Stadium,Sydney,Australia,"-33.889167, 151.225278","Williams, Paul",New Zealand,164,2269559264,ball_recycled,2026-02-13T09:04:31+00:00,26,25:25,away,Reds,34,60,1,,,,,,,,,,,,,,
super_rugby_2026_waratahs_vs_reds_65866092.json,sr:sport_event:65866092,2026-02-13T08:35:00+00:00,Super Rugby,sr:competition:422,Super Rugby 2026,sr:season:137092,2026,league,regular season,1,Super Rugby Pacific 2026,Waratahs,sr:competitor:4186,WAR,Reds,sr:competitor:4180,RED,Allianz Stadium,Sydney,Australia,"-33.889167, 151.225278","Williams, Paul",New Zealand,165,2269559332,ball_recycled,2026-02-13T09:04:37+00:00,26,25:30,away,Reds,35,52,1,,,,,,,,,,,,,,
super_rugby_2026_waratahs_vs_reds_65866092.json,sr:sport_event:65866092,2026-02-13T08:35:00+00:00,Super Rugby,sr:competition:422,Super Rugby 2026,sr:season:137092,2026,league,regular season,1,Super Rugby Pacific 2026,Waratahs,sr:competitor:4186,WAR,Reds,sr:competitor:4180,RED,Allianz Stadium,Sydney,Australia,"-33.889167, 151.225278","Williams, Paul",New Zealand,166,2269559370,turnover,2026-02-13T09:04:41+00:00,26,25:34,home,Waratahs,37,56,1,,,,,,,,,,,,,,
super_rugby_2026_waratahs_vs_reds_65866092.json,sr:sport_event:65866092,2026-02-13T08:35:00+00:00,Super Rugby,sr:competition:422,Super Rugby 2026,sr:season:137092,2026,league,regular season,1,Super Rugby Pacific 2026,Waratahs,sr:competitor:4186,WAR,Reds,sr:competitor:4180,RED,Allianz Stadium,Sydney,Australia,"-33.889167, 151.225278","Williams, Paul",New Zealand,167,2269559866,scrum,2026-02-13T09:05:30+00:00,27,26:23,home,Waratahs,38,58,1,,,,,,,,,,,,,,
super_rugby_2026_waratahs_vs_reds_65866092.json,sr:sport_event:65866092,2026-02-13T08:35:00+00:00,Super Rugby,sr:competition:422,Super Rugby 2026,sr:season:137092,2026,league,regular season,1,Super Rugby Pacific 2026,Waratahs,sr:competitor:4186,WAR,Reds,sr:competitor:4180,RED,Allianz Stadium,Sydney,Australia,"-33.889167, 151.225278","Williams, Paul",New Zealand,168,2269559980,scrum_won,2026-02-13T09:05:44+00:00,27,26:37,home,Waratahs,38,58,1,,,,,,,,,,,,,,
super_rugby_2026_waratahs_vs_reds_65866092.json,sr:sport_event:65866092,2026-02-13T08:35:00+00:00,Super Rugby,sr:competition:422,Super Rugby 2026,sr:season:137092,2026,league,regular season,1,Super Rugby Pacific 2026,Waratahs,sr:competitor:4186,WAR,Reds,sr:competitor:4180,RED,Allianz Stadium,Sydney,Australia,"-33.889167, 151.225278","Williams, Paul",New Zealand,169,2269560002,ball_recycled,2026-02-13T09:05:46+00:00,27,26:39,home,Waratahs,35,47,1,,,,,,,,,,,,,,
super_rugby_2026_waratahs_vs_reds_65866092.json,sr:sport_event:65866092,2026-02-13T08:35:00+00:00,Super Rugby,sr:competition:422,Super Rugby 2026,sr:season:137092,2026,league,regular season,1,Super Rugby Pacific 2026,Waratahs,sr:competitor:4186,WAR,Reds,sr:competitor:4180,RED,Allianz Stadium,Sydney,Australia,"-33.889167, 151.225278","Williams, Paul",New Zealand,170,2269560022,ball_recycled,2026-02-13T09:05:48+00:00,27,26:41,home,Waratahs,37,30,1,,,,,,,,,,,,,,
super_rugby_2026_waratahs_vs_reds_65866092.json,sr:sport_event:65866092,2026-02-13T08:35:00+00:00,Super Rugby,sr:competition:422,Super Rugby 2026,sr:season:137092,2026,league,regular season,1,Super Rugby Pacific 2026,Waratahs,sr:competitor:4186,WAR,Reds,sr:competitor:4180,RED,Allianz Stadium,Sydney,Australia,"-33.889167, 151.225278","Williams, Paul",New Zealand,171,2269560052,ball_recycled,2026-02-13T09:05:51+00:00,27,26:45,home,Waratahs,52,17,1,,,,,,,,,,,,,,
super_rugby_2026_waratahs_vs_reds_65866092.json,sr:sport_event:65866092,2026-02-13T08:35:00+00:00,Super Rugby,sr:competition:422,Super Rugby 2026,sr:season:137092,2026,league,regular season,1,Super Rugby Pacific 2026,Waratahs,sr:competitor:4186,WAR,Reds,sr:competitor:4180,RED,Allianz Stadium,Sydney,Australia,"-33.889167, 151.225278","Williams, Paul",New Zealand,172,2269560104,ball_recycled,2026-02-13T09:05:57+00:00,27,26:50,home,Waratahs,50,33,1,,,,,,,,,,,,,,
super_rugby_2026_waratahs_vs_reds_65866092.json,sr:sport_event:65866092,2026-02-13T08:35:00+00:00,Super Rugby,sr:competition:422,Super Rugby 2026,sr:season:137092,2026,league,regular season,1,Super Rugby Pacific 2026,Waratahs,sr:competitor:4186,WAR,Reds,sr:competitor:4180,RED,Allianz Stadium,Sydney,Australia,"-33.889167, 151.225278","Williams, Paul",New Zealand,173,2269560162,ball_recycled,2026-02-13T09:06:03+00:00,27,26:57,home,Waratahs,51,49,1,,,,,,,,,,,,,,
super_rugby_2026_waratahs_vs_reds_65866092.json,sr:sport_event:65866092,2026-02-13T08:35:00+00:00,Super Rugby,sr:competition:422,Super Rugby 2026,sr:season:137092,2026,league,regular season,1,Super Rugby Pacific 2026,Waratahs,sr:competitor:4186,WAR,Reds,sr:competitor:4180,RED,Allianz Stadium,Sydney,Australia,"-33.889167, 151.225278","Williams, Paul",New Zealand,174,2269560254,penalty_awarded,2026-02-13T09:06:12+00:00,28,27:05,home,Waratahs,50,49,1,,,,,,,,,,,,,,
super_rugby_2026_waratahs_vs_reds_65866092.json,sr:sport_event:65866092,2026-02-13T08:35:00+00:00,Super Rugby,sr:competition:422,Super Rugby 2026,sr:season:137092,2026,league,regular season,1,Super Rugby Pacific 2026,Waratahs,sr:competitor:4186,WAR,Reds,sr:competitor:4180,RED,Allianz Stadium,Sydney,Australia,"-33.889167, 151.225278","Williams, Paul",New Zealand,175,2269560266,tap_and_go,2026-02-13T09:06:13+00:00,28,27:06,home,Waratahs,50,49,1,,,,,,,,,,,,,,
super_rugby_2026_waratahs_vs_reds_65866092.json,sr:sport_event:65866092,2026-02-13T08:35:00+00:00,Super Rugby,sr:competition:422,Super Rugby 2026,sr:season:137092,2026,league,regular season,1,Super Rugby Pacific 2026,Waratahs,sr:competitor:4186,WAR,Reds,sr:competitor:4180,RED,Allianz Stadium,Sydney,Australia,"-33.889167, 151.225278","Williams, Paul",New Zealand,176,2269560296,ball_recycled,2026-02-13T09:06:17+00:00,28,27:10,home,Waratahs,88,47,1,,,,,,,,,,,,,,
super_rugby_2026_waratahs_vs_reds_65866092.json,sr:sport_event:65866092,2026-02-13T08:35:00+00:00,Super Rugby,sr:competition:422,Super Rugby 2026,sr:season:137092,2026,league,regular season,1,Super Rugby Pacific 2026,Waratahs,sr:competitor:4186,WAR,Reds,sr:competitor:4180,RED,Allianz Stadium,Sydney,Australia,"-33.889167, 151.225278","Williams, Paul",New Zealand,177,2269560328,ball_recycled,2026-02-13T09:06:20+00:00,28,27:13,home,Waratahs,92,46,1,,,,,,,,,,,,,,
super_rugby_2026_waratahs_vs_reds_65866092.json,sr:sport_event:65866092,2026-02-13T08:35:00+00:00,Super Rugby,sr:competition:422,Super Rugby 2026,sr:season:137092,2026,league,regular season,1,Super Rugby Pacific 2026,Waratahs,sr:competitor:4186,WAR,Reds,sr:competitor:4180,RED,Allianz Stadium,Sydney,Australia,"-33.889167, 151.225278","Williams, Paul",New Zealand,178,2269560412,ball_recycled,2026-02-13T09:06:28+00:00,28,27:22,home,Waratahs,92,13,1,,,,,,,,,,,,,,
super_rugby_2026_waratahs_vs_reds_65866092.json,sr:sport_event:65866092,2026-02-13T08:35:00+00:00,Super Rugby,sr:competition:422,Super Rugby 2026,sr:season:137092,2026,league,regular season,1,Super Rugby Pacific 2026,Waratahs,sr:competitor:4186,WAR,Reds,sr:competitor:4180,RED,Allianz Stadium,Sydney,Australia,"-33.889167, 151.225278","Williams, Paul",New Zealand,179,2269560592,ball_recycled,2026-02-13T09:06:40+00:00,28,27:33,home,Waratahs,88,26,1,,,,,,,,,,,,,,
super_rugby_2026_waratahs_vs_reds_65866092.json,sr:sport_event:65866092,2026-02-13T08:35:00+00:00,Super Rugby,sr:competition:422,Super Rugby 2026,sr:season:137092,2026,league,regular season,1,Super Rugby Pacific 2026,Waratahs,sr:competitor:4186,WAR,Reds,sr:competitor:4180,RED,Allianz Stadium,Sydney,Australia,"-33.889167, 151.225278","Williams, Paul",New Zealand,180,2269560660,ball_recycled,2026-02-13T09:06:46+00:00,28,27:39,home,Waratahs,92,32,1,,,,,,,,,,,,,,
super_rugby_2026_waratahs_vs_reds_65866092.json,sr:sport_event:65866092,2026-02-13T08:35:00+00:00,Super Rugby,sr:competition:422,Super Rugby 2026,sr:season:137092,2026,league,regular season,1,Super Rugby Pacific 2026,Waratahs,sr:competitor:4186,WAR,Reds,sr:competitor:4180,RED,Allianz Stadium,Sydney,Australia,"-33.889167, 151.225278","Williams, Paul",New Zealand,181,2269560706,ball_recycled,2026-02-13T09:06:51+00:00,28,27:44,home,Waratahs,93,30,1,,,,,,,,,,,,,,
super_rugby_2026_waratahs_vs_reds_65866092.json,sr:sport_event:65866092,2026-02-13T08:35:00+00:00,Super Rugby,sr:competition:422,Super Rugby 2026,sr:season:137092,2026,league,regular season,1,Super Rugby Pacific 2026,Waratahs,sr:competitor:4186,WAR,Reds,sr:competitor:4180,RED,Allianz Stadium,Sydney,Australia,"-33.889167, 151.225278","Williams, Paul",New Zealand,182,2269560816,ball_recycled,2026-02-13T09:07:00+00:00,28,27:54,home,Waratahs,91,46,1,,,,,,,,,,,,,,
super_rugby_2026_waratahs_vs_reds_65866092.json,sr:sport_event:65866092,2026-02-13T08:35:00+00:00,Super Rugby,sr:competition:422,Super Rugby 2026,sr:season:137092,2026,league,regular season,1,Super Rugby Pacific 2026,Waratahs,sr:competitor:4186,WAR,Reds,sr:competitor:4180,RED,Allianz Stadium,Sydney,Australia,"-33.889167, 151.225278","Williams, Paul",New Zealand,183,2269560884,penalty_awarded,2026-02-13T09:07:06+00:00,28,28:00,home,Waratahs,92,26,1,,,,,,,,,,,,,,
super_rugby_2026_waratahs_vs_reds_65866092.json,sr:sport_event:65866092,2026-02-13T08:35:00+00:00,Super Rugby,sr:competition:422,Super Rugby 2026,sr:season:137092,2026,league,regular season,1,Super Rugby Pacific 2026,Waratahs,sr:competitor:4186,WAR,Reds,sr:competitor:4180,RED,Allianz Stadium,Sydney,Australia,"-33.889167, 151.225278","Williams, Paul",New Zealand,184,2269561206,scrum,2026-02-13T09:07:46+00:00,29,28:39,home,Waratahs,91,28,1,,,,,,,,,,,,,,
super_rugby_2026_waratahs_vs_reds_65866092.json,sr:sport_event:65866092,2026-02-13T08:35:00+00:00,Super Rugby,sr:competition:422,Super Rugby 2026,sr:season:137092,2026,league,regular season,1,Super Rugby Pacific 2026,Waratahs,sr:competitor:4186,WAR,Reds,sr:competitor:4180,RED,Allianz Stadium,Sydney,Australia,"-33.889167, 151.225278","Williams, Paul",New Zealand,185,2269561584,scrum_won,2026-02-13T09:08:31+00:00,30,29:24,home,Waratahs,91,28,1,,,,,,,,,,,,,,
super_rugby_2026_waratahs_vs_reds_65866092.json,sr:sport_event:65866092,2026-02-13T08:35:00+00:00,Super Rugby,sr:competition:422,Super Rugby 2026,sr:season:137092,2026,league,regular season,1,Super Rugby Pacific 2026,Waratahs,sr:competitor:4186,WAR,Reds,sr:competitor:4180,RED,Allianz Stadium,Sydney,Australia,"-33.889167, 151.225278","Williams, Paul",New Zealand,186,2269561596,penalty_awarded,2026-02-13T09:08:31+00:00,30,29:24,home,Waratahs,91,28,1,,,,,,,,,,,,,,
super_rugby_2026_waratahs_vs_reds_65866092.json,sr:sport_event:65866092,2026-02-13T08:35:00+00:00,Super Rugby,sr:competition:422,Super Rugby 2026,sr:season:137092,2026,league,regular season,1,Super Rugby Pacific 2026,Waratahs,sr:competitor:4186,WAR,Reds,sr:competitor:4180,RED,Allianz Stadium,Sydney,Australia,"-33.889167, 151.225278","Williams, Paul",New Zealand,187,2269561674,scrum,2026-02-13T09:08:43+00:00,30,29:36,home,Waratahs,91,28,1,,,,,,,,,,,,,,
super_rugby_2026_waratahs_vs_reds_65866092.json,sr:sport_event:65866092,2026-02-13T08:35:00+00:00,Super Rugby,sr:competition:422,Super Rugby 2026,sr:season:137092,2026,league,regular season,1,Super Rugby Pacific 2026,Waratahs,sr:competitor:4186,WAR,Reds,sr:competitor:4180,RED,Allianz Stadium,Sydney,Australia,"-33.889167, 151.225278","Williams, Paul",New Zealand,188,2269562010,scrum_won,2026-02-13T09:09:28+00:00,31,30:21,home,Waratahs,91,28,1,,,,,,,,,,,,,,
super_rugby_2026_waratahs_vs_reds_65866092.json,sr:sport_event:65866092,2026-02-13T08:35:00+00:00,Super Rugby,sr:competition:422,Super Rugby 2026,sr:season:137092,2026,league,regular season,1,Super Rugby Pacific 2026,Waratahs,sr:competitor:4186,WAR,Reds,sr:competitor:4180,RED,Allianz Stadium,Sydney,Australia,"-33.889167, 151.225278","Williams, Paul",New Zealand,189,2269562030,ball_recycled,2026-02-13T09:09:32+00:00,31,30:26,home,Waratahs,91,28,1,,,,,,,,,,,,,,
super_rugby_2026_waratahs_vs_reds_65866092.json,sr:sport_event:65866092,2026-02-13T08:35:00+00:00,Super Rugby,sr:competition:422,Super Rugby 2026,sr:season:137092,2026,league,regular season,1,Super Rugby Pacific 2026,Waratahs,sr:competitor:4186,WAR,Reds,sr:competitor:4180,RED,Allianz Stadium,Sydney,Australia,"-33.889167, 151.225278","Williams, Paul",New Zealand,190,2269562104,penalty_awarded,2026-02-13T09:09:39+00:00,31,30:32,home,Waratahs,91,28,1,,,,,,,,,,,,,,
super_rugby_2026_waratahs_vs_reds_65866092.json,sr:sport_event:65866092,2026-02-13T08:35:00+00:00,Super Rugby,sr:competition:422,Super Rugby 2026,sr:season:137092,2026,league,regular season,1,Super Rugby Pacific 2026,Waratahs,sr:competitor:4186,WAR,Reds,sr:competitor:4180,RED,Allianz Stadium,Sydney,Australia,"-33.889167, 151.225278","Williams, Paul",New Zealand,191,2269562430,scrum,2026-02-13T09:10:15+00:00,32,31:09,home,Waratahs,91,28,1,,,,,,,,,,,,,,
super_rugby_2026_waratahs_vs_reds_65866092.json,sr:sport_event:65866092,2026-02-13T08:35:00+00:00,Super Rugby,sr:competition:422,Super Rugby 2026,sr:season:137092,2026,league,regular season,1,Super Rugby Pacific 2026,Waratahs,sr:competitor:4186,WAR,Reds,sr:competitor:4180,RED,Allianz Stadium,Sydney,Australia,"-33.889167, 151.225278","Williams, Paul",New Zealand,192,2269562706,scrum_won,2026-02-13T09:10:41+00:00,32,31:35,home,Waratahs,91,28,1,,,,,,,,,,,,,,
super_rugby_2026_waratahs_vs_reds_65866092.json,sr:sport_event:65866092,2026-02-13T08:35:00+00:00,Super Rugby,sr:competition:422,Super Rugby 2026,sr:season:137092,2026,league,regular season,1,Super Rugby Pacific 2026,Waratahs,sr:competitor:4186,WAR,Reds,sr:competitor:4180,RED,Allianz Stadium,Sydney,Australia,"-33.889167, 151.225278","Williams, Paul",New Zealand,193,2269562736,ball_recycled,2026-02-13T09:10:44+00:00,32,31:39,home,Waratahs,89,56,1,,,,,,,,,,,,,,
super_rugby_2026_waratahs_vs_reds_65866092.json,sr:sport_event:65866092,2026-02-13T08:35:00+00:00,Super Rugby,sr:competition:422,Super Rugby 2026,sr:season:137092,2026,league,regular season,1,Super Rugby Pacific 2026,Waratahs,sr:competitor:4186,WAR,Reds,sr:competitor:4180,RED,Allianz Stadium,Sydney,Australia,"-33.889167, 151.225278","Williams, Paul",New Zealand,194,2269562768,turnover,2026-02-13T09:10:47+00:00,32,31:42,away,Reds,99,63,1,,,,,,,,,,,,,,
super_rugby_2026_waratahs_vs_reds_65866092.json,sr:sport_event:65866092,2026-02-13T08:35:00+00:00,Super Rugby,sr:competition:422,Super Rugby 2026,sr:season:137092,2026,league,regular season,1,Super Rugby Pacific 2026,Waratahs,sr:competitor:4186,WAR,Reds,sr:competitor:4180,RED,Allianz Stadium,Sydney,Australia,"-33.889167, 151.225278","Williams, Paul",New Zealand,195,2269562876,ball_recycled,2026-02-13T09:10:54+00:00,32,31:48,away,Reds,96,56,1,,,,,,,,,,,,,,
super_rugby_2026_waratahs_vs_reds_65866092.json,sr:sport_event:65866092,2026-02-13T08:35:00+00:00,Super Rugby,sr:competition:422,Super Rugby 2026,sr:season:137092,2026,league,regular season,1,Super Rugby Pacific 2026,Waratahs,sr:competitor:4186,WAR,Reds,sr:competitor:4180,RED,Allianz Stadium,Sydney,Australia,"-33.889167, 151.225278","Williams, Paul",New Zealand,196,2269562968,ball_kicked,2026-02-13T09:11:05+00:00,32,31:59,away,Reds,96,56,1,,,,,,,,,,,,,,
super_rugby_2026_waratahs_vs_reds_65866092.json,sr:sport_event:65866092,2026-02-13T08:35:00+00:00,Super Rugby,sr:competition:422,Super Rugby 2026,sr:season:137092,2026,league,regular season,1,Super Rugby Pacific 2026,Waratahs,sr:competitor:4186,WAR,Reds,sr:competitor:4180,RED,Allianz Stadium,Sydney,Australia,"-33.889167, 151.225278","Williams, Paul",New Zealand,197,2269562980,line_out,2026-02-13T09:11:09+00:00,33,32:03,home,Waratahs,72,72,1,,,,,,,,,,,,,,
super_rugby_2026_waratahs_vs_reds_65866092.json,sr:sport_event:65866092,2026-02-13T08:35:00+00:00,Super Rugby,sr:competition:422,Super Rugby 2026,sr:season:137092,2026,league,regular season,1,Super Rugby Pacific 2026,Waratahs,sr:competitor:4186,WAR,Reds,sr:competitor:4180,RED,Allianz Stadium,Sydney,Australia,"-33.889167, 151.225278","Williams, Paul",New Zealand,198,2269563238,line_out_won,2026-02-13T09:11:35+00:00,33,32:29,away,Reds,72,72,1,,,,,,,,,,,,,,
super_rugby_2026_waratahs_vs_reds_65866092.json,sr:sport_event:65866092,2026-02-13T08:35:00+00:00,Super Rugby,sr:competition:422,Super Rugby 2026,sr:season:137092,2026,league,regular season,1,Super Rugby Pacific 2026,Waratahs,sr:competitor:4186,WAR,Reds,sr:competitor:4180,RED,Allianz Stadium,Sydney,Australia,"-33.889167, 151.225278","Williams, Paul",New Zealand,199,2269563250,ball_recycled,2026-02-13T09:11:37+00:00,33,32:31,away,Reds,73,53,1,,,,,,,,,,,,,,
super_rugby_2026_waratahs_vs_reds_65866092.json,sr:sport_event:65866092,2026-02-13T08:35:00+00:00,Super Rugby,sr:competition:422,Super Rugby 2026,sr:season:137092,2026,league,regular season,1,Super Rugby Pacific 2026,Waratahs,sr:competitor:4186,WAR,Reds,sr:competitor:4180,RED,Allianz Stadium,Sydney,Australia,"-33.889167, 151.225278","Williams, Paul",New Zealand,200,2269563296,ball_recycled,2026-02-13T09:11:40+00:00,33,32:34,away,Reds,70,47,1,,,,,,,,,,,,,,
super_rugby_2026_waratahs_vs_reds_65866092.json,sr:sport_event:65866092,2026-02-13T08:35:00+00:00,Super Rugby,sr:competition:422,Super Rugby 2026,sr:season:137092,2026,league,regular season,1,Super Rugby Pacific 2026,Waratahs,sr:competitor:4186,WAR,Reds,sr:competitor:4180,RED,Allianz Stadium,Sydney,Australia,"-33.889167, 151.225278","Williams, Paul",New Zealand,201,2269563348,ball_kicked,2026-02-13T09:11:47+00:00,33,32:41,away,Reds,77,43,1,,,,,,,,,,,,,,
super_rugby_2026_waratahs_vs_reds_65866092.json,sr:sport_event:65866092,2026-02-13T08:35:00+00:00,Super Rugby,sr:competition:422,Super Rugby 2026,sr:season:137092,2026,league,regular season,1,Super Rugby Pacific 2026,Waratahs,sr:competitor:4186,WAR,Reds,sr:competitor:4180,RED,Allianz Stadium,Sydney,Australia,"-33.889167, 151.225278","Williams, Paul",New Zealand,202,2269563382,ball_recycled,2026-02-13T09:11:50+00:00,33,32:44,home,Waratahs,34,47,1,,,,,,,,,,,,,,
super_rugby_2026_waratahs_vs_reds_65866092.json,sr:sport_event:65866092,2026-02-13T08:35:00+00:00,Super Rugby,sr:competition:422,Super Rugby 2026,sr:season:137092,2026,league,regular season,1,Super Rugby Pacific 2026,Waratahs,sr:competitor:4186,WAR,Reds,sr:competitor:4180,RED,Allianz Stadium,Sydney,Australia,"-33.889167, 151.225278","Williams, Paul",New Zealand,203,2269563400,ball_recycled,2026-02-13T09:11:53+00:00,33,32:48,home,Waratahs,23,40,1,,,,,,,,,,,,,,
super_rugby_2026_waratahs_vs_reds_65866092.json,sr:sport_event:65866092,2026-02-13T08:35:00+00:00,Super Rugby,sr:competition:422,Super Rugby 2026,sr:season:137092,2026,league,regular season,1,Super Rugby Pacific 2026,Waratahs,sr:competitor:4186,WAR,Reds,sr:competitor:4180,RED,Allianz Stadium,Sydney,Australia,"-33.889167, 151.225278","Williams, Paul",New Zealand,204,2269563438,ball_recycled,2026-02-13T09:11:59+00:00,33,32:53,home,Waratahs,23,42,1,,,,,,,,,,,,,,
super_rugby_2026_waratahs_vs_reds_65866092.json,sr:sport_event:65866092,2026-02-13T08:35:00+00:00,Super Rugby,sr:competition:422,Super Rugby 2026,sr:season:137092,2026,league,regular season,1,Super Rugby Pacific 2026,Waratahs,sr:competitor:4186,WAR,Reds,sr:competitor:4180,RED,Allianz Stadium,Sydney,Australia,"-33.889167, 151.225278","Williams, Paul",New Zealand,205,2269563456,ball_recycled,2026-02-13T09:12:02+00:00,33,32:57,home,Waratahs,15,52,1,,,,,,,,,,,,,,
super_rugby_2026_waratahs_vs_reds_65866092.json,sr:sport_event:65866092,2026-02-13T08:35:00+00:00,Super Rugby,sr:competition:422,Super Rugby 2026,sr:season:137092,2026,league,regular season,1,Super Rugby Pacific 2026,Waratahs,sr:competitor:4186,WAR,Reds,sr:competitor:4180,RED,Allianz Stadium,Sydney,Australia,"-33.889167, 151.225278","Williams, Paul",New Zealand,206,2269563514,ball_recycled,2026-02-13T09:12:08+00:00,34,33:02,home,Waratahs,13,47,1,,,,,,,,,,,,,,
super_rugby_2026_waratahs_vs_reds_65866092.json,sr:sport_event:65866092,2026-02-13T08:35:00+00:00,Super Rugby,sr:competition:422,Super Rugby 2026,sr:season:137092,2026,league,regular season,1,Super Rugby Pacific 2026,Waratahs,sr:competitor:4186,WAR,Reds,sr:competitor:4180,RED,Allianz Stadium,Sydney,Australia,"-33.889167, 151.225278","Williams, Paul",New Zealand,207,2269563580,ball_recycled,2026-02-13T09:12:16+00:00,34,33:10,home,Waratahs,43,48,1,,,,,,,,,,,,,,
super_rugby_2026_waratahs_vs_reds_65866092.json,sr:sport_event:65866092,2026-02-13T08:35:00+00:00,Super Rugby,sr:competition:422,Super Rugby 2026,sr:season:137092,2026,league,regular season,1,Super Rugby Pacific 2026,Waratahs,sr:competitor:4186,WAR,Reds,sr:competitor:4180,RED,Allianz Stadium,Sydney,Australia,"-33.889167, 151.225278","Williams, Paul",New Zealand,208,2269563606,ball_recycled,2026-02-13T09:12:19+00:00,34,33:13,home,Waratahs,51,44,1,,,,,,,,,,,,,,
super_rugby_2026_waratahs_vs_reds_65866092.json,sr:sport_event:65866092,2026-02-13T08:35:00+00:00,Super Rugby,sr:competition:422,Super Rugby 2026,sr:season:137092,2026,league,regular season,1,Super Rugby Pacific 2026,Waratahs,sr:competitor:4186,WAR,Reds,sr:competitor:4180,RED,Allianz Stadium,Sydney,Australia,"-33.889167, 151.225278","Williams, Paul",New Zealand,209,2269563652,penalty_awarded,2026-02-13T09:12:24+00:00,34,33:19,home,Waratahs,51,45,1,,,,,,,,,,,,,,
super_rugby_2026_waratahs_vs_reds_65866092.json,sr:sport_event:65866092,2026-02-13T08:35:00+00:00,Super Rugby,sr:competition:422,Super Rugby 2026,sr:season:137092,2026,league,regular season,1,Super Rugby Pacific 2026,Waratahs,sr:competitor:4186,WAR,Reds,sr:competitor:4180,RED,Allianz Stadium,Sydney,Australia,"-33.889167, 151.225278","Williams, Paul",New Zealand,210,2269563916,kick_to_touch,2026-02-13T09:12:52+00:00,34,33:47,home,Waratahs,51,45,1,,,,,,,,,,,,,,
super_rugby_2026_waratahs_vs_reds_65866092.json,sr:sport_event:65866092,2026-02-13T08:35:00+00:00,Super Rugby,sr:competition:422,Super Rugby 2026,sr:season:137092,2026,league,regular season,1,Super Rugby Pacific 2026,Waratahs,sr:competitor:4186,WAR,Reds,sr:competitor:4180,RED,Allianz Stadium,Sydney,Australia,"-33.889167, 151.225278","Williams, Paul",New Zealand,211,2269564028,line_out,2026-02-13T09:13:08+00:00,35,34:02,home,Waratahs,73,72,1,,,,,,,,,,,,,,
super_rugby_2026_waratahs_vs_reds_65866092.json,sr:sport_event:65866092,2026-02-13T08:35:00+00:00,Super Rugby,sr:competition:422,Super Rugby 2026,sr:season:137092,2026,league,regular season,1,Super Rugby Pacific 2026,Waratahs,sr:competitor:4186,WAR,Reds,sr:competitor:4180,RED,Allianz Stadium,Sydney,Australia,"-33.889167, 151.225278","Williams, Paul",New Zealand,212,2269564194,line_out_won,2026-02-13T09:13:25+00:00,35,34:19,home,Waratahs,73,72,1,,,,,,,,,,,,,,
super_rugby_2026_waratahs_vs_reds_65866092.json,sr:sport_event:65866092,2026-02-13T08:35:00+00:00,Super Rugby,sr:competition:422,Super Rugby 2026,sr:season:137092,2026,league,regular season,1,Super Rugby Pacific 2026,Waratahs,sr:competitor:4186,WAR,Reds,sr:competitor:4180,RED,Allianz Stadium,Sydney,Australia,"-33.889167, 151.225278","Williams, Paul",New Zealand,213,2269564212,ball_recycled,2026-02-13T09:13:28+00:00,35,34:22,home,Waratahs,70,46,1,,,,,,,,,,,,,,
super_rugby_2026_waratahs_vs_reds_65866092.json,sr:sport_event:65866092,2026-02-13T08:35:00+00:00,Super Rugby,sr:competition:422,Super Rugby 2026,sr:season:137092,2026,league,regular season,1,Super Rugby Pacific 2026,Waratahs,sr:competitor:4186,WAR,Reds,sr:competitor:4180,RED,Allianz Stadium,Sydney,Australia,"-33.889167, 151.225278","Williams, Paul",New Zealand,214,2269564254,ball_recycled,2026-02-13T09:13:32+00:00,35,34:27,home,Waratahs,88,16,1,,,,,,,,,,,,,,
super_rugby_2026_waratahs_vs_reds_65866092.json,sr:sport_event:65866092,2026-02-13T08:35:00+00:00,Super Rugby,sr:competition:422,Super Rugby 2026,sr:season:137092,2026,league,regular season,1,Super Rugby Pacific 2026,Waratahs,sr:competitor:4186,WAR,Reds,sr:competitor:4180,RED,Allianz Stadium,Sydney,Australia,"-33.889167, 151.225278","Williams, Paul",New Zealand,215,2269564276,ball_recycled,2026-02-13T09:13:35+00:00,35,34:30,home,Waratahs,97,11,1,,,,,,,,,,,,,,
super_rugby_2026_waratahs_vs_reds_65866092.json,sr:sport_event:65866092,2026-02-13T08:35:00+00:00,Super Rugby,sr:competition:422,Super Rugby 2026,sr:season:137092,2026,league,regular season,1,Super Rugby Pacific 2026,Waratahs,sr:competitor:4186,WAR,Reds,sr:competitor:4180,RED,Allianz Stadium,Sydney,Australia,"-33.889167, 151.225278","Williams, Paul",New Zealand,216,2269564348,ball_recycled,2026-02-13T09:13:42+00:00,35,34:36,home,Waratahs,97,16,1,,,,,,,,,,,,,,
super_rugby_2026_waratahs_vs_reds_65866092.json,sr:sport_event:65866092,2026-02-13T08:35:00+00:00,Super Rugby,sr:competition:422,Super Rugby 2026,sr:season:137092,2026,league,regular season,1,Super Rugby Pacific 2026,Waratahs,sr:competitor:4186,WAR,Reds,sr:competitor:4180,RED,Allianz Stadium,Sydney,Australia,"-33.889167, 151.225278","Williams, Paul",New Zealand,217,2269564388,ball_recycled,2026-02-13T09:13:46+00:00,35,34:40,home,Waratahs,97,16,1,,,,,,,,,,,,,,
super_rugby_2026_waratahs_vs_reds_65866092.json,sr:sport_event:65866092,2026-02-13T08:35:00+00:00,Super Rugby,sr:competition:422,Super Rugby 2026,sr:season:137092,2026,league,regular season,1,Super Rugby Pacific 2026,Waratahs,sr:competitor:4186,WAR,Reds,sr:competitor:4180,RED,Allianz Stadium,Sydney,Australia,"-33.889167, 151.225278","Williams, Paul",New Zealand,218,2269564914,penalty_awarded,2026-02-13T09:14:54+00:00,36,35:13,home,Waratahs,97,20,1,,,,,,,,,,,,,,
super_rugby_2026_waratahs_vs_reds_65866092.json,sr:sport_event:65866092,2026-02-13T08:35:00+00:00,Super Rugby,sr:competition:422,Super Rugby 2026,sr:season:137092,2026,league,regular season,1,Super Rugby Pacific 2026,Waratahs,sr:competitor:4186,WAR,Reds,sr:competitor:4180,RED,Allianz Stadium,Sydney,Australia,"-33.889167, 151.225278","Williams, Paul",New Zealand,219,2269564922,kick_to_touch,2026-02-13T09:14:55+00:00,36,35:14,home,Waratahs,97,20,1,,,,,,,,,,,,,,
super_rugby_2026_waratahs_vs_reds_65866092.json,sr:sport_event:65866092,2026-02-13T08:35:00+00:00,Super Rugby,sr:competition:422,Super Rugby 2026,sr:season:137092,2026,league,regular season,1,Super Rugby Pacific 2026,Waratahs,sr:competitor:4186,WAR,Reds,sr:competitor:4180,RED,Allianz Stadium,Sydney,Australia,"-33.889167, 151.225278","Williams, Paul",New Zealand,220,2269564766,yellow_card,2026-02-13T09:14:33+00:00,36,35:16,away,Reds,,,1,,,,,,sr:player:3141964,"Latu, Vaiuta",,,,,,,
super_rugby_2026_waratahs_vs_reds_65866092.json,sr:sport_event:65866092,2026-02-13T08:35:00+00:00,Super Rugby,sr:competition:422,Super Rugby 2026,sr:season:137092,2026,league,regular season,1,Super Rugby Pacific 2026,Waratahs,sr:competitor:4186,WAR,Reds,sr:competitor:4180,RED,Allianz Stadium,Sydney,Australia,"-33.889167, 151.225278","Williams, Paul",New Zealand,221,2269564940,line_out,2026-02-13T09:15:01+00:00,36,35:20,home,Waratahs,100,-1,1,,,,,,,,,,,,,,
super_rugby_2026_waratahs_vs_reds_65866092.json,sr:sport_event:65866092,2026-02-13T08:35:00+00:00,Super Rugby,sr:competition:422,Super Rugby 2026,sr:season:137092,2026,league,regular season,1,Super Rugby Pacific 2026,Waratahs,sr:competitor:4186,WAR,Reds,sr:competitor:4180,RED,Allianz Stadium,Sydney,Australia,"-33.889167, 151.225278","Williams, Paul",New Zealand,222,2269564952,line_out_won,2026-02-13T09:15:03+00:00,36,35:22,home,Waratahs,100,-1,1,,,,,,,,,,,,,,
super_rugby_2026_waratahs_vs_reds_65866092.json,sr:sport_event:65866092,2026-02-13T08:35:00+00:00,Super Rugby,sr:competition:422,Super Rugby 2026,sr:season:137092,2026,league,regular season,1,Super Rugby Pacific 2026,Waratahs,sr:competitor:4186,WAR,Reds,sr:competitor:4180,RED,Allianz Stadium,Sydney,Australia,"-33.889167, 151.225278","Williams, Paul",New Zealand,223,2269565060,ball_recycled,2026-02-13T09:15:09+00:00,36,35:28,home,Waratahs,100,-1,1,,,,,,,,,,,,,,
super_rugby_2026_waratahs_vs_reds_65866092.json,sr:sport_event:65866092,2026-02-13T08:35:00+00:00,Super Rugby,sr:competition:422,Super Rugby 2026,sr:season:137092,2026,league,regular season,1,Super Rugby Pacific 2026,Waratahs,sr:competitor:4186,WAR,Reds,sr:competitor:4180,RED,Allianz Stadium,Sydney,Australia,"-33.889167, 151.225278","Williams, Paul",New Zealand,224,2269565202,ball_recycled,2026-02-13T09:15:26+00:00,36,35:45,home,Waratahs,104,30,1,,,,,,,,,,,,,,
super_rugby_2026_waratahs_vs_reds_65866092.json,sr:sport_event:65866092,2026-02-13T08:35:00+00:00,Super Rugby,sr:competition:422,Super Rugby 2026,sr:season:137092,2026,league,regular season,1,Super Rugby Pacific 2026,Waratahs,sr:competitor:4186,WAR,Reds,sr:competitor:4180,RED,Allianz Stadium,Sydney,Australia,"-33.889167, 151.225278","Williams, Paul",New Zealand,225,2269565290,ball_recycled,2026-02-13T09:15:33+00:00,36,35:52,home,Waratahs,104,41,1,,,,,,,,,,,,,,
super_rugby_2026_waratahs_vs_reds_65866092.json,sr:sport_event:65866092,2026-02-13T08:35:00+00:00,Super Rugby,sr:competition:422,Super Rugby 2026,sr:season:137092,2026,league,regular season,1,Super Rugby Pacific 2026,Waratahs,sr:competitor:4186,WAR,Reds,sr:competitor:4180,RED,Allianz Stadium,Sydney,Australia,"-33.889167, 151.225278","Williams, Paul",New Zealand,226,2269565570,turnover,2026-02-13T09:15:51+00:00,37,36:11,away,Reds,104,41,1,,,,,,,,,,,,,,
super_rugby_2026_waratahs_vs_reds_65866092.json,sr:sport_event:65866092,2026-02-13T08:35:00+00:00,Super Rugby,sr:competition:422,Super Rugby 2026,sr:season:137092,2026,league,regular season,1,Super Rugby Pacific 2026,Waratahs,sr:competitor:4186,WAR,Reds,sr:competitor:4180,RED,Allianz Stadium,Sydney,Australia,"-33.889167, 151.225278","Williams, Paul",New Zealand,227,2269565860,ball_kicked,2026-02-13T09:16:24+00:00,37,36:20,away,Reds,76,38,1,,,,,,,,,,,,,,
super_rugby_2026_waratahs_vs_reds_65866092.json,sr:sport_event:65866092,2026-02-13T08:35:00+00:00,Super Rugby,sr:competition:422,Super Rugby 2026,sr:season:137092,2026,league,regular season,1,Super Rugby Pacific 2026,Waratahs,sr:competitor:4186,WAR,Reds,sr:competitor:4180,RED,Allianz Stadium,Sydney,Australia,"-33.889167, 151.225278","Williams, Paul",New Zealand,228,2269565904,ball_recycled,2026-02-13T09:16:28+00:00,37,36:25,home,Waratahs,62,46,1,,,,,,,,,,,,,,
super_rugby_2026_waratahs_vs_reds_65866092.json,sr:sport_event:65866092,2026-02-13T08:35:00+00:00,Super Rugby,sr:competition:422,Super Rugby 2026,sr:season:137092,2026,league,regular season,1,Super Rugby Pacific 2026,Waratahs,sr:competitor:4186,WAR,Reds,sr:competitor:4180,RED,Allianz Stadium,Sydney,Australia,"-33.889167, 151.225278","Williams, Paul",New Zealand,229,2269565952,ball_recycled,2026-02-13T09:16:32+00:00,37,36:28,home,Waratahs,75,38,1,,,,,,,,,,,,,,
super_rugby_2026_waratahs_vs_reds_65866092.json,sr:sport_event:65866092,2026-02-13T08:35:00+00:00,Super Rugby,sr:competition:422,Super Rugby 2026,sr:season:137092,2026,league,regular season,1,Super Rugby Pacific 2026,Waratahs,sr:competitor:4186,WAR,Reds,sr:competitor:4180,RED,Allianz Stadium,Sydney,Australia,"-33.889167, 151.225278","Williams, Paul",New Zealand,230,2269566030,penalty_awarded,2026-02-13T09:16:41+00:00,37,36:37,home,Waratahs,76,37,1,,,,,,,,,,,,,,
super_rugby_2026_waratahs_vs_reds_65866092.json,sr:sport_event:65866092,2026-02-13T08:35:00+00:00,Super Rugby,sr:competition:422,Super Rugby 2026,sr:season:137092,2026,league,regular season,1,Super Rugby Pacific 2026,Waratahs,sr:competitor:4186,WAR,Reds,sr:competitor:4180,RED,Allianz Stadium,Sydney,Australia,"-33.889167, 151.225278","Williams, Paul",New Zealand,231,2269566638,score_change,2026-02-13T09:17:50+00:00,38,37:47,home,Waratahs,76,37,1,,,10,5,penalty,,,sr:player:2290563,"Creighton, Lawson",,,,,"[{""id"": ""sr:player:2290563"", ""name"": ""Creighton, Lawson"", ""type"": ""scorer""}]"
super_rugby_2026_waratahs_vs_reds_65866092.json,sr:sport_event:65866092,2026-02-13T08:35:00+00:00,Super Rugby,sr:competition:422,Super Rugby 2026,sr:season:137092,2026,league,regular season,1,Super Rugby Pacific 2026,Waratahs,sr:competitor:4186,WAR,Reds,sr:competitor:4180,RED,Allianz Stadium,Sydney,Australia,"-33.889167, 151.225278","Williams, Paul",New Zealand,232,2269566846,ball_kicked,2026-02-13T09:18:21+00:00,39,38:18,away,Reds,55,37,1,,,,,,,,,,,,,,
super_rugby_2026_waratahs_vs_reds_65866092.json,sr:sport_event:65866092,2026-02-13T08:35:00+00:00,Super Rugby,sr:competition:422,Super Rugby 2026,sr:season:137092,2026,league,regular season,1,Super Rugby Pacific 2026,Waratahs,sr:competitor:4186,WAR,Reds,sr:competitor:4180,RED,Allianz Stadium,Sydney,Australia,"-33.889167, 151.225278","Williams, Paul",New Zealand,233,2269566870,ball_recycled,2026-02-13T09:18:24+00:00,39,38:20,home,Waratahs,35,62,1,,,,,,,,,,,,,,
super_rugby_2026_waratahs_vs_reds_65866092.json,sr:sport_event:65866092,2026-02-13T08:35:00+00:00,Super Rugby,sr:competition:422,Super Rugby 2026,sr:season:137092,2026,league,regular season,1,Super Rugby Pacific 2026,Waratahs,sr:competitor:4186,WAR,Reds,sr:competitor:4180,RED,Allianz Stadium,Sydney,Australia,"-33.889167, 151.225278","Williams, Paul",New Zealand,234,2269566960,ball_kicked,2026-02-13T09:18:37+00:00,39,38:33,home,Waratahs,34,59,1,,,,,,,,,,,,,,
super_rugby_2026_waratahs_vs_reds_65866092.json,sr:sport_event:65866092,2026-02-13T08:35:00+00:00,Super Rugby,sr:competition:422,Super Rugby 2026,sr:season:137092,2026,league,regular season,1,Super Rugby Pacific 2026,Waratahs,sr:competitor:4186,WAR,Reds,sr:competitor:4180,RED,Allianz Stadium,Sydney,Australia,"-33.889167, 151.225278","Williams, Paul",New Zealand,235,2269566978,ball_recycled,2026-02-13T09:18:39+00:00,39,38:35,away,Reds,58,59,1,,,,,,,,,,,,,,
super_rugby_2026_waratahs_vs_reds_65866092.json,sr:sport_event:65866092,2026-02-13T08:35:00+00:00,Super Rugby,sr:competition:422,Super Rugby 2026,sr:season:137092,2026,league,regular season,1,Super Rugby Pacific 2026,Waratahs,sr:competitor:4186,WAR,Reds,sr:competitor:4180,RED,Allianz Stadium,Sydney,Australia,"-33.889167, 151.225278","Williams, Paul",New Zealand,236,2269567032,ball_recycled,2026-02-13T09:18:43+00:00,39,38:39,away,Reds,47,51,1,,,,,,,,,,,,,,
super_rugby_2026_waratahs_vs_reds_65866092.json,sr:sport_event:65866092,2026-02-13T08:35:00+00:00,Super Rugby,sr:competition:422,Super Rugby 2026,sr:season:137092,2026,league,regular season,1,Super Rugby Pacific 2026,Waratahs,sr:competitor:4186,WAR,Reds,sr:competitor:4180,RED,Allianz Stadium,Sydney,Australia,"-33.889167, 151.225278","Williams, Paul",New Zealand,237,2269567100,ball_recycled,2026-02-13T09:18:50+00:00,39,38:46,away,Reds,48,40,1,,,,,,,,,,,,,,
super_rugby_2026_waratahs_vs_reds_65866092.json,sr:sport_event:65866092,2026-02-13T08:35:00+00:00,Super Rugby,sr:competition:422,Super Rugby 2026,sr:season:137092,2026,league,regular season,1,Super Rugby Pacific 2026,Waratahs,sr:competitor:4186,WAR,Reds,sr:competitor:4180,RED,Allianz Stadium,Sydney,Australia,"-33.889167, 151.225278","Williams, Paul",New Zealand,238,2269567118,ball_kicked,2026-02-13T09:18:54+00:00,39,38:51,away,Reds,48,25,1,,,,,,,,,,,,,,
super_rugby_2026_waratahs_vs_reds_65866092.json,sr:sport_event:65866092,2026-02-13T08:35:00+00:00,Super Rugby,sr:competition:422,Super Rugby 2026,sr:season:137092,2026,league,regular season,1,Super Rugby Pacific 2026,Waratahs,sr:competitor:4186,WAR,Reds,sr:competitor:4180,RED,Allianz Stadium,Sydney,Australia,"-33.889167, 151.225278","Williams, Paul",New Zealand,239,2269567126,ball_recycled,2026-02-13T09:18:56+00:00,39,38:52,home,Waratahs,31,35,1,,,,,,,,,,,,,,
super_rugby_2026_waratahs_vs_reds_65866092.json,sr:sport_event:65866092,2026-02-13T08:35:00+00:00,Super Rugby,sr:competition:422,Super Rugby 2026,sr:season:137092,2026,league,regular season,1,Super Rugby Pacific 2026,Waratahs,sr:competitor:4186,WAR,Reds,sr:competitor:4180,RED,Allianz Stadium,Sydney,Australia,"-33.889167, 151.225278","Williams, Paul",New Zealand,240,2269567154,ball_recycled,2026-02-13T09:19:01+00:00,39,38:57,home,Waratahs,35,25,1,,,,,,,,,,,,,,
super_rugby_2026_waratahs_vs_reds_65866092.json,sr:sport_event:65866092,2026-02-13T08:35:00+00:00,Super Rugby,sr:competition:422,Super Rugby 2026,sr:season:137092,2026,league,regular season,1,Super Rugby Pacific 2026,Waratahs,sr:competitor:4186,WAR,Reds,sr:competitor:4180,RED,Allianz Stadium,Sydney,Australia,"-33.889167, 151.225278","Williams, Paul",New Zealand,241,2269567162,ball_recycled,2026-02-13T09:19:03+00:00,39,38:59,home,Waratahs,60,7,1,,,,,,,,,,,,,,
super_rugby_2026_waratahs_vs_reds_65866092.json,sr:sport_event:65866092,2026-02-13T08:35:00+00:00,Super Rugby,sr:competition:422,Super Rugby 2026,sr:season:137092,2026,league,regular season,1,Super Rugby Pacific 2026,Waratahs,sr:competitor:4186,WAR,Reds,sr:competitor:4180,RED,Allianz Stadium,Sydney,Australia,"-33.889167, 151.225278","Williams, Paul",New Zealand,242,2269567260,score_change,2026-02-13T09:19:16+00:00,40,39:12,home,Waratahs,60,7,1,,,15,5,try,,,sr:player:2535551,"Jorgensen, Max",,,,,"[{""id"": ""sr:player:2535551"", ""name"": ""Jorgensen, Max"", ""type"": ""scorer""}]"
super_rugby_2026_waratahs_vs_reds_65866092.json,sr:sport_event:65866092,2026-02-13T08:35:00+00:00,Super Rugby,sr:competition:422,Super Rugby 2026,sr:season:137092,2026,league,regular season,1,Super Rugby Pacific 2026,Waratahs,sr:competitor:4186,WAR,Reds,sr:competitor:4180,RED,Allianz Stadium,Sydney,Australia,"-33.889167, 151.225278","Williams, Paul",New Zealand,243,2269567710,score_change,2026-02-13T09:20:15+00:00,40,40:00,home,Waratahs,55,35,1,,,17,5,conversion,,,sr:player:2290563,"Creighton, Lawson",,,,,"[{""id"": ""sr:player:2290563"", ""name"": ""Creighton, Lawson"", ""type"": ""scorer""}]"
super_rugby_2026_waratahs_vs_reds_65866092.json,sr:sport_event:65866092,2026-02-13T08:35:00+00:00,Super Rugby,sr:competition:422,Super Rugby 2026,sr:season:137092,2026,league,regular season,1,Super Rugby Pacific 2026,Waratahs,sr:competitor:4186,WAR,Reds,sr:competitor:4180,RED,Allianz Stadium,Sydney,Australia,"-33.889167, 151.225278","Williams, Paul",New Zealand,244,2269568012,ball_kicked,2026-02-13T09:20:50+00:00,40,40:00,away,Reds,56,39,1,,,,,,,,,,,,,,
super_rugby_2026_waratahs_vs_reds_65866092.json,sr:sport_event:65866092,2026-02-13T08:35:00+00:00,Super Rugby,sr:competition:422,Super Rugby 2026,sr:season:137092,2026,league,regular season,1,Super Rugby Pacific 2026,Waratahs,sr:competitor:4186,WAR,Reds,sr:competitor:4180,RED,Allianz Stadium,Sydney,Australia,"-33.889167, 151.225278","Williams, Paul",New Zealand,245,2269568036,ball_recycled,2026-02-13T09:20:52+00:00,40,40:00,home,Waratahs,35,56,1,,,,,,,,,,,,,,
super_rugby_2026_waratahs_vs_reds_65866092.json,sr:sport_event:65866092,2026-02-13T08:35:00+00:00,Super Rugby,sr:competition:422,Super Rugby 2026,sr:season:137092,2026,league,regular season,1,Super Rugby Pacific 2026,Waratahs,sr:competitor:4186,WAR,Reds,sr:competitor:4180,RED,Allianz Stadium,Sydney,Australia,"-33.889167, 151.225278","Williams, Paul",New Zealand,246,2269568080,ball_recycled,2026-02-13T09:20:58+00:00,40,40:00,home,Waratahs,34,59,1,,,,,,,,,,,,,,
super_rugby_2026_waratahs_vs_reds_65866092.json,sr:sport_event:65866092,2026-02-13T08:35:00+00:00,Super Rugby,sr:competition:422,Super Rugby 2026,sr:season:137092,2026,league,regular season,1,Super Rugby Pacific 2026,Waratahs,sr:competitor:4186,WAR,Reds,sr:competitor:4180,RED,Allianz Stadium,Sydney,Australia,"-33.889167, 151.225278","Williams, Paul",New Zealand,247,2269568120,ball_recycled,2026-02-13T09:21:05+00:00,40,40:00,away,Reds,15,58,1,,,,,,,,,,,,,,
super_rugby_2026_waratahs_vs_reds_65866092.json,sr:sport_event:65866092,2026-02-13T08:35:00+00:00,Super Rugby,sr:competition:422,Super Rugby 2026,sr:season:137092,2026,league,regular season,1,Super Rugby Pacific 2026,Waratahs,sr:competitor:4186,WAR,Reds,sr:competitor:4180,RED,Allianz Stadium,Sydney,Australia,"-33.889167, 151.225278","Williams, Paul",New Zealand,248,2269568166,ball_recycled,2026-02-13T09:21:11+00:00,40,40:00,away,Reds,17,51,1,,,,,,,,,,,,,,
super_rugby_2026_waratahs_vs_reds_65866092.json,sr:sport_event:65866092,2026-02-13T08:35:00+00:00,Super Rugby,sr:competition:422,Super Rugby 2026,sr:season:137092,2026,league,regular season,1,Super Rugby Pacific 2026,Waratahs,sr:competitor:4186,WAR,Reds,sr:competitor:4180,RED,Allianz Stadium,Sydney,Australia,"-33.889167, 151.225278","Williams, Paul",New Zealand,249,2269568292,score_change,2026-02-13T09:21:30+00:00,40,40:00,away,Reds,17,51,1,,,17,10,try,,,sr:player:2746535,"Brial, Joe",,,,,"[{""id"": ""sr:player:2746535"", ""name"": ""Brial, Joe"", ""type"": ""scorer""}]"
super_rugby_2026_waratahs_vs_reds_65866092.json,sr:sport_event:65866092,2026-02-13T08:35:00+00:00,Super Rugby,sr:competition:422,Super Rugby 2026,sr:season:137092,2026,league,regular season,1,Super Rugby Pacific 2026,Waratahs,sr:competitor:4186,WAR,Reds,sr:competitor:4180,RED,Allianz Stadium,Sydney,Australia,"-33.889167, 151.225278","Williams, Paul",New Zealand,250,2269568726,score_change,2026-02-13T09:22:24+00:00,40,40:00,away,Reds,55,35,1,,,17,12,conversion,,,sr:player:2746671,"McLaughlin-Phillips, Harry",,,,,"[{""id"": ""sr:player:2746671"", ""name"": ""McLaughlin-Phillips, Harry"", ""type"": ""scorer""}]"
super_rugby_2026_waratahs_vs_reds_65866092.json,sr:sport_event:65866092,2026-02-13T08:35:00+00:00,Super Rugby,sr:competition:422,Super Rugby 2026,sr:season:137092,2026,league,regular season,1,Super Rugby Pacific 2026,Waratahs,sr:competitor:4186,WAR,Reds,sr:competitor:4180,RED,Allianz Stadium,Sydney,Australia,"-33.889167, 151.225278","Williams, Paul",New Zealand,251,2269568772,period_score,2026-02-13T09:22:29+00:00,,,,,,,1,,,17,12,,,,,,,,,,
super_rugby_2026_waratahs_vs_reds_65866092.json,sr:sport_event:65866092,2026-02-13T08:35:00+00:00,Super Rugby,sr:competition:422,Super Rugby 2026,sr:season:137092,2026,league,regular season,1,Super Rugby Pacific 2026,Waratahs,sr:competitor:4186,WAR,Reds,sr:competitor:4180,RED,Allianz Stadium,Sydney,Australia,"-33.889167, 151.225278","Williams, Paul",New Zealand,252,2269568776,break_start,2026-02-13T09:22:29+00:00,,,,,,,,,pause,,,,,,,,,,,,
super_rugby_2026_waratahs_vs_reds_65866092.json,sr:sport_event:65866092,2026-02-13T08:35:00+00:00,Super Rugby,sr:competition:422,Super Rugby 2026,sr:season:137092,2026,league,regular season,1,Super Rugby Pacific 2026,Waratahs,sr:competitor:4186,WAR,Reds,sr:competitor:4180,RED,Allianz Stadium,Sydney,Australia,"-33.889167, 151.225278","Williams, Paul",New Zealand,253,2269580612,period_start,2026-02-13T09:37:25+00:00,,,,,,,2,2nd_half,,,,,,,,,,,,,
super_rugby_2026_waratahs_vs_reds_65866092.json,sr:sport_event:65866092,2026-02-13T08:35:00+00:00,Super Rugby,sr:competition:422,Super Rugby 2026,sr:season:137092,2026,league,regular season,1,Super Rugby Pacific 2026,Waratahs,sr:competitor:4186,WAR,Reds,sr:competitor:4180,RED,Allianz Stadium,Sydney,Australia,"-33.889167, 151.225278","Williams, Paul",New Zealand,254,2269580680,ball_kicked,2026-02-13T09:37:31+00:00,41,40:06,away,Reds,55,32,2,,,,,,,,,,,,,,
super_rugby_2026_waratahs_vs_reds_65866092.json,sr:sport_event:65866092,2026-02-13T08:35:00+00:00,Super Rugby,sr:competition:422,Super Rugby 2026,sr:season:137092,2026,league,regular season,1,Super Rugby Pacific 2026,Waratahs,sr:competitor:4186,WAR,Reds,sr:competitor:4180,RED,Allianz Stadium,Sydney,Australia,"-33.889167, 151.225278","Williams, Paul",New Zealand,255,2269580704,ball_recycled,2026-02-13T09:37:34+00:00,41,40:09,home,Waratahs,39,57,2,,,,,,,,,,,,,,
super_rugby_2026_waratahs_vs_reds_65866092.json,sr:sport_event:65866092,2026-02-13T08:35:00+00:00,Super Rugby,sr:competition:422,Super Rugby 2026,sr:season:137092,2026,league,regular season,1,Super Rugby Pacific 2026,Waratahs,sr:competitor:4186,WAR,Reds,sr:competitor:4180,RED,Allianz Stadium,Sydney,Australia,"-33.889167, 151.225278","Williams, Paul",New Zealand,256,2269580766,ball_recycled,2026-02-13T09:37:41+00:00,41,40:16,home,Waratahs,39,47,2,,,,,,,,,,,,,,
super_rugby_2026_waratahs_vs_reds_65866092.json,sr:sport_event:65866092,2026-02-13T08:35:00+00:00,Super Rugby,sr:competition:422,Super Rugby 2026,sr:season:137092,2026,league,regular season,1,Super Rugby Pacific 2026,Waratahs,sr:competitor:4186,WAR,Reds,sr:competitor:4180,RED,Allianz Stadium,Sydney,Australia,"-33.889167, 151.225278","Williams, Paul",New Zealand,257,2269581004,tap_and_go,2026-02-13T09:38:06+00:00,41,40:41,away,Reds,39,45,2,,,,,,,,,,,,,,
super_rugby_2026_waratahs_vs_reds_65866092.json,sr:sport_event:65866092,2026-02-13T08:35:00+00:00,Super Rugby,sr:competition:422,Super Rugby 2026,sr:season:137092,2026,league,regular season,1,Super Rugby Pacific 2026,Waratahs,sr:competitor:4186,WAR,Reds,sr:competitor:4180,RED,Allianz Stadium,Sydney,Australia,"-33.889167, 151.225278","Williams, Paul",New Zealand,258,2269581030,ball_recycled,2026-02-13T09:38:10+00:00,41,40:45,away,Reds,38,36,2,,,,,,,,,,,,,,
super_rugby_2026_waratahs_vs_reds_65866092.json,sr:sport_event:65866092,2026-02-13T08:35:00+00:00,Super Rugby,sr:competition:422,Super Rugby 2026,sr:season:137092,2026,league,regular season,1,Super Rugby Pacific 2026,Waratahs,sr:competitor:4186,WAR,Reds,sr:competitor:4180,RED,Allianz Stadium,Sydney,Australia,"-33.889167, 151.225278","Williams, Paul",New Zealand,259,2269581116,ball_recycled,2026-02-13T09:38:17+00:00,41,40:52,away,Reds,72,39,2,,,,,,,,,,,,,,
super_rugby_2026_waratahs_vs_reds_65866092.json,sr:sport_event:65866092,2026-02-13T08:35:00+00:00,Super Rugby,sr:competition:422,Super Rugby 2026,sr:season:137092,2026,league,regular season,1,Super Rugby Pacific 2026,Waratahs,sr:competitor:4186,WAR,Reds,sr:competitor:4180,RED,Allianz Stadium,Sydney,Australia,"-33.889167, 151.225278","Williams, Paul",New Zealand,260,2269568112,turnover,2026-02-13T09:21:02+00:00,41,40:59,away,Reds,18,65,2,,,,,,,,,,,,,,
super_rugby_2026_waratahs_vs_reds_65866092.json,sr:sport_event:65866092,2026-02-13T08:35:00+00:00,Super Rugby,sr:competition:422,Super Rugby 2026,sr:season:137092,2026,league,regular season,1,Super Rugby Pacific 2026,Waratahs,sr:competitor:4186,WAR,Reds,sr:competitor:4180,RED,Allianz Stadium,Sydney,Australia,"-33.889167, 151.225278","Williams, Paul",New Zealand,261,2269581156,ball_recycled,2026-02-13T09:38:24+00:00,41,40:59,away,Reds,67,44,2,,,,,,,,,,,,,,
super_rugby_2026_waratahs_vs_reds_65866092.json,sr:sport_event:65866092,2026-02-13T08:35:00+00:00,Super Rugby,sr:competition:422,Super Rugby 2026,sr:season:137092,2026,league,regular season,1,Super Rugby Pacific 2026,Waratahs,sr:competitor:4186,WAR,Reds,sr:competitor:4180,RED,Allianz Stadium,Sydney,Australia,"-33.889167, 151.225278","Williams, Paul",New Zealand,262,2269581200,ball_recycled,2026-02-13T09:38:30+00:00,42,41:05,away,Reds,58,55,2,,,,,,,,,,,,,,
super_rugby_2026_waratahs_vs_reds_65866092.json,sr:sport_event:65866092,2026-02-13T08:35:00+00:00,Super Rugby,sr:competition:422,Super Rugby 2026,sr:season:137092,2026,league,regular season,1,Super Rugby Pacific 2026,Waratahs,sr:competitor:4186,WAR,Reds,sr:competitor:4180,RED,Allianz Stadium,Sydney,Australia,"-33.889167, 151.225278","Williams, Paul",New Zealand,263,2269581310,ball_kicked,2026-02-13T09:38:40+00:00,42,41:15,away,Reds,59,53,2,,,,,,,,,,,,,,
super_rugby_2026_waratahs_vs_reds_65866092.json,sr:sport_event:65866092,2026-02-13T08:35:00+00:00,Super Rugby,sr:competition:422,Super Rugby 2026,sr:season:137092,2026,league,regular season,1,Super Rugby Pacific 2026,Waratahs,sr:competitor:4186,WAR,Reds,sr:competitor:4180,RED,Allianz Stadium,Sydney,Australia,"-33.889167, 151.225278","Williams, Paul",New Zealand,264,2269581330,ball_recycled,2026-02-13T09:38:43+00:00,42,41:17,home,Waratahs,34,51,2,,,,,,,,,,,,,,
super_rugby_2026_waratahs_vs_reds_65866092.json,sr:sport_event:65866092,2026-02-13T08:35:00+00:00,Super Rugby,sr:competition:422,Super Rugby 2026,sr:season:137092,2026,league,regular season,1,Super Rugby Pacific 2026,Waratahs,sr:competitor:4186,WAR,Reds,sr:competitor:4180,RED,Allianz Stadium,Sydney,Australia,"-33.889167, 151.225278","Williams, Paul",New Zealand,265,2269581360,ball_recycled,2026-02-13T09:38:46+00:00,42,41:21,home,Waratahs,40,42,2,,,,,,,,,,,,,,
super_rugby_2026_waratahs_vs_reds_65866092.json,sr:sport_event:65866092,2026-02-13T08:35:00+00:00,Super Rugby,sr:competition:422,Super Rugby 2026,sr:season:137092,2026,league,regular season,1,Super Rugby Pacific 2026,Waratahs,sr:competitor:4186,WAR,Reds,sr:competitor:4180,RED,Allianz Stadium,Sydney,Australia,"-33.889167, 151.225278","Williams, Paul",New Zealand,266,2269581456,ball_recycled,2026-02-13T09:38:57+00:00,42,41:32,home,Waratahs,40,51,2,,,,,,,,,,,,,,
super_rugby_2026_waratahs_vs_reds_65866092.json,sr:sport_event:65866092,2026-02-13T08:35:00+00:00,Super Rugby,sr:competition:422,Super Rugby 2026,sr:season:137092,2026,league,regular season,1,Super Rugby Pacific 2026,Waratahs,sr:competitor:4186,WAR,Reds,sr:competitor:4180,RED,Allianz Stadium,Sydney,Australia,"-33.889167, 151.225278","Williams, Paul",New Zealand,267,2269581592,ball_kicked,2026-02-13T09:39:10+00:00,42,41:45,home,Waratahs,40,50,2,,,,,,,,,,,,,,
super_rugby_2026_waratahs_vs_reds_65866092.json,sr:sport_event:65866092,2026-02-13T08:35:00+00:00,Super Rugby,sr:competition:422,Super Rugby 2026,sr:season:137092,2026,league,regular season,1,Super Rugby Pacific 2026,Waratahs,sr:competitor:4186,WAR,Reds,sr:competitor:4180,RED,Allianz Stadium,Sydney,Australia,"-33.889167, 151.225278","Williams, Paul",New Zealand,268,2269581758,ball_kicked,2026-02-13T09:39:29+00:00,43,42:03,away,Reds,55,56,2,,,,,,,,,,,,,,
super_rugby_2026_waratahs_vs_reds_65866092.json,sr:sport_event:65866092,2026-02-13T08:35:00+00:00,Super Rugby,sr:competition:422,Super Rugby 2026,sr:season:137092,2026,league,regular season,1,Super Rugby Pacific 2026,Waratahs,sr:competitor:4186,WAR,Reds,sr:competitor:4180,RED,Allianz Stadium,Sydney,Australia,"-33.889167, 151.225278","Williams, Paul",New Zealand,269,2269581790,ball_kicked,2026-02-13T09:39:33+00:00,43,42:08,away,Reds,46,44,2,,,,,,,,,,,,,,
super_rugby_2026_waratahs_vs_reds_65866092.json,sr:sport_event:65866092,2026-02-13T08:35:00+00:00,Super Rugby,sr:competition:422,Super Rugby 2026,sr:season:137092,2026,league,regular season,1,Super Rugby Pacific 2026,Waratahs,sr:competitor:4186,WAR,Reds,sr:competitor:4180,RED,Allianz Stadium,Sydney,Australia,"-33.889167, 151.225278","Williams, Paul",New Zealand,270,2269581820,ball_recycled,2026-02-13T09:39:36+00:00,43,42:11,home,Waratahs,38,37,2,,,,,,,,,,,,,,
super_rugby_2026_waratahs_vs_reds_65866092.json,sr:sport_event:65866092,2026-02-13T08:35:00+00:00,Super Rugby,sr:competition:422,Super Rugby 2026,sr:season:137092,2026,league,regular season,1,Super Rugby Pacific 2026,Waratahs,sr:competitor:4186,WAR,Reds,sr:competitor:4180,RED,Allianz Stadium,Sydney,Australia,"-33.889167, 151.225278","Williams, Paul",New Zealand,271,2269581866,ball_kicked,2026-02-13T09:39:41+00:00,43,42:16,home,Waratahs,37,28,2,,,,,,,,,,,,,,
super_rugby_2026_waratahs_vs_reds_65866092.json,sr:sport_event:65866092,2026-02-13T08:35:00+00:00,Super Rugby,sr:competition:422,Super Rugby 2026,sr:season:137092,2026,league,regular season,1,Super Rugby Pacific 2026,Waratahs,sr:competitor:4186,WAR,Reds,sr:competitor:4180,RED,Allianz Stadium,Sydney,Australia,"-33.889167, 151.225278","Williams, Paul",New Zealand,272,2269581884,ball_recycled,2026-02-13T09:39:43+00:00,43,42:18,away,Reds,79,27,2,,,,,,,,,,,,,,
super_rugby_2026_waratahs_vs_reds_65866092.json,sr:sport_event:65866092,2026-02-13T08:35:00+00:00,Super Rugby,sr:competition:422,Super Rugby 2026,sr:season:137092,2026,league,regular season,1,Super Rugby Pacific 2026,Waratahs,sr:competitor:4186,WAR,Reds,sr:competitor:4180,RED,Allianz Stadium,Sydney,Australia,"-33.889167, 151.225278","Williams, Paul",New Zealand,273,2269581926,ball_kicked,2026-02-13T09:39:47+00:00,43,42:22,away,Reds,72,24,2,,,,,,,,,,,,,,
super_rugby_2026_waratahs_vs_reds_65866092.json,sr:sport_event:65866092,2026-02-13T08:35:00+00:00,Super Rugby,sr:competition:422,Super Rugby 2026,sr:season:137092,2026,league,regular season,1,Super Rugby Pacific 2026,Waratahs,sr:competitor:4186,WAR,Reds,sr:competitor:4180,RED,Allianz Stadium,Sydney,Australia,"-33.889167, 151.225278","Williams, Paul",New Zealand,274,2269581964,ball_kicked,2026-02-13T09:39:52+00:00,43,42:27,home,Waratahs,35,14,2,,,,,,,,,,,,,,
super_rugby_2026_waratahs_vs_reds_65866092.json,sr:sport_event:65866092,2026-02-13T08:35:00+00:00,Super Rugby,sr:competition:422,Super Rugby 2026,sr:season:137092,2026,league,regular season,1,Super Rugby Pacific 2026,Waratahs,sr:competitor:4186,WAR,Reds,sr:competitor:4180,RED,Allianz Stadium,Sydney,Australia,"-33.889167, 151.225278","Williams, Paul",New Zealand,275,2269582028,ball_kicked,2026-02-13T09:39:58+00:00,43,42:33,away,Reds,93,19,2,,,,,,,,,,,,,,
super_rugby_2026_waratahs_vs_reds_65866092.json,sr:sport_event:65866092,2026-02-13T08:35:00+00:00,Super Rugby,sr:competition:422,Super Rugby 2026,sr:season:137092,2026,league,regular season,1,Super Rugby Pacific 2026,Waratahs,sr:competitor:4186,WAR,Reds,sr:competitor:4180,RED,Allianz Stadium,Sydney,Australia,"-33.889167, 151.225278","Williams, Paul",New Zealand,276,2269582092,line_out,2026-02-13T09:40:06+00:00,43,42:41,home,Waratahs,50,-2,2,,,,,,,,,,,,,,
super_rugby_2026_waratahs_vs_reds_65866092.json,sr:sport_event:65866092,2026-02-13T08:35:00+00:00,Super Rugby,sr:competition:422,Super Rugby 2026,sr:season:137092,2026,league,regular season,1,Super Rugby Pacific 2026,Waratahs,sr:competitor:4186,WAR,Reds,sr:competitor:4180,RED,Allianz Stadium,Sydney,Australia,"-33.889167, 151.225278","Williams, Paul",New Zealand,277,2269582280,line_out_won,2026-02-13T09:40:24+00:00,43,42:59,home,Waratahs,50,-2,2,,,,,,,,,,,,,,
super_rugby_2026_waratahs_vs_reds_65866092.json,sr:sport_event:65866092,2026-02-13T08:35:00+00:00,Super Rugby,sr:competition:422,Super Rugby 2026,sr:season:137092,2026,league,regular season,1,Super Rugby Pacific 2026,Waratahs,sr:competitor:4186,WAR,Reds,sr:competitor:4180,RED,Allianz Stadium,Sydney,Australia,"-33.889167, 151.225278","Williams, Paul",New Zealand,278,2269582312,ball_recycled,2026-02-13T09:40:27+00:00,44,43:01,home,Waratahs,43,24,2,,,,,,,,,,,,,,
super_rugby_2026_waratahs_vs_reds_65866092.json,sr:sport_event:65866092,2026-02-13T08:35:00+00:00,Super Rugby,sr:competition:422,Super Rugby 2026,sr:season:137092,2026,league,regular season,1,Super Rugby Pacific 2026,Waratahs,sr:competitor:4186,WAR,Reds,sr:competitor:4180,RED,Allianz Stadium,Sydney,Australia,"-33.889167, 151.225278","Williams, Paul",New Zealand,279,2269582400,scrum,2026-02-13T09:40:38+00:00,44,43:13,away,Reds,46,55,2,,,,,,,,,,,,,,
super_rugby_2026_waratahs_vs_reds_65866092.json,sr:sport_event:65866092,2026-02-13T08:35:00+00:00,Super Rugby,sr:competition:422,Super Rugby 2026,sr:season:137092,2026,league,regular season,1,Super Rugby Pacific 2026,Waratahs,sr:competitor:4186,WAR,Reds,sr:competitor:4180,RED,Allianz Stadium,Sydney,Australia,"-33.889167, 151.225278","Williams, Paul",New Zealand,280,2269582798,scrum_won,2026-02-13T09:41:29+00:00,45,44:04,away,Reds,46,55,2,,,,,,,,,,,,,,
super_rugby_2026_waratahs_vs_reds_65866092.json,sr:sport_event:65866092,2026-02-13T08:35:00+00:00,Super Rugby,sr:competition:422,Super Rugby 2026,sr:season:137092,2026,league,regular season,1,Super Rugby Pacific 2026,Waratahs,sr:competitor:4186,WAR,Reds,sr:competitor:4180,RED,Allianz Stadium,Sydney,Australia,"-33.889167, 151.225278","Williams, Paul",New Zealand,281,2269582846,ball_recycled,2026-02-13T09:41:34+00:00,45,44:09,away,Reds,46,42,2,,,,,,,,,,,,,,
super_rugby_2026_waratahs_vs_reds_65866092.json,sr:sport_event:65866092,2026-02-13T08:35:00+00:00,Super Rugby,sr:competition:422,Super Rugby 2026,sr:season:137092,2026,league,regular season,1,Super Rugby Pacific 2026,Waratahs,sr:competitor:4186,WAR,Reds,sr:competitor:4180,RED,Allianz Stadium,Sydney,Australia,"-33.889167, 151.225278","Williams, Paul",New Zealand,282,2269582998,penalty_awarded,2026-02-13T09:41:46+00:00,45,44:21,away,Reds,46,40,2,,,,,,,,,,,,,,
super_rugby_2026_waratahs_vs_reds_65866092.json,sr:sport_event:65866092,2026-02-13T08:35:00+00:00,Super Rugby,sr:competition:422,Super Rugby 2026,sr:season:137092,2026,league,regular season,1,Super Rugby Pacific 2026,Waratahs,sr:competitor:4186,WAR,Reds,sr:competitor:4180,RED,Allianz Stadium,Sydney,Australia,"-33.889167, 151.225278","Williams, Paul",New Zealand,283,2269583094,kick_to_touch,2026-02-13T09:41:55+00:00,45,44:30,away,Reds,46,40,2,,,,,,,,,,,,,,
super_rugby_2026_waratahs_vs_reds_65866092.json,sr:sport_event:65866092,2026-02-13T08:35:00+00:00,Super Rugby,sr:competition:422,Super Rugby 2026,sr:season:137092,2026,league,regular season,1,Super Rugby Pacific 2026,Waratahs,sr:competitor:4186,WAR,Reds,sr:competitor:4180,RED,Allianz Stadium,Sydney,Australia,"-33.889167, 151.225278","Williams, Paul",New Zealand,284,2269583246,line_out,2026-02-13T09:42:07+00:00,45,44:42,away,Reds,17,71,2,,,,,,,,,,,,,,
super_rugby_2026_waratahs_vs_reds_65866092.json,sr:sport_event:65866092,2026-02-13T08:35:00+00:00,Super Rugby,sr:competition:422,Super Rugby 2026,sr:season:137092,2026,league,regular season,1,Super Rugby Pacific 2026,Waratahs,sr:competitor:4186,WAR,Reds,sr:competitor:4180,RED,Allianz Stadium,Sydney,Australia,"-33.889167, 151.225278","Williams, Paul",New Zealand,285,2269583486,line_out_won,2026-02-13T09:42:37+00:00,46,45:12,away,Reds,17,71,2,,,,,,,,,,,,,,
super_rugby_2026_waratahs_vs_reds_65866092.json,sr:sport_event:65866092,2026-02-13T08:35:00+00:00,Super Rugby,sr:competition:422,Super Rugby 2026,sr:season:137092,2026,league,regular season,1,Super Rugby Pacific 2026,Waratahs,sr:competitor:4186,WAR,Reds,sr:competitor:4180,RED,Allianz Stadium,Sydney,Australia,"-33.889167, 151.225278","Williams, Paul",New Zealand,286,2269583552,penalty_awarded,2026-02-13T09:42:44+00:00,46,45:18,home,Waratahs,22,40,2,,,,,,,,,,,,,,
super_rugby_2026_waratahs_vs_reds_65866092.json,sr:sport_event:65866092,2026-02-13T08:35:00+00:00,Super Rugby,sr:competition:422,Super Rugby 2026,sr:season:137092,2026,league,regular season,1,Super Rugby Pacific 2026,Waratahs,sr:competitor:4186,WAR,Reds,sr:competitor:4180,RED,Allianz Stadium,Sydney,Australia,"-33.889167, 151.225278","Williams, Paul",New Zealand,287,2269583686,kick_to_touch,2026-02-13T09:42:57+00:00,46,45:32,home,Waratahs,22,40,2,,,,,,,,,,,,,,
super_rugby_2026_waratahs_vs_reds_65866092.json,sr:sport_event:65866092,2026-02-13T08:35:00+00:00,Super Rugby,sr:competition:422,Super Rugby 2026,sr:season:137092,2026,league,regular season,1,Super Rugby Pacific 2026,Waratahs,sr:competitor:4186,WAR,Reds,sr:competitor:4180,RED,Allianz Stadium,Sydney,Australia,"-33.889167, 151.225278","Williams, Paul",New Zealand,288,2269583802,turnover,2026-02-13T09:43:07+00:00,46,45:42,away,Reds,71,65,2,,,,,,,,,,,,,,
super_rugby_2026_waratahs_vs_reds_65866092.json,sr:sport_event:65866092,2026-02-13T08:35:00+00:00,Super Rugby,sr:competition:422,Super Rugby 2026,sr:season:137092,2026,league,regular season,1,Super Rugby Pacific 2026,Waratahs,sr:competitor:4186,WAR,Reds,sr:competitor:4180,RED,Allianz Stadium,Sydney,Australia,"-33.889167, 151.225278","Williams, Paul",New Zealand,289,2269583824,ball_kicked,2026-02-13T09:43:12+00:00,46,45:47,away,Reds,66,58,2,,,,,,,,,,,,,,
super_rugby_2026_waratahs_vs_reds_65866092.json,sr:sport_event:65866092,2026-02-13T08:35:00+00:00,Super Rugby,sr:competition:422,Super Rugby 2026,sr:season:137092,2026,league,regular season,1,Super Rugby Pacific 2026,Waratahs,sr:competitor:4186,WAR,Reds,sr:competitor:4180,RED,Allianz Stadium,Sydney,Australia,"-33.889167, 151.225278","Williams, Paul",New Zealand,290,2269583882,ball_recycled,2026-02-13T09:43:16+00:00,46,45:51,home,Waratahs,47,54,2,,,,,,,,,,,,,,
super_rugby_2026_waratahs_vs_reds_65866092.json,sr:sport_event:65866092,2026-02-13T08:35:00+00:00,Super Rugby,sr:competition:422,Super Rugby 2026,sr:season:137092,2026,league,regular season,1,Super Rugby Pacific 2026,Waratahs,sr:competitor:4186,WAR,Reds,sr:competitor:4180,RED,Allianz Stadium,Sydney,Australia,"-33.889167, 151.225278","Williams, Paul",New Zealand,291,2269583894,ball_recycled,2026-02-13T09:43:18+00:00,46,45:53,home,Waratahs,51,49,2,,,,,,,,,,,,,,
super_rugby_2026_waratahs_vs_reds_65866092.json,sr:sport_event:65866092,2026-02-13T08:35:00+00:00,Super Rugby,sr:competition:422,Super Rugby 2026,sr:season:137092,2026,league,regular season,1,Super Rugby Pacific 2026,Waratahs,sr:competitor:4186,WAR,Reds,sr:competitor:4180,RED,Allianz Stadium,Sydney,Australia,"-33.889167, 151.225278","Williams, Paul",New Zealand,292,2269583936,ball_recycled,2026-02-13T09:43:22+00:00,46,45:56,home,Waratahs,50,42,2,,,,,,,,,,,,,,
super_rugby_2026_waratahs_vs_reds_65866092.json,sr:sport_event:65866092,2026-02-13T08:35:00+00:00,Super Rugby,sr:competition:422,Super Rugby 2026,sr:season:137092,2026,league,regular season,1,Super Rugby Pacific 2026,Waratahs,sr:competitor:4186,WAR,Reds,sr:competitor:4180,RED,Allianz Stadium,Sydney,Australia,"-33.889167, 151.225278","Williams, Paul",New Zealand,293,2269584022,ball_recycled,2026-02-13T09:43:29+00:00,47,46:04,home,Waratahs,58,60,2,,,,,,,,,,,,,,
super_rugby_2026_waratahs_vs_reds_65866092.json,sr:sport_event:65866092,2026-02-13T08:35:00+00:00,Super Rugby,sr:competition:422,Super Rugby 2026,sr:season:137092,2026,league,regular season,1,Super Rugby Pacific 2026,Waratahs,sr:competitor:4186,WAR,Reds,sr:competitor:4180,RED,Allianz Stadium,Sydney,Australia,"-33.889167, 151.225278","Williams, Paul",New Zealand,294,2269584132,ball_recycled,2026-02-13T09:43:39+00:00,47,46:14,home,Waratahs,59,44,2,,,,,,,,,,,,,,
super_rugby_2026_waratahs_vs_reds_65866092.json,sr:sport_event:65866092,2026-02-13T08:35:00+00:00,Super Rugby,sr:competition:422,Super Rugby 2026,sr:season:137092,2026,league,regular season,1,Super Rugby Pacific 2026,Waratahs,sr:competitor:4186,WAR,Reds,sr:competitor:4180,RED,Allianz Stadium,Sydney,Australia,"-33.889167, 151.225278","Williams, Paul",New Zealand,295,2269584214,ball_recycled,2026-02-13T09:43:46+00:00,47,46:21,home,Waratahs,47,5,2,,,,,,,,,,,,,,
super_rugby_2026_waratahs_vs_reds_65866092.json,sr:sport_event:65866092,2026-02-13T08:35:00+00:00,Super Rugby,sr:competition:422,Super Rugby 2026,sr:season:137092,2026,league,regular season,1,Super Rugby Pacific 2026,Waratahs,sr:competitor:4186,WAR,Reds,sr:competitor:4180,RED,Allianz Stadium,Sydney,Australia,"-33.889167, 151.225278","Williams, Paul",New Zealand,296,2269584262,ball_kicked,2026-02-13T09:43:52+00:00,47,46:27,home,Waratahs,55,23,2,,,,,,,,,,,,,,
super_rugby_2026_waratahs_vs_reds_65866092.json,sr:sport_event:65866092,2026-02-13T08:35:00+00:00,Super Rugby,sr:competition:422,Super Rugby 2026,sr:season:137092,2026,league,regular season,1,Super Rugby Pacific 2026,Waratahs,sr:competitor:4186,WAR,Reds,sr:competitor:4180,RED,Allianz Stadium,Sydney,Australia,"-33.889167, 151.225278","Williams, Paul",New Zealand,297,2269584286,turnover,2026-02-13T09:43:55+00:00,47,46:30,home,Waratahs,70,34,2,,,,,,,,,,,,,,
super_rugby_2026_waratahs_vs_reds_65866092.json,sr:sport_event:65866092,2026-02-13T08:35:00+00:00,Super Rugby,sr:competition:422,Super Rugby 2026,sr:season:137092,2026,league,regular season,1,Super Rugby Pacific 2026,Waratahs,sr:competitor:4186,WAR,Reds,sr:competitor:4180,RED,Allianz Stadium,Sydney,Australia,"-33.889167, 151.225278","Williams, Paul",New Zealand,298,2269584302,turnover,2026-02-13T09:43:57+00:00,47,46:32,away,Reds,59,35,2,,,,,,,,,,,,,,
super_rugby_2026_waratahs_vs_reds_65866092.json,sr:sport_event:65866092,2026-02-13T08:35:00+00:00,Super Rugby,sr:competition:422,Super Rugby 2026,sr:season:137092,2026,league,regular season,1,Super Rugby Pacific 2026,Waratahs,sr:competitor:4186,WAR,Reds,sr:competitor:4180,RED,Allianz Stadium,Sydney,Australia,"-33.889167, 151.225278","Williams, Paul",New Zealand,299,2269584400,ball_recycled,2026-02-13T09:44:07+00:00,47,46:42,away,Reds,59,47,2,,,,,,,,,,,,,,
super_rugby_2026_waratahs_vs_reds_65866092.json,sr:sport_event:65866092,2026-02-13T08:35:00+00:00,Super Rugby,sr:competition:422,Super Rugby 2026,sr:season:137092,2026,league,regular season,1,Super Rugby Pacific 2026,Waratahs,sr:competitor:4186,WAR,Reds,sr:competitor:4180,RED,Allianz Stadium,Sydney,Australia,"-33.889167, 151.225278","Williams, Paul",New Zealand,300,2269584530,ball_kicked,2026-02-13T09:44:22+00:00,47,46:56,away,Reds,59,45,2,,,,,,,,,,,,,,
super_rugby_2026_waratahs_vs_reds_65866092.json,sr:sport_event:65866092,2026-02-13T08:35:00+00:00,Super Rugby,sr:competition:422,Super Rugby 2026,sr:season:137092,2026,league,regular season,1,Super Rugby Pacific 2026,Waratahs,sr:competitor:4186,WAR,Reds,sr:competitor:4180,RED,Allianz Stadium,Sydney,Australia,"-33.889167, 151.225278","Williams, Paul",New Zealand,301,2269584544,turnover,2026-02-13T09:44:25+00:00,47,46:58,away,Reds,38,37,2,,,,,,,,,,,,,,
super_rugby_2026_waratahs_vs_reds_65866092.json,sr:sport_event:65866092,2026-02-13T08:35:00+00:00,Super Rugby,sr:competition:422,Super Rugby 2026,sr:season:137092,2026,league,regular season,1,Super Rugby Pacific 2026,Waratahs,sr:competitor:4186,WAR,Reds,sr:competitor:4180,RED,Allianz Stadium,Sydney,Australia,"-33.889167, 151.225278","Williams, Paul",New Zealand,302,2269584560,ball_recycled,2026-02-13T09:44:27+00:00,48,47:01,away,Reds,39,48,2,,,,,,,,,,,,,,
super_rugby_2026_waratahs_vs_reds_65866092.json,sr:sport_event:65866092,2026-02-13T08:35:00+00:00,Super Rugby,sr:competition:422,Super Rugby 2026,sr:season:137092,2026,league,regular season,1,Super Rugby Pacific 2026,Waratahs,sr:competitor:4186,WAR,Reds,sr:competitor:4180,RED,Allianz Stadium,Sydney,Australia,"-33.889167, 151.225278","Williams, Paul",New Zealand,303,2269584604,ball_recycled,2026-02-13T09:44:34+00:00,48,47:08,away,Reds,42,25,2,,,,,,,,,,,,,,
super_rugby_2026_waratahs_vs_reds_65866092.json,sr:sport_event:65866092,2026-02-13T08:35:00+00:00,Super Rugby,sr:competition:422,Super Rugby 2026,sr:season:137092,2026,league,regular season,1,Super Rugby Pacific 2026,Waratahs,sr:competitor:4186,WAR,Reds,sr:competitor:4180,RED,Allianz Stadium,Sydney,Australia,"-33.889167, 151.225278","Williams, Paul",New Zealand,304,2269584698,ball_recycled,2026-02-13T09:44:45+00:00,48,47:19,away,Reds,35,58,2,,,,,,,,,,,,,,
super_rugby_2026_waratahs_vs_reds_65866092.json,sr:sport_event:65866092,2026-02-13T08:35:00+00:00,Super Rugby,sr:competition:422,Super Rugby 2026,sr:season:137092,2026,league,regular season,1,Super Rugby Pacific 2026,Waratahs,sr:competitor:4186,WAR,Reds,sr:competitor:4180,RED,Allianz Stadium,Sydney,Australia,"-33.889167, 151.225278","Williams, Paul",New Zealand,305,2269584762,ball_recycled,2026-02-13T09:44:51+00:00,48,47:25,away,Reds,38,40,2,,,,,,,,,,,,,,
super_rugby_2026_waratahs_vs_reds_65866092.json,sr:sport_event:65866092,2026-02-13T08:35:00+00:00,Super Rugby,sr:competition:422,Super Rugby 2026,sr:season:137092,2026,league,regular season,1,Super Rugby Pacific 2026,Waratahs,sr:competitor:4186,WAR,Reds,sr:competitor:4180,RED,Allianz Stadium,Sydney,Australia,"-33.889167, 151.225278","Williams, Paul",New Zealand,306,2269584864,ball_recycled,2026-02-13T09:44:59+00:00,48,47:32,away,Reds,40,33,2,,,,,,,,,,,,,,
super_rugby_2026_waratahs_vs_reds_65866092.json,sr:sport_event:65866092,2026-02-13T08:35:00+00:00,Super Rugby,sr:competition:422,Super Rugby 2026,sr:season:137092,2026,league,regular season,1,Super Rugby Pacific 2026,Waratahs,sr:competitor:4186,WAR,Reds,sr:competitor:4180,RED,Allianz Stadium,Sydney,Australia,"-33.889167, 151.225278","Williams, Paul",New Zealand,307,2269584894,ball_kicked,2026-02-13T09:45:03+00:00,48,47:36,away,Reds,39,30,2,,,,,,,,,,,,,,
super_rugby_2026_waratahs_vs_reds_65866092.json,sr:sport_event:65866092,2026-02-13T08:35:00+00:00,Super Rugby,sr:competition:422,Super Rugby 2026,sr:season:137092,2026,league,regular season,1,Super Rugby Pacific 2026,Waratahs,sr:competitor:4186,WAR,Reds,sr:competitor:4180,RED,Allianz Stadium,Sydney,Australia,"-33.889167, 151.225278","Williams, Paul",New Zealand,308,2269584964,ball_kicked,2026-02-13T09:45:08+00:00,48,47:42,home,Waratahs,18,58,2,,,,,,,,,,,,,,
super_rugby_2026_waratahs_vs_reds_65866092.json,sr:sport_event:65866092,2026-02-13T08:35:00+00:00,Super Rugby,sr:competition:422,Super Rugby 2026,sr:season:137092,2026,league,regular season,1,Super Rugby Pacific 2026,Waratahs,sr:competitor:4186,WAR,Reds,sr:competitor:4180,RED,Allianz Stadium,Sydney,Australia,"-33.889167, 151.225278","Williams, Paul",New Zealand,309,2269585036,ball_recycled,2026-02-13T09:45:11+00:00,48,47:45,away,Reds,72,64,2,,,,,,,,,,,,,,
super_rugby_2026_waratahs_vs_reds_65866092.json,sr:sport_event:65866092,2026-02-13T08:35:00+00:00,Super Rugby,sr:competition:422,Super Rugby 2026,sr:season:137092,2026,league,regular season,1,Super Rugby Pacific 2026,Waratahs,sr:competitor:4186,WAR,Reds,sr:competitor:4180,RED,Allianz Stadium,Sydney,Australia,"-33.889167, 151.225278","Williams, Paul",New Zealand,310,2269585276,ball_kicked,2026-02-13T09:45:28+00:00,49,48:02,away,Reds,70,38,2,,,,,,,,,,,,,,
super_rugby_2026_waratahs_vs_reds_65866092.json,sr:sport_event:65866092,2026-02-13T08:35:00+00:00,Super Rugby,sr:competition:422,Super Rugby 2026,sr:season:137092,2026,league,regular season,1,Super Rugby Pacific 2026,Waratahs,sr:competitor:4186,WAR,Reds,sr:competitor:4180,RED,Allianz Stadium,Sydney,Australia,"-33.889167, 151.225278","Williams, Paul",New Zealand,311,2269585416,ball_recycled,2026-02-13T09:45:38+00:00,49,48:11,home,Waratahs,38,49,2,,,,,,,,,,,,,,
super_rugby_2026_waratahs_vs_reds_65866092.json,sr:sport_event:65866092,2026-02-13T08:35:00+00:00,Super Rugby,sr:competition:422,Super Rugby 2026,sr:season:137092,2026,league,regular season,1,Super Rugby Pacific 2026,Waratahs,sr:competitor:4186,WAR,Reds,sr:competitor:4180,RED,Allianz Stadium,Sydney,Australia,"-33.889167, 151.225278","Williams, Paul",New Zealand,312,2269585432,ball_recycled,2026-02-13T09:45:39+00:00,49,48:13,home,Waratahs,38,25,2,,,,,,,,,,,,,,
super_rugby_2026_waratahs_vs_reds_65866092.json,sr:sport_event:65866092,2026-02-13T08:35:00+00:00,Super Rugby,sr:competition:422,Super Rugby 2026,sr:season:137092,2026,league,regular season,1,Super Rugby Pacific 2026,Waratahs,sr:competitor:4186,WAR,Reds,sr:competitor:4180,RED,Allianz Stadium,Sydney,Australia,"-33.889167, 151.225278","Williams, Paul",New Zealand,313,2269585492,ball_recycled,2026-02-13T09:45:43+00:00,49,48:17,home,Waratahs,44,9,2,,,,,,,,,,,,,,
super_rugby_2026_waratahs_vs_reds_65866092.json,sr:sport_event:65866092,2026-02-13T08:35:00+00:00,Super Rugby,sr:competition:422,Super Rugby 2026,sr:season:137092,2026,league,regular season,1,Super Rugby Pacific 2026,Waratahs,sr:competitor:4186,WAR,Reds,sr:competitor:4180,RED,Allianz Stadium,Sydney,Australia,"-33.889167, 151.225278","Williams, Paul",New Zealand,314,2269585534,ball_recycled,2026-02-13T09:45:48+00:00,49,48:22,home,Waratahs,39,8,2,,,,,,,,,,,,,,
super_rugby_2026_waratahs_vs_reds_65866092.json,sr:sport_event:65866092,2026-02-13T08:35:00+00:00,Super Rugby,sr:competition:422,Super Rugby 2026,sr:season:137092,2026,league,regular season,1,Super Rugby Pacific 2026,Waratahs,sr:competitor:4186,WAR,Reds,sr:competitor:4180,RED,Allianz Stadium,Sydney,Australia,"-33.889167, 151.225278","Williams, Paul",New Zealand,315,2269585648,ball_recycled,2026-02-13T09:45:58+00:00,49,48:32,home,Waratahs,39,14,2,,,,,,,,,,,,,,
super_rugby_2026_waratahs_vs_reds_65866092.json,sr:sport_event:65866092,2026-02-13T08:35:00+00:00,Super Rugby,sr:competition:422,Super Rugby 2026,sr:season:137092,2026,league,regular season,1,Super Rugby Pacific 2026,Waratahs,sr:competitor:4186,WAR,Reds,sr:competitor:4180,RED,Allianz Stadium,Sydney,Australia,"-33.889167, 151.225278","Williams, Paul",New Zealand,316,2269585832,ball_kicked,2026-02-13T09:46:13+00:00,49,48:47,home,Waratahs,39,11,2,,,,,,,,,,,,,,
super_rugby_2026_waratahs_vs_reds_65866092.json,sr:sport_event:65866092,2026-02-13T08:35:00+00:00,Super Rugby,sr:competition:422,Super Rugby 2026,sr:season:137092,2026,league,regular season,1,Super Rugby Pacific 2026,Waratahs,sr:competitor:4186,WAR,Reds,sr:competitor:4180,RED,Allianz Stadium,Sydney,Australia,"-33.889167, 151.225278","Williams, Paul",New Zealand,317,2269585844,ball_recycled,2026-02-13T09:46:15+00:00,49,48:49,away,Reds,47,5,2,,,,,,,,,,,,,,
super_rugby_2026_waratahs_vs_reds_65866092.json,sr:sport_event:65866092,2026-02-13T08:35:00+00:00,Super Rugby,sr:competition:422,Super Rugby 2026,sr:season:137092,2026,league,regular season,1,Super Rugby Pacific 2026,Waratahs,sr:competitor:4186,WAR,Reds,sr:competitor:4180,RED,Allianz Stadium,Sydney,Australia,"-33.889167, 151.225278","Williams, Paul",New Zealand,318,2269585902,ball_recycled,2026-02-13T09:46:21+00:00,49,48:54,away,Reds,48,10,2,,,,,,,,,,,,,,
super_rugby_2026_waratahs_vs_reds_65866092.json,sr:sport_event:65866092,2026-02-13T08:35:00+00:00,Super Rugby,sr:competition:422,Super Rugby 2026,sr:season:137092,2026,league,regular season,1,Super Rugby Pacific 2026,Waratahs,sr:competitor:4186,WAR,Reds,sr:competitor:4180,RED,Allianz Stadium,Sydney,Australia,"-33.889167, 151.225278","Williams, Paul",New Zealand,319,2269585930,ball_kicked,2026-02-13T09:46:26+00:00,49,49:00,away,Reds,55,26,2,,,,,,,,,,,,,,
super_rugby_2026_waratahs_vs_reds_65866092.json,sr:sport_event:65866092,2026-02-13T08:35:00+00:00,Super Rugby,sr:competition:422,Super Rugby 2026,sr:season:137092,2026,league,regular season,1,Super Rugby Pacific 2026,Waratahs,sr:competitor:4186,WAR,Reds,sr:competitor:4180,RED,Allianz Stadium,Sydney,Australia,"-33.889167, 151.225278","Williams, Paul",New Zealand,320,2269585986,ball_kicked,2026-02-13T09:46:30+00:00,50,49:03,away,Reds,38,58,2,,,,,,,,,,,,,,
super_rugby_2026_waratahs_vs_reds_65866092.json,sr:sport_event:65866092,2026-02-13T08:35:00+00:00,Super Rugby,sr:competition:422,Super Rugby 2026,sr:season:137092,2026,league,regular season,1,Super Rugby Pacific 2026,Waratahs,sr:competitor:4186,WAR,Reds,sr:competitor:4180,RED,Allianz Stadium,Sydney,Australia,"-33.889167, 151.225278","Williams, Paul",New Zealand,321,2269586016,ball_recycled,2026-02-13T09:46:34+00:00,50,49:07,home,Waratahs,29,55,2,,,,,,,,,,,,,,
super_rugby_2026_waratahs_vs_reds_65866092.json,sr:sport_event:65866092,2026-02-13T08:35:00+00:00,Super Rugby,sr:competition:422,Super Rugby 2026,sr:season:137092,2026,league,regular season,1,Super Rugby Pacific 2026,Waratahs,sr:competitor:4186,WAR,Reds,sr:competitor:4180,RED,Allianz Stadium,Sydney,Australia,"-33.889167, 151.225278","Williams, Paul",New Zealand,322,2269586050,ball_kicked,2026-02-13T09:46:39+00:00,50,49:12,home,Waratahs,40,62,2,,,,,,,,,,,,,,
super_rugby_2026_waratahs_vs_reds_65866092.json,sr:sport_event:65866092,2026-02-13T08:35:00+00:00,Super Rugby,sr:competition:422,Super Rugby 2026,sr:season:137092,2026,league,regular season,1,Super Rugby Pacific 2026,Waratahs,sr:competitor:4186,WAR,Reds,sr:competitor:4180,RED,Allianz Stadium,Sydney,Australia,"-33.889167, 151.225278","Williams, Paul",New Zealand,323,2269586100,ball_kicked,2026-02-13T09:46:42+00:00,50,49:15,away,Reds,92,49,2,,,,,,,,,,,,,,
super_rugby_2026_waratahs_vs_reds_65866092.json,sr:sport_event:65866092,2026-02-13T08:35:00+00:00,Super Rugby,sr:competition:422,Super Rugby 2026,sr:season:137092,2026,league,regular season,1,Super Rugby Pacific 2026,Waratahs,sr:competitor:4186,WAR,Reds,sr:competitor:4180,RED,Allianz Stadium,Sydney,Australia,"-33.889167, 151.225278","Williams, Paul",New Zealand,324,2269586110,line_out,2026-02-13T09:46:44+00:00,50,49:17,home,Waratahs,75,71,2,,,,,,,,,,,,,,
super_rugby_2026_waratahs_vs_reds_65866092.json,sr:sport_event:65866092,2026-02-13T08:35:00+00:00,Super Rugby,sr:competition:422,Super Rugby 2026,sr:season:137092,2026,league,regular season,1,Super Rugby Pacific 2026,Waratahs,sr:competitor:4186,WAR,Reds,sr:competitor:4180,RED,Allianz Stadium,Sydney,Australia,"-33.889167, 151.225278","Williams, Paul",New Zealand,325,2269586262,substitution,2026-02-13T09:47:01+00:00,50,49:35,home,Waratahs,,,2,,,,,,,,,,sr:player:2743273,"Dobbins, Ethan",sr:player:848397,"Faingaa, Folau","[{""id"": ""sr:player:2743273"", ""name"": ""Dobbins, Ethan"", ""type"": ""substituted_out""}, {""id"": ""sr:player:848397"", ""name"": ""Faingaa, Folau"", ""type"": ""substituted_in""}]"
super_rugby_2026_waratahs_vs_reds_65866092.json,sr:sport_event:65866092,2026-02-13T08:35:00+00:00,Super Rugby,sr:competition:422,Super Rugby 2026,sr:season:137092,2026,league,regular season,1,Super Rugby Pacific 2026,Waratahs,sr:competitor:4186,WAR,Reds,sr:competitor:4180,RED,Allianz Stadium,Sydney,Australia,"-33.889167, 151.225278","Williams, Paul",New Zealand,326,2269586514,substitution,2026-02-13T09:47:28+00:00,50,49:54,home,Waratahs,,,2,,,,,,,,,,sr:player:765494,"Gordon, Jake",sr:player:2320049,"Wilson, Teddy","[{""id"": ""sr:player:765494"", ""name"": ""Gordon, Jake"", ""type"": ""substituted_out""}, {""id"": ""sr:player:2320049"", ""name"": ""Wilson, Teddy"", ""type"": ""substituted_in""}]"
super_rugby_2026_waratahs_vs_reds_65866092.json,sr:sport_event:65866092,2026-02-13T08:35:00+00:00,Super Rugby,sr:competition:422,Super Rugby 2026,sr:season:137092,2026,league,regular season,1,Super Rugby Pacific 2026,Waratahs,sr:competitor:4186,WAR,Reds,sr:competitor:4180,RED,Allianz Stadium,Sydney,Australia,"-33.889167, 151.225278","Williams, Paul",New Zealand,327,2269586572,line_out_won,2026-02-13T09:47:36+00:00,50,49:59,home,Waratahs,72,55,2,,,,,,,,,,,,,,
super_rugby_2026_waratahs_vs_reds_65866092.json,sr:sport_event:65866092,2026-02-13T08:35:00+00:00,Super Rugby,sr:competition:422,Super Rugby 2026,sr:season:137092,2026,league,regular season,1,Super Rugby Pacific 2026,Waratahs,sr:competitor:4186,WAR,Reds,sr:competitor:4180,RED,Allianz Stadium,Sydney,Australia,"-33.889167, 151.225278","Williams, Paul",New Zealand,328,2269586700,ball_recycled,2026-02-13T09:47:44+00:00,51,50:07,home,Waratahs,89,22,2,,,,,,,,,,,,,,
super_rugby_2026_waratahs_vs_reds_65866092.json,sr:sport_event:65866092,2026-02-13T08:35:00+00:00,Super Rugby,sr:competition:422,Super Rugby 2026,sr:season:137092,2026,league,regular season,1,Super Rugby Pacific 2026,Waratahs,sr:competitor:4186,WAR,Reds,sr:competitor:4180,RED,Allianz Stadium,Sydney,Australia,"-33.889167, 151.225278","Williams, Paul",New Zealand,329,2269586782,ball_recycled,2026-02-13T09:47:50+00:00,51,50:13,home,Waratahs,89,16,2,,,,,,,,,,,,,,
super_rugby_2026_waratahs_vs_reds_65866092.json,sr:sport_event:65866092,2026-02-13T08:35:00+00:00,Super Rugby,sr:competition:422,Super Rugby 2026,sr:season:137092,2026,league,regular season,1,Super Rugby Pacific 2026,Waratahs,sr:competitor:4186,WAR,Reds,sr:competitor:4180,RED,Allianz Stadium,Sydney,Australia,"-33.889167, 151.225278","Williams, Paul",New Zealand,330,2269586900,substitution,2026-02-13T09:48:03+00:00,51,50:26,home,Waratahs,,,2,,,,,,,,,,sr:player:2272957,"Amatosero, Miles",sr:player:1257376,"Blyth, Angus","[{""id"": ""sr:player:2272957"", ""name"": ""Amatosero, Miles"", ""type"": ""substituted_out""}, {""id"": ""sr:player:1257376"", ""name"": ""Blyth, Angus"", ""type"": ""substituted_in""}]"
super_rugby_2026_waratahs_vs_reds_65866092.json,sr:sport_event:65866092,2026-02-13T08:35:00+00:00,Super Rugby,sr:competition:422,Super Rugby 2026,sr:season:137092,2026,league,regular season,1,Super Rugby Pacific 2026,Waratahs,sr:competitor:4186,WAR,Reds,sr:competitor:4180,RED,Allianz Stadium,Sydney,Australia,"-33.889167, 151.225278","Williams, Paul",New Zealand,331,2269586946,ball_recycled,2026-02-13T09:48:08+00:00,51,50:31,home,Waratahs,92,16,2,,,,,,,,,,,,,,
super_rugby_2026_waratahs_vs_reds_65866092.json,sr:sport_event:65866092,2026-02-13T08:35:00+00:00,Super Rugby,sr:competition:422,Super Rugby 2026,sr:season:137092,2026,league,regular season,1,Super Rugby Pacific 2026,Waratahs,sr:competitor:4186,WAR,Reds,sr:competitor:4180,RED,Allianz Stadium,Sydney,Australia,"-33.889167, 151.225278","Williams, Paul",New Zealand,332,2269587028,ball_recycled,2026-02-13T09:48:15+00:00,51,50:38,home,Waratahs,88,21,2,,,,,,,,,,,,,,
super_rugby_2026_waratahs_vs_reds_65866092.json,sr:sport_event:65866092,2026-02-13T08:35:00+00:00,Super Rugby,sr:competition:422,Super Rugby 2026,sr:season:137092,2026,league,regular season,1,Super Rugby Pacific 2026,Waratahs,sr:competitor:4186,WAR,Reds,sr:competitor:4180,RED,Allianz Stadium,Sydney,Australia,"-33.889167, 151.225278","Williams, Paul",New Zealand,333,2269587082,ball_recycled,2026-02-13T09:48:22+00:00,51,50:44,home,Waratahs,89,28,2,,,,,,,,,,,,,,
super_rugby_2026_waratahs_vs_reds_65866092.json,sr:sport_event:65866092,2026-02-13T08:35:00+00:00,Super Rugby,sr:competition:422,Super Rugby 2026,sr:season:137092,2026,league,regular season,1,Super Rugby Pacific 2026,Waratahs,sr:competitor:4186,WAR,Reds,sr:competitor:4180,RED,Allianz Stadium,Sydney,Australia,"-33.889167, 151.225278","Williams, Paul",New Zealand,334,2269587148,turnover,2026-02-13T09:48:33+00:00,51,50:56,away,Reds,88,24,2,,,,,,,,,,,,,,
super_rugby_2026_waratahs_vs_reds_65866092.json,sr:sport_event:65866092,2026-02-13T08:35:00+00:00,Super Rugby,sr:competition:422,Super Rugby 2026,sr:season:137092,2026,league,regular season,1,Super Rugby Pacific 2026,Waratahs,sr:competitor:4186,WAR,Reds,sr:competitor:4180,RED,Allianz Stadium,Sydney,Australia,"-33.889167, 151.225278","Williams, Paul",New Zealand,335,2269587270,scrum,2026-02-13T09:48:37+00:00,51,51:00,away,Reds,88,23,2,,,,,,,,,,,,,,
super_rugby_2026_waratahs_vs_reds_65866092.json,sr:sport_event:65866092,2026-02-13T08:35:00+00:00,Super Rugby,sr:competition:422,Super Rugby 2026,sr:season:137092,2026,league,regular season,1,Super Rugby Pacific 2026,Waratahs,sr:competitor:4186,WAR,Reds,sr:competitor:4180,RED,Allianz Stadium,Sydney,Australia,"-33.889167, 151.225278","Williams, Paul",New Zealand,336,2269587628,substitution,2026-02-13T09:49:18+00:00,52,51:35,away,Reds,,,2,,,,,,,,,,sr:player:2311033,"Faessler, Matt",sr:player:1002819,"Asiata, Richie","[{""id"": ""sr:player:2311033"", ""name"": ""Faessler, Matt"", ""type"": ""substituted_out""}, {""id"": ""sr:player:1002819"", ""name"": ""Asiata, Richie"", ""type"": ""substituted_in""}]"
super_rugby_2026_waratahs_vs_reds_65866092.json,sr:sport_event:65866092,2026-02-13T08:35:00+00:00,Super Rugby,sr:competition:422,Super Rugby 2026,sr:season:137092,2026,league,regular season,1,Super Rugby Pacific 2026,Waratahs,sr:competitor:4186,WAR,Reds,sr:competitor:4180,RED,Allianz Stadium,Sydney,Australia,"-33.889167, 151.225278","Williams, Paul",New Zealand,337,2269587660,substitution,2026-02-13T09:49:22+00:00,52,51:35,away,Reds,,,2,,,,,,,,,,sr:player:846929,"Ross, Aidan",sr:player:2290569,"Blake, George","[{""id"": ""sr:player:846929"", ""name"": ""Ross, Aidan"", ""type"": ""substituted_out""}, {""id"": ""sr:player:2290569"", ""name"": ""Blake, George"", ""type"": ""substituted_in""}]"
super_rugby_2026_waratahs_vs_reds_65866092.json,sr:sport_event:65866092,2026-02-13T08:35:00+00:00,Super Rugby,sr:competition:422,Super Rugby 2026,sr:season:137092,2026,league,regular season,1,Super Rugby Pacific 2026,Waratahs,sr:competitor:4186,WAR,Reds,sr:competitor:4180,RED,Allianz Stadium,Sydney,Australia,"-33.889167, 151.225278","Williams, Paul",New Zealand,338,2269588382,scrum_won,2026-02-13T09:50:40+00:00,52,51:38,away,Reds,88,20,2,,,,,,,,,,,,,,
super_rugby_2026_waratahs_vs_reds_65866092.json,sr:sport_event:65866092,2026-02-13T08:35:00+00:00,Super Rugby,sr:competition:422,Super Rugby 2026,sr:season:137092,2026,league,regular season,1,Super Rugby Pacific 2026,Waratahs,sr:competitor:4186,WAR,Reds,sr:competitor:4180,RED,Allianz Stadium,Sydney,Australia,"-33.889167, 151.225278","Williams, Paul",New Zealand,339,2269588414,ball_recycled,2026-02-13T09:50:45+00:00,52,51:44,away,Reds,77,20,2,,,,,,,,,,,,,,
super_rugby_2026_waratahs_vs_reds_65866092.json,sr:sport_event:65866092,2026-02-13T08:35:00+00:00,Super Rugby,sr:competition:422,Super Rugby 2026,sr:season:137092,2026,league,regular season,1,Super Rugby Pacific 2026,Waratahs,sr:competitor:4186,WAR,Reds,sr:competitor:4180,RED,Allianz Stadium,Sydney,Australia,"-33.889167, 151.225278","Williams, Paul",New Zealand,340,2269587818,substitution,2026-02-13T09:49:40+00:00,52,51:47,home,Waratahs,,,2,,,,,,,,,,sr:player:2911959,"Halaholo, Clem",sr:player:2911975,"Talataina, Leafi","[{""id"": ""sr:player:2911959"", ""name"": ""Halaholo, Clem"", ""type"": ""substituted_out""}, {""id"": ""sr:player:2911975"", ""name"": ""Talataina, Leafi"", ""type"": ""substituted_in""}]"
super_rugby_2026_waratahs_vs_reds_65866092.json,sr:sport_event:65866092,2026-02-13T08:35:00+00:00,Super Rugby,sr:competition:422,Super Rugby 2026,sr:season:137092,2026,league,regular season,1,Super Rugby Pacific 2026,Waratahs,sr:competitor:4186,WAR,Reds,sr:competitor:4180,RED,Allianz Stadium,Sydney,Australia,"-33.889167, 151.225278","Williams, Paul",New Zealand,341,2269588514,penalty_awarded,2026-02-13T09:50:55+00:00,52,51:53,away,Reds,77,19,2,,,,,,,,,,,,,,
super_rugby_2026_waratahs_vs_reds_65866092.json,sr:sport_event:65866092,2026-02-13T08:35:00+00:00,Super Rugby,sr:competition:422,Super Rugby 2026,sr:season:137092,2026,league,regular season,1,Super Rugby Pacific 2026,Waratahs,sr:competitor:4186,WAR,Reds,sr:competitor:4180,RED,Allianz Stadium,Sydney,Australia,"-33.889167, 151.225278","Williams, Paul",New Zealand,342,2269588752,kick_to_touch,2026-02-13T09:51:20+00:00,53,52:19,away,Reds,77,19,2,,,,,,,,,,,,,,
super_rugby_2026_waratahs_vs_reds_65866092.json,sr:sport_event:65866092,2026-02-13T08:35:00+00:00,Super Rugby,sr:competition:422,Super Rugby 2026,sr:season:137092,2026,league,regular season,1,Super Rugby Pacific 2026,Waratahs,sr:competitor:4186,WAR,Reds,sr:competitor:4180,RED,Allianz Stadium,Sydney,Australia,"-33.889167, 151.225278","Williams, Paul",New Zealand,343,2269588936,line_out,2026-02-13T09:51:38+00:00,53,52:37,away,Reds,51,-2,2,,,,,,,,,,,,,,
super_rugby_2026_waratahs_vs_reds_65866092.json,sr:sport_event:65866092,2026-02-13T08:35:00+00:00,Super Rugby,sr:competition:422,Super Rugby 2026,sr:season:137092,2026,league,regular season,1,Super Rugby Pacific 2026,Waratahs,sr:competitor:4186,WAR,Reds,sr:competitor:4180,RED,Allianz Stadium,Sydney,Australia,"-33.889167, 151.225278","Williams, Paul",New Zealand,344,2269589060,substitution,2026-02-13T09:51:51+00:00,53,52:50,away,Reds,,,2,,,,,,,,,,sr:player:2049945,"Flook, Josh",sr:player:3141986,"Rubens, Xavier","[{""id"": ""sr:player:2049945"", ""name"": ""Flook, Josh"", ""type"": ""substituted_out""}, {""id"": ""sr:player:3141986"", ""name"": ""Rubens, Xavier"", ""type"": ""substituted_in""}]"
super_rugby_2026_waratahs_vs_reds_65866092.json,sr:sport_event:65866092,2026-02-13T08:35:00+00:00,Super Rugby,sr:competition:422,Super Rugby 2026,sr:season:137092,2026,league,regular season,1,Super Rugby Pacific 2026,Waratahs,sr:competitor:4186,WAR,Reds,sr:competitor:4180,RED,Allianz Stadium,Sydney,Australia,"-33.889167, 151.225278","Williams, Paul",New Zealand,345,2269589152,line_out_won,2026-02-13T09:52:00+00:00,53,52:59,away,Reds,51,10,2,,,,,,,,,,,,,,
super_rugby_2026_waratahs_vs_reds_65866092.json,sr:sport_event:65866092,2026-02-13T08:35:00+00:00,Super Rugby,sr:competition:422,Super Rugby 2026,sr:season:137092,2026,league,regular season,1,Super Rugby Pacific 2026,Waratahs,sr:competitor:4186,WAR,Reds,sr:competitor:4180,RED,Allianz Stadium,Sydney,Australia,"-33.889167, 151.225278","Williams, Paul",New Zealand,346,2269589174,ball_recycled,2026-02-13T09:52:05+00:00,54,53:03,away,Reds,50,25,2,,,,,,,,,,,,,,
super_rugby_2026_waratahs_vs_reds_65866092.json,sr:sport_event:65866092,2026-02-13T08:35:00+00:00,Super Rugby,sr:competition:422,Super Rugby 2026,sr:season:137092,2026,league,regular season,1,Super Rugby Pacific 2026,Waratahs,sr:competitor:4186,WAR,Reds,sr:competitor:4180,RED,Allianz Stadium,Sydney,Australia,"-33.889167, 151.225278","Williams, Paul",New Zealand,347,2269589202,ball_recycled,2026-02-13T09:52:07+00:00,54,53:06,away,Reds,46,25,2,,,,,,,,,,,,,,
super_rugby_2026_waratahs_vs_reds_65866092.json,sr:sport_event:65866092,2026-02-13T08:35:00+00:00,Super Rugby,sr:competition:422,Super Rugby 2026,sr:season:137092,2026,league,regular season,1,Super Rugby Pacific 2026,Waratahs,sr:competitor:4186,WAR,Reds,sr:competitor:4180,RED,Allianz Stadium,Sydney,Australia,"-33.889167, 151.225278","Williams, Paul",New Zealand,348,2269589246,ball_recycled,2026-02-13T09:52:13+00:00,54,53:11,away,Reds,42,37,2,,,,,,,,,,,,,,
super_rugby_2026_waratahs_vs_reds_65866092.json,sr:sport_event:65866092,2026-02-13T08:35:00+00:00,Super Rugby,sr:competition:422,Super Rugby 2026,sr:season:137092,2026,league,regular season,1,Super Rugby Pacific 2026,Waratahs,sr:competitor:4186,WAR,Reds,sr:competitor:4180,RED,Allianz Stadium,Sydney,Australia,"-33.889167, 151.225278","Williams, Paul",New Zealand,349,2269589294,ball_recycled,2026-02-13T09:52:19+00:00,54,53:18,away,Reds,38,31,2,,,,,,,,,,,,,,
super_rugby_2026_waratahs_vs_reds_65866092.json,sr:sport_event:65866092,2026-02-13T08:35:00+00:00,Super Rugby,sr:competition:422,Super Rugby 2026,sr:season:137092,2026,league,regular season,1,Super Rugby Pacific 2026,Waratahs,sr:competitor:4186,WAR,Reds,sr:competitor:4180,RED,Allianz Stadium,Sydney,Australia,"-33.889167, 151.225278","Williams, Paul",New Zealand,350,2269589442,ball_recycled,2026-02-13T09:52:36+00:00,54,53:35,away,Reds,38,47,2,,,,,,,,,,,,,,
super_rugby_2026_waratahs_vs_reds_65866092.json,sr:sport_event:65866092,2026-02-13T08:35:00+00:00,Super Rugby,sr:competition:422,Super Rugby 2026,sr:season:137092,2026,league,regular season,1,Super Rugby Pacific 2026,Waratahs,sr:competitor:4186,WAR,Reds,sr:competitor:4180,RED,Allianz Stadium,Sydney,Australia,"-33.889167, 151.225278","Williams, Paul",New Zealand,351,2269589518,ball_recycled,2026-02-13T09:52:43+00:00,54,53:42,away,Reds,38,42,2,,,,,,,,,,,,,,
super_rugby_2026_waratahs_vs_reds_65866092.json,sr:sport_event:65866092,2026-02-13T08:35:00+00:00,Super Rugby,sr:competition:422,Super Rugby 2026,sr:season:137092,2026,league,regular season,1,Super Rugby Pacific 2026,Waratahs,sr:competitor:4186,WAR,Reds,sr:competitor:4180,RED,Allianz Stadium,Sydney,Australia,"-33.889167, 151.225278","Williams, Paul",New Zealand,352,2269589638,ball_recycled,2026-02-13T09:53:00+00:00,54,53:58,away,Reds,37,51,2,,,,,,,,,,,,,,
super_rugby_2026_waratahs_vs_reds_65866092.json,sr:sport_event:65866092,2026-02-13T08:35:00+00:00,Super Rugby,sr:competition:422,Super Rugby 2026,sr:season:137092,2026,league,regular season,1,Super Rugby Pacific 2026,Waratahs,sr:competitor:4186,WAR,Reds,sr:competitor:4180,RED,Allianz Stadium,Sydney,Australia,"-33.889167, 151.225278","Williams, Paul",New Zealand,353,2269589670,ball_recycled,2026-02-13T09:53:06+00:00,55,54:05,away,Reds,39,43,2,,,,,,,,,,,,,,
super_rugby_2026_waratahs_vs_reds_65866092.json,sr:sport_event:65866092,2026-02-13T08:35:00+00:00,Super Rugby,sr:competition:422,Super Rugby 2026,sr:season:137092,2026,league,regular season,1,Super Rugby Pacific 2026,Waratahs,sr:competitor:4186,WAR,Reds,sr:competitor:4180,RED,Allianz Stadium,Sydney,Australia,"-33.889167, 151.225278","Williams, Paul",New Zealand,354,2269589712,ball_recycled,2026-02-13T09:53:11+00:00,55,54:10,away,Reds,46,28,2,,,,,,,,,,,,,,
super_rugby_2026_waratahs_vs_reds_65866092.json,sr:sport_event:65866092,2026-02-13T08:35:00+00:00,Super Rugby,sr:competition:422,Super Rugby 2026,sr:season:137092,2026,league,regular season,1,Super Rugby Pacific 2026,Waratahs,sr:competitor:4186,WAR,Reds,sr:competitor:4180,RED,Allianz Stadium,Sydney,Australia,"-33.889167, 151.225278","Williams, Paul",New Zealand,355,2269589744,ball_recycled,2026-02-13T09:53:15+00:00,55,54:14,away,Reds,38,13,2,,,,,,,,,,,,,,
super_rugby_2026_waratahs_vs_reds_65866092.json,sr:sport_event:65866092,2026-02-13T08:35:00+00:00,Super Rugby,sr:competition:422,Super Rugby 2026,sr:season:137092,2026,league,regular season,1,Super Rugby Pacific 2026,Waratahs,sr:competitor:4186,WAR,Reds,sr:competitor:4180,RED,Allianz Stadium,Sydney,Australia,"-33.889167, 151.225278","Williams, Paul",New Zealand,356,2269589884,ball_recycled,2026-02-13T09:53:23+00:00,55,54:21,away,Reds,22,18,2,,,,,,,,,,,,,,
super_rugby_2026_waratahs_vs_reds_65866092.json,sr:sport_event:65866092,2026-02-13T08:35:00+00:00,Super Rugby,sr:competition:422,Super Rugby 2026,sr:season:137092,2026,league,regular season,1,Super Rugby Pacific 2026,Waratahs,sr:competitor:4186,WAR,Reds,sr:competitor:4180,RED,Allianz Stadium,Sydney,Australia,"-33.889167, 151.225278","Williams, Paul",New Zealand,357,2269589956,ball_recycled,2026-02-13T09:53:30+00:00,55,54:29,away,Reds,33,30,2,,,,,,,,,,,,,,
super_rugby_2026_waratahs_vs_reds_65866092.json,sr:sport_event:65866092,2026-02-13T08:35:00+00:00,Super Rugby,sr:competition:422,Super Rugby 2026,sr:season:137092,2026,league,regular season,1,Super Rugby Pacific 2026,Waratahs,sr:competitor:4186,WAR,Reds,sr:competitor:4180,RED,Allianz Stadium,Sydney,Australia,"-33.889167, 151.225278","Williams, Paul",New Zealand,358,2269589980,turnover,2026-02-13T09:53:34+00:00,55,54:33,home,Waratahs,33,40,2,,,,,,,,,,,,,,
super_rugby_2026_waratahs_vs_reds_65866092.json,sr:sport_event:65866092,2026-02-13T08:35:00+00:00,Super Rugby,sr:competition:422,Super Rugby 2026,sr:season:137092,2026,league,regular season,1,Super Rugby Pacific 2026,Waratahs,sr:competitor:4186,WAR,Reds,sr:competitor:4180,RED,Allianz Stadium,Sydney,Australia,"-33.889167, 151.225278","Williams, Paul",New Zealand,359,2269590066,ball_kicked,2026-02-13T09:53:43+00:00,55,54:42,home,Waratahs,33,38,2,,,,,,,,,,,,,,
super_rugby_2026_waratahs_vs_reds_65866092.json,sr:sport_event:65866092,2026-02-13T08:35:00+00:00,Super Rugby,sr:competition:422,Super Rugby 2026,sr:season:137092,2026,league,regular season,1,Super Rugby Pacific 2026,Waratahs,sr:competitor:4186,WAR,Reds,sr:competitor:4180,RED,Allianz Stadium,Sydney,Australia,"-33.889167, 151.225278","Williams, Paul",New Zealand,360,2269590108,turnover,2026-02-13T09:53:48+00:00,55,54:47,home,Waratahs,91,46,2,,,,,,,,,,,,,,
super_rugby_2026_waratahs_vs_reds_65866092.json,sr:sport_event:65866092,2026-02-13T08:35:00+00:00,Super Rugby,sr:competition:422,Super Rugby 2026,sr:season:137092,2026,league,regular season,1,Super Rugby Pacific 2026,Waratahs,sr:competitor:4186,WAR,Reds,sr:competitor:4180,RED,Allianz Stadium,Sydney,Australia,"-33.889167, 151.225278","Williams, Paul",New Zealand,361,2269590446,tap_and_go,2026-02-13T09:54:31+00:00,56,55:30,home,Waratahs,87,42,2,,,,,,,,,,,,,,
super_rugby_2026_waratahs_vs_reds_65866092.json,sr:sport_event:65866092,2026-02-13T08:35:00+00:00,Super Rugby,sr:competition:422,Super Rugby 2026,sr:season:137092,2026,league,regular season,1,Super Rugby Pacific 2026,Waratahs,sr:competitor:4186,WAR,Reds,sr:competitor:4180,RED,Allianz Stadium,Sydney,Australia,"-33.889167, 151.225278","Williams, Paul",New Zealand,362,2269590462,ball_recycled,2026-02-13T09:54:34+00:00,56,55:33,home,Waratahs,88,37,2,,,,,,,,,,,,,,
super_rugby_2026_waratahs_vs_reds_65866092.json,sr:sport_event:65866092,2026-02-13T08:35:00+00:00,Super Rugby,sr:competition:422,Super Rugby 2026,sr:season:137092,2026,league,regular season,1,Super Rugby Pacific 2026,Waratahs,sr:competitor:4186,WAR,Reds,sr:competitor:4180,RED,Allianz Stadium,Sydney,Australia,"-33.889167, 151.225278","Williams, Paul",New Zealand,363,2269590546,ball_recycled,2026-02-13T09:54:43+00:00,56,55:42,home,Waratahs,91,32,2,,,,,,,,,,,,,,
super_rugby_2026_waratahs_vs_reds_65866092.json,sr:sport_event:65866092,2026-02-13T08:35:00+00:00,Super Rugby,sr:competition:422,Super Rugby 2026,sr:season:137092,2026,league,regular season,1,Super Rugby Pacific 2026,Waratahs,sr:competitor:4186,WAR,Reds,sr:competitor:4180,RED,Allianz Stadium,Sydney,Australia,"-33.889167, 151.225278","Williams, Paul",New Zealand,364,2269590606,ball_recycled,2026-02-13T09:54:49+00:00,56,55:48,home,Waratahs,85,16,2,,,,,,,,,,,,,,
super_rugby_2026_waratahs_vs_reds_65866092.json,sr:sport_event:65866092,2026-02-13T08:35:00+00:00,Super Rugby,sr:competition:422,Super Rugby 2026,sr:season:137092,2026,league,regular season,1,Super Rugby Pacific 2026,Waratahs,sr:competitor:4186,WAR,Reds,sr:competitor:4180,RED,Allianz Stadium,Sydney,Australia,"-33.889167, 151.225278","Williams, Paul",New Zealand,365,2269590632,ball_recycled,2026-02-13T09:54:52+00:00,56,55:51,home,Waratahs,79,8,2,,,,,,,,,,,,,,
super_rugby_2026_waratahs_vs_reds_65866092.json,sr:sport_event:65866092,2026-02-13T08:35:00+00:00,Super Rugby,sr:competition:422,Super Rugby 2026,sr:season:137092,2026,league,regular season,1,Super Rugby Pacific 2026,Waratahs,sr:competitor:4186,WAR,Reds,sr:competitor:4180,RED,Allianz Stadium,Sydney,Australia,"-33.889167, 151.225278","Williams, Paul",New Zealand,366,2269590706,ball_recycled,2026-02-13T09:55:00+00:00,56,55:59,home,Waratahs,76,14,2,,,,,,,,,,,,,,
super_rugby_2026_waratahs_vs_reds_65866092.json,sr:sport_event:65866092,2026-02-13T08:35:00+00:00,Super Rugby,sr:competition:422,Super Rugby 2026,sr:season:137092,2026,league,regular season,1,Super Rugby Pacific 2026,Waratahs,sr:competitor:4186,WAR,Reds,sr:competitor:4180,RED,Allianz Stadium,Sydney,Australia,"-33.889167, 151.225278","Williams, Paul",New Zealand,367,2269590776,ball_recycled,2026-02-13T09:55:08+00:00,57,56:07,home,Waratahs,77,26,2,,,,,,,,,,,,,,
super_rugby_2026_waratahs_vs_reds_65866092.json,sr:sport_event:65866092,2026-02-13T08:35:00+00:00,Super Rugby,sr:competition:422,Super Rugby 2026,sr:season:137092,2026,league,regular season,1,Super Rugby Pacific 2026,Waratahs,sr:competitor:4186,WAR,Reds,sr:competitor:4180,RED,Allianz Stadium,Sydney,Australia,"-33.889167, 151.225278","Williams, Paul",New Zealand,368,2269590828,penalty_awarded,2026-02-13T09:55:14+00:00,57,56:12,home,Waratahs,75,20,2,,,,,,,,,,,,,,
super_rugby_2026_waratahs_vs_reds_65866092.json,sr:sport_event:65866092,2026-02-13T08:35:00+00:00,Super Rugby,sr:competition:422,Super Rugby 2026,sr:season:137092,2026,league,regular season,1,Super Rugby Pacific 2026,Waratahs,sr:competitor:4186,WAR,Reds,sr:competitor:4180,RED,Allianz Stadium,Sydney,Australia,"-33.889167, 151.225278","Williams, Paul",New Zealand,369,2269590958,kick_to_touch,2026-02-13T09:55:31+00:00,57,56:30,home,Waratahs,75,20,2,,,,,,,,,,,,,,
super_rugby_2026_waratahs_vs_reds_65866092.json,sr:sport_event:65866092,2026-02-13T08:35:00+00:00,Super Rugby,sr:competition:422,Super Rugby 2026,sr:season:137092,2026,league,regular season,1,Super Rugby Pacific 2026,Waratahs,sr:competitor:4186,WAR,Reds,sr:competitor:4180,RED,Allianz Stadium,Sydney,Australia,"-33.889167, 151.225278","Williams, Paul",New Zealand,370,2269591030,line_out,2026-02-13T09:55:40+00:00,57,56:39,home,Waratahs,91,-2,2,,,,,,,,,,,,,,
super_rugby_2026_waratahs_vs_reds_65866092.json,sr:sport_event:65866092,2026-02-13T08:35:00+00:00,Super Rugby,sr:competition:422,Super Rugby 2026,sr:season:137092,2026,league,regular season,1,Super Rugby Pacific 2026,Waratahs,sr:competitor:4186,WAR,Reds,sr:competitor:4180,RED,Allianz Stadium,Sydney,Australia,"-33.889167, 151.225278","Williams, Paul",New Zealand,371,2269591122,substitution,2026-02-13T09:55:52+00:00,57,56:41,home,Waratahs,,,2,,,,,,,,,,sr:player:2117340,"Lambert, Tom",sr:player:2311847,"Kailea, Isaac Aedo","[{""id"": ""sr:player:2117340"", ""name"": ""Lambert, Tom"", ""type"": ""substituted_out""}, {""id"": ""sr:player:2311847"", ""name"": ""Kailea, Isaac Aedo"", ""type"": ""substituted_in""}]"
super_rugby_2026_waratahs_vs_reds_65866092.json,sr:sport_event:65866092,2026-02-13T08:35:00+00:00,Super Rugby,sr:competition:422,Super Rugby 2026,sr:season:137092,2026,league,regular season,1,Super Rugby Pacific 2026,Waratahs,sr:competitor:4186,WAR,Reds,sr:competitor:4180,RED,Allianz Stadium,Sydney,Australia,"-33.889167, 151.225278","Williams, Paul",New Zealand,372,2269591240,line_out_won,2026-02-13T09:56:13+00:00,57,56:47,home,Waratahs,92,12,2,,,,,,,,,,,,,,
super_rugby_2026_waratahs_vs_reds_65866092.json,sr:sport_event:65866092,2026-02-13T08:35:00+00:00,Super Rugby,sr:competition:422,Super Rugby 2026,sr:season:137092,2026,league,regular season,1,Super Rugby Pacific 2026,Waratahs,sr:competitor:4186,WAR,Reds,sr:competitor:4180,RED,Allianz Stadium,Sydney,Australia,"-33.889167, 151.225278","Williams, Paul",New Zealand,373,2269591258,ball_recycled,2026-02-13T09:56:15+00:00,57,56:50,home,Waratahs,92,18,2,,,,,,,,,,,,,,
super_rugby_2026_waratahs_vs_reds_65866092.json,sr:sport_event:65866092,2026-02-13T08:35:00+00:00,Super Rugby,sr:competition:422,Super Rugby 2026,sr:season:137092,2026,league,regular season,1,Super Rugby Pacific 2026,Waratahs,sr:competitor:4186,WAR,Reds,sr:competitor:4180,RED,Allianz Stadium,Sydney,Australia,"-33.889167, 151.225278","Williams, Paul",New Zealand,374,2269591336,ball_recycled,2026-02-13T09:56:22+00:00,57,56:56,home,Waratahs,95,19,2,,,,,,,,,,,,,,
super_rugby_2026_waratahs_vs_reds_65866092.json,sr:sport_event:65866092,2026-02-13T08:35:00+00:00,Super Rugby,sr:competition:422,Super Rugby 2026,sr:season:137092,2026,league,regular season,1,Super Rugby Pacific 2026,Waratahs,sr:competitor:4186,WAR,Reds,sr:competitor:4180,RED,Allianz Stadium,Sydney,Australia,"-33.889167, 151.225278","Williams, Paul",New Zealand,375,2269591366,ball_recycled,2026-02-13T09:56:27+00:00,58,57:02,home,Waratahs,93,25,2,,,,,,,,,,,,,,
super_rugby_2026_waratahs_vs_reds_65866092.json,sr:sport_event:65866092,2026-02-13T08:35:00+00:00,Super Rugby,sr:competition:422,Super Rugby 2026,sr:season:137092,2026,league,regular season,1,Super Rugby Pacific 2026,Waratahs,sr:competitor:4186,WAR,Reds,sr:competitor:4180,RED,Allianz Stadium,Sydney,Australia,"-33.889167, 151.225278","Williams, Paul",New Zealand,376,2269591404,penalty_awarded,2026-02-13T09:56:34+00:00,58,57:09,away,Reds,92,24,2,,,,,,,,,,,,,,
super_rugby_2026_waratahs_vs_reds_65866092.json,sr:sport_event:65866092,2026-02-13T08:35:00+00:00,Super Rugby,sr:competition:422,Super Rugby 2026,sr:season:137092,2026,league,regular season,1,Super Rugby Pacific 2026,Waratahs,sr:competitor:4186,WAR,Reds,sr:competitor:4180,RED,Allianz Stadium,Sydney,Australia,"-33.889167, 151.225278","Williams, Paul",New Zealand,377,2269591630,kick_to_touch,2026-02-13T09:57:07+00:00,58,57:42,away,Reds,92,24,2,,,,,,,,,,,,,,
super_rugby_2026_waratahs_vs_reds_65866092.json,sr:sport_event:65866092,2026-02-13T08:35:00+00:00,Super Rugby,sr:competition:422,Super Rugby 2026,sr:season:137092,2026,league,regular season,1,Super Rugby Pacific 2026,Waratahs,sr:competitor:4186,WAR,Reds,sr:competitor:4180,RED,Allianz Stadium,Sydney,Australia,"-33.889167, 151.225278","Williams, Paul",New Zealand,378,2269591682,line_out,2026-02-13T09:57:13+00:00,58,57:48,away,Reds,60,-2,2,,,,,,,,,,,,,,
super_rugby_2026_waratahs_vs_reds_65866092.json,sr:sport_event:65866092,2026-02-13T08:35:00+00:00,Super Rugby,sr:competition:422,Super Rugby 2026,sr:season:137092,2026,league,regular season,1,Super Rugby Pacific 2026,Waratahs,sr:competitor:4186,WAR,Reds,sr:competitor:4180,RED,Allianz Stadium,Sydney,Australia,"-33.889167, 151.225278","Williams, Paul",New Zealand,379,2269591862,line_out_won,2026-02-13T09:57:35+00:00,59,58:09,away,Reds,60,-2,2,,,,,,,,,,,,,,
super_rugby_2026_waratahs_vs_reds_65866092.json,sr:sport_event:65866092,2026-02-13T08:35:00+00:00,Super Rugby,sr:competition:422,Super Rugby 2026,sr:season:137092,2026,league,regular season,1,Super Rugby Pacific 2026,Waratahs,sr:competitor:4186,WAR,Reds,sr:competitor:4180,RED,Allianz Stadium,Sydney,Australia,"-33.889167, 151.225278","Williams, Paul",New Zealand,380,2269591874,ball_recycled,2026-02-13T09:57:37+00:00,59,58:11,away,Reds,67,12,2,,,,,,,,,,,,,,
super_rugby_2026_waratahs_vs_reds_65866092.json,sr:sport_event:65866092,2026-02-13T08:35:00+00:00,Super Rugby,sr:competition:422,Super Rugby 2026,sr:season:137092,2026,league,regular season,1,Super Rugby Pacific 2026,Waratahs,sr:competitor:4186,WAR,Reds,sr:competitor:4180,RED,Allianz Stadium,Sydney,Australia,"-33.889167, 151.225278","Williams, Paul",New Zealand,381,2269591898,ball_recycled,2026-02-13T09:57:39+00:00,59,58:14,away,Reds,68,22,2,,,,,,,,,,,,,,
super_rugby_2026_waratahs_vs_reds_65866092.json,sr:sport_event:65866092,2026-02-13T08:35:00+00:00,Super Rugby,sr:competition:422,Super Rugby 2026,sr:season:137092,2026,league,regular season,1,Super Rugby Pacific 2026,Waratahs,sr:competitor:4186,WAR,Reds,sr:competitor:4180,RED,Allianz Stadium,Sydney,Australia,"-33.889167, 151.225278","Williams, Paul",New Zealand,382,2269591962,ball_kicked,2026-02-13T09:57:47+00:00,59,58:21,away,Reds,73,31,2,,,,,,,,,,,,,,
super_rugby_2026_waratahs_vs_reds_65866092.json,sr:sport_event:65866092,2026-02-13T08:35:00+00:00,Super Rugby,sr:competition:422,Super Rugby 2026,sr:season:137092,2026,league,regular season,1,Super Rugby Pacific 2026,Waratahs,sr:competitor:4186,WAR,Reds,sr:competitor:4180,RED,Allianz Stadium,Sydney,Australia,"-33.889167, 151.225278","Williams, Paul",New Zealand,383,2269592014,ball_recycled,2026-02-13T09:57:51+00:00,59,58:25,home,Waratahs,29,37,2,,,,,,,,,,,,,,
super_rugby_2026_waratahs_vs_reds_65866092.json,sr:sport_event:65866092,2026-02-13T08:35:00+00:00,Super Rugby,sr:competition:422,Super Rugby 2026,sr:season:137092,2026,league,regular season,1,Super Rugby Pacific 2026,Waratahs,sr:competitor:4186,WAR,Reds,sr:competitor:4180,RED,Allianz Stadium,Sydney,Australia,"-33.889167, 151.225278","Williams, Paul",New Zealand,384,2269592040,ball_kicked,2026-02-13T09:57:54+00:00,59,58:28,home,Waratahs,40,44,2,,,,,,,,,,,,,,
super_rugby_2026_waratahs_vs_reds_65866092.json,sr:sport_event:65866092,2026-02-13T08:35:00+00:00,Super Rugby,sr:competition:422,Super Rugby 2026,sr:season:137092,2026,league,regular season,1,Super Rugby Pacific 2026,Waratahs,sr:competitor:4186,WAR,Reds,sr:competitor:4180,RED,Allianz Stadium,Sydney,Australia,"-33.889167, 151.225278","Williams, Paul",New Zealand,385,2269592056,ball_kicked,2026-02-13T09:57:56+00:00,59,58:31,away,Reds,81,50,2,,,,,,,,,,,,,,
super_rugby_2026_waratahs_vs_reds_65866092.json,sr:sport_event:65866092,2026-02-13T08:35:00+00:00,Super Rugby,sr:competition:422,Super Rugby 2026,sr:season:137092,2026,league,regular season,1,Super Rugby Pacific 2026,Waratahs,sr:competitor:4186,WAR,Reds,sr:competitor:4180,RED,Allianz Stadium,Sydney,Australia,"-33.889167, 151.225278","Williams, Paul",New Zealand,386,2269592176,turnover,2026-02-13T09:58:00+00:00,59,58:34,away,Reds,71,48,2,,,,,,,,,,,,,,
super_rugby_2026_waratahs_vs_reds_65866092.json,sr:sport_event:65866092,2026-02-13T08:35:00+00:00,Super Rugby,sr:competition:422,Super Rugby 2026,sr:season:137092,2026,league,regular season,1,Super Rugby Pacific 2026,Waratahs,sr:competitor:4186,WAR,Reds,sr:competitor:4180,RED,Allianz Stadium,Sydney,Australia,"-33.889167, 151.225278","Williams, Paul",New Zealand,387,2269592198,ball_kicked,2026-02-13T09:58:02+00:00,59,58:36,away,Reds,68,47,2,,,,,,,,,,,,,,
super_rugby_2026_waratahs_vs_reds_65866092.json,sr:sport_event:65866092,2026-02-13T08:35:00+00:00,Super Rugby,sr:competition:422,Super Rugby 2026,sr:season:137092,2026,league,regular season,1,Super Rugby Pacific 2026,Waratahs,sr:competitor:4186,WAR,Reds,sr:competitor:4180,RED,Allianz Stadium,Sydney,Australia,"-33.889167, 151.225278","Williams, Paul",New Zealand,388,2269592218,ball_kicked,2026-02-13T09:58:04+00:00,59,58:39,home,Waratahs,35,52,2,,,,,,,,,,,,,,
super_rugby_2026_waratahs_vs_reds_65866092.json,sr:sport_event:65866092,2026-02-13T08:35:00+00:00,Super Rugby,sr:competition:422,Super Rugby 2026,sr:season:137092,2026,league,regular season,1,Super Rugby Pacific 2026,Waratahs,sr:competitor:4186,WAR,Reds,sr:competitor:4180,RED,Allianz Stadium,Sydney,Australia,"-33.889167, 151.225278","Williams, Paul",New Zealand,389,2269592272,ball_kicked,2026-02-13T09:58:09+00:00,59,58:44,away,Reds,92,52,2,,,,,,,,,,,,,,
super_rugby_2026_waratahs_vs_reds_65866092.json,sr:sport_event:65866092,2026-02-13T08:35:00+00:00,Super Rugby,sr:competition:422,Super Rugby 2026,sr:season:137092,2026,league,regular season,1,Super Rugby Pacific 2026,Waratahs,sr:competitor:4186,WAR,Reds,sr:competitor:4180,RED,Allianz Stadium,Sydney,Australia,"-33.889167, 151.225278","Williams, Paul",New Zealand,390,2269592326,line_out,2026-02-13T09:58:17+00:00,59,58:52,home,Waratahs,63,72,2,,,,,,,,,,,,,,
super_rugby_2026_waratahs_vs_reds_65866092.json,sr:sport_event:65866092,2026-02-13T08:35:00+00:00,Super Rugby,sr:competition:422,Super Rugby 2026,sr:season:137092,2026,league,regular season,1,Super Rugby Pacific 2026,Waratahs,sr:competitor:4186,WAR,Reds,sr:competitor:4180,RED,Allianz Stadium,Sydney,Australia,"-33.889167, 151.225278","Williams, Paul",New Zealand,391,2269592504,line_out_won,2026-02-13T09:58:39+00:00,60,59:14,home,Waratahs,63,72,2,,,,,,,,,,,,,,
super_rugby_2026_waratahs_vs_reds_65866092.json,sr:sport_event:65866092,2026-02-13T08:35:00+00:00,Super Rugby,sr:competition:422,Super Rugby 2026,sr:season:137092,2026,league,regular season,1,Super Rugby Pacific 2026,Waratahs,sr:competitor:4186,WAR,Reds,sr:competitor:4180,RED,Allianz Stadium,Sydney,Australia,"-33.889167, 151.225278","Williams, Paul",New Zealand,392,2269592530,ball_recycled,2026-02-13T09:58:43+00:00,60,59:18,home,Waratahs,70,51,2,,,,,,,,,,,,,,
super_rugby_2026_waratahs_vs_reds_65866092.json,sr:sport_event:65866092,2026-02-13T08:35:00+00:00,Super Rugby,sr:competition:422,Super Rugby 2026,sr:season:137092,2026,league,regular season,1,Super Rugby Pacific 2026,Waratahs,sr:competitor:4186,WAR,Reds,sr:competitor:4180,RED,Allianz Stadium,Sydney,Australia,"-33.889167, 151.225278","Williams, Paul",New Zealand,393,2269592572,ball_recycled,2026-02-13T09:58:50+00:00,60,59:25,home,Waratahs,71,41,2,,,,,,,,,,,,,,
super_rugby_2026_waratahs_vs_reds_65866092.json,sr:sport_event:65866092,2026-02-13T08:35:00+00:00,Super Rugby,sr:competition:422,Super Rugby 2026,sr:season:137092,2026,league,regular season,1,Super Rugby Pacific 2026,Waratahs,sr:competitor:4186,WAR,Reds,sr:competitor:4180,RED,Allianz Stadium,Sydney,Australia,"-33.889167, 151.225278","Williams, Paul",New Zealand,394,2269592640,ball_recycled,2026-02-13T09:58:57+00:00,60,59:32,home,Waratahs,71,29,2,,,,,,,,,,,,,,
super_rugby_2026_waratahs_vs_reds_65866092.json,sr:sport_event:65866092,2026-02-13T08:35:00+00:00,Super Rugby,sr:competition:422,Super Rugby 2026,sr:season:137092,2026,league,regular season,1,Super Rugby Pacific 2026,Waratahs,sr:competitor:4186,WAR,Reds,sr:competitor:4180,RED,Allianz Stadium,Sydney,Australia,"-33.889167, 151.225278","Williams, Paul",New Zealand,395,2269592718,penalty_awarded,2026-02-13T09:59:06+00:00,60,59:41,away,Reds,71,26,2,,,,,,,,,,,,,,
super_rugby_2026_waratahs_vs_reds_65866092.json,sr:sport_event:65866092,2026-02-13T08:35:00+00:00,Super Rugby,sr:competition:422,Super Rugby 2026,sr:season:137092,2026,league,regular season,1,Super Rugby Pacific 2026,Waratahs,sr:competitor:4186,WAR,Reds,sr:competitor:4180,RED,Allianz Stadium,Sydney,Australia,"-33.889167, 151.225278","Williams, Paul",New Zealand,396,2269592842,kick_to_touch,2026-02-13T09:59:23+00:00,60,59:58,away,Reds,71,26,2,,,,,,,,,,,,,,
super_rugby_2026_waratahs_vs_reds_65866092.json,sr:sport_event:65866092,2026-02-13T08:35:00+00:00,Super Rugby,sr:competition:422,Super Rugby 2026,sr:season:137092,2026,league,regular season,1,Super Rugby Pacific 2026,Waratahs,sr:competitor:4186,WAR,Reds,sr:competitor:4180,RED,Allianz Stadium,Sydney,Australia,"-33.889167, 151.225278","Williams, Paul",New Zealand,397,2269592882,line_out,2026-02-13T09:59:28+00:00,61,60:03,away,Reds,37,-2,2,,,,,,,,,,,,,,
super_rugby_2026_waratahs_vs_reds_65866092.json,sr:sport_event:65866092,2026-02-13T08:35:00+00:00,Super Rugby,sr:competition:422,Super Rugby 2026,sr:season:137092,2026,league,regular season,1,Super Rugby Pacific 2026,Waratahs,sr:competitor:4186,WAR,Reds,sr:competitor:4180,RED,Allianz Stadium,Sydney,Australia,"-33.889167, 151.225278","Williams, Paul",New Zealand,398,2269593090,line_out_won,2026-02-13T09:59:55+00:00,61,60:30,away,Reds,37,-2,2,,,,,,,,,,,,,,
super_rugby_2026_waratahs_vs_reds_65866092.json,sr:sport_event:65866092,2026-02-13T08:35:00+00:00,Super Rugby,sr:competition:422,Super Rugby 2026,sr:season:137092,2026,league,regular season,1,Super Rugby Pacific 2026,Waratahs,sr:competitor:4186,WAR,Reds,sr:competitor:4180,RED,Allianz Stadium,Sydney,Australia,"-33.889167, 151.225278","Williams, Paul",New Zealand,399,2269593126,ball_recycled,2026-02-13T09:59:59+00:00,61,60:34,away,Reds,34,19,2,,,,,,,,,,,,,,
super_rugby_2026_waratahs_vs_reds_65866092.json,sr:sport_event:65866092,2026-02-13T08:35:00+00:00,Super Rugby,sr:competition:422,Super Rugby 2026,sr:season:137092,2026,league,regular season,1,Super Rugby Pacific 2026,Waratahs,sr:competitor:4186,WAR,Reds,sr:competitor:4180,RED,Allianz Stadium,Sydney,Australia,"-33.889167, 151.225278","Williams, Paul",New Zealand,400,2269594916,substitution,2026-02-13T10:03:16+00:00,61,60:38,home,Waratahs,,,2,,,,,,,,,,sr:player:848397,"Faingaa, Folau",sr:player:2743273,"Dobbins, Ethan","[{""id"": ""sr:player:848397"", ""name"": ""Faingaa, Folau"", ""type"": ""substituted_out""}, {""id"": ""sr:player:2743273"", ""name"": ""Dobbins, Ethan"", ""type"": ""substituted_in""}]"
super_rugby_2026_waratahs_vs_reds_65866092.json,sr:sport_event:65866092,2026-02-13T08:35:00+00:00,Super Rugby,sr:competition:422,Super Rugby 2026,sr:season:137092,2026,league,regular season,1,Super Rugby Pacific 2026,Waratahs,sr:competitor:4186,WAR,Reds,sr:competitor:4180,RED,Allianz Stadium,Sydney,Australia,"-33.889167, 151.225278","Williams, Paul",New Zealand,401,2269594928,substitution,2026-02-13T10:03:17+00:00,61,60:38,away,Reds,,,2,,,,,,,,,,sr:player:848323,"Salakaia-Loto, Lukhan",sr:player:1989657,"Uru, Seru","[{""id"": ""sr:player:848323"", ""name"": ""Salakaia-Loto, Lukhan"", ""type"": ""substituted_out""}, {""id"": ""sr:player:1989657"", ""name"": ""Uru, Seru"", ""type"": ""substituted_in""}]"
super_rugby_2026_waratahs_vs_reds_65866092.json,sr:sport_event:65866092,2026-02-13T08:35:00+00:00,Super Rugby,sr:competition:422,Super Rugby 2026,sr:season:137092,2026,league,regular season,1,Super Rugby Pacific 2026,Waratahs,sr:competitor:4186,WAR,Reds,sr:competitor:4180,RED,Allianz Stadium,Sydney,Australia,"-33.889167, 151.225278","Williams, Paul",New Zealand,402,2269595412,scrum,2026-02-13T10:04:09+00:00,61,60:55,away,Reds,33,16,2,,,,,,,,,,,,,,
super_rugby_2026_waratahs_vs_reds_65866092.json,sr:sport_event:65866092,2026-02-13T08:35:00+00:00,Super Rugby,sr:competition:422,Super Rugby 2026,sr:season:137092,2026,league,regular season,1,Super Rugby Pacific 2026,Waratahs,sr:competitor:4186,WAR,Reds,sr:competitor:4180,RED,Allianz Stadium,Sydney,Australia,"-33.889167, 151.225278","Williams, Paul",New Zealand,403,2269595446,scrum_won,2026-02-13T10:04:11+00:00,61,60:57,home,Waratahs,33,16,2,,,,,,,,,,,,,,
super_rugby_2026_waratahs_vs_reds_65866092.json,sr:sport_event:65866092,2026-02-13T08:35:00+00:00,Super Rugby,sr:competition:422,Super Rugby 2026,sr:season:137092,2026,league,regular season,1,Super Rugby Pacific 2026,Waratahs,sr:competitor:4186,WAR,Reds,sr:competitor:4180,RED,Allianz Stadium,Sydney,Australia,"-33.889167, 151.225278","Williams, Paul",New Zealand,404,2269595572,ball_kicked,2026-02-13T10:04:26+00:00,62,61:13,home,Waratahs,33,16,2,,,,,,,,,,,,,,
super_rugby_2026_waratahs_vs_reds_65866092.json,sr:sport_event:65866092,2026-02-13T08:35:00+00:00,Super Rugby,sr:competition:422,Super Rugby 2026,sr:season:137092,2026,league,regular season,1,Super Rugby Pacific 2026,Waratahs,sr:competitor:4186,WAR,Reds,sr:competitor:4180,RED,Allianz Stadium,Sydney,Australia,"-33.889167, 151.225278","Williams, Paul",New Zealand,405,2269595642,ball_kicked,2026-02-13T10:04:36+00:00,62,61:23,home,Waratahs,79,24,2,,,,,,,,,,,,,,
super_rugby_2026_waratahs_vs_reds_65866092.json,sr:sport_event:65866092,2026-02-13T08:35:00+00:00,Super Rugby,sr:competition:422,Super Rugby 2026,sr:season:137092,2026,league,regular season,1,Super Rugby Pacific 2026,Waratahs,sr:competitor:4186,WAR,Reds,sr:competitor:4180,RED,Allianz Stadium,Sydney,Australia,"-33.889167, 151.225278","Williams, Paul",New Zealand,406,2269595648,ball_kicked,2026-02-13T10:04:39+00:00,62,61:26,away,Reds,37,12,2,,,,,,,,,,,,,,
super_rugby_2026_waratahs_vs_reds_65866092.json,sr:sport_event:65866092,2026-02-13T08:35:00+00:00,Super Rugby,sr:competition:422,Super Rugby 2026,sr:season:137092,2026,league,regular season,1,Super Rugby Pacific 2026,Waratahs,sr:competitor:4186,WAR,Reds,sr:competitor:4180,RED,Allianz Stadium,Sydney,Australia,"-33.889167, 151.225278","Williams, Paul",New Zealand,407,2269595670,ball_kicked,2026-02-13T10:04:42+00:00,62,61:29,home,Waratahs,54,20,2,,,,,,,,,,,,,,
super_rugby_2026_waratahs_vs_reds_65866092.json,sr:sport_event:65866092,2026-02-13T08:35:00+00:00,Super Rugby,sr:competition:422,Super Rugby 2026,sr:season:137092,2026,league,regular season,1,Super Rugby Pacific 2026,Waratahs,sr:competitor:4186,WAR,Reds,sr:competitor:4180,RED,Allianz Stadium,Sydney,Australia,"-33.889167, 151.225278","Williams, Paul",New Zealand,408,2269595690,ball_kicked,2026-02-13T10:04:46+00:00,62,61:32,away,Reds,88,30,2,,,,,,,,,,,,,,
super_rugby_2026_waratahs_vs_reds_65866092.json,sr:sport_event:65866092,2026-02-13T08:35:00+00:00,Super Rugby,sr:competition:422,Super Rugby 2026,sr:season:137092,2026,league,regular season,1,Super Rugby Pacific 2026,Waratahs,sr:competitor:4186,WAR,Reds,sr:competitor:4180,RED,Allianz Stadium,Sydney,Australia,"-33.889167, 151.225278","Williams, Paul",New Zealand,409,2269595716,ball_recycled,2026-02-13T10:04:50+00:00,62,61:36,home,Waratahs,22,44,2,,,,,,,,,,,,,,
super_rugby_2026_waratahs_vs_reds_65866092.json,sr:sport_event:65866092,2026-02-13T08:35:00+00:00,Super Rugby,sr:competition:422,Super Rugby 2026,sr:season:137092,2026,league,regular season,1,Super Rugby Pacific 2026,Waratahs,sr:competitor:4186,WAR,Reds,sr:competitor:4180,RED,Allianz Stadium,Sydney,Australia,"-33.889167, 151.225278","Williams, Paul",New Zealand,410,2269595740,ball_kicked,2026-02-13T10:04:53+00:00,62,61:39,home,Waratahs,34,51,2,,,,,,,,,,,,,,
super_rugby_2026_waratahs_vs_reds_65866092.json,sr:sport_event:65866092,2026-02-13T08:35:00+00:00,Super Rugby,sr:competition:422,Super Rugby 2026,sr:season:137092,2026,league,regular season,1,Super Rugby Pacific 2026,Waratahs,sr:competitor:4186,WAR,Reds,sr:competitor:4180,RED,Allianz Stadium,Sydney,Australia,"-33.889167, 151.225278","Williams, Paul",New Zealand,411,2269595756,ball_recycled,2026-02-13T10:04:55+00:00,62,61:42,away,Reds,80,44,2,,,,,,,,,,,,,,
super_rugby_2026_waratahs_vs_reds_65866092.json,sr:sport_event:65866092,2026-02-13T08:35:00+00:00,Super Rugby,sr:competition:422,Super Rugby 2026,sr:season:137092,2026,league,regular season,1,Super Rugby Pacific 2026,Waratahs,sr:competitor:4186,WAR,Reds,sr:competitor:4180,RED,Allianz Stadium,Sydney,Australia,"-33.889167, 151.225278","Williams, Paul",New Zealand,412,2269595782,turnover,2026-02-13T10:05:00+00:00,62,61:46,home,Waratahs,70,38,2,,,,,,,,,,,,,,
super_rugby_2026_waratahs_vs_reds_65866092.json,sr:sport_event:65866092,2026-02-13T08:35:00+00:00,Super Rugby,sr:competition:422,Super Rugby 2026,sr:season:137092,2026,league,regular season,1,Super Rugby Pacific 2026,Waratahs,sr:competitor:4186,WAR,Reds,sr:competitor:4180,RED,Allianz Stadium,Sydney,Australia,"-33.889167, 151.225278","Williams, Paul",New Zealand,413,2269595812,turnover,2026-02-13T10:05:05+00:00,62,61:51,away,Reds,47,35,2,,,,,,,,,,,,,,
super_rugby_2026_waratahs_vs_reds_65866092.json,sr:sport_event:65866092,2026-02-13T08:35:00+00:00,Super Rugby,sr:competition:422,Super Rugby 2026,sr:season:137092,2026,league,regular season,1,Super Rugby Pacific 2026,Waratahs,sr:competitor:4186,WAR,Reds,sr:competitor:4180,RED,Allianz Stadium,Sydney,Australia,"-33.889167, 151.225278","Williams, Paul",New Zealand,414,2269596006,substitution,2026-02-13T10:05:29+00:00,63,62:15,away,Reds,,,2,,,,,,,,,,sr:player:2056985,"Nonggorr, Zane",sr:player:503436,"Toomaga-Allen, Jeffery","[{""id"": ""sr:player:2056985"", ""name"": ""Nonggorr, Zane"", ""type"": ""substituted_out""}, {""id"": ""sr:player:503436"", ""name"": ""Toomaga-Allen, Jeffery"", ""type"": ""substituted_in""}]"
super_rugby_2026_waratahs_vs_reds_65866092.json,sr:sport_event:65866092,2026-02-13T08:35:00+00:00,Super Rugby,sr:competition:422,Super Rugby 2026,sr:season:137092,2026,league,regular season,1,Super Rugby Pacific 2026,Waratahs,sr:competitor:4186,WAR,Reds,sr:competitor:4180,RED,Allianz Stadium,Sydney,Australia,"-33.889167, 151.225278","Williams, Paul",New Zealand,415,2269596066,ball_recycled,2026-02-13T10:05:37+00:00,63,62:23,away,Reds,42,47,2,,,,,,,,,,,,,,
super_rugby_2026_waratahs_vs_reds_65866092.json,sr:sport_event:65866092,2026-02-13T08:35:00+00:00,Super Rugby,sr:competition:422,Super Rugby 2026,sr:season:137092,2026,league,regular season,1,Super Rugby Pacific 2026,Waratahs,sr:competitor:4186,WAR,Reds,sr:competitor:4180,RED,Allianz Stadium,Sydney,Australia,"-33.889167, 151.225278","Williams, Paul",New Zealand,416,2269596118,ball_recycled,2026-02-13T10:05:43+00:00,63,62:29,away,Reds,40,49,2,,,,,,,,,,,,,,
super_rugby_2026_waratahs_vs_reds_65866092.json,sr:sport_event:65866092,2026-02-13T08:35:00+00:00,Super Rugby,sr:competition:422,Super Rugby 2026,sr:season:137092,2026,league,regular season,1,Super Rugby Pacific 2026,Waratahs,sr:competitor:4186,WAR,Reds,sr:competitor:4180,RED,Allianz Stadium,Sydney,Australia,"-33.889167, 151.225278","Williams, Paul",New Zealand,417,2269596188,turnover,2026-02-13T10:05:49+00:00,63,62:35,home,Waratahs,40,51,2,,,,,,,,,,,,,,
super_rugby_2026_waratahs_vs_reds_65866092.json,sr:sport_event:65866092,2026-02-13T08:35:00+00:00,Super Rugby,sr:competition:422,Super Rugby 2026,sr:season:137092,2026,league,regular season,1,Super Rugby Pacific 2026,Waratahs,sr:competitor:4186,WAR,Reds,sr:competitor:4180,RED,Allianz Stadium,Sydney,Australia,"-33.889167, 151.225278","Williams, Paul",New Zealand,418,2269596266,penalty_awarded,2026-02-13T10:06:00+00:00,63,62:46,home,Waratahs,50,55,2,,,,,,,,,,,,,,
super_rugby_2026_waratahs_vs_reds_65866092.json,sr:sport_event:65866092,2026-02-13T08:35:00+00:00,Super Rugby,sr:competition:422,Super Rugby 2026,sr:season:137092,2026,league,regular season,1,Super Rugby Pacific 2026,Waratahs,sr:competitor:4186,WAR,Reds,sr:competitor:4180,RED,Allianz Stadium,Sydney,Australia,"-33.889167, 151.225278","Williams, Paul",New Zealand,419,2269596576,kick_to_touch,2026-02-13T10:06:34+00:00,64,63:19,home,Waratahs,50,55,2,,,,,,,,,,,,,,
super_rugby_2026_waratahs_vs_reds_65866092.json,sr:sport_event:65866092,2026-02-13T08:35:00+00:00,Super Rugby,sr:competition:422,Super Rugby 2026,sr:season:137092,2026,league,regular season,1,Super Rugby Pacific 2026,Waratahs,sr:competitor:4186,WAR,Reds,sr:competitor:4180,RED,Allianz Stadium,Sydney,Australia,"-33.889167, 151.225278","Williams, Paul",New Zealand,420,2269596614,line_out,2026-02-13T10:06:39+00:00,64,63:25,home,Waratahs,79,70,2,,,,,,,,,,,,,,
super_rugby_2026_waratahs_vs_reds_65866092.json,sr:sport_event:65866092,2026-02-13T08:35:00+00:00,Super Rugby,sr:competition:422,Super Rugby 2026,sr:season:137092,2026,league,regular season,1,Super Rugby Pacific 2026,Waratahs,sr:competitor:4186,WAR,Reds,sr:competitor:4180,RED,Allianz Stadium,Sydney,Australia,"-33.889167, 151.225278","Williams, Paul",New Zealand,421,2269596782,substitution,2026-02-13T10:07:04+00:00,64,63:50,home,Waratahs,,,2,,,,,,,,,,sr:player:2290563,"Creighton, Lawson",sr:player:762214,"Debreczeni, Jack","[{""id"": ""sr:player:2290563"", ""name"": ""Creighton, Lawson"", ""type"": ""substituted_out""}, {""id"": ""sr:player:762214"", ""name"": ""Debreczeni, Jack"", ""type"": ""substituted_in""}]"
super_rugby_2026_waratahs_vs_reds_65866092.json,sr:sport_event:65866092,2026-02-13T08:35:00+00:00,Super Rugby,sr:competition:422,Super Rugby 2026,sr:season:137092,2026,league,regular season,1,Super Rugby Pacific 2026,Waratahs,sr:competitor:4186,WAR,Reds,sr:competitor:4180,RED,Allianz Stadium,Sydney,Australia,"-33.889167, 151.225278","Williams, Paul",New Zealand,422,2269596812,line_out_won,2026-02-13T10:07:09+00:00,64,63:55,home,Waratahs,77,51,2,,,,,,,,,,,,,,
super_rugby_2026_waratahs_vs_reds_65866092.json,sr:sport_event:65866092,2026-02-13T08:35:00+00:00,Super Rugby,sr:competition:422,Super Rugby 2026,sr:season:137092,2026,league,regular season,1,Super Rugby Pacific 2026,Waratahs,sr:competitor:4186,WAR,Reds,sr:competitor:4180,RED,Allianz Stadium,Sydney,Australia,"-33.889167, 151.225278","Williams, Paul",New Zealand,423,2269596860,ball_recycled,2026-02-13T10:07:13+00:00,64,63:59,home,Waratahs,87,44,2,,,,,,,,,,,,,,
super_rugby_2026_waratahs_vs_reds_65866092.json,sr:sport_event:65866092,2026-02-13T08:35:00+00:00,Super Rugby,sr:competition:422,Super Rugby 2026,sr:season:137092,2026,league,regular season,1,Super Rugby Pacific 2026,Waratahs,sr:competitor:4186,WAR,Reds,sr:competitor:4180,RED,Allianz Stadium,Sydney,Australia,"-33.889167, 151.225278","Williams, Paul",New Zealand,424,2269596886,ball_recycled,2026-02-13T10:07:17+00:00,65,64:03,home,Waratahs,88,36,2,,,,,,,,,,,,,,
super_rugby_2026_waratahs_vs_reds_65866092.json,sr:sport_event:65866092,2026-02-13T08:35:00+00:00,Super Rugby,sr:competition:422,Super Rugby 2026,sr:season:137092,2026,league,regular season,1,Super Rugby Pacific 2026,Waratahs,sr:competitor:4186,WAR,Reds,sr:competitor:4180,RED,Allianz Stadium,Sydney,Australia,"-33.889167, 151.225278","Williams, Paul",New Zealand,425,2269596942,ball_recycled,2026-02-13T10:07:23+00:00,65,64:09,home,Waratahs,89,48,2,,,,,,,,,,,,,,
super_rugby_2026_waratahs_vs_reds_65866092.json,sr:sport_event:65866092,2026-02-13T08:35:00+00:00,Super Rugby,sr:competition:422,Super Rugby 2026,sr:season:137092,2026,league,regular season,1,Super Rugby Pacific 2026,Waratahs,sr:competitor:4186,WAR,Reds,sr:competitor:4180,RED,Allianz Stadium,Sydney,Australia,"-33.889167, 151.225278","Williams, Paul",New Zealand,426,2269597178,substitution,2026-02-13T10:07:47+00:00,65,64:33,away,Reds,,,2,,,,,,,,,,sr:player:3141964,"Latu, Vaiuta",sr:player:2746661,"Bryant, John","[{""id"": ""sr:player:3141964"", ""name"": ""Latu, Vaiuta"", ""type"": ""substituted_out""}, {""id"": ""sr:player:2746661"", ""name"": ""Bryant, John"", ""type"": ""substituted_in""}]"
super_rugby_2026_waratahs_vs_reds_65866092.json,sr:sport_event:65866092,2026-02-13T08:35:00+00:00,Super Rugby,sr:competition:422,Super Rugby 2026,sr:season:137092,2026,league,regular season,1,Super Rugby Pacific 2026,Waratahs,sr:competitor:4186,WAR,Reds,sr:competitor:4180,RED,Allianz Stadium,Sydney,Australia,"-33.889167, 151.225278","Williams, Paul",New Zealand,427,2269597254,penalty_awarded,2026-02-13T10:07:56+00:00,65,64:42,home,Waratahs,89,46,2,,,,,,,,,,,,,,
super_rugby_2026_waratahs_vs_reds_65866092.json,sr:sport_event:65866092,2026-02-13T08:35:00+00:00,Super Rugby,sr:competition:422,Super Rugby 2026,sr:season:137092,2026,league,regular season,1,Super Rugby Pacific 2026,Waratahs,sr:competitor:4186,WAR,Reds,sr:competitor:4180,RED,Allianz Stadium,Sydney,Australia,"-33.889167, 151.225278","Williams, Paul",New Zealand,428,2269597480,kick_to_touch,2026-02-13T10:08:19+00:00,66,65:05,home,Waratahs,89,46,2,,,,,,,,,,,,,,
super_rugby_2026_waratahs_vs_reds_65866092.json,sr:sport_event:65866092,2026-02-13T08:35:00+00:00,Super Rugby,sr:competition:422,Super Rugby 2026,sr:season:137092,2026,league,regular season,1,Super Rugby Pacific 2026,Waratahs,sr:competitor:4186,WAR,Reds,sr:competitor:4180,RED,Allianz Stadium,Sydney,Australia,"-33.889167, 151.225278","Williams, Paul",New Zealand,429,2269597520,line_out,2026-02-13T10:08:22+00:00,66,65:08,home,Waratahs,96,72,2,,,,,,,,,,,,,,
super_rugby_2026_waratahs_vs_reds_65866092.json,sr:sport_event:65866092,2026-02-13T08:35:00+00:00,Super Rugby,sr:competition:422,Super Rugby 2026,sr:season:137092,2026,league,regular season,1,Super Rugby Pacific 2026,Waratahs,sr:competitor:4186,WAR,Reds,sr:competitor:4180,RED,Allianz Stadium,Sydney,Australia,"-33.889167, 151.225278","Williams, Paul",New Zealand,430,2269597758,line_out_won,2026-02-13T10:08:46+00:00,66,65:32,home,Waratahs,96,72,2,,,,,,,,,,,,,,
super_rugby_2026_waratahs_vs_reds_65866092.json,sr:sport_event:65866092,2026-02-13T08:35:00+00:00,Super Rugby,sr:competition:422,Super Rugby 2026,sr:season:137092,2026,league,regular season,1,Super Rugby Pacific 2026,Waratahs,sr:competitor:4186,WAR,Reds,sr:competitor:4180,RED,Allianz Stadium,Sydney,Australia,"-33.889167, 151.225278","Williams, Paul",New Zealand,431,2269597806,ball_recycled,2026-02-13T10:08:51+00:00,66,65:37,home,Waratahs,96,72,2,,,,,,,,,,,,,,
super_rugby_2026_waratahs_vs_reds_65866092.json,sr:sport_event:65866092,2026-02-13T08:35:00+00:00,Super Rugby,sr:competition:422,Super Rugby 2026,sr:season:137092,2026,league,regular season,1,Super Rugby Pacific 2026,Waratahs,sr:competitor:4186,WAR,Reds,sr:competitor:4180,RED,Allianz Stadium,Sydney,Australia,"-33.889167, 151.225278","Williams, Paul",New Zealand,432,2269597858,ball_recycled,2026-02-13T10:08:58+00:00,66,65:43,home,Waratahs,101,47,2,,,,,,,,,,,,,,
super_rugby_2026_waratahs_vs_reds_65866092.json,sr:sport_event:65866092,2026-02-13T08:35:00+00:00,Super Rugby,sr:competition:422,Super Rugby 2026,sr:season:137092,2026,league,regular season,1,Super Rugby Pacific 2026,Waratahs,sr:competitor:4186,WAR,Reds,sr:competitor:4180,RED,Allianz Stadium,Sydney,Australia,"-33.889167, 151.225278","Williams, Paul",New Zealand,433,2269598282,score_change,2026-02-13T10:09:44+00:00,67,66:29,home,Waratahs,101,47,2,,,22,12,try,,,sr:player:2311847,"Kailea, Isaac Aedo",,,,,"[{""id"": ""sr:player:2311847"", ""name"": ""Kailea, Isaac Aedo"", ""type"": ""scorer""}]"
super_rugby_2026_waratahs_vs_reds_65866092.json,sr:sport_event:65866092,2026-02-13T08:35:00+00:00,Super Rugby,sr:competition:422,Super Rugby 2026,sr:season:137092,2026,league,regular season,1,Super Rugby Pacific 2026,Waratahs,sr:competitor:4186,WAR,Reds,sr:competitor:4180,RED,Allianz Stadium,Sydney,Australia,"-33.889167, 151.225278","Williams, Paul",New Zealand,434,2269598460,score_change,2026-02-13T10:10:06+00:00,67,66:52,home,Waratahs,55,35,2,,,24,12,conversion,,,sr:player:2290563,"Creighton, Lawson",,,,,"[{""id"": ""sr:player:2290563"", ""name"": ""Creighton, Lawson"", ""type"": ""scorer""}]"
super_rugby_2026_waratahs_vs_reds_65866092.json,sr:sport_event:65866092,2026-02-13T08:35:00+00:00,Super Rugby,sr:competition:422,Super Rugby 2026,sr:season:137092,2026,league,regular season,1,Super Rugby Pacific 2026,Waratahs,sr:competitor:4186,WAR,Reds,sr:competitor:4180,RED,Allianz Stadium,Sydney,Australia,"-33.889167, 151.225278","Williams, Paul",New Zealand,435,2269598642,substitution,2026-02-13T10:10:27+00:00,68,67:13,home,Waratahs,,,2,,,,,,,,,,sr:player:762214,"Debreczeni, Jack",sr:player:2290563,"Creighton, Lawson","[{""id"": ""sr:player:762214"", ""name"": ""Debreczeni, Jack"", ""type"": ""substituted_out""}, {""id"": ""sr:player:2290563"", ""name"": ""Creighton, Lawson"", ""type"": ""substituted_in""}]"
super_rugby_2026_waratahs_vs_reds_65866092.json,sr:sport_event:65866092,2026-02-13T08:35:00+00:00,Super Rugby,sr:competition:422,Super Rugby 2026,sr:season:137092,2026,league,regular season,1,Super Rugby Pacific 2026,Waratahs,sr:competitor:4186,WAR,Reds,sr:competitor:4180,RED,Allianz Stadium,Sydney,Australia,"-33.889167, 151.225278","Williams, Paul",New Zealand,436,2269598772,substitution,2026-02-13T10:10:44+00:00,68,67:30,away,Reds,,,2,,,,,,,,,,sr:player:2746671,"McLaughlin-Phillips, Harry",sr:player:3141966,"Mackey, Finn","[{""id"": ""sr:player:2746671"", ""name"": ""McLaughlin-Phillips, Harry"", ""type"": ""substituted_out""}, {""id"": ""sr:player:3141966"", ""name"": ""Mackey, Finn"", ""type"": ""substituted_in""}]"
super_rugby_2026_waratahs_vs_reds_65866092.json,sr:sport_event:65866092,2026-02-13T08:35:00+00:00,Super Rugby,sr:competition:422,Super Rugby 2026,sr:season:137092,2026,league,regular season,1,Super Rugby Pacific 2026,Waratahs,sr:competitor:4186,WAR,Reds,sr:competitor:4180,RED,Allianz Stadium,Sydney,Australia,"-33.889167, 151.225278","Williams, Paul",New Zealand,437,2269598800,ball_kicked,2026-02-13T10:10:47+00:00,68,67:32,away,Reds,55,32,2,,,,,,,,,,,,,,
super_rugby_2026_waratahs_vs_reds_65866092.json,sr:sport_event:65866092,2026-02-13T08:35:00+00:00,Super Rugby,sr:competition:422,Super Rugby 2026,sr:season:137092,2026,league,regular season,1,Super Rugby Pacific 2026,Waratahs,sr:competitor:4186,WAR,Reds,sr:competitor:4180,RED,Allianz Stadium,Sydney,Australia,"-33.889167, 151.225278","Williams, Paul",New Zealand,438,2269598818,ball_kicked,2026-02-13T10:10:49+00:00,68,67:35,home,Waratahs,63,37,2,,,,,,,,,,,,,,
super_rugby_2026_waratahs_vs_reds_65866092.json,sr:sport_event:65866092,2026-02-13T08:35:00+00:00,Super Rugby,sr:competition:422,Super Rugby 2026,sr:season:137092,2026,league,regular season,1,Super Rugby Pacific 2026,Waratahs,sr:competitor:4186,WAR,Reds,sr:competitor:4180,RED,Allianz Stadium,Sydney,Australia,"-33.889167, 151.225278","Williams, Paul",New Zealand,439,2269598842,ball_recycled,2026-02-13T10:10:52+00:00,68,67:38,away,Reds,47,43,2,,,,,,,,,,,,,,
super_rugby_2026_waratahs_vs_reds_65866092.json,sr:sport_event:65866092,2026-02-13T08:35:00+00:00,Super Rugby,sr:competition:422,Super Rugby 2026,sr:season:137092,2026,league,regular season,1,Super Rugby Pacific 2026,Waratahs,sr:competitor:4186,WAR,Reds,sr:competitor:4180,RED,Allianz Stadium,Sydney,Australia,"-33.889167, 151.225278","Williams, Paul",New Zealand,440,2269598904,ball_recycled,2026-02-13T10:11:00+00:00,68,67:46,away,Reds,51,30,2,,,,,,,,,,,,,,
super_rugby_2026_waratahs_vs_reds_65866092.json,sr:sport_event:65866092,2026-02-13T08:35:00+00:00,Super Rugby,sr:competition:422,Super Rugby 2026,sr:season:137092,2026,league,regular season,1,Super Rugby Pacific 2026,Waratahs,sr:competitor:4186,WAR,Reds,sr:competitor:4180,RED,Allianz Stadium,Sydney,Australia,"-33.889167, 151.225278","Williams, Paul",New Zealand,441,2269599406,penalty_awarded,2026-02-13T10:11:59+00:00,69,68:45,home,Waratahs,64,28,2,,,,,,,,,,,,,,
super_rugby_2026_waratahs_vs_reds_65866092.json,sr:sport_event:65866092,2026-02-13T08:35:00+00:00,Super Rugby,sr:competition:422,Super Rugby 2026,sr:season:137092,2026,league,regular season,1,Super Rugby Pacific 2026,Waratahs,sr:competitor:4186,WAR,Reds,sr:competitor:4180,RED,Allianz Stadium,Sydney,Australia,"-33.889167, 151.225278","Williams, Paul",New Zealand,442,2269599426,kick_to_touch,2026-02-13T10:12:00+00:00,69,68:46,home,Waratahs,64,28,2,,,,,,,,,,,,,,
super_rugby_2026_waratahs_vs_reds_65866092.json,sr:sport_event:65866092,2026-02-13T08:35:00+00:00,Super Rugby,sr:competition:422,Super Rugby 2026,sr:season:137092,2026,league,regular season,1,Super Rugby Pacific 2026,Waratahs,sr:competitor:4186,WAR,Reds,sr:competitor:4180,RED,Allianz Stadium,Sydney,Australia,"-33.889167, 151.225278","Williams, Paul",New Zealand,443,2269599440,line_out,2026-02-13T10:12:02+00:00,69,68:48,home,Waratahs,76,-2,2,,,,,,,,,,,,,,
super_rugby_2026_waratahs_vs_reds_65866092.json,sr:sport_event:65866092,2026-02-13T08:35:00+00:00,Super Rugby,sr:competition:422,Super Rugby 2026,sr:season:137092,2026,league,regular season,1,Super Rugby Pacific 2026,Waratahs,sr:competitor:4186,WAR,Reds,sr:competitor:4180,RED,Allianz Stadium,Sydney,Australia,"-33.889167, 151.225278","Williams, Paul",New Zealand,444,2269599450,line_out_won,2026-02-13T10:12:03+00:00,69,68:49,home,Waratahs,76,-2,2,,,,,,,,,,,,,,
super_rugby_2026_waratahs_vs_reds_65866092.json,sr:sport_event:65866092,2026-02-13T08:35:00+00:00,Super Rugby,sr:competition:422,Super Rugby 2026,sr:season:137092,2026,league,regular season,1,Super Rugby Pacific 2026,Waratahs,sr:competitor:4186,WAR,Reds,sr:competitor:4180,RED,Allianz Stadium,Sydney,Australia,"-33.889167, 151.225278","Williams, Paul",New Zealand,445,2269599480,ball_recycled,2026-02-13T10:12:07+00:00,69,68:54,home,Waratahs,79,24,2,,,,,,,,,,,,,,
super_rugby_2026_waratahs_vs_reds_65866092.json,sr:sport_event:65866092,2026-02-13T08:35:00+00:00,Super Rugby,sr:competition:422,Super Rugby 2026,sr:season:137092,2026,league,regular season,1,Super Rugby Pacific 2026,Waratahs,sr:competitor:4186,WAR,Reds,sr:competitor:4180,RED,Allianz Stadium,Sydney,Australia,"-33.889167, 151.225278","Williams, Paul",New Zealand,446,2269599504,ball_recycled,2026-02-13T10:12:09+00:00,69,68:56,home,Waratahs,77,12,2,,,,,,,,,,,,,,
super_rugby_2026_waratahs_vs_reds_65866092.json,sr:sport_event:65866092,2026-02-13T08:35:00+00:00,Super Rugby,sr:competition:422,Super Rugby 2026,sr:season:137092,2026,league,regular season,1,Super Rugby Pacific 2026,Waratahs,sr:competitor:4186,WAR,Reds,sr:competitor:4180,RED,Allianz Stadium,Sydney,Australia,"-33.889167, 151.225278","Williams, Paul",New Zealand,447,2269599562,ball_recycled,2026-02-13T10:12:16+00:00,70,69:02,home,Waratahs,88,8,2,,,,,,,,,,,,,,
super_rugby_2026_waratahs_vs_reds_65866092.json,sr:sport_event:65866092,2026-02-13T08:35:00+00:00,Super Rugby,sr:competition:422,Super Rugby 2026,sr:season:137092,2026,league,regular season,1,Super Rugby Pacific 2026,Waratahs,sr:competitor:4186,WAR,Reds,sr:competitor:4180,RED,Allianz Stadium,Sydney,Australia,"-33.889167, 151.225278","Williams, Paul",New Zealand,448,2269599764,line_out,2026-02-13T10:12:38+00:00,70,69:24,away,Reds,97,-3,2,,,,,,,,,,,,,,
super_rugby_2026_waratahs_vs_reds_65866092.json,sr:sport_event:65866092,2026-02-13T08:35:00+00:00,Super Rugby,sr:competition:422,Super Rugby 2026,sr:season:137092,2026,league,regular season,1,Super Rugby Pacific 2026,Waratahs,sr:competitor:4186,WAR,Reds,sr:competitor:4180,RED,Allianz Stadium,Sydney,Australia,"-33.889167, 151.225278","Williams, Paul",New Zealand,449,2269599934,line_out_won,2026-02-13T10:12:56+00:00,70,69:43,away,Reds,97,-3,2,,,,,,,,,,,,,,
super_rugby_2026_waratahs_vs_reds_65866092.json,sr:sport_event:65866092,2026-02-13T08:35:00+00:00,Super Rugby,sr:competition:422,Super Rugby 2026,sr:season:137092,2026,league,regular season,1,Super Rugby Pacific 2026,Waratahs,sr:competitor:4186,WAR,Reds,sr:competitor:4180,RED,Allianz Stadium,Sydney,Australia,"-33.889167, 151.225278","Williams, Paul",New Zealand,450,2269599982,ball_recycled,2026-02-13T10:12:59+00:00,70,69:45,away,Reds,92,12,2,,,,,,,,,,,,,,
super_rugby_2026_waratahs_vs_reds_65866092.json,sr:sport_event:65866092,2026-02-13T08:35:00+00:00,Super Rugby,sr:competition:422,Super Rugby 2026,sr:season:137092,2026,league,regular season,1,Super Rugby Pacific 2026,Waratahs,sr:competitor:4186,WAR,Reds,sr:competitor:4180,RED,Allianz Stadium,Sydney,Australia,"-33.889167, 151.225278","Williams, Paul",New Zealand,451,2269600064,ball_kicked,2026-02-13T10:13:07+00:00,70,69:54,away,Reds,77,18,2,,,,,,,,,,,,,,
super_rugby_2026_waratahs_vs_reds_65866092.json,sr:sport_event:65866092,2026-02-13T08:35:00+00:00,Super Rugby,sr:competition:422,Super Rugby 2026,sr:season:137092,2026,league,regular season,1,Super Rugby Pacific 2026,Waratahs,sr:competitor:4186,WAR,Reds,sr:competitor:4180,RED,Allianz Stadium,Sydney,Australia,"-33.889167, 151.225278","Williams, Paul",New Zealand,452,2269600110,line_out,2026-02-13T10:13:11+00:00,70,69:57,home,Waratahs,71,-2,2,,,,,,,,,,,,,,
super_rugby_2026_waratahs_vs_reds_65866092.json,sr:sport_event:65866092,2026-02-13T08:35:00+00:00,Super Rugby,sr:competition:422,Super Rugby 2026,sr:season:137092,2026,league,regular season,1,Super Rugby Pacific 2026,Waratahs,sr:competitor:4186,WAR,Reds,sr:competitor:4180,RED,Allianz Stadium,Sydney,Australia,"-33.889167, 151.225278","Williams, Paul",New Zealand,453,2269600244,line_out_won,2026-02-13T10:13:28+00:00,71,70:15,home,Waratahs,71,-2,2,,,,,,,,,,,,,,
super_rugby_2026_waratahs_vs_reds_65866092.json,sr:sport_event:65866092,2026-02-13T08:35:00+00:00,Super Rugby,sr:competition:422,Super Rugby 2026,sr:season:137092,2026,league,regular season,1,Super Rugby Pacific 2026,Waratahs,sr:competitor:4186,WAR,Reds,sr:competitor:4180,RED,Allianz Stadium,Sydney,Australia,"-33.889167, 151.225278","Williams, Paul",New Zealand,454,2269600274,ball_recycled,2026-02-13T10:13:30+00:00,71,70:17,home,Waratahs,72,12,2,,,,,,,,,,,,,,
super_rugby_2026_waratahs_vs_reds_65866092.json,sr:sport_event:65866092,2026-02-13T08:35:00+00:00,Super Rugby,sr:competition:422,Super Rugby 2026,sr:season:137092,2026,league,regular season,1,Super Rugby Pacific 2026,Waratahs,sr:competitor:4186,WAR,Reds,sr:competitor:4180,RED,Allianz Stadium,Sydney,Australia,"-33.889167, 151.225278","Williams, Paul",New Zealand,455,2269600334,ball_recycled,2026-02-13T10:13:36+00:00,71,70:22,home,Waratahs,73,27,2,,,,,,,,,,,,,,
super_rugby_2026_waratahs_vs_reds_65866092.json,sr:sport_event:65866092,2026-02-13T08:35:00+00:00,Super Rugby,sr:competition:422,Super Rugby 2026,sr:season:137092,2026,league,regular season,1,Super Rugby Pacific 2026,Waratahs,sr:competitor:4186,WAR,Reds,sr:competitor:4180,RED,Allianz Stadium,Sydney,Australia,"-33.889167, 151.225278","Williams, Paul",New Zealand,456,2269600378,ball_recycled,2026-02-13T10:13:41+00:00,71,70:28,home,Waratahs,72,9,2,,,,,,,,,,,,,,
super_rugby_2026_waratahs_vs_reds_65866092.json,sr:sport_event:65866092,2026-02-13T08:35:00+00:00,Super Rugby,sr:competition:422,Super Rugby 2026,sr:season:137092,2026,league,regular season,1,Super Rugby Pacific 2026,Waratahs,sr:competitor:4186,WAR,Reds,sr:competitor:4180,RED,Allianz Stadium,Sydney,Australia,"-33.889167, 151.225278","Williams, Paul",New Zealand,457,2269600416,ball_kicked,2026-02-13T10:13:46+00:00,71,70:32,home,Waratahs,79,5,2,,,,,,,,,,,,,,
super_rugby_2026_waratahs_vs_reds_65866092.json,sr:sport_event:65866092,2026-02-13T08:35:00+00:00,Super Rugby,sr:competition:422,Super Rugby 2026,sr:season:137092,2026,league,regular season,1,Super Rugby Pacific 2026,Waratahs,sr:competitor:4186,WAR,Reds,sr:competitor:4180,RED,Allianz Stadium,Sydney,Australia,"-33.889167, 151.225278","Williams, Paul",New Zealand,458,2269600730,substitution,2026-02-13T10:14:20+00:00,72,71:05,home,Waratahs,,,2,,,,,,,,,,sr:player:1989091,"Potter, Harry",sr:player:762214,"Debreczeni, Jack","[{""id"": ""sr:player:1989091"", ""name"": ""Potter, Harry"", ""type"": ""substituted_out""}, {""id"": ""sr:player:762214"", ""name"": ""Debreczeni, Jack"", ""type"": ""substituted_in""}]"
super_rugby_2026_waratahs_vs_reds_65866092.json,sr:sport_event:65866092,2026-02-13T08:35:00+00:00,Super Rugby,sr:competition:422,Super Rugby 2026,sr:season:137092,2026,league,regular season,1,Super Rugby Pacific 2026,Waratahs,sr:competitor:4186,WAR,Reds,sr:competitor:4180,RED,Allianz Stadium,Sydney,Australia,"-33.889167, 151.225278","Williams, Paul",New Zealand,459,2269600858,turnover,2026-02-13T10:14:35+00:00,72,71:21,home,Waratahs,77,34,2,,,,,,,,,,,,,,
super_rugby_2026_waratahs_vs_reds_65866092.json,sr:sport_event:65866092,2026-02-13T08:35:00+00:00,Super Rugby,sr:competition:422,Super Rugby 2026,sr:season:137092,2026,league,regular season,1,Super Rugby Pacific 2026,Waratahs,sr:competitor:4186,WAR,Reds,sr:competitor:4180,RED,Allianz Stadium,Sydney,Australia,"-33.889167, 151.225278","Williams, Paul",New Zealand,460,2269600912,ball_recycled,2026-02-13T10:14:43+00:00,72,71:28,home,Waratahs,77,19,2,,,,,,,,,,,,,,
super_rugby_2026_waratahs_vs_reds_65866092.json,sr:sport_event:65866092,2026-02-13T08:35:00+00:00,Super Rugby,sr:competition:422,Super Rugby 2026,sr:season:137092,2026,league,regular season,1,Super Rugby Pacific 2026,Waratahs,sr:competitor:4186,WAR,Reds,sr:competitor:4180,RED,Allianz Stadium,Sydney,Australia,"-33.889167, 151.225278","Williams, Paul",New Zealand,461,2269601046,ball_kicked,2026-02-13T10:14:57+00:00,72,71:43,home,Waratahs,77,25,2,,,,,,,,,,,,,,
super_rugby_2026_waratahs_vs_reds_65866092.json,sr:sport_event:65866092,2026-02-13T08:35:00+00:00,Super Rugby,sr:competition:422,Super Rugby 2026,sr:season:137092,2026,league,regular season,1,Super Rugby Pacific 2026,Waratahs,sr:competitor:4186,WAR,Reds,sr:competitor:4180,RED,Allianz Stadium,Sydney,Australia,"-33.889167, 151.225278","Williams, Paul",New Zealand,462,2269601066,ball_kicked,2026-02-13T10:15:00+00:00,72,71:46,home,Waratahs,93,63,2,,,,,,,,,,,,,,
super_rugby_2026_waratahs_vs_reds_65866092.json,sr:sport_event:65866092,2026-02-13T08:35:00+00:00,Super Rugby,sr:competition:422,Super Rugby 2026,sr:season:137092,2026,league,regular season,1,Super Rugby Pacific 2026,Waratahs,sr:competitor:4186,WAR,Reds,sr:competitor:4180,RED,Allianz Stadium,Sydney,Australia,"-33.889167, 151.225278","Williams, Paul",New Zealand,463,2269601150,score_change,2026-02-13T10:15:08+00:00,72,71:53,home,Waratahs,93,63,2,,,29,12,try,,,sr:player:2535551,"Jorgensen, Max",,,,,"[{""id"": ""sr:player:2535551"", ""name"": ""Jorgensen, Max"", ""type"": ""scorer""}]"
super_rugby_2026_waratahs_vs_reds_65866092.json,sr:sport_event:65866092,2026-02-13T08:35:00+00:00,Super Rugby,sr:competition:422,Super Rugby 2026,sr:season:137092,2026,league,regular season,1,Super Rugby Pacific 2026,Waratahs,sr:competitor:4186,WAR,Reds,sr:competitor:4180,RED,Allianz Stadium,Sydney,Australia,"-33.889167, 151.225278","Williams, Paul",New Zealand,464,2269601810,score_change,2026-02-13T10:16:04+00:00,73,72:50,home,Waratahs,55,35,2,,,31,12,conversion,,,sr:player:2290563,"Creighton, Lawson",,,,,"[{""id"": ""sr:player:2290563"", ""name"": ""Creighton, Lawson"", ""type"": ""scorer""}]"
super_rugby_2026_waratahs_vs_reds_65866092.json,sr:sport_event:65866092,2026-02-13T08:35:00+00:00,Super Rugby,sr:competition:422,Super Rugby 2026,sr:season:137092,2026,league,regular season,1,Super Rugby Pacific 2026,Waratahs,sr:competitor:4186,WAR,Reds,sr:competitor:4180,RED,Allianz Stadium,Sydney,Australia,"-33.889167, 151.225278","Williams, Paul",New Zealand,465,2269602000,substitution,2026-02-13T10:16:24+00:00,74,73:10,home,Waratahs,,,2,,,,,,,,,,sr:player:2911945,"Hendren, James",sr:player:1431731,"Reilly, Triston","[{""id"": ""sr:player:2911945"", ""name"": ""Hendren, James"", ""type"": ""substituted_out""}, {""id"": ""sr:player:1431731"", ""name"": ""Reilly, Triston"", ""type"": ""substituted_in""}]"
super_rugby_2026_waratahs_vs_reds_65866092.json,sr:sport_event:65866092,2026-02-13T08:35:00+00:00,Super Rugby,sr:competition:422,Super Rugby 2026,sr:season:137092,2026,league,regular season,1,Super Rugby Pacific 2026,Waratahs,sr:competitor:4186,WAR,Reds,sr:competitor:4180,RED,Allianz Stadium,Sydney,Australia,"-33.889167, 151.225278","Williams, Paul",New Zealand,466,2269602056,ball_kicked,2026-02-13T10:16:32+00:00,74,73:18,away,Reds,54,32,2,,,,,,,,,,,,,,
super_rugby_2026_waratahs_vs_reds_65866092.json,sr:sport_event:65866092,2026-02-13T08:35:00+00:00,Super Rugby,sr:competition:422,Super Rugby 2026,sr:season:137092,2026,league,regular season,1,Super Rugby Pacific 2026,Waratahs,sr:competitor:4186,WAR,Reds,sr:competitor:4180,RED,Allianz Stadium,Sydney,Australia,"-33.889167, 151.225278","Williams, Paul",New Zealand,467,2269602082,ball_recycled,2026-02-13T10:16:35+00:00,74,73:20,home,Waratahs,18,48,2,,,,,,,,,,,,,,
super_rugby_2026_waratahs_vs_reds_65866092.json,sr:sport_event:65866092,2026-02-13T08:35:00+00:00,Super Rugby,sr:competition:422,Super Rugby 2026,sr:season:137092,2026,league,regular season,1,Super Rugby Pacific 2026,Waratahs,sr:competitor:4186,WAR,Reds,sr:competitor:4180,RED,Allianz Stadium,Sydney,Australia,"-33.889167, 151.225278","Williams, Paul",New Zealand,468,2269602110,ball_kicked,2026-02-13T10:16:38+00:00,74,73:23,home,Waratahs,17,44,2,,,,,,,,,,,,,,
super_rugby_2026_waratahs_vs_reds_65866092.json,sr:sport_event:65866092,2026-02-13T08:35:00+00:00,Super Rugby,sr:competition:422,Super Rugby 2026,sr:season:137092,2026,league,regular season,1,Super Rugby Pacific 2026,Waratahs,sr:competitor:4186,WAR,Reds,sr:competitor:4180,RED,Allianz Stadium,Sydney,Australia,"-33.889167, 151.225278","Williams, Paul",New Zealand,469,2269602138,line_out,2026-02-13T10:16:40+00:00,74,73:26,away,Reds,35,72,2,,,,,,,,,,,,,,
super_rugby_2026_waratahs_vs_reds_65866092.json,sr:sport_event:65866092,2026-02-13T08:35:00+00:00,Super Rugby,sr:competition:422,Super Rugby 2026,sr:season:137092,2026,league,regular season,1,Super Rugby Pacific 2026,Waratahs,sr:competitor:4186,WAR,Reds,sr:competitor:4180,RED,Allianz Stadium,Sydney,Australia,"-33.889167, 151.225278","Williams, Paul",New Zealand,470,2269602386,line_out_won,2026-02-13T10:17:08+00:00,74,73:54,away,Reds,35,72,2,,,,,,,,,,,,,,
super_rugby_2026_waratahs_vs_reds_65866092.json,sr:sport_event:65866092,2026-02-13T08:35:00+00:00,Super Rugby,sr:competition:422,Super Rugby 2026,sr:season:137092,2026,league,regular season,1,Super Rugby Pacific 2026,Waratahs,sr:competitor:4186,WAR,Reds,sr:competitor:4180,RED,Allianz Stadium,Sydney,Australia,"-33.889167, 151.225278","Williams, Paul",New Zealand,471,2269602424,ball_recycled,2026-02-13T10:17:13+00:00,74,73:59,away,Reds,31,36,2,,,,,,,,,,,,,,
super_rugby_2026_waratahs_vs_reds_65866092.json,sr:sport_event:65866092,2026-02-13T08:35:00+00:00,Super Rugby,sr:competition:422,Super Rugby 2026,sr:season:137092,2026,league,regular season,1,Super Rugby Pacific 2026,Waratahs,sr:competitor:4186,WAR,Reds,sr:competitor:4180,RED,Allianz Stadium,Sydney,Australia,"-33.889167, 151.225278","Williams, Paul",New Zealand,472,2269602504,ball_recycled,2026-02-13T10:17:19+00:00,75,74:05,away,Reds,33,28,2,,,,,,,,,,,,,,
super_rugby_2026_waratahs_vs_reds_65866092.json,sr:sport_event:65866092,2026-02-13T08:35:00+00:00,Super Rugby,sr:competition:422,Super Rugby 2026,sr:season:137092,2026,league,regular season,1,Super Rugby Pacific 2026,Waratahs,sr:competitor:4186,WAR,Reds,sr:competitor:4180,RED,Allianz Stadium,Sydney,Australia,"-33.889167, 151.225278","Williams, Paul",New Zealand,473,2269602598,turnover,2026-02-13T10:17:30+00:00,75,74:15,home,Waratahs,33,26,2,,,,,,,,,,,,,,
super_rugby_2026_waratahs_vs_reds_65866092.json,sr:sport_event:65866092,2026-02-13T08:35:00+00:00,Super Rugby,sr:competition:422,Super Rugby 2026,sr:season:137092,2026,league,regular season,1,Super Rugby Pacific 2026,Waratahs,sr:competitor:4186,WAR,Reds,sr:competitor:4180,RED,Allianz Stadium,Sydney,Australia,"-33.889167, 151.225278","Williams, Paul",New Zealand,474,2269602618,ball_kicked,2026-02-13T10:17:32+00:00,75,74:18,home,Waratahs,35,23,2,,,,,,,,,,,,,,
super_rugby_2026_waratahs_vs_reds_65866092.json,sr:sport_event:65866092,2026-02-13T08:35:00+00:00,Super Rugby,sr:competition:422,Super Rugby 2026,sr:season:137092,2026,league,regular season,1,Super Rugby Pacific 2026,Waratahs,sr:competitor:4186,WAR,Reds,sr:competitor:4180,RED,Allianz Stadium,Sydney,Australia,"-33.889167, 151.225278","Williams, Paul",New Zealand,475,2269602650,turnover,2026-02-13T10:17:35+00:00,75,74:20,home,Waratahs,47,4,2,,,,,,,,,,,,,,
super_rugby_2026_waratahs_vs_reds_65866092.json,sr:sport_event:65866092,2026-02-13T08:35:00+00:00,Super Rugby,sr:competition:422,Super Rugby 2026,sr:season:137092,2026,league,regular season,1,Super Rugby Pacific 2026,Waratahs,sr:competitor:4186,WAR,Reds,sr:competitor:4180,RED,Allianz Stadium,Sydney,Australia,"-33.889167, 151.225278","Williams, Paul",New Zealand,476,2269602706,turnover,2026-02-13T10:17:40+00:00,75,74:26,away,Reds,47,2,2,,,,,,,,,,,,,,
super_rugby_2026_waratahs_vs_reds_65866092.json,sr:sport_event:65866092,2026-02-13T08:35:00+00:00,Super Rugby,sr:competition:422,Super Rugby 2026,sr:season:137092,2026,league,regular season,1,Super Rugby Pacific 2026,Waratahs,sr:competitor:4186,WAR,Reds,sr:competitor:4180,RED,Allianz Stadium,Sydney,Australia,"-33.889167, 151.225278","Williams, Paul",New Zealand,477,2269602732,ball_recycled,2026-02-13T10:17:42+00:00,75,74:28,away,Reds,48,17,2,,,,,,,,,,,,,,
super_rugby_2026_waratahs_vs_reds_65866092.json,sr:sport_event:65866092,2026-02-13T08:35:00+00:00,Super Rugby,sr:competition:422,Super Rugby 2026,sr:season:137092,2026,league,regular season,1,Super Rugby Pacific 2026,Waratahs,sr:competitor:4186,WAR,Reds,sr:competitor:4180,RED,Allianz Stadium,Sydney,Australia,"-33.889167, 151.225278","Williams, Paul",New Zealand,478,2269602758,ball_recycled,2026-02-13T10:17:44+00:00,75,74:30,away,Reds,48,33,2,,,,,,,,,,,,,,
super_rugby_2026_waratahs_vs_reds_65866092.json,sr:sport_event:65866092,2026-02-13T08:35:00+00:00,Super Rugby,sr:competition:422,Super Rugby 2026,sr:season:137092,2026,league,regular season,1,Super Rugby Pacific 2026,Waratahs,sr:competitor:4186,WAR,Reds,sr:competitor:4180,RED,Allianz Stadium,Sydney,Australia,"-33.889167, 151.225278","Williams, Paul",New Zealand,479,2269602836,ball_recycled,2026-02-13T10:17:50+00:00,75,74:36,away,Reds,48,44,2,,,,,,,,,,,,,,
super_rugby_2026_waratahs_vs_reds_65866092.json,sr:sport_event:65866092,2026-02-13T08:35:00+00:00,Super Rugby,sr:competition:422,Super Rugby 2026,sr:season:137092,2026,league,regular season,1,Super Rugby Pacific 2026,Waratahs,sr:competitor:4186,WAR,Reds,sr:competitor:4180,RED,Allianz Stadium,Sydney,Australia,"-33.889167, 151.225278","Williams, Paul",New Zealand,480,2269602866,ball_recycled,2026-02-13T10:17:54+00:00,75,74:39,away,Reds,51,40,2,,,,,,,,,,,,,,
super_rugby_2026_waratahs_vs_reds_65866092.json,sr:sport_event:65866092,2026-02-13T08:35:00+00:00,Super Rugby,sr:competition:422,Super Rugby 2026,sr:season:137092,2026,league,regular season,1,Super Rugby Pacific 2026,Waratahs,sr:competitor:4186,WAR,Reds,sr:competitor:4180,RED,Allianz Stadium,Sydney,Australia,"-33.889167, 151.225278","Williams, Paul",New Zealand,481,2269602902,ball_recycled,2026-02-13T10:17:59+00:00,75,74:44,away,Reds,48,27,2,,,,,,,,,,,,,,
super_rugby_2026_waratahs_vs_reds_65866092.json,sr:sport_event:65866092,2026-02-13T08:35:00+00:00,Super Rugby,sr:competition:422,Super Rugby 2026,sr:season:137092,2026,league,regular season,1,Super Rugby Pacific 2026,Waratahs,sr:competitor:4186,WAR,Reds,sr:competitor:4180,RED,Allianz Stadium,Sydney,Australia,"-33.889167, 151.225278","Williams, Paul",New Zealand,482,2269602954,ball_recycled,2026-02-13T10:18:04+00:00,75,74:49,away,Reds,48,22,2,,,,,,,,,,,,,,
super_rugby_2026_waratahs_vs_reds_65866092.json,sr:sport_event:65866092,2026-02-13T08:35:00+00:00,Super Rugby,sr:competition:422,Super Rugby 2026,sr:season:137092,2026,league,regular season,1,Super Rugby Pacific 2026,Waratahs,sr:competitor:4186,WAR,Reds,sr:competitor:4180,RED,Allianz Stadium,Sydney,Australia,"-33.889167, 151.225278","Williams, Paul",New Zealand,483,2269602998,turnover,2026-02-13T10:18:09+00:00,75,74:55,home,Waratahs,34,25,2,,,,,,,,,,,,,,
super_rugby_2026_waratahs_vs_reds_65866092.json,sr:sport_event:65866092,2026-02-13T08:35:00+00:00,Super Rugby,sr:competition:422,Super Rugby 2026,sr:season:137092,2026,league,regular season,1,Super Rugby Pacific 2026,Waratahs,sr:competitor:4186,WAR,Reds,sr:competitor:4180,RED,Allianz Stadium,Sydney,Australia,"-33.889167, 151.225278","Williams, Paul",New Zealand,484,2269603040,ball_kicked,2026-02-13T10:18:13+00:00,75,74:58,home,Waratahs,33,22,2,,,,,,,,,,,,,,
super_rugby_2026_waratahs_vs_reds_65866092.json,sr:sport_event:65866092,2026-02-13T08:35:00+00:00,Super Rugby,sr:competition:422,Super Rugby 2026,sr:season:137092,2026,league,regular season,1,Super Rugby Pacific 2026,Waratahs,sr:competitor:4186,WAR,Reds,sr:competitor:4180,RED,Allianz Stadium,Sydney,Australia,"-33.889167, 151.225278","Williams, Paul",New Zealand,485,2269603080,line_out,2026-02-13T10:18:15+00:00,76,75:01,home,Waratahs,87,72,2,,,,,,,,,,,,,,
super_rugby_2026_waratahs_vs_reds_65866092.json,sr:sport_event:65866092,2026-02-13T08:35:00+00:00,Super Rugby,sr:competition:422,Super Rugby 2026,sr:season:137092,2026,league,regular season,1,Super Rugby Pacific 2026,Waratahs,sr:competitor:4186,WAR,Reds,sr:competitor:4180,RED,Allianz Stadium,Sydney,Australia,"-33.889167, 151.225278","Williams, Paul",New Zealand,486,2269603534,line_out_won,2026-02-13T10:19:02+00:00,76,75:48,home,Waratahs,87,72,2,,,,,,,,,,,,,,
super_rugby_2026_waratahs_vs_reds_65866092.json,sr:sport_event:65866092,2026-02-13T08:35:00+00:00,Super Rugby,sr:competition:422,Super Rugby 2026,sr:season:137092,2026,league,regular season,1,Super Rugby Pacific 2026,Waratahs,sr:competitor:4186,WAR,Reds,sr:competitor:4180,RED,Allianz Stadium,Sydney,Australia,"-33.889167, 151.225278","Williams, Paul",New Zealand,487,2269603554,ball_recycled,2026-02-13T10:19:04+00:00,76,75:49,home,Waratahs,89,37,2,,,,,,,,,,,,,,
super_rugby_2026_waratahs_vs_reds_65866092.json,sr:sport_event:65866092,2026-02-13T08:35:00+00:00,Super Rugby,sr:competition:422,Super Rugby 2026,sr:season:137092,2026,league,regular season,1,Super Rugby Pacific 2026,Waratahs,sr:competitor:4186,WAR,Reds,sr:competitor:4180,RED,Allianz Stadium,Sydney,Australia,"-33.889167, 151.225278","Williams, Paul",New Zealand,488,2269603618,ball_recycled,2026-02-13T10:19:12+00:00,76,75:57,home,Waratahs,87,10,2,,,,,,,,,,,,,,
super_rugby_2026_waratahs_vs_reds_65866092.json,sr:sport_event:65866092,2026-02-13T08:35:00+00:00,Super Rugby,sr:competition:422,Super Rugby 2026,sr:season:137092,2026,league,regular season,1,Super Rugby Pacific 2026,Waratahs,sr:competitor:4186,WAR,Reds,sr:competitor:4180,RED,Allianz Stadium,Sydney,Australia,"-33.889167, 151.225278","Williams, Paul",New Zealand,489,2269603684,ball_recycled,2026-02-13T10:19:19+00:00,77,76:05,home,Waratahs,88,21,2,,,,,,,,,,,,,,
super_rugby_2026_waratahs_vs_reds_65866092.json,sr:sport_event:65866092,2026-02-13T08:35:00+00:00,Super Rugby,sr:competition:422,Super Rugby 2026,sr:season:137092,2026,league,regular season,1,Super Rugby Pacific 2026,Waratahs,sr:competitor:4186,WAR,Reds,sr:competitor:4180,RED,Allianz Stadium,Sydney,Australia,"-33.889167, 151.225278","Williams, Paul",New Zealand,490,2269603750,ball_recycled,2026-02-13T10:19:24+00:00,77,76:09,home,Waratahs,88,5,2,,,,,,,,,,,,,,
super_rugby_2026_waratahs_vs_reds_65866092.json,sr:sport_event:65866092,2026-02-13T08:35:00+00:00,Super Rugby,sr:competition:422,Super Rugby 2026,sr:season:137092,2026,league,regular season,1,Super Rugby Pacific 2026,Waratahs,sr:competitor:4186,WAR,Reds,sr:competitor:4180,RED,Allianz Stadium,Sydney,Australia,"-33.889167, 151.225278","Williams, Paul",New Zealand,491,2269603864,ball_recycled,2026-02-13T10:19:41+00:00,77,76:27,home,Waratahs,88,14,2,,,,,,,,,,,,,,
super_rugby_2026_waratahs_vs_reds_65866092.json,sr:sport_event:65866092,2026-02-13T08:35:00+00:00,Super Rugby,sr:competition:422,Super Rugby 2026,sr:season:137092,2026,league,regular season,1,Super Rugby Pacific 2026,Waratahs,sr:competitor:4186,WAR,Reds,sr:competitor:4180,RED,Allianz Stadium,Sydney,Australia,"-33.889167, 151.225278","Williams, Paul",New Zealand,492,2269604030,penalty_awarded,2026-02-13T10:19:58+00:00,77,76:44,home,Waratahs,88,16,2,,,,,,,,,,,,,,
super_rugby_2026_waratahs_vs_reds_65866092.json,sr:sport_event:65866092,2026-02-13T08:35:00+00:00,Super Rugby,sr:competition:422,Super Rugby 2026,sr:season:137092,2026,league,regular season,1,Super Rugby Pacific 2026,Waratahs,sr:competitor:4186,WAR,Reds,sr:competitor:4180,RED,Allianz Stadium,Sydney,Australia,"-33.889167, 151.225278","Williams, Paul",New Zealand,493,2269604240,kick_to_touch,2026-02-13T10:20:16+00:00,78,77:02,home,Waratahs,88,16,2,,,,,,,,,,,,,,
super_rugby_2026_waratahs_vs_reds_65866092.json,sr:sport_event:65866092,2026-02-13T08:35:00+00:00,Super Rugby,sr:competition:422,Super Rugby 2026,sr:season:137092,2026,league,regular season,1,Super Rugby Pacific 2026,Waratahs,sr:competitor:4186,WAR,Reds,sr:competitor:4180,RED,Allianz Stadium,Sydney,Australia,"-33.889167, 151.225278","Williams, Paul",New Zealand,494,2269604286,line_out,2026-02-13T10:20:22+00:00,78,77:08,home,Waratahs,96,-3,2,,,,,,,,,,,,,,
super_rugby_2026_waratahs_vs_reds_65866092.json,sr:sport_event:65866092,2026-02-13T08:35:00+00:00,Super Rugby,sr:competition:422,Super Rugby 2026,sr:season:137092,2026,league,regular season,1,Super Rugby Pacific 2026,Waratahs,sr:competitor:4186,WAR,Reds,sr:competitor:4180,RED,Allianz Stadium,Sydney,Australia,"-33.889167, 151.225278","Williams, Paul",New Zealand,495,2269604456,line_out_won,2026-02-13T10:20:42+00:00,78,77:28,home,Waratahs,96,-3,2,,,,,,,,,,,,,,
super_rugby_2026_waratahs_vs_reds_65866092.json,sr:sport_event:65866092,2026-02-13T08:35:00+00:00,Super Rugby,sr:competition:422,Super Rugby 2026,sr:season:137092,2026,league,regular season,1,Super Rugby Pacific 2026,Waratahs,sr:competitor:4186,WAR,Reds,sr:competitor:4180,RED,Allianz Stadium,Sydney,Australia,"-33.889167, 151.225278","Williams, Paul",New Zealand,496,2269604564,ball_recycled,2026-02-13T10:20:53+00:00,78,77:37,home,Waratahs,96,15,2,,,,,,,,,,,,,,
super_rugby_2026_waratahs_vs_reds_65866092.json,sr:sport_event:65866092,2026-02-13T08:35:00+00:00,Super Rugby,sr:competition:422,Super Rugby 2026,sr:season:137092,2026,league,regular season,1,Super Rugby Pacific 2026,Waratahs,sr:competitor:4186,WAR,Reds,sr:competitor:4180,RED,Allianz Stadium,Sydney,Australia,"-33.889167, 151.225278","Williams, Paul",New Zealand,497,2269604632,ball_recycled,2026-02-13T10:21:01+00:00,78,77:47,home,Waratahs,103,9,2,,,,,,,,,,,,,,
super_rugby_2026_waratahs_vs_reds_65866092.json,sr:sport_event:65866092,2026-02-13T08:35:00+00:00,Super Rugby,sr:competition:422,Super Rugby 2026,sr:season:137092,2026,league,regular season,1,Super Rugby Pacific 2026,Waratahs,sr:competitor:4186,WAR,Reds,sr:competitor:4180,RED,Allianz Stadium,Sydney,Australia,"-33.889167, 151.225278","Williams, Paul",New Zealand,498,2269604786,score_change,2026-02-13T10:21:17+00:00,79,78:03,home,Waratahs,105,6,2,,,36,12,try,,,sr:player:2320049,"Wilson, Teddy",,,,,"[{""id"": ""sr:player:2320049"", ""name"": ""Wilson, Teddy"", ""type"": ""scorer""}]"
super_rugby_2026_waratahs_vs_reds_65866092.json,sr:sport_event:65866092,2026-02-13T08:35:00+00:00,Super Rugby,sr:competition:422,Super Rugby 2026,sr:season:137092,2026,league,regular season,1,Super Rugby Pacific 2026,Waratahs,sr:competitor:4186,WAR,Reds,sr:competitor:4180,RED,Allianz Stadium,Sydney,Australia,"-33.889167, 151.225278","Williams, Paul",New Zealand,499,2269605570,ball_kicked,2026-02-13T10:22:41+00:00,79,79:00,away,Reds,55,33,2,,,,,,,,,,,,,,
super_rugby_2026_waratahs_vs_reds_65866092.json,sr:sport_event:65866092,2026-02-13T08:35:00+00:00,Super Rugby,sr:competition:422,Super Rugby 2026,sr:season:137092,2026,league,regular season,1,Super Rugby Pacific 2026,Waratahs,sr:competitor:4186,WAR,Reds,sr:competitor:4180,RED,Allianz Stadium,Sydney,Australia,"-33.889167, 151.225278","Williams, Paul",New Zealand,500,2269605612,ball_recycled,2026-02-13T10:22:47+00:00,80,79:06,home,Waratahs,43,17,2,,,,,,,,,,,,,,
super_rugby_2026_waratahs_vs_reds_65866092.json,sr:sport_event:65866092,2026-02-13T08:35:00+00:00,Super Rugby,sr:competition:422,Super Rugby 2026,sr:season:137092,2026,league,regular season,1,Super Rugby Pacific 2026,Waratahs,sr:competitor:4186,WAR,Reds,sr:competitor:4180,RED,Allianz Stadium,Sydney,Australia,"-33.889167, 151.225278","Williams, Paul",New Zealand,501,2269605656,substitution,2026-02-13T10:22:53+00:00,80,79:12,away,Reds,,,2,,,,,,,,,,sr:player:2607259,"Werchon, Louis",sr:player:3141968,"Martens, James","[{""id"": ""sr:player:2607259"", ""name"": ""Werchon, Louis"", ""type"": ""substituted_out""}, {""id"": ""sr:player:3141968"", ""name"": ""Martens, James"", ""type"": ""substituted_in""}]"
super_rugby_2026_waratahs_vs_reds_65866092.json,sr:sport_event:65866092,2026-02-13T08:35:00+00:00,Super Rugby,sr:competition:422,Super Rugby 2026,sr:season:137092,2026,league,regular season,1,Super Rugby Pacific 2026,Waratahs,sr:competitor:4186,WAR,Reds,sr:competitor:4180,RED,Allianz Stadium,Sydney,Australia,"-33.889167, 151.225278","Williams, Paul",New Zealand,502,2269605690,ball_recycled,2026-02-13T10:22:58+00:00,80,79:17,home,Waratahs,42,19,2,,,,,,,,,,,,,,
super_rugby_2026_waratahs_vs_reds_65866092.json,sr:sport_event:65866092,2026-02-13T08:35:00+00:00,Super Rugby,sr:competition:422,Super Rugby 2026,sr:season:137092,2026,league,regular season,1,Super Rugby Pacific 2026,Waratahs,sr:competitor:4186,WAR,Reds,sr:competitor:4180,RED,Allianz Stadium,Sydney,Australia,"-33.889167, 151.225278","Williams, Paul",New Zealand,503,2269605832,ball_recycled,2026-02-13T10:23:13+00:00,80,79:32,home,Waratahs,33,4,2,,,,,,,,,,,,,,
super_rugby_2026_waratahs_vs_reds_65866092.json,sr:sport_event:65866092,2026-02-13T08:35:00+00:00,Super Rugby,sr:competition:422,Super Rugby 2026,sr:season:137092,2026,league,regular season,1,Super Rugby Pacific 2026,Waratahs,sr:competitor:4186,WAR,Reds,sr:competitor:4180,RED,Allianz Stadium,Sydney,Australia,"-33.889167, 151.225278","Williams, Paul",New Zealand,504,2269605930,ball_recycled,2026-02-13T10:23:18+00:00,80,79:37,home,Waratahs,34,10,2,,,,,,,,,,,,,,
super_rugby_2026_waratahs_vs_reds_65866092.json,sr:sport_event:65866092,2026-02-13T08:35:00+00:00,Super Rugby,sr:competition:422,Super Rugby 2026,sr:season:137092,2026,league,regular season,1,Super Rugby Pacific 2026,Waratahs,sr:competitor:4186,WAR,Reds,sr:competitor:4180,RED,Allianz Stadium,Sydney,Australia,"-33.889167, 151.225278","Williams, Paul",New Zealand,505,2269605978,penalty_awarded,2026-02-13T10:23:26+00:00,80,79:45,away,Reds,35,11,2,,,,,,,,,,,,,,
super_rugby_2026_waratahs_vs_reds_65866092.json,sr:sport_event:65866092,2026-02-13T08:35:00+00:00,Super Rugby,sr:competition:422,Super Rugby 2026,sr:season:137092,2026,league,regular season,1,Super Rugby Pacific 2026,Waratahs,sr:competitor:4186,WAR,Reds,sr:competitor:4180,RED,Allianz Stadium,Sydney,Australia,"-33.889167, 151.225278","Williams, Paul",New Zealand,506,2269606224,kick_to_touch,2026-02-13T10:23:49+00:00,80,80:00,away,Reds,35,11,2,,,,,,,,,,,,,,
super_rugby_2026_waratahs_vs_reds_65866092.json,sr:sport_event:65866092,2026-02-13T08:35:00+00:00,Super Rugby,sr:competition:422,Super Rugby 2026,sr:season:137092,2026,league,regular season,1,Super Rugby Pacific 2026,Waratahs,sr:competitor:4186,WAR,Reds,sr:competitor:4180,RED,Allianz Stadium,Sydney,Australia,"-33.889167, 151.225278","Williams, Paul",New Zealand,507,2269606246,line_out,2026-02-13T10:23:52+00:00,80,80:00,away,Reds,15,-2,2,,,,,,,,,,,,,,
super_rugby_2026_waratahs_vs_reds_65866092.json,sr:sport_event:65866092,2026-02-13T08:35:00+00:00,Super Rugby,sr:competition:422,Super Rugby 2026,sr:season:137092,2026,league,regular season,1,Super Rugby Pacific 2026,Waratahs,sr:competitor:4186,WAR,Reds,sr:competitor:4180,RED,Allianz Stadium,Sydney,Australia,"-33.889167, 151.225278","Williams, Paul",New Zealand,508,2269606460,line_out_won,2026-02-13T10:24:15+00:00,81,80:34,away,Reds,15,-2,,,,,,,,,,,,,,,
super_rugby_2026_waratahs_vs_reds_65866092.json,sr:sport_event:65866092,2026-02-13T08:35:00+00:00,Super Rugby,sr:competition:422,Super Rugby 2026,sr:season:137092,2026,league,regular season,1,Super Rugby Pacific 2026,Waratahs,sr:competitor:4186,WAR,Reds,sr:competitor:4180,RED,Allianz Stadium,Sydney,Australia,"-33.889167, 151.225278","Williams, Paul",New Zealand,509,2269606588,match_ended,2026-02-13T10:24:31+00:00,,80:00,,,,,,,,,,,,,,,,,,,
