source_json,match_id,match_start_time,competition,competition_id,season,season_id,season_year,stage_type,stage_phase,round,group,home_team,home_team_id,home_abbreviation,away_team,away_team_id,away_abbreviation,venue,venue_city,venue_country,venue_map_coordinates,referee,referee_nationality,event_order,event_id,event_type,event_timestamp,match_time_minute,match_clock,competitor,team,x,y,period,period_name,break_name,home_score,away_score,method,player_id,player_name,scorer_id,scorer_name,substituted_out_id,substituted_out_name,substituted_in_id,substituted_in_name,players_json
super_rugby_2026_western_force_vs_blues_65866106.json,sr:sport_event:65866106,2026-02-21T08:35:00+00:00,Super Rugby,sr:competition:422,Super Rugby 2026,sr:season:137092,2026,league,regular season,2,Super Rugby Pacific 2026,Western Force,sr:competitor:21995,WFO,Blues,sr:competitor:4190,BLU,HIF Health Insurance Oval,Perth,Australia,,"Murphy, Damon",Australia,1,2276794788,match_started,2026-02-21T08:35:02+00:00,,,,,,,,,,,,,,,,,,,,,
super_rugby_2026_western_force_vs_blues_65866106.json,sr:sport_event:65866106,2026-02-21T08:35:00+00:00,Super Rugby,sr:competition:422,Super Rugby 2026,sr:season:137092,2026,league,regular season,2,Super Rugby Pacific 2026,Western Force,sr:competitor:21995,WFO,Blues,sr:competitor:4190,BLU,HIF Health Insurance Oval,Perth,Australia,,"Murphy, Damon",Australia,2,2276794790,period_start,2026-02-21T08:35:02+00:00,,,,,,,1,1st_half,,,,,,,,,,,,,
super_rugby_2026_western_force_vs_blues_65866106.json,sr:sport_event:65866106,2026-02-21T08:35:00+00:00,Super Rugby,sr:competition:422,Super Rugby 2026,sr:season:137092,2026,league,regular season,2,Super Rugby Pacific 2026,Western Force,sr:competitor:21995,WFO,Blues,sr:competitor:4190,BLU,HIF Health Insurance Oval,Perth,Australia,,"Murphy, Damon",Australia,3,2276794964,line_out,2026-02-21T08:35:19+00:00,1,0:18,away,Blues,43,71,1,,,,,,,,,,,,,,
super_rugby_2026_western_force_vs_blues_65866106.json,sr:sport_event:65866106,2026-02-21T08:35:00+00:00,Super Rugby,sr:competition:422,Super Rugby 2026,sr:season:137092,2026,league,regular season,2,Super Rugby Pacific 2026,Western Force,sr:competitor:21995,WFO,Blues,sr:competitor:4190,BLU,HIF Health Insurance Oval,Perth,Australia,,"Murphy, Damon",Australia,4,2276795010,line_out_won,2026-02-21T08:35:25+00:00,1,0:23,away,Blues,43,71,1,,,,,,,,,,,,,,
super_rugby_2026_western_force_vs_blues_65866106.json,sr:sport_event:65866106,2026-02-21T08:35:00+00:00,Super Rugby,sr:competition:422,Super Rugby 2026,sr:season:137092,2026,league,regular season,2,Super Rugby Pacific 2026,Western Force,sr:competitor:21995,WFO,Blues,sr:competitor:4190,BLU,HIF Health Insurance Oval,Perth,Australia,,"Murphy, Damon",Australia,5,2276795082,ball_recycled,2026-02-21T08:35:34+00:00,1,0:33,away,Blues,30,61,1,,,,,,,,,,,,,,
super_rugby_2026_western_force_vs_blues_65866106.json,sr:sport_event:65866106,2026-02-21T08:35:00+00:00,Super Rugby,sr:competition:422,Super Rugby 2026,sr:season:137092,2026,league,regular season,2,Super Rugby Pacific 2026,Western Force,sr:competitor:21995,WFO,Blues,sr:competitor:4190,BLU,HIF Health Insurance Oval,Perth,Australia,,"Murphy, Damon",Australia,6,2276795196,ball_recycled,2026-02-21T08:35:45+00:00,1,0:43,away,Blues,22,33,1,,,,,,,,,,,,,,
super_rugby_2026_western_force_vs_blues_65866106.json,sr:sport_event:65866106,2026-02-21T08:35:00+00:00,Super Rugby,sr:competition:422,Super Rugby 2026,sr:season:137092,2026,league,regular season,2,Super Rugby Pacific 2026,Western Force,sr:competitor:21995,WFO,Blues,sr:competitor:4190,BLU,HIF Health Insurance Oval,Perth,Australia,,"Murphy, Damon",Australia,7,2276795276,ball_recycled,2026-02-21T08:35:52+00:00,1,0:50,away,Blues,17,19,1,,,,,,,,,,,,,,
super_rugby_2026_western_force_vs_blues_65866106.json,sr:sport_event:65866106,2026-02-21T08:35:00+00:00,Super Rugby,sr:competition:422,Super Rugby 2026,sr:season:137092,2026,league,regular season,2,Super Rugby Pacific 2026,Western Force,sr:competitor:21995,WFO,Blues,sr:competitor:4190,BLU,HIF Health Insurance Oval,Perth,Australia,,"Murphy, Damon",Australia,8,2276795328,ball_recycled,2026-02-21T08:36:00+00:00,1,0:59,away,Blues,30,36,1,,,,,,,,,,,,,,
super_rugby_2026_western_force_vs_blues_65866106.json,sr:sport_event:65866106,2026-02-21T08:35:00+00:00,Super Rugby,sr:competition:422,Super Rugby 2026,sr:season:137092,2026,league,regular season,2,Super Rugby Pacific 2026,Western Force,sr:competitor:21995,WFO,Blues,sr:competitor:4190,BLU,HIF Health Insurance Oval,Perth,Australia,,"Murphy, Damon",Australia,9,2276795478,penalty_awarded,2026-02-21T08:36:18+00:00,2,1:16,away,Blues,30,57,1,,,,,,,,,,,,,,
super_rugby_2026_western_force_vs_blues_65866106.json,sr:sport_event:65866106,2026-02-21T08:35:00+00:00,Super Rugby,sr:competition:422,Super Rugby 2026,sr:season:137092,2026,league,regular season,2,Super Rugby Pacific 2026,Western Force,sr:competitor:21995,WFO,Blues,sr:competitor:4190,BLU,HIF Health Insurance Oval,Perth,Australia,,"Murphy, Damon",Australia,10,2276795604,kick_to_touch,2026-02-21T08:36:29+00:00,2,1:27,away,Blues,30,57,1,,,,,,,,,,,,,,
super_rugby_2026_western_force_vs_blues_65866106.json,sr:sport_event:65866106,2026-02-21T08:35:00+00:00,Super Rugby,sr:competition:422,Super Rugby 2026,sr:season:137092,2026,league,regular season,2,Super Rugby Pacific 2026,Western Force,sr:competitor:21995,WFO,Blues,sr:competitor:4190,BLU,HIF Health Insurance Oval,Perth,Australia,,"Murphy, Damon",Australia,11,2276795798,line_out,2026-02-21T08:36:45+00:00,2,1:43,away,Blues,13,71,1,,,,,,,,,,,,,,
super_rugby_2026_western_force_vs_blues_65866106.json,sr:sport_event:65866106,2026-02-21T08:35:00+00:00,Super Rugby,sr:competition:422,Super Rugby 2026,sr:season:137092,2026,league,regular season,2,Super Rugby Pacific 2026,Western Force,sr:competitor:21995,WFO,Blues,sr:competitor:4190,BLU,HIF Health Insurance Oval,Perth,Australia,,"Murphy, Damon",Australia,12,2276795938,line_out_won,2026-02-21T08:36:55+00:00,2,1:53,home,Western Force,13,71,1,,,,,,,,,,,,,,
super_rugby_2026_western_force_vs_blues_65866106.json,sr:sport_event:65866106,2026-02-21T08:35:00+00:00,Super Rugby,sr:competition:422,Super Rugby 2026,sr:season:137092,2026,league,regular season,2,Super Rugby Pacific 2026,Western Force,sr:competitor:21995,WFO,Blues,sr:competitor:4190,BLU,HIF Health Insurance Oval,Perth,Australia,,"Murphy, Damon",Australia,13,2276795996,ball_recycled,2026-02-21T08:37:01+00:00,2,1:59,home,Western Force,13,51,1,,,,,,,,,,,,,,
super_rugby_2026_western_force_vs_blues_65866106.json,sr:sport_event:65866106,2026-02-21T08:35:00+00:00,Super Rugby,sr:competition:422,Super Rugby 2026,sr:season:137092,2026,league,regular season,2,Super Rugby Pacific 2026,Western Force,sr:competitor:21995,WFO,Blues,sr:competitor:4190,BLU,HIF Health Insurance Oval,Perth,Australia,,"Murphy, Damon",Australia,14,2276796042,ball_recycled,2026-02-21T08:37:06+00:00,3,2:04,home,Western Force,14,55,1,,,,,,,,,,,,,,
super_rugby_2026_western_force_vs_blues_65866106.json,sr:sport_event:65866106,2026-02-21T08:35:00+00:00,Super Rugby,sr:competition:422,Super Rugby 2026,sr:season:137092,2026,league,regular season,2,Super Rugby Pacific 2026,Western Force,sr:competitor:21995,WFO,Blues,sr:competitor:4190,BLU,HIF Health Insurance Oval,Perth,Australia,,"Murphy, Damon",Australia,15,2276796138,line_out,2026-02-21T08:37:18+00:00,3,2:16,away,Blues,21,72,1,,,,,,,,,,,,,,
super_rugby_2026_western_force_vs_blues_65866106.json,sr:sport_event:65866106,2026-02-21T08:35:00+00:00,Super Rugby,sr:competition:422,Super Rugby 2026,sr:season:137092,2026,league,regular season,2,Super Rugby Pacific 2026,Western Force,sr:competitor:21995,WFO,Blues,sr:competitor:4190,BLU,HIF Health Insurance Oval,Perth,Australia,,"Murphy, Damon",Australia,16,2276796258,line_out_won,2026-02-21T08:37:34+00:00,3,2:32,away,Blues,21,72,1,,,,,,,,,,,,,,
super_rugby_2026_western_force_vs_blues_65866106.json,sr:sport_event:65866106,2026-02-21T08:35:00+00:00,Super Rugby,sr:competition:422,Super Rugby 2026,sr:season:137092,2026,league,regular season,2,Super Rugby Pacific 2026,Western Force,sr:competitor:21995,WFO,Blues,sr:competitor:4190,BLU,HIF Health Insurance Oval,Perth,Australia,,"Murphy, Damon",Australia,17,2276796324,ball_recycled,2026-02-21T08:37:38+00:00,3,2:37,away,Blues,21,67,1,,,,,,,,,,,,,,
super_rugby_2026_western_force_vs_blues_65866106.json,sr:sport_event:65866106,2026-02-21T08:35:00+00:00,Super Rugby,sr:competition:422,Super Rugby 2026,sr:season:137092,2026,league,regular season,2,Super Rugby Pacific 2026,Western Force,sr:competitor:21995,WFO,Blues,sr:competitor:4190,BLU,HIF Health Insurance Oval,Perth,Australia,,"Murphy, Damon",Australia,18,2276796360,ball_recycled,2026-02-21T08:37:43+00:00,3,2:42,away,Blues,19,57,1,,,,,,,,,,,,,,
super_rugby_2026_western_force_vs_blues_65866106.json,sr:sport_event:65866106,2026-02-21T08:35:00+00:00,Super Rugby,sr:competition:422,Super Rugby 2026,sr:season:137092,2026,league,regular season,2,Super Rugby Pacific 2026,Western Force,sr:competitor:21995,WFO,Blues,sr:competitor:4190,BLU,HIF Health Insurance Oval,Perth,Australia,,"Murphy, Damon",Australia,19,2276796398,ball_recycled,2026-02-21T08:37:48+00:00,3,2:47,away,Blues,21,54,1,,,,,,,,,,,,,,
super_rugby_2026_western_force_vs_blues_65866106.json,sr:sport_event:65866106,2026-02-21T08:35:00+00:00,Super Rugby,sr:competition:422,Super Rugby 2026,sr:season:137092,2026,league,regular season,2,Super Rugby Pacific 2026,Western Force,sr:competitor:21995,WFO,Blues,sr:competitor:4190,BLU,HIF Health Insurance Oval,Perth,Australia,,"Murphy, Damon",Australia,20,2276796496,ball_recycled,2026-02-21T08:38:01+00:00,3,3:00,away,Blues,10,34,1,,,,,,,,,,,,,,
super_rugby_2026_western_force_vs_blues_65866106.json,sr:sport_event:65866106,2026-02-21T08:35:00+00:00,Super Rugby,sr:competition:422,Super Rugby 2026,sr:season:137092,2026,league,regular season,2,Super Rugby Pacific 2026,Western Force,sr:competitor:21995,WFO,Blues,sr:competitor:4190,BLU,HIF Health Insurance Oval,Perth,Australia,,"Murphy, Damon",Australia,21,2276796764,scrum,2026-02-21T08:38:27+00:00,4,3:26,away,Blues,11,22,1,,,,,,,,,,,,,,
super_rugby_2026_western_force_vs_blues_65866106.json,sr:sport_event:65866106,2026-02-21T08:35:00+00:00,Super Rugby,sr:competition:422,Super Rugby 2026,sr:season:137092,2026,league,regular season,2,Super Rugby Pacific 2026,Western Force,sr:competitor:21995,WFO,Blues,sr:competitor:4190,BLU,HIF Health Insurance Oval,Perth,Australia,,"Murphy, Damon",Australia,22,2276797096,scrum_reset,2026-02-21T08:39:04+00:00,5,4:03,away,Blues,11,22,1,,,,,,,,,,,,,,
super_rugby_2026_western_force_vs_blues_65866106.json,sr:sport_event:65866106,2026-02-21T08:35:00+00:00,Super Rugby,sr:competition:422,Super Rugby 2026,sr:season:137092,2026,league,regular season,2,Super Rugby Pacific 2026,Western Force,sr:competitor:21995,WFO,Blues,sr:competitor:4190,BLU,HIF Health Insurance Oval,Perth,Australia,,"Murphy, Damon",Australia,23,2276797520,scrum_won,2026-02-21T08:39:54+00:00,5,4:53,away,Blues,11,22,1,,,,,,,,,,,,,,
super_rugby_2026_western_force_vs_blues_65866106.json,sr:sport_event:65866106,2026-02-21T08:35:00+00:00,Super Rugby,sr:competition:422,Super Rugby 2026,sr:season:137092,2026,league,regular season,2,Super Rugby Pacific 2026,Western Force,sr:competitor:21995,WFO,Blues,sr:competitor:4190,BLU,HIF Health Insurance Oval,Perth,Australia,,"Murphy, Damon",Australia,24,2276797560,ball_recycled,2026-02-21T08:39:57+00:00,5,4:56,away,Blues,11,22,1,,,,,,,,,,,,,,
super_rugby_2026_western_force_vs_blues_65866106.json,sr:sport_event:65866106,2026-02-21T08:35:00+00:00,Super Rugby,sr:competition:422,Super Rugby 2026,sr:season:137092,2026,league,regular season,2,Super Rugby Pacific 2026,Western Force,sr:competitor:21995,WFO,Blues,sr:competitor:4190,BLU,HIF Health Insurance Oval,Perth,Australia,,"Murphy, Damon",Australia,25,2276797578,ball_recycled,2026-02-21T08:39:59+00:00,5,4:58,away,Blues,7,26,1,,,,,,,,,,,,,,
super_rugby_2026_western_force_vs_blues_65866106.json,sr:sport_event:65866106,2026-02-21T08:35:00+00:00,Super Rugby,sr:competition:422,Super Rugby 2026,sr:season:137092,2026,league,regular season,2,Super Rugby Pacific 2026,Western Force,sr:competitor:21995,WFO,Blues,sr:competitor:4190,BLU,HIF Health Insurance Oval,Perth,Australia,,"Murphy, Damon",Australia,26,2276797618,ball_recycled,2026-02-21T08:40:03+00:00,6,5:03,away,Blues,10,34,1,,,,,,,,,,,,,,
super_rugby_2026_western_force_vs_blues_65866106.json,sr:sport_event:65866106,2026-02-21T08:35:00+00:00,Super Rugby,sr:competition:422,Super Rugby 2026,sr:season:137092,2026,league,regular season,2,Super Rugby Pacific 2026,Western Force,sr:competitor:21995,WFO,Blues,sr:competitor:4190,BLU,HIF Health Insurance Oval,Perth,Australia,,"Murphy, Damon",Australia,27,2276797694,ball_recycled,2026-02-21T08:40:10+00:00,6,5:09,away,Blues,11,46,1,,,,,,,,,,,,,,
super_rugby_2026_western_force_vs_blues_65866106.json,sr:sport_event:65866106,2026-02-21T08:35:00+00:00,Super Rugby,sr:competition:422,Super Rugby 2026,sr:season:137092,2026,league,regular season,2,Super Rugby Pacific 2026,Western Force,sr:competitor:21995,WFO,Blues,sr:competitor:4190,BLU,HIF Health Insurance Oval,Perth,Australia,,"Murphy, Damon",Australia,28,2276797722,ball_recycled,2026-02-21T08:40:16+00:00,6,5:15,away,Blues,7,47,1,,,,,,,,,,,,,,
super_rugby_2026_western_force_vs_blues_65866106.json,sr:sport_event:65866106,2026-02-21T08:35:00+00:00,Super Rugby,sr:competition:422,Super Rugby 2026,sr:season:137092,2026,league,regular season,2,Super Rugby Pacific 2026,Western Force,sr:competitor:21995,WFO,Blues,sr:competitor:4190,BLU,HIF Health Insurance Oval,Perth,Australia,,"Murphy, Damon",Australia,29,2276798058,score_change,2026-02-21T08:40:48+00:00,6,5:47,away,Blues,4,48,1,,,0,5,try,,,sr:player:2324921,"Fusitua, Josh",,,,,"[{""id"": ""sr:player:2324921"", ""name"": ""Fusitua, Josh"", ""type"": ""scorer""}]"
super_rugby_2026_western_force_vs_blues_65866106.json,sr:sport_event:65866106,2026-02-21T08:35:00+00:00,Super Rugby,sr:competition:422,Super Rugby 2026,sr:season:137092,2026,league,regular season,2,Super Rugby Pacific 2026,Western Force,sr:competitor:21995,WFO,Blues,sr:competitor:4190,BLU,HIF Health Insurance Oval,Perth,Australia,,"Murphy, Damon",Australia,30,2276798334,score_change,2026-02-21T08:41:23+00:00,7,6:22,away,Blues,55,35,1,,,0,7,conversion,,,sr:player:1001635,"Perofeta, Stephen",,,,,"[{""id"": ""sr:player:1001635"", ""name"": ""Perofeta, Stephen"", ""type"": ""scorer""}]"
super_rugby_2026_western_force_vs_blues_65866106.json,sr:sport_event:65866106,2026-02-21T08:35:00+00:00,Super Rugby,sr:competition:422,Super Rugby 2026,sr:season:137092,2026,league,regular season,2,Super Rugby Pacific 2026,Western Force,sr:competitor:21995,WFO,Blues,sr:competitor:4190,BLU,HIF Health Insurance Oval,Perth,Australia,,"Murphy, Damon",Australia,31,2276798492,ball_kicked,2026-02-21T08:41:43+00:00,7,6:43,home,Western Force,76,62,1,,,,,,,,,,,,,,
super_rugby_2026_western_force_vs_blues_65866106.json,sr:sport_event:65866106,2026-02-21T08:35:00+00:00,Super Rugby,sr:competition:422,Super Rugby 2026,sr:season:137092,2026,league,regular season,2,Super Rugby Pacific 2026,Western Force,sr:competitor:21995,WFO,Blues,sr:competitor:4190,BLU,HIF Health Insurance Oval,Perth,Australia,,"Murphy, Damon",Australia,32,2276798544,ball_recycled,2026-02-21T08:41:50+00:00,7,6:49,away,Blues,80,54,1,,,,,,,,,,,,,,
super_rugby_2026_western_force_vs_blues_65866106.json,sr:sport_event:65866106,2026-02-21T08:35:00+00:00,Super Rugby,sr:competition:422,Super Rugby 2026,sr:season:137092,2026,league,regular season,2,Super Rugby Pacific 2026,Western Force,sr:competitor:21995,WFO,Blues,sr:competitor:4190,BLU,HIF Health Insurance Oval,Perth,Australia,,"Murphy, Damon",Australia,33,2276798676,ball_recycled,2026-02-21T08:42:03+00:00,8,7:02,away,Blues,79,56,1,,,,,,,,,,,,,,
super_rugby_2026_western_force_vs_blues_65866106.json,sr:sport_event:65866106,2026-02-21T08:35:00+00:00,Super Rugby,sr:competition:422,Super Rugby 2026,sr:season:137092,2026,league,regular season,2,Super Rugby Pacific 2026,Western Force,sr:competitor:21995,WFO,Blues,sr:competitor:4190,BLU,HIF Health Insurance Oval,Perth,Australia,,"Murphy, Damon",Australia,34,2276798794,line_out,2026-02-21T08:42:16+00:00,8,7:15,home,Western Force,75,72,1,,,,,,,,,,,,,,
super_rugby_2026_western_force_vs_blues_65866106.json,sr:sport_event:65866106,2026-02-21T08:35:00+00:00,Super Rugby,sr:competition:422,Super Rugby 2026,sr:season:137092,2026,league,regular season,2,Super Rugby Pacific 2026,Western Force,sr:competitor:21995,WFO,Blues,sr:competitor:4190,BLU,HIF Health Insurance Oval,Perth,Australia,,"Murphy, Damon",Australia,35,2276798940,line_out_won,2026-02-21T08:42:30+00:00,8,7:29,home,Western Force,75,72,1,,,,,,,,,,,,,,
super_rugby_2026_western_force_vs_blues_65866106.json,sr:sport_event:65866106,2026-02-21T08:35:00+00:00,Super Rugby,sr:competition:422,Super Rugby 2026,sr:season:137092,2026,league,regular season,2,Super Rugby Pacific 2026,Western Force,sr:competitor:21995,WFO,Blues,sr:competitor:4190,BLU,HIF Health Insurance Oval,Perth,Australia,,"Murphy, Damon",Australia,36,2276799006,ball_recycled,2026-02-21T08:42:37+00:00,8,7:36,home,Western Force,79,50,1,,,,,,,,,,,,,,
super_rugby_2026_western_force_vs_blues_65866106.json,sr:sport_event:65866106,2026-02-21T08:35:00+00:00,Super Rugby,sr:competition:422,Super Rugby 2026,sr:season:137092,2026,league,regular season,2,Super Rugby Pacific 2026,Western Force,sr:competitor:21995,WFO,Blues,sr:competitor:4190,BLU,HIF Health Insurance Oval,Perth,Australia,,"Murphy, Damon",Australia,37,2276799046,ball_recycled,2026-02-21T08:42:40+00:00,8,7:39,home,Western Force,79,47,1,,,,,,,,,,,,,,
super_rugby_2026_western_force_vs_blues_65866106.json,sr:sport_event:65866106,2026-02-21T08:35:00+00:00,Super Rugby,sr:competition:422,Super Rugby 2026,sr:season:137092,2026,league,regular season,2,Super Rugby Pacific 2026,Western Force,sr:competitor:21995,WFO,Blues,sr:competitor:4190,BLU,HIF Health Insurance Oval,Perth,Australia,,"Murphy, Damon",Australia,38,2276799096,ball_recycled,2026-02-21T08:42:46+00:00,8,7:46,home,Western Force,80,40,1,,,,,,,,,,,,,,
super_rugby_2026_western_force_vs_blues_65866106.json,sr:sport_event:65866106,2026-02-21T08:35:00+00:00,Super Rugby,sr:competition:422,Super Rugby 2026,sr:season:137092,2026,league,regular season,2,Super Rugby Pacific 2026,Western Force,sr:competitor:21995,WFO,Blues,sr:competitor:4190,BLU,HIF Health Insurance Oval,Perth,Australia,,"Murphy, Damon",Australia,39,2276799210,ball_recycled,2026-02-21T08:42:54+00:00,8,7:53,home,Western Force,77,53,1,,,,,,,,,,,,,,
super_rugby_2026_western_force_vs_blues_65866106.json,sr:sport_event:65866106,2026-02-21T08:35:00+00:00,Super Rugby,sr:competition:422,Super Rugby 2026,sr:season:137092,2026,league,regular season,2,Super Rugby Pacific 2026,Western Force,sr:competitor:21995,WFO,Blues,sr:competitor:4190,BLU,HIF Health Insurance Oval,Perth,Australia,,"Murphy, Damon",Australia,40,2276799256,ball_recycled,2026-02-21T08:42:59+00:00,8,7:58,home,Western Force,76,60,1,,,,,,,,,,,,,,
super_rugby_2026_western_force_vs_blues_65866106.json,sr:sport_event:65866106,2026-02-21T08:35:00+00:00,Super Rugby,sr:competition:422,Super Rugby 2026,sr:season:137092,2026,league,regular season,2,Super Rugby Pacific 2026,Western Force,sr:competitor:21995,WFO,Blues,sr:competitor:4190,BLU,HIF Health Insurance Oval,Perth,Australia,,"Murphy, Damon",Australia,41,2276799302,ball_recycled,2026-02-21T08:43:03+00:00,9,8:02,home,Western Force,76,53,1,,,,,,,,,,,,,,
super_rugby_2026_western_force_vs_blues_65866106.json,sr:sport_event:65866106,2026-02-21T08:35:00+00:00,Super Rugby,sr:competition:422,Super Rugby 2026,sr:season:137092,2026,league,regular season,2,Super Rugby Pacific 2026,Western Force,sr:competitor:21995,WFO,Blues,sr:competitor:4190,BLU,HIF Health Insurance Oval,Perth,Australia,,"Murphy, Damon",Australia,42,2276799390,ball_recycled,2026-02-21T08:43:11+00:00,9,8:10,home,Western Force,79,46,1,,,,,,,,,,,,,,
super_rugby_2026_western_force_vs_blues_65866106.json,sr:sport_event:65866106,2026-02-21T08:35:00+00:00,Super Rugby,sr:competition:422,Super Rugby 2026,sr:season:137092,2026,league,regular season,2,Super Rugby Pacific 2026,Western Force,sr:competitor:21995,WFO,Blues,sr:competitor:4190,BLU,HIF Health Insurance Oval,Perth,Australia,,"Murphy, Damon",Australia,43,2276799470,ball_recycled,2026-02-21T08:43:19+00:00,9,8:18,home,Western Force,79,16,1,,,,,,,,,,,,,,
super_rugby_2026_western_force_vs_blues_65866106.json,sr:sport_event:65866106,2026-02-21T08:35:00+00:00,Super Rugby,sr:competition:422,Super Rugby 2026,sr:season:137092,2026,league,regular season,2,Super Rugby Pacific 2026,Western Force,sr:competitor:21995,WFO,Blues,sr:competitor:4190,BLU,HIF Health Insurance Oval,Perth,Australia,,"Murphy, Damon",Australia,44,2276799506,ball_recycled,2026-02-21T08:43:22+00:00,9,8:21,home,Western Force,80,12,1,,,,,,,,,,,,,,
super_rugby_2026_western_force_vs_blues_65866106.json,sr:sport_event:65866106,2026-02-21T08:35:00+00:00,Super Rugby,sr:competition:422,Super Rugby 2026,sr:season:137092,2026,league,regular season,2,Super Rugby Pacific 2026,Western Force,sr:competitor:21995,WFO,Blues,sr:competitor:4190,BLU,HIF Health Insurance Oval,Perth,Australia,,"Murphy, Damon",Australia,45,2276799576,ball_recycled,2026-02-21T08:43:28+00:00,9,8:27,home,Western Force,77,51,1,,,,,,,,,,,,,,
super_rugby_2026_western_force_vs_blues_65866106.json,sr:sport_event:65866106,2026-02-21T08:35:00+00:00,Super Rugby,sr:competition:422,Super Rugby 2026,sr:season:137092,2026,league,regular season,2,Super Rugby Pacific 2026,Western Force,sr:competitor:21995,WFO,Blues,sr:competitor:4190,BLU,HIF Health Insurance Oval,Perth,Australia,,"Murphy, Damon",Australia,46,2276799626,ball_recycled,2026-02-21T08:43:35+00:00,9,8:34,home,Western Force,81,56,1,,,,,,,,,,,,,,
super_rugby_2026_western_force_vs_blues_65866106.json,sr:sport_event:65866106,2026-02-21T08:35:00+00:00,Super Rugby,sr:competition:422,Super Rugby 2026,sr:season:137092,2026,league,regular season,2,Super Rugby Pacific 2026,Western Force,sr:competitor:21995,WFO,Blues,sr:competitor:4190,BLU,HIF Health Insurance Oval,Perth,Australia,,"Murphy, Damon",Australia,47,2276799716,ball_recycled,2026-02-21T08:43:41+00:00,9,8:41,home,Western Force,81,51,1,,,,,,,,,,,,,,
super_rugby_2026_western_force_vs_blues_65866106.json,sr:sport_event:65866106,2026-02-21T08:35:00+00:00,Super Rugby,sr:competition:422,Super Rugby 2026,sr:season:137092,2026,league,regular season,2,Super Rugby Pacific 2026,Western Force,sr:competitor:21995,WFO,Blues,sr:competitor:4190,BLU,HIF Health Insurance Oval,Perth,Australia,,"Murphy, Damon",Australia,48,2276799832,ball_recycled,2026-02-21T08:43:54+00:00,9,8:53,home,Western Force,89,6,1,,,,,,,,,,,,,,
super_rugby_2026_western_force_vs_blues_65866106.json,sr:sport_event:65866106,2026-02-21T08:35:00+00:00,Super Rugby,sr:competition:422,Super Rugby 2026,sr:season:137092,2026,league,regular season,2,Super Rugby Pacific 2026,Western Force,sr:competitor:21995,WFO,Blues,sr:competitor:4190,BLU,HIF Health Insurance Oval,Perth,Australia,,"Murphy, Damon",Australia,49,2276799888,ball_recycled,2026-02-21T08:44:00+00:00,9,8:59,home,Western Force,88,16,1,,,,,,,,,,,,,,
super_rugby_2026_western_force_vs_blues_65866106.json,sr:sport_event:65866106,2026-02-21T08:35:00+00:00,Super Rugby,sr:competition:422,Super Rugby 2026,sr:season:137092,2026,league,regular season,2,Super Rugby Pacific 2026,Western Force,sr:competitor:21995,WFO,Blues,sr:competitor:4190,BLU,HIF Health Insurance Oval,Perth,Australia,,"Murphy, Damon",Australia,50,2276799918,ball_recycled,2026-02-21T08:44:04+00:00,10,9:03,home,Western Force,88,26,1,,,,,,,,,,,,,,
super_rugby_2026_western_force_vs_blues_65866106.json,sr:sport_event:65866106,2026-02-21T08:35:00+00:00,Super Rugby,sr:competition:422,Super Rugby 2026,sr:season:137092,2026,league,regular season,2,Super Rugby Pacific 2026,Western Force,sr:competitor:21995,WFO,Blues,sr:competitor:4190,BLU,HIF Health Insurance Oval,Perth,Australia,,"Murphy, Damon",Australia,51,2276799946,ball_recycled,2026-02-21T08:44:08+00:00,10,9:07,home,Western Force,88,26,1,,,,,,,,,,,,,,
super_rugby_2026_western_force_vs_blues_65866106.json,sr:sport_event:65866106,2026-02-21T08:35:00+00:00,Super Rugby,sr:competition:422,Super Rugby 2026,sr:season:137092,2026,league,regular season,2,Super Rugby Pacific 2026,Western Force,sr:competitor:21995,WFO,Blues,sr:competitor:4190,BLU,HIF Health Insurance Oval,Perth,Australia,,"Murphy, Damon",Australia,52,2276799966,ball_recycled,2026-02-21T08:44:11+00:00,10,9:10,home,Western Force,91,34,1,,,,,,,,,,,,,,
super_rugby_2026_western_force_vs_blues_65866106.json,sr:sport_event:65866106,2026-02-21T08:35:00+00:00,Super Rugby,sr:competition:422,Super Rugby 2026,sr:season:137092,2026,league,regular season,2,Super Rugby Pacific 2026,Western Force,sr:competitor:21995,WFO,Blues,sr:competitor:4190,BLU,HIF Health Insurance Oval,Perth,Australia,,"Murphy, Damon",Australia,53,2276800008,ball_recycled,2026-02-21T08:44:16+00:00,10,9:15,home,Western Force,93,41,1,,,,,,,,,,,,,,
super_rugby_2026_western_force_vs_blues_65866106.json,sr:sport_event:65866106,2026-02-21T08:35:00+00:00,Super Rugby,sr:competition:422,Super Rugby 2026,sr:season:137092,2026,league,regular season,2,Super Rugby Pacific 2026,Western Force,sr:competitor:21995,WFO,Blues,sr:competitor:4190,BLU,HIF Health Insurance Oval,Perth,Australia,,"Murphy, Damon",Australia,54,2276800072,ball_recycled,2026-02-21T08:44:26+00:00,10,9:25,home,Western Force,97,51,1,,,,,,,,,,,,,,
super_rugby_2026_western_force_vs_blues_65866106.json,sr:sport_event:65866106,2026-02-21T08:35:00+00:00,Super Rugby,sr:competition:422,Super Rugby 2026,sr:season:137092,2026,league,regular season,2,Super Rugby Pacific 2026,Western Force,sr:competitor:21995,WFO,Blues,sr:competitor:4190,BLU,HIF Health Insurance Oval,Perth,Australia,,"Murphy, Damon",Australia,55,2276800186,penalty_awarded,2026-02-21T08:44:40+00:00,10,9:39,home,Western Force,87,30,1,,,,,,,,,,,,,,
super_rugby_2026_western_force_vs_blues_65866106.json,sr:sport_event:65866106,2026-02-21T08:35:00+00:00,Super Rugby,sr:competition:422,Super Rugby 2026,sr:season:137092,2026,league,regular season,2,Super Rugby Pacific 2026,Western Force,sr:competitor:21995,WFO,Blues,sr:competitor:4190,BLU,HIF Health Insurance Oval,Perth,Australia,,"Murphy, Damon",Australia,56,2276800226,tap_and_go,2026-02-21T08:44:42+00:00,10,9:42,home,Western Force,87,30,1,,,,,,,,,,,,,,
super_rugby_2026_western_force_vs_blues_65866106.json,sr:sport_event:65866106,2026-02-21T08:35:00+00:00,Super Rugby,sr:competition:422,Super Rugby 2026,sr:season:137092,2026,league,regular season,2,Super Rugby Pacific 2026,Western Force,sr:competitor:21995,WFO,Blues,sr:competitor:4190,BLU,HIF Health Insurance Oval,Perth,Australia,,"Murphy, Damon",Australia,57,2276800440,scrum,2026-02-21T08:45:04+00:00,11,10:04,home,Western Force,99,30,1,,,,,,,,,,,,,,
super_rugby_2026_western_force_vs_blues_65866106.json,sr:sport_event:65866106,2026-02-21T08:35:00+00:00,Super Rugby,sr:competition:422,Super Rugby 2026,sr:season:137092,2026,league,regular season,2,Super Rugby Pacific 2026,Western Force,sr:competitor:21995,WFO,Blues,sr:competitor:4190,BLU,HIF Health Insurance Oval,Perth,Australia,,"Murphy, Damon",Australia,58,2276800858,scrum_won,2026-02-21T08:45:35+00:00,11,10:34,home,Western Force,99,30,1,,,,,,,,,,,,,,
super_rugby_2026_western_force_vs_blues_65866106.json,sr:sport_event:65866106,2026-02-21T08:35:00+00:00,Super Rugby,sr:competition:422,Super Rugby 2026,sr:season:137092,2026,league,regular season,2,Super Rugby Pacific 2026,Western Force,sr:competitor:21995,WFO,Blues,sr:competitor:4190,BLU,HIF Health Insurance Oval,Perth,Australia,,"Murphy, Damon",Australia,59,2276801094,penalty_awarded,2026-02-21T08:45:56+00:00,11,10:55,home,Western Force,99,15,1,,,,,,,,,,,,,,
super_rugby_2026_western_force_vs_blues_65866106.json,sr:sport_event:65866106,2026-02-21T08:35:00+00:00,Super Rugby,sr:competition:422,Super Rugby 2026,sr:season:137092,2026,league,regular season,2,Super Rugby Pacific 2026,Western Force,sr:competitor:21995,WFO,Blues,sr:competitor:4190,BLU,HIF Health Insurance Oval,Perth,Australia,,"Murphy, Damon",Australia,60,2276801118,kick_to_touch,2026-02-21T08:45:59+00:00,11,10:59,home,Western Force,99,15,1,,,,,,,,,,,,,,
super_rugby_2026_western_force_vs_blues_65866106.json,sr:sport_event:65866106,2026-02-21T08:35:00+00:00,Super Rugby,sr:competition:422,Super Rugby 2026,sr:season:137092,2026,league,regular season,2,Super Rugby Pacific 2026,Western Force,sr:competitor:21995,WFO,Blues,sr:competitor:4190,BLU,HIF Health Insurance Oval,Perth,Australia,,"Murphy, Damon",Australia,61,2276801220,line_out,2026-02-21T08:46:10+00:00,12,11:09,home,Western Force,100,-1,1,,,,,,,,,,,,,,
super_rugby_2026_western_force_vs_blues_65866106.json,sr:sport_event:65866106,2026-02-21T08:35:00+00:00,Super Rugby,sr:competition:422,Super Rugby 2026,sr:season:137092,2026,league,regular season,2,Super Rugby Pacific 2026,Western Force,sr:competitor:21995,WFO,Blues,sr:competitor:4190,BLU,HIF Health Insurance Oval,Perth,Australia,,"Murphy, Damon",Australia,62,2276801484,tap_and_go,2026-02-21T08:46:39+00:00,12,11:38,home,Western Force,100,-1,1,,,,,,,,,,,,,,
super_rugby_2026_western_force_vs_blues_65866106.json,sr:sport_event:65866106,2026-02-21T08:35:00+00:00,Super Rugby,sr:competition:422,Super Rugby 2026,sr:season:137092,2026,league,regular season,2,Super Rugby Pacific 2026,Western Force,sr:competitor:21995,WFO,Blues,sr:competitor:4190,BLU,HIF Health Insurance Oval,Perth,Australia,,"Murphy, Damon",Australia,63,2276801522,ball_recycled,2026-02-21T08:46:43+00:00,12,11:42,home,Western Force,103,19,1,,,,,,,,,,,,,,
super_rugby_2026_western_force_vs_blues_65866106.json,sr:sport_event:65866106,2026-02-21T08:35:00+00:00,Super Rugby,sr:competition:422,Super Rugby 2026,sr:season:137092,2026,league,regular season,2,Super Rugby Pacific 2026,Western Force,sr:competitor:21995,WFO,Blues,sr:competitor:4190,BLU,HIF Health Insurance Oval,Perth,Australia,,"Murphy, Damon",Australia,64,2276801608,ball_recycled,2026-02-21T08:46:51+00:00,12,11:50,home,Western Force,103,21,1,,,,,,,,,,,,,,
super_rugby_2026_western_force_vs_blues_65866106.json,sr:sport_event:65866106,2026-02-21T08:35:00+00:00,Super Rugby,sr:competition:422,Super Rugby 2026,sr:season:137092,2026,league,regular season,2,Super Rugby Pacific 2026,Western Force,sr:competitor:21995,WFO,Blues,sr:competitor:4190,BLU,HIF Health Insurance Oval,Perth,Australia,,"Murphy, Damon",Australia,65,2276801736,score_change,2026-02-21T08:47:05+00:00,13,12:04,home,Western Force,108,23,1,,,5,7,try,,,sr:player:1256810,"Johnson-Holmes, Harry",,,,,"[{""id"": ""sr:player:1256810"", ""name"": ""Johnson-Holmes, Harry"", ""type"": ""scorer""}]"
super_rugby_2026_western_force_vs_blues_65866106.json,sr:sport_event:65866106,2026-02-21T08:35:00+00:00,Super Rugby,sr:competition:422,Super Rugby 2026,sr:season:137092,2026,league,regular season,2,Super Rugby Pacific 2026,Western Force,sr:competitor:21995,WFO,Blues,sr:competitor:4190,BLU,HIF Health Insurance Oval,Perth,Australia,,"Murphy, Damon",Australia,66,2276802150,score_change,2026-02-21T08:47:53+00:00,13,12:52,home,Western Force,55,35,1,,,7,7,conversion,,,sr:player:2049955,"Donaldson, Ben",,,,,"[{""id"": ""sr:player:2049955"", ""name"": ""Donaldson, Ben"", ""type"": ""scorer""}]"
super_rugby_2026_western_force_vs_blues_65866106.json,sr:sport_event:65866106,2026-02-21T08:35:00+00:00,Super Rugby,sr:competition:422,Super Rugby 2026,sr:season:137092,2026,league,regular season,2,Super Rugby Pacific 2026,Western Force,sr:competitor:21995,WFO,Blues,sr:competitor:4190,BLU,HIF Health Insurance Oval,Perth,Australia,,"Murphy, Damon",Australia,67,2276802766,scrum,2026-02-21T08:49:07+00:00,15,14:06,home,Western Force,42,64,1,,,,,,,,,,,,,,
super_rugby_2026_western_force_vs_blues_65866106.json,sr:sport_event:65866106,2026-02-21T08:35:00+00:00,Super Rugby,sr:competition:422,Super Rugby 2026,sr:season:137092,2026,league,regular season,2,Super Rugby Pacific 2026,Western Force,sr:competitor:21995,WFO,Blues,sr:competitor:4190,BLU,HIF Health Insurance Oval,Perth,Australia,,"Murphy, Damon",Australia,68,2276802856,scrum_won,2026-02-21T08:49:19+00:00,15,14:18,home,Western Force,42,64,1,,,,,,,,,,,,,,
super_rugby_2026_western_force_vs_blues_65866106.json,sr:sport_event:65866106,2026-02-21T08:35:00+00:00,Super Rugby,sr:competition:422,Super Rugby 2026,sr:season:137092,2026,league,regular season,2,Super Rugby Pacific 2026,Western Force,sr:competitor:21995,WFO,Blues,sr:competitor:4190,BLU,HIF Health Insurance Oval,Perth,Australia,,"Murphy, Damon",Australia,69,2276802892,ball_recycled,2026-02-21T08:49:28+00:00,15,14:27,home,Western Force,55,16,1,,,,,,,,,,,,,,
super_rugby_2026_western_force_vs_blues_65866106.json,sr:sport_event:65866106,2026-02-21T08:35:00+00:00,Super Rugby,sr:competition:422,Super Rugby 2026,sr:season:137092,2026,league,regular season,2,Super Rugby Pacific 2026,Western Force,sr:competitor:21995,WFO,Blues,sr:competitor:4190,BLU,HIF Health Insurance Oval,Perth,Australia,,"Murphy, Damon",Australia,70,2276802930,ball_recycled,2026-02-21T08:49:34+00:00,15,14:33,home,Western Force,59,20,1,,,,,,,,,,,,,,
super_rugby_2026_western_force_vs_blues_65866106.json,sr:sport_event:65866106,2026-02-21T08:35:00+00:00,Super Rugby,sr:competition:422,Super Rugby 2026,sr:season:137092,2026,league,regular season,2,Super Rugby Pacific 2026,Western Force,sr:competitor:21995,WFO,Blues,sr:competitor:4190,BLU,HIF Health Insurance Oval,Perth,Australia,,"Murphy, Damon",Australia,71,2276802948,ball_kicked,2026-02-21T08:49:39+00:00,15,14:38,home,Western Force,80,6,1,,,,,,,,,,,,,,
super_rugby_2026_western_force_vs_blues_65866106.json,sr:sport_event:65866106,2026-02-21T08:35:00+00:00,Super Rugby,sr:competition:422,Super Rugby 2026,sr:season:137092,2026,league,regular season,2,Super Rugby Pacific 2026,Western Force,sr:competitor:21995,WFO,Blues,sr:competitor:4190,BLU,HIF Health Insurance Oval,Perth,Australia,,"Murphy, Damon",Australia,72,2276803006,ball_recycled,2026-02-21T08:49:45+00:00,15,14:44,away,Blues,76,12,1,,,,,,,,,,,,,,
super_rugby_2026_western_force_vs_blues_65866106.json,sr:sport_event:65866106,2026-02-21T08:35:00+00:00,Super Rugby,sr:competition:422,Super Rugby 2026,sr:season:137092,2026,league,regular season,2,Super Rugby Pacific 2026,Western Force,sr:competitor:21995,WFO,Blues,sr:competitor:4190,BLU,HIF Health Insurance Oval,Perth,Australia,,"Murphy, Damon",Australia,73,2276803078,ball_recycled,2026-02-21T08:49:53+00:00,15,14:52,away,Blues,67,43,1,,,,,,,,,,,,,,
super_rugby_2026_western_force_vs_blues_65866106.json,sr:sport_event:65866106,2026-02-21T08:35:00+00:00,Super Rugby,sr:competition:422,Super Rugby 2026,sr:season:137092,2026,league,regular season,2,Super Rugby Pacific 2026,Western Force,sr:competitor:21995,WFO,Blues,sr:competitor:4190,BLU,HIF Health Insurance Oval,Perth,Australia,,"Murphy, Damon",Australia,74,2276803114,ball_recycled,2026-02-21T08:49:57+00:00,15,14:56,away,Blues,60,53,1,,,,,,,,,,,,,,
super_rugby_2026_western_force_vs_blues_65866106.json,sr:sport_event:65866106,2026-02-21T08:35:00+00:00,Super Rugby,sr:competition:422,Super Rugby 2026,sr:season:137092,2026,league,regular season,2,Super Rugby Pacific 2026,Western Force,sr:competitor:21995,WFO,Blues,sr:competitor:4190,BLU,HIF Health Insurance Oval,Perth,Australia,,"Murphy, Damon",Australia,75,2276803214,ball_recycled,2026-02-21T08:50:09+00:00,16,15:08,away,Blues,59,18,1,,,,,,,,,,,,,,
super_rugby_2026_western_force_vs_blues_65866106.json,sr:sport_event:65866106,2026-02-21T08:35:00+00:00,Super Rugby,sr:competition:422,Super Rugby 2026,sr:season:137092,2026,league,regular season,2,Super Rugby Pacific 2026,Western Force,sr:competitor:21995,WFO,Blues,sr:competitor:4190,BLU,HIF Health Insurance Oval,Perth,Australia,,"Murphy, Damon",Australia,76,2276803262,ball_recycled,2026-02-21T08:50:16+00:00,16,15:15,away,Blues,56,7,1,,,,,,,,,,,,,,
super_rugby_2026_western_force_vs_blues_65866106.json,sr:sport_event:65866106,2026-02-21T08:35:00+00:00,Super Rugby,sr:competition:422,Super Rugby 2026,sr:season:137092,2026,league,regular season,2,Super Rugby Pacific 2026,Western Force,sr:competitor:21995,WFO,Blues,sr:competitor:4190,BLU,HIF Health Insurance Oval,Perth,Australia,,"Murphy, Damon",Australia,77,2276803456,ball_kicked,2026-02-21T08:50:37+00:00,16,15:36,away,Blues,55,14,1,,,,,,,,,,,,,,
super_rugby_2026_western_force_vs_blues_65866106.json,sr:sport_event:65866106,2026-02-21T08:35:00+00:00,Super Rugby,sr:competition:422,Super Rugby 2026,sr:season:137092,2026,league,regular season,2,Super Rugby Pacific 2026,Western Force,sr:competitor:21995,WFO,Blues,sr:competitor:4190,BLU,HIF Health Insurance Oval,Perth,Australia,,"Murphy, Damon",Australia,78,2276803524,ball_kicked,2026-02-21T08:50:45+00:00,16,15:44,home,Western Force,79,62,1,,,,,,,,,,,,,,
super_rugby_2026_western_force_vs_blues_65866106.json,sr:sport_event:65866106,2026-02-21T08:35:00+00:00,Super Rugby,sr:competition:422,Super Rugby 2026,sr:season:137092,2026,league,regular season,2,Super Rugby Pacific 2026,Western Force,sr:competitor:21995,WFO,Blues,sr:competitor:4190,BLU,HIF Health Insurance Oval,Perth,Australia,,"Murphy, Damon",Australia,79,2276803572,ball_recycled,2026-02-21T08:50:52+00:00,16,15:51,away,Blues,58,57,1,,,,,,,,,,,,,,
super_rugby_2026_western_force_vs_blues_65866106.json,sr:sport_event:65866106,2026-02-21T08:35:00+00:00,Super Rugby,sr:competition:422,Super Rugby 2026,sr:season:137092,2026,league,regular season,2,Super Rugby Pacific 2026,Western Force,sr:competitor:21995,WFO,Blues,sr:competitor:4190,BLU,HIF Health Insurance Oval,Perth,Australia,,"Murphy, Damon",Australia,80,2276803610,ball_recycled,2026-02-21T08:50:58+00:00,16,15:57,away,Blues,50,55,1,,,,,,,,,,,,,,
super_rugby_2026_western_force_vs_blues_65866106.json,sr:sport_event:65866106,2026-02-21T08:35:00+00:00,Super Rugby,sr:competition:422,Super Rugby 2026,sr:season:137092,2026,league,regular season,2,Super Rugby Pacific 2026,Western Force,sr:competitor:21995,WFO,Blues,sr:competitor:4190,BLU,HIF Health Insurance Oval,Perth,Australia,,"Murphy, Damon",Australia,81,2276803678,penalty_awarded,2026-02-21T08:51:05+00:00,17,16:04,away,Blues,50,55,1,,,,,,,,,,,,,,
super_rugby_2026_western_force_vs_blues_65866106.json,sr:sport_event:65866106,2026-02-21T08:35:00+00:00,Super Rugby,sr:competition:422,Super Rugby 2026,sr:season:137092,2026,league,regular season,2,Super Rugby Pacific 2026,Western Force,sr:competitor:21995,WFO,Blues,sr:competitor:4190,BLU,HIF Health Insurance Oval,Perth,Australia,,"Murphy, Damon",Australia,82,2276803822,kick_to_touch,2026-02-21T08:51:27+00:00,17,16:26,away,Blues,50,55,1,,,,,,,,,,,,,,
super_rugby_2026_western_force_vs_blues_65866106.json,sr:sport_event:65866106,2026-02-21T08:35:00+00:00,Super Rugby,sr:competition:422,Super Rugby 2026,sr:season:137092,2026,league,regular season,2,Super Rugby Pacific 2026,Western Force,sr:competitor:21995,WFO,Blues,sr:competitor:4190,BLU,HIF Health Insurance Oval,Perth,Australia,,"Murphy, Damon",Australia,83,2276803886,line_out,2026-02-21T08:51:35+00:00,17,16:34,away,Blues,22,72,1,,,,,,,,,,,,,,
super_rugby_2026_western_force_vs_blues_65866106.json,sr:sport_event:65866106,2026-02-21T08:35:00+00:00,Super Rugby,sr:competition:422,Super Rugby 2026,sr:season:137092,2026,league,regular season,2,Super Rugby Pacific 2026,Western Force,sr:competitor:21995,WFO,Blues,sr:competitor:4190,BLU,HIF Health Insurance Oval,Perth,Australia,,"Murphy, Damon",Australia,84,2276804052,line_out_won,2026-02-21T08:51:54+00:00,17,16:53,away,Blues,22,72,1,,,,,,,,,,,,,,
super_rugby_2026_western_force_vs_blues_65866106.json,sr:sport_event:65866106,2026-02-21T08:35:00+00:00,Super Rugby,sr:competition:422,Super Rugby 2026,sr:season:137092,2026,league,regular season,2,Super Rugby Pacific 2026,Western Force,sr:competitor:21995,WFO,Blues,sr:competitor:4190,BLU,HIF Health Insurance Oval,Perth,Australia,,"Murphy, Damon",Australia,85,2276804144,penalty_awarded,2026-02-21T08:52:05+00:00,18,17:04,away,Blues,26,55,1,,,,,,,,,,,,,,
super_rugby_2026_western_force_vs_blues_65866106.json,sr:sport_event:65866106,2026-02-21T08:35:00+00:00,Super Rugby,sr:competition:422,Super Rugby 2026,sr:season:137092,2026,league,regular season,2,Super Rugby Pacific 2026,Western Force,sr:competitor:21995,WFO,Blues,sr:competitor:4190,BLU,HIF Health Insurance Oval,Perth,Australia,,"Murphy, Damon",Australia,86,2276804284,kick_to_touch,2026-02-21T08:52:22+00:00,18,17:21,away,Blues,26,55,1,,,,,,,,,,,,,,
super_rugby_2026_western_force_vs_blues_65866106.json,sr:sport_event:65866106,2026-02-21T08:35:00+00:00,Super Rugby,sr:competition:422,Super Rugby 2026,sr:season:137092,2026,league,regular season,2,Super Rugby Pacific 2026,Western Force,sr:competitor:21995,WFO,Blues,sr:competitor:4190,BLU,HIF Health Insurance Oval,Perth,Australia,,"Murphy, Damon",Australia,87,2276804384,line_out,2026-02-21T08:52:34+00:00,18,17:33,away,Blues,15,72,1,,,,,,,,,,,,,,
super_rugby_2026_western_force_vs_blues_65866106.json,sr:sport_event:65866106,2026-02-21T08:35:00+00:00,Super Rugby,sr:competition:422,Super Rugby 2026,sr:season:137092,2026,league,regular season,2,Super Rugby Pacific 2026,Western Force,sr:competitor:21995,WFO,Blues,sr:competitor:4190,BLU,HIF Health Insurance Oval,Perth,Australia,,"Murphy, Damon",Australia,88,2276804486,line_out_won,2026-02-21T08:52:52+00:00,18,17:51,away,Blues,15,72,1,,,,,,,,,,,,,,
super_rugby_2026_western_force_vs_blues_65866106.json,sr:sport_event:65866106,2026-02-21T08:35:00+00:00,Super Rugby,sr:competition:422,Super Rugby 2026,sr:season:137092,2026,league,regular season,2,Super Rugby Pacific 2026,Western Force,sr:competitor:21995,WFO,Blues,sr:competitor:4190,BLU,HIF Health Insurance Oval,Perth,Australia,,"Murphy, Damon",Australia,89,2276804528,ball_recycled,2026-02-21T08:52:58+00:00,18,17:57,away,Blues,13,66,1,,,,,,,,,,,,,,
super_rugby_2026_western_force_vs_blues_65866106.json,sr:sport_event:65866106,2026-02-21T08:35:00+00:00,Super Rugby,sr:competition:422,Super Rugby 2026,sr:season:137092,2026,league,regular season,2,Super Rugby Pacific 2026,Western Force,sr:competitor:21995,WFO,Blues,sr:competitor:4190,BLU,HIF Health Insurance Oval,Perth,Australia,,"Murphy, Damon",Australia,90,2276804574,ball_recycled,2026-02-21T08:53:04+00:00,19,18:03,away,Blues,13,54,1,,,,,,,,,,,,,,
super_rugby_2026_western_force_vs_blues_65866106.json,sr:sport_event:65866106,2026-02-21T08:35:00+00:00,Super Rugby,sr:competition:422,Super Rugby 2026,sr:season:137092,2026,league,regular season,2,Super Rugby Pacific 2026,Western Force,sr:competitor:21995,WFO,Blues,sr:competitor:4190,BLU,HIF Health Insurance Oval,Perth,Australia,,"Murphy, Damon",Australia,91,2276804610,ball_recycled,2026-02-21T08:53:11+00:00,19,18:10,away,Blues,13,54,1,,,,,,,,,,,,,,
super_rugby_2026_western_force_vs_blues_65866106.json,sr:sport_event:65866106,2026-02-21T08:35:00+00:00,Super Rugby,sr:competition:422,Super Rugby 2026,sr:season:137092,2026,league,regular season,2,Super Rugby Pacific 2026,Western Force,sr:competitor:21995,WFO,Blues,sr:competitor:4190,BLU,HIF Health Insurance Oval,Perth,Australia,,"Murphy, Damon",Australia,92,2276804672,ball_recycled,2026-02-21T08:53:16+00:00,19,18:15,away,Blues,13,51,1,,,,,,,,,,,,,,
super_rugby_2026_western_force_vs_blues_65866106.json,sr:sport_event:65866106,2026-02-21T08:35:00+00:00,Super Rugby,sr:competition:422,Super Rugby 2026,sr:season:137092,2026,league,regular season,2,Super Rugby Pacific 2026,Western Force,sr:competitor:21995,WFO,Blues,sr:competitor:4190,BLU,HIF Health Insurance Oval,Perth,Australia,,"Murphy, Damon",Australia,93,2276804700,ball_recycled,2026-02-21T08:53:21+00:00,19,18:20,away,Blues,13,47,1,,,,,,,,,,,,,,
super_rugby_2026_western_force_vs_blues_65866106.json,sr:sport_event:65866106,2026-02-21T08:35:00+00:00,Super Rugby,sr:competition:422,Super Rugby 2026,sr:season:137092,2026,league,regular season,2,Super Rugby Pacific 2026,Western Force,sr:competitor:21995,WFO,Blues,sr:competitor:4190,BLU,HIF Health Insurance Oval,Perth,Australia,,"Murphy, Damon",Australia,94,2276804808,ball_recycled,2026-02-21T08:53:34+00:00,19,18:33,away,Blues,15,33,1,,,,,,,,,,,,,,
super_rugby_2026_western_force_vs_blues_65866106.json,sr:sport_event:65866106,2026-02-21T08:35:00+00:00,Super Rugby,sr:competition:422,Super Rugby 2026,sr:season:137092,2026,league,regular season,2,Super Rugby Pacific 2026,Western Force,sr:competitor:21995,WFO,Blues,sr:competitor:4190,BLU,HIF Health Insurance Oval,Perth,Australia,,"Murphy, Damon",Australia,95,2276804962,penalty_awarded,2026-02-21T08:53:58+00:00,19,18:43,away,Blues,14,56,1,,,,,,,,,,,,,,
super_rugby_2026_western_force_vs_blues_65866106.json,sr:sport_event:65866106,2026-02-21T08:35:00+00:00,Super Rugby,sr:competition:422,Super Rugby 2026,sr:season:137092,2026,league,regular season,2,Super Rugby Pacific 2026,Western Force,sr:competitor:21995,WFO,Blues,sr:competitor:4190,BLU,HIF Health Insurance Oval,Perth,Australia,,"Murphy, Damon",Australia,96,2276805050,kick_to_touch,2026-02-21T08:54:10+00:00,19,18:43,away,Blues,14,56,1,,,,,,,,,,,,,,
super_rugby_2026_western_force_vs_blues_65866106.json,sr:sport_event:65866106,2026-02-21T08:35:00+00:00,Super Rugby,sr:competition:422,Super Rugby 2026,sr:season:137092,2026,league,regular season,2,Super Rugby Pacific 2026,Western Force,sr:competitor:21995,WFO,Blues,sr:competitor:4190,BLU,HIF Health Insurance Oval,Perth,Australia,,"Murphy, Damon",Australia,97,2276805218,line_out,2026-02-21T08:54:37+00:00,20,19:07,away,Blues,10,72,1,,,,,,,,,,,,,,
super_rugby_2026_western_force_vs_blues_65866106.json,sr:sport_event:65866106,2026-02-21T08:35:00+00:00,Super Rugby,sr:competition:422,Super Rugby 2026,sr:season:137092,2026,league,regular season,2,Super Rugby Pacific 2026,Western Force,sr:competitor:21995,WFO,Blues,sr:competitor:4190,BLU,HIF Health Insurance Oval,Perth,Australia,,"Murphy, Damon",Australia,98,2276805250,line_out_won,2026-02-21T08:54:41+00:00,20,19:11,away,Blues,10,72,1,,,,,,,,,,,,,,
super_rugby_2026_western_force_vs_blues_65866106.json,sr:sport_event:65866106,2026-02-21T08:35:00+00:00,Super Rugby,sr:competition:422,Super Rugby 2026,sr:season:137092,2026,league,regular season,2,Super Rugby Pacific 2026,Western Force,sr:competitor:21995,WFO,Blues,sr:competitor:4190,BLU,HIF Health Insurance Oval,Perth,Australia,,"Murphy, Damon",Australia,99,2276805776,substitution,2026-02-21T08:55:56+00:00,20,19:28,home,Western Force,,,1,,,,,,,,,,sr:player:2743279,"Palu, David",sr:player:1261712,"Oviedo, Leonel","[{""id"": ""sr:player:2743279"", ""name"": ""Palu, David"", ""type"": ""substituted_out""}, {""id"": ""sr:player:1261712"", ""name"": ""Oviedo, Leonel"", ""type"": ""substituted_in""}]"
super_rugby_2026_western_force_vs_blues_65866106.json,sr:sport_event:65866106,2026-02-21T08:35:00+00:00,Super Rugby,sr:competition:422,Super Rugby 2026,sr:season:137092,2026,league,regular season,2,Super Rugby Pacific 2026,Western Force,sr:competitor:21995,WFO,Blues,sr:competitor:4190,BLU,HIF Health Insurance Oval,Perth,Australia,,"Murphy, Damon",Australia,100,2276805414,yellow_card,2026-02-21T08:55:07+00:00,20,19:37,home,Western Force,,,1,,,,,,sr:player:1057397,"Paenga-Amosa, Brandon",,,,,,,
super_rugby_2026_western_force_vs_blues_65866106.json,sr:sport_event:65866106,2026-02-21T08:35:00+00:00,Super Rugby,sr:competition:422,Super Rugby 2026,sr:season:137092,2026,league,regular season,2,Super Rugby Pacific 2026,Western Force,sr:competitor:21995,WFO,Blues,sr:competitor:4190,BLU,HIF Health Insurance Oval,Perth,Australia,,"Murphy, Damon",Australia,101,2276805470,penalty_awarded,2026-02-21T08:55:12+00:00,20,19:42,away,Blues,10,72,1,,,,,,,,,,,,,,
super_rugby_2026_western_force_vs_blues_65866106.json,sr:sport_event:65866106,2026-02-21T08:35:00+00:00,Super Rugby,sr:competition:422,Super Rugby 2026,sr:season:137092,2026,league,regular season,2,Super Rugby Pacific 2026,Western Force,sr:competitor:21995,WFO,Blues,sr:competitor:4190,BLU,HIF Health Insurance Oval,Perth,Australia,,"Murphy, Damon",Australia,102,2276806202,scrum_won,2026-02-21T08:56:45+00:00,20,19:46,away,Blues,13,51,1,,,,,,,,,,,,,,
super_rugby_2026_western_force_vs_blues_65866106.json,sr:sport_event:65866106,2026-02-21T08:35:00+00:00,Super Rugby,sr:competition:422,Super Rugby 2026,sr:season:137092,2026,league,regular season,2,Super Rugby Pacific 2026,Western Force,sr:competitor:21995,WFO,Blues,sr:competitor:4190,BLU,HIF Health Insurance Oval,Perth,Australia,,"Murphy, Damon",Australia,103,2276805520,scrum,2026-02-21T08:55:18+00:00,20,19:48,away,Blues,10,72,1,,,,,,,,,,,,,,
super_rugby_2026_western_force_vs_blues_65866106.json,sr:sport_event:65866106,2026-02-21T08:35:00+00:00,Super Rugby,sr:competition:422,Super Rugby 2026,sr:season:137092,2026,league,regular season,2,Super Rugby Pacific 2026,Western Force,sr:competitor:21995,WFO,Blues,sr:competitor:4190,BLU,HIF Health Insurance Oval,Perth,Australia,,"Murphy, Damon",Australia,104,2276806264,ball_recycled,2026-02-21T08:56:55+00:00,20,19:56,away,Blues,9,19,1,,,,,,,,,,,,,,
super_rugby_2026_western_force_vs_blues_65866106.json,sr:sport_event:65866106,2026-02-21T08:35:00+00:00,Super Rugby,sr:competition:422,Super Rugby 2026,sr:season:137092,2026,league,regular season,2,Super Rugby Pacific 2026,Western Force,sr:competitor:21995,WFO,Blues,sr:competitor:4190,BLU,HIF Health Insurance Oval,Perth,Australia,,"Murphy, Damon",Australia,105,2276806292,ball_recycled,2026-02-21T08:57:00+00:00,21,20:01,away,Blues,9,25,1,,,,,,,,,,,,,,
super_rugby_2026_western_force_vs_blues_65866106.json,sr:sport_event:65866106,2026-02-21T08:35:00+00:00,Super Rugby,sr:competition:422,Super Rugby 2026,sr:season:137092,2026,league,regular season,2,Super Rugby Pacific 2026,Western Force,sr:competitor:21995,WFO,Blues,sr:competitor:4190,BLU,HIF Health Insurance Oval,Perth,Australia,,"Murphy, Damon",Australia,106,2276806334,ball_recycled,2026-02-21T08:57:07+00:00,21,20:08,away,Blues,7,32,1,,,,,,,,,,,,,,
super_rugby_2026_western_force_vs_blues_65866106.json,sr:sport_event:65866106,2026-02-21T08:35:00+00:00,Super Rugby,sr:competition:422,Super Rugby 2026,sr:season:137092,2026,league,regular season,2,Super Rugby Pacific 2026,Western Force,sr:competitor:21995,WFO,Blues,sr:competitor:4190,BLU,HIF Health Insurance Oval,Perth,Australia,,"Murphy, Damon",Australia,107,2276806496,score_change,2026-02-21T08:57:24+00:00,21,20:25,away,Blues,4,52,1,,,7,12,try,,,sr:player:1001635,"Perofeta, Stephen",,,,,"[{""id"": ""sr:player:1001635"", ""name"": ""Perofeta, Stephen"", ""type"": ""scorer""}]"
super_rugby_2026_western_force_vs_blues_65866106.json,sr:sport_event:65866106,2026-02-21T08:35:00+00:00,Super Rugby,sr:competition:422,Super Rugby 2026,sr:season:137092,2026,league,regular season,2,Super Rugby Pacific 2026,Western Force,sr:competitor:21995,WFO,Blues,sr:competitor:4190,BLU,HIF Health Insurance Oval,Perth,Australia,,"Murphy, Damon",Australia,108,2276806840,score_change,2026-02-21T08:58:09+00:00,22,21:10,away,Blues,55,35,1,,,7,14,conversion,,,sr:player:1001635,"Perofeta, Stephen",,,,,"[{""id"": ""sr:player:1001635"", ""name"": ""Perofeta, Stephen"", ""type"": ""scorer""}]"
super_rugby_2026_western_force_vs_blues_65866106.json,sr:sport_event:65866106,2026-02-21T08:35:00+00:00,Super Rugby,sr:competition:422,Super Rugby 2026,sr:season:137092,2026,league,regular season,2,Super Rugby Pacific 2026,Western Force,sr:competitor:21995,WFO,Blues,sr:competitor:4190,BLU,HIF Health Insurance Oval,Perth,Australia,,"Murphy, Damon",Australia,109,2276807228,ball_kicked,2026-02-21T08:58:55+00:00,23,22:02,home,Western Force,84,55,1,,,,,,,,,,,,,,
super_rugby_2026_western_force_vs_blues_65866106.json,sr:sport_event:65866106,2026-02-21T08:35:00+00:00,Super Rugby,sr:competition:422,Super Rugby 2026,sr:season:137092,2026,league,regular season,2,Super Rugby Pacific 2026,Western Force,sr:competitor:21995,WFO,Blues,sr:competitor:4190,BLU,HIF Health Insurance Oval,Perth,Australia,,"Murphy, Damon",Australia,110,2276807286,ball_recycled,2026-02-21T08:59:05+00:00,23,22:12,away,Blues,73,54,1,,,,,,,,,,,,,,
super_rugby_2026_western_force_vs_blues_65866106.json,sr:sport_event:65866106,2026-02-21T08:35:00+00:00,Super Rugby,sr:competition:422,Super Rugby 2026,sr:season:137092,2026,league,regular season,2,Super Rugby Pacific 2026,Western Force,sr:competitor:21995,WFO,Blues,sr:competitor:4190,BLU,HIF Health Insurance Oval,Perth,Australia,,"Murphy, Damon",Australia,111,2276807452,line_out,2026-02-21T08:59:22+00:00,23,22:28,home,Western Force,76,72,1,,,,,,,,,,,,,,
super_rugby_2026_western_force_vs_blues_65866106.json,sr:sport_event:65866106,2026-02-21T08:35:00+00:00,Super Rugby,sr:competition:422,Super Rugby 2026,sr:season:137092,2026,league,regular season,2,Super Rugby Pacific 2026,Western Force,sr:competitor:21995,WFO,Blues,sr:competitor:4190,BLU,HIF Health Insurance Oval,Perth,Australia,,"Murphy, Damon",Australia,112,2276807626,line_out_won,2026-02-21T08:59:45+00:00,23,22:52,home,Western Force,76,72,1,,,,,,,,,,,,,,
super_rugby_2026_western_force_vs_blues_65866106.json,sr:sport_event:65866106,2026-02-21T08:35:00+00:00,Super Rugby,sr:competition:422,Super Rugby 2026,sr:season:137092,2026,league,regular season,2,Super Rugby Pacific 2026,Western Force,sr:competitor:21995,WFO,Blues,sr:competitor:4190,BLU,HIF Health Insurance Oval,Perth,Australia,,"Murphy, Damon",Australia,113,2276807700,ball_recycled,2026-02-21T08:59:52+00:00,23,22:59,home,Western Force,81,57,1,,,,,,,,,,,,,,
super_rugby_2026_western_force_vs_blues_65866106.json,sr:sport_event:65866106,2026-02-21T08:35:00+00:00,Super Rugby,sr:competition:422,Super Rugby 2026,sr:season:137092,2026,league,regular season,2,Super Rugby Pacific 2026,Western Force,sr:competitor:21995,WFO,Blues,sr:competitor:4190,BLU,HIF Health Insurance Oval,Perth,Australia,,"Murphy, Damon",Australia,114,2276807744,ball_recycled,2026-02-21T08:59:58+00:00,24,23:05,home,Western Force,84,48,1,,,,,,,,,,,,,,
super_rugby_2026_western_force_vs_blues_65866106.json,sr:sport_event:65866106,2026-02-21T08:35:00+00:00,Super Rugby,sr:competition:422,Super Rugby 2026,sr:season:137092,2026,league,regular season,2,Super Rugby Pacific 2026,Western Force,sr:competitor:21995,WFO,Blues,sr:competitor:4190,BLU,HIF Health Insurance Oval,Perth,Australia,,"Murphy, Damon",Australia,115,2276807762,ball_recycled,2026-02-21T09:00:02+00:00,24,23:09,home,Western Force,84,44,1,,,,,,,,,,,,,,
super_rugby_2026_western_force_vs_blues_65866106.json,sr:sport_event:65866106,2026-02-21T08:35:00+00:00,Super Rugby,sr:competition:422,Super Rugby 2026,sr:season:137092,2026,league,regular season,2,Super Rugby Pacific 2026,Western Force,sr:competitor:21995,WFO,Blues,sr:competitor:4190,BLU,HIF Health Insurance Oval,Perth,Australia,,"Murphy, Damon",Australia,116,2276807960,ball_recycled,2026-02-21T09:00:10+00:00,24,23:16,home,Western Force,88,26,1,,,,,,,,,,,,,,
super_rugby_2026_western_force_vs_blues_65866106.json,sr:sport_event:65866106,2026-02-21T08:35:00+00:00,Super Rugby,sr:competition:422,Super Rugby 2026,sr:season:137092,2026,league,regular season,2,Super Rugby Pacific 2026,Western Force,sr:competitor:21995,WFO,Blues,sr:competitor:4190,BLU,HIF Health Insurance Oval,Perth,Australia,,"Murphy, Damon",Australia,117,2276808002,ball_recycled,2026-02-21T09:00:14+00:00,24,23:21,home,Western Force,91,17,1,,,,,,,,,,,,,,
super_rugby_2026_western_force_vs_blues_65866106.json,sr:sport_event:65866106,2026-02-21T08:35:00+00:00,Super Rugby,sr:competition:422,Super Rugby 2026,sr:season:137092,2026,league,regular season,2,Super Rugby Pacific 2026,Western Force,sr:competitor:21995,WFO,Blues,sr:competitor:4190,BLU,HIF Health Insurance Oval,Perth,Australia,,"Murphy, Damon",Australia,118,2276808060,ball_recycled,2026-02-21T09:00:18+00:00,24,23:25,home,Western Force,92,30,1,,,,,,,,,,,,,,
super_rugby_2026_western_force_vs_blues_65866106.json,sr:sport_event:65866106,2026-02-21T08:35:00+00:00,Super Rugby,sr:competition:422,Super Rugby 2026,sr:season:137092,2026,league,regular season,2,Super Rugby Pacific 2026,Western Force,sr:competitor:21995,WFO,Blues,sr:competitor:4190,BLU,HIF Health Insurance Oval,Perth,Australia,,"Murphy, Damon",Australia,119,2276808128,ball_recycled,2026-02-21T09:00:24+00:00,24,23:31,home,Western Force,92,36,1,,,,,,,,,,,,,,
super_rugby_2026_western_force_vs_blues_65866106.json,sr:sport_event:65866106,2026-02-21T08:35:00+00:00,Super Rugby,sr:competition:422,Super Rugby 2026,sr:season:137092,2026,league,regular season,2,Super Rugby Pacific 2026,Western Force,sr:competitor:21995,WFO,Blues,sr:competitor:4190,BLU,HIF Health Insurance Oval,Perth,Australia,,"Murphy, Damon",Australia,120,2276808188,ball_recycled,2026-02-21T09:00:29+00:00,24,23:36,home,Western Force,95,45,1,,,,,,,,,,,,,,
super_rugby_2026_western_force_vs_blues_65866106.json,sr:sport_event:65866106,2026-02-21T08:35:00+00:00,Super Rugby,sr:competition:422,Super Rugby 2026,sr:season:137092,2026,league,regular season,2,Super Rugby Pacific 2026,Western Force,sr:competitor:21995,WFO,Blues,sr:competitor:4190,BLU,HIF Health Insurance Oval,Perth,Australia,,"Murphy, Damon",Australia,121,2276808268,ball_recycled,2026-02-21T09:00:35+00:00,24,23:42,home,Western Force,95,51,1,,,,,,,,,,,,,,
super_rugby_2026_western_force_vs_blues_65866106.json,sr:sport_event:65866106,2026-02-21T08:35:00+00:00,Super Rugby,sr:competition:422,Super Rugby 2026,sr:season:137092,2026,league,regular season,2,Super Rugby Pacific 2026,Western Force,sr:competitor:21995,WFO,Blues,sr:competitor:4190,BLU,HIF Health Insurance Oval,Perth,Australia,,"Murphy, Damon",Australia,122,2276808292,ball_recycled,2026-02-21T09:00:39+00:00,24,23:46,home,Western Force,96,54,1,,,,,,,,,,,,,,
super_rugby_2026_western_force_vs_blues_65866106.json,sr:sport_event:65866106,2026-02-21T08:35:00+00:00,Super Rugby,sr:competition:422,Super Rugby 2026,sr:season:137092,2026,league,regular season,2,Super Rugby Pacific 2026,Western Force,sr:competitor:21995,WFO,Blues,sr:competitor:4190,BLU,HIF Health Insurance Oval,Perth,Australia,,"Murphy, Damon",Australia,123,2276808326,turnover,2026-02-21T09:00:41+00:00,24,23:48,away,Blues,96,54,1,,,,,,,,,,,,,,
super_rugby_2026_western_force_vs_blues_65866106.json,sr:sport_event:65866106,2026-02-21T08:35:00+00:00,Super Rugby,sr:competition:422,Super Rugby 2026,sr:season:137092,2026,league,regular season,2,Super Rugby Pacific 2026,Western Force,sr:competitor:21995,WFO,Blues,sr:competitor:4190,BLU,HIF Health Insurance Oval,Perth,Australia,,"Murphy, Damon",Australia,124,2276808418,scrum,2026-02-21T09:00:52+00:00,24,23:59,away,Blues,93,55,1,,,,,,,,,,,,,,
super_rugby_2026_western_force_vs_blues_65866106.json,sr:sport_event:65866106,2026-02-21T08:35:00+00:00,Super Rugby,sr:competition:422,Super Rugby 2026,sr:season:137092,2026,league,regular season,2,Super Rugby Pacific 2026,Western Force,sr:competitor:21995,WFO,Blues,sr:competitor:4190,BLU,HIF Health Insurance Oval,Perth,Australia,,"Murphy, Damon",Australia,125,2276808974,scrum_won,2026-02-21T09:01:39+00:00,25,24:46,away,Blues,93,55,1,,,,,,,,,,,,,,
super_rugby_2026_western_force_vs_blues_65866106.json,sr:sport_event:65866106,2026-02-21T08:35:00+00:00,Super Rugby,sr:competition:422,Super Rugby 2026,sr:season:137092,2026,league,regular season,2,Super Rugby Pacific 2026,Western Force,sr:competitor:21995,WFO,Blues,sr:competitor:4190,BLU,HIF Health Insurance Oval,Perth,Australia,,"Murphy, Damon",Australia,126,2276809190,line_out,2026-02-21T09:01:55+00:00,26,25:02,home,Western Force,51,-1,1,,,,,,,,,,,,,,
super_rugby_2026_western_force_vs_blues_65866106.json,sr:sport_event:65866106,2026-02-21T08:35:00+00:00,Super Rugby,sr:competition:422,Super Rugby 2026,sr:season:137092,2026,league,regular season,2,Super Rugby Pacific 2026,Western Force,sr:competitor:21995,WFO,Blues,sr:competitor:4190,BLU,HIF Health Insurance Oval,Perth,Australia,,"Murphy, Damon",Australia,127,2276809530,line_out_won,2026-02-21T09:02:26+00:00,26,25:33,home,Western Force,51,-1,1,,,,,,,,,,,,,,
super_rugby_2026_western_force_vs_blues_65866106.json,sr:sport_event:65866106,2026-02-21T08:35:00+00:00,Super Rugby,sr:competition:422,Super Rugby 2026,sr:season:137092,2026,league,regular season,2,Super Rugby Pacific 2026,Western Force,sr:competitor:21995,WFO,Blues,sr:competitor:4190,BLU,HIF Health Insurance Oval,Perth,Australia,,"Murphy, Damon",Australia,128,2276809606,ball_kicked,2026-02-21T09:02:35+00:00,26,25:42,home,Western Force,77,48,1,,,,,,,,,,,,,,
super_rugby_2026_western_force_vs_blues_65866106.json,sr:sport_event:65866106,2026-02-21T08:35:00+00:00,Super Rugby,sr:competition:422,Super Rugby 2026,sr:season:137092,2026,league,regular season,2,Super Rugby Pacific 2026,Western Force,sr:competitor:21995,WFO,Blues,sr:competitor:4190,BLU,HIF Health Insurance Oval,Perth,Australia,,"Murphy, Damon",Australia,129,2276809614,ball_recycled,2026-02-21T09:02:38+00:00,26,25:45,home,Western Force,80,32,1,,,,,,,,,,,,,,
super_rugby_2026_western_force_vs_blues_65866106.json,sr:sport_event:65866106,2026-02-21T08:35:00+00:00,Super Rugby,sr:competition:422,Super Rugby 2026,sr:season:137092,2026,league,regular season,2,Super Rugby Pacific 2026,Western Force,sr:competitor:21995,WFO,Blues,sr:competitor:4190,BLU,HIF Health Insurance Oval,Perth,Australia,,"Murphy, Damon",Australia,130,2276809728,ball_kicked,2026-02-21T09:02:50+00:00,26,25:56,home,Western Force,110,60,1,,,,,,,,,,,,,,
super_rugby_2026_western_force_vs_blues_65866106.json,sr:sport_event:65866106,2026-02-21T08:35:00+00:00,Super Rugby,sr:competition:422,Super Rugby 2026,sr:season:137092,2026,league,regular season,2,Super Rugby Pacific 2026,Western Force,sr:competitor:21995,WFO,Blues,sr:competitor:4190,BLU,HIF Health Insurance Oval,Perth,Australia,,"Murphy, Damon",Australia,131,2276810014,ball_kicked,2026-02-21T09:03:14+00:00,27,26:21,away,Blues,67,62,1,,,,,,,,,,,,,,
super_rugby_2026_western_force_vs_blues_65866106.json,sr:sport_event:65866106,2026-02-21T08:35:00+00:00,Super Rugby,sr:competition:422,Super Rugby 2026,sr:season:137092,2026,league,regular season,2,Super Rugby Pacific 2026,Western Force,sr:competitor:21995,WFO,Blues,sr:competitor:4190,BLU,HIF Health Insurance Oval,Perth,Australia,,"Murphy, Damon",Australia,132,2276810070,ball_recycled,2026-02-21T09:03:19+00:00,27,26:26,home,Western Force,81,54,1,,,,,,,,,,,,,,
super_rugby_2026_western_force_vs_blues_65866106.json,sr:sport_event:65866106,2026-02-21T08:35:00+00:00,Super Rugby,sr:competition:422,Super Rugby 2026,sr:season:137092,2026,league,regular season,2,Super Rugby Pacific 2026,Western Force,sr:competitor:21995,WFO,Blues,sr:competitor:4190,BLU,HIF Health Insurance Oval,Perth,Australia,,"Murphy, Damon",Australia,133,2276810136,ball_recycled,2026-02-21T09:03:24+00:00,27,26:31,home,Western Force,81,48,1,,,,,,,,,,,,,,
super_rugby_2026_western_force_vs_blues_65866106.json,sr:sport_event:65866106,2026-02-21T08:35:00+00:00,Super Rugby,sr:competition:422,Super Rugby 2026,sr:season:137092,2026,league,regular season,2,Super Rugby Pacific 2026,Western Force,sr:competitor:21995,WFO,Blues,sr:competitor:4190,BLU,HIF Health Insurance Oval,Perth,Australia,,"Murphy, Damon",Australia,134,2276810210,ball_recycled,2026-02-21T09:03:31+00:00,27,26:38,home,Western Force,76,33,1,,,,,,,,,,,,,,
super_rugby_2026_western_force_vs_blues_65866106.json,sr:sport_event:65866106,2026-02-21T08:35:00+00:00,Super Rugby,sr:competition:422,Super Rugby 2026,sr:season:137092,2026,league,regular season,2,Super Rugby Pacific 2026,Western Force,sr:competitor:21995,WFO,Blues,sr:competitor:4190,BLU,HIF Health Insurance Oval,Perth,Australia,,"Murphy, Damon",Australia,135,2276810300,ball_recycled,2026-02-21T09:03:37+00:00,27,26:44,home,Western Force,77,47,1,,,,,,,,,,,,,,
super_rugby_2026_western_force_vs_blues_65866106.json,sr:sport_event:65866106,2026-02-21T08:35:00+00:00,Super Rugby,sr:competition:422,Super Rugby 2026,sr:season:137092,2026,league,regular season,2,Super Rugby Pacific 2026,Western Force,sr:competitor:21995,WFO,Blues,sr:competitor:4190,BLU,HIF Health Insurance Oval,Perth,Australia,,"Murphy, Damon",Australia,136,2276810484,penalty_awarded,2026-02-21T09:03:56+00:00,28,27:03,home,Western Force,77,47,1,,,,,,,,,,,,,,
super_rugby_2026_western_force_vs_blues_65866106.json,sr:sport_event:65866106,2026-02-21T08:35:00+00:00,Super Rugby,sr:competition:422,Super Rugby 2026,sr:season:137092,2026,league,regular season,2,Super Rugby Pacific 2026,Western Force,sr:competitor:21995,WFO,Blues,sr:competitor:4190,BLU,HIF Health Insurance Oval,Perth,Australia,,"Murphy, Damon",Australia,137,2276811086,score_change,2026-02-21T09:04:58+00:00,29,28:05,home,Western Force,77,47,1,,,10,14,penalty,,,sr:player:2049955,"Donaldson, Ben",,,,,"[{""id"": ""sr:player:2049955"", ""name"": ""Donaldson, Ben"", ""type"": ""scorer""}]"
super_rugby_2026_western_force_vs_blues_65866106.json,sr:sport_event:65866106,2026-02-21T08:35:00+00:00,Super Rugby,sr:competition:422,Super Rugby 2026,sr:season:137092,2026,league,regular season,2,Super Rugby Pacific 2026,Western Force,sr:competitor:21995,WFO,Blues,sr:competitor:4190,BLU,HIF Health Insurance Oval,Perth,Australia,,"Murphy, Damon",Australia,138,2276811424,ball_kicked,2026-02-21T09:05:27+00:00,29,28:50,away,Blues,15,54,1,,,,,,,,,,,,,,
super_rugby_2026_western_force_vs_blues_65866106.json,sr:sport_event:65866106,2026-02-21T08:35:00+00:00,Super Rugby,sr:competition:422,Super Rugby 2026,sr:season:137092,2026,league,regular season,2,Super Rugby Pacific 2026,Western Force,sr:competitor:21995,WFO,Blues,sr:competitor:4190,BLU,HIF Health Insurance Oval,Perth,Australia,,"Murphy, Damon",Australia,139,2276811574,line_out,2026-02-21T09:05:39+00:00,30,29:03,away,Blues,59,71,1,,,,,,,,,,,,,,
super_rugby_2026_western_force_vs_blues_65866106.json,sr:sport_event:65866106,2026-02-21T08:35:00+00:00,Super Rugby,sr:competition:422,Super Rugby 2026,sr:season:137092,2026,league,regular season,2,Super Rugby Pacific 2026,Western Force,sr:competitor:21995,WFO,Blues,sr:competitor:4190,BLU,HIF Health Insurance Oval,Perth,Australia,,"Murphy, Damon",Australia,140,2276811804,line_out_won,2026-02-21T09:06:02+00:00,30,29:26,away,Blues,59,71,1,,,,,,,,,,,,,,
super_rugby_2026_western_force_vs_blues_65866106.json,sr:sport_event:65866106,2026-02-21T08:35:00+00:00,Super Rugby,sr:competition:422,Super Rugby 2026,sr:season:137092,2026,league,regular season,2,Super Rugby Pacific 2026,Western Force,sr:competitor:21995,WFO,Blues,sr:competitor:4190,BLU,HIF Health Insurance Oval,Perth,Australia,,"Murphy, Damon",Australia,141,2276811900,ball_recycled,2026-02-21T09:06:11+00:00,30,29:35,away,Blues,63,49,1,,,,,,,,,,,,,,
super_rugby_2026_western_force_vs_blues_65866106.json,sr:sport_event:65866106,2026-02-21T08:35:00+00:00,Super Rugby,sr:competition:422,Super Rugby 2026,sr:season:137092,2026,league,regular season,2,Super Rugby Pacific 2026,Western Force,sr:competitor:21995,WFO,Blues,sr:competitor:4190,BLU,HIF Health Insurance Oval,Perth,Australia,,"Murphy, Damon",Australia,142,2276811926,ball_recycled,2026-02-21T09:06:15+00:00,30,29:39,away,Blues,64,40,1,,,,,,,,,,,,,,
super_rugby_2026_western_force_vs_blues_65866106.json,sr:sport_event:65866106,2026-02-21T08:35:00+00:00,Super Rugby,sr:competition:422,Super Rugby 2026,sr:season:137092,2026,league,regular season,2,Super Rugby Pacific 2026,Western Force,sr:competitor:21995,WFO,Blues,sr:competitor:4190,BLU,HIF Health Insurance Oval,Perth,Australia,,"Murphy, Damon",Australia,143,2276812012,ball_recycled,2026-02-21T09:06:26+00:00,30,29:50,away,Blues,59,65,1,,,,,,,,,,,,,,
super_rugby_2026_western_force_vs_blues_65866106.json,sr:sport_event:65866106,2026-02-21T08:35:00+00:00,Super Rugby,sr:competition:422,Super Rugby 2026,sr:season:137092,2026,league,regular season,2,Super Rugby Pacific 2026,Western Force,sr:competitor:21995,WFO,Blues,sr:competitor:4190,BLU,HIF Health Insurance Oval,Perth,Australia,,"Murphy, Damon",Australia,144,2276812060,ball_kicked,2026-02-21T09:06:30+00:00,30,29:54,away,Blues,47,65,1,,,,,,,,,,,,,,
super_rugby_2026_western_force_vs_blues_65866106.json,sr:sport_event:65866106,2026-02-21T08:35:00+00:00,Super Rugby,sr:competition:422,Super Rugby 2026,sr:season:137092,2026,league,regular season,2,Super Rugby Pacific 2026,Western Force,sr:competitor:21995,WFO,Blues,sr:competitor:4190,BLU,HIF Health Insurance Oval,Perth,Australia,,"Murphy, Damon",Australia,145,2276812204,penalty_awarded,2026-02-21T09:06:42+00:00,31,30:06,home,Western Force,43,65,1,,,,,,,,,,,,,,
super_rugby_2026_western_force_vs_blues_65866106.json,sr:sport_event:65866106,2026-02-21T08:35:00+00:00,Super Rugby,sr:competition:422,Super Rugby 2026,sr:season:137092,2026,league,regular season,2,Super Rugby Pacific 2026,Western Force,sr:competitor:21995,WFO,Blues,sr:competitor:4190,BLU,HIF Health Insurance Oval,Perth,Australia,,"Murphy, Damon",Australia,146,2276812288,kick_to_touch,2026-02-21T09:06:52+00:00,31,30:16,home,Western Force,43,65,1,,,,,,,,,,,,,,
super_rugby_2026_western_force_vs_blues_65866106.json,sr:sport_event:65866106,2026-02-21T08:35:00+00:00,Super Rugby,sr:competition:422,Super Rugby 2026,sr:season:137092,2026,league,regular season,2,Super Rugby Pacific 2026,Western Force,sr:competitor:21995,WFO,Blues,sr:competitor:4190,BLU,HIF Health Insurance Oval,Perth,Australia,,"Murphy, Damon",Australia,147,2276812418,substitution,2026-02-21T09:07:04+00:00,31,30:28,home,Western Force,,,1,,,,,,,,,,sr:player:1261712,"Oviedo, Leonel",sr:player:2743279,"Palu, David","[{""id"": ""sr:player:1261712"", ""name"": ""Oviedo, Leonel"", ""type"": ""substituted_out""}, {""id"": ""sr:player:2743279"", ""name"": ""Palu, David"", ""type"": ""substituted_in""}]"
super_rugby_2026_western_force_vs_blues_65866106.json,sr:sport_event:65866106,2026-02-21T08:35:00+00:00,Super Rugby,sr:competition:422,Super Rugby 2026,sr:season:137092,2026,league,regular season,2,Super Rugby Pacific 2026,Western Force,sr:competitor:21995,WFO,Blues,sr:competitor:4190,BLU,HIF Health Insurance Oval,Perth,Australia,,"Murphy, Damon",Australia,148,2276812576,line_out,2026-02-21T09:07:24+00:00,31,30:48,home,Western Force,58,72,1,,,,,,,,,,,,,,
super_rugby_2026_western_force_vs_blues_65866106.json,sr:sport_event:65866106,2026-02-21T08:35:00+00:00,Super Rugby,sr:competition:422,Super Rugby 2026,sr:season:137092,2026,league,regular season,2,Super Rugby Pacific 2026,Western Force,sr:competitor:21995,WFO,Blues,sr:competitor:4190,BLU,HIF Health Insurance Oval,Perth,Australia,,"Murphy, Damon",Australia,149,2276812650,line_out_won,2026-02-21T09:07:30+00:00,31,30:54,home,Western Force,58,72,1,,,,,,,,,,,,,,
super_rugby_2026_western_force_vs_blues_65866106.json,sr:sport_event:65866106,2026-02-21T08:35:00+00:00,Super Rugby,sr:competition:422,Super Rugby 2026,sr:season:137092,2026,league,regular season,2,Super Rugby Pacific 2026,Western Force,sr:competitor:21995,WFO,Blues,sr:competitor:4190,BLU,HIF Health Insurance Oval,Perth,Australia,,"Murphy, Damon",Australia,150,2276812718,ball_recycled,2026-02-21T09:07:36+00:00,31,30:59,home,Western Force,71,66,1,,,,,,,,,,,,,,
super_rugby_2026_western_force_vs_blues_65866106.json,sr:sport_event:65866106,2026-02-21T08:35:00+00:00,Super Rugby,sr:competition:422,Super Rugby 2026,sr:season:137092,2026,league,regular season,2,Super Rugby Pacific 2026,Western Force,sr:competitor:21995,WFO,Blues,sr:competitor:4190,BLU,HIF Health Insurance Oval,Perth,Australia,,"Murphy, Damon",Australia,151,2276812768,ball_recycled,2026-02-21T09:07:41+00:00,32,31:05,home,Western Force,72,57,1,,,,,,,,,,,,,,
super_rugby_2026_western_force_vs_blues_65866106.json,sr:sport_event:65866106,2026-02-21T08:35:00+00:00,Super Rugby,sr:competition:422,Super Rugby 2026,sr:season:137092,2026,league,regular season,2,Super Rugby Pacific 2026,Western Force,sr:competitor:21995,WFO,Blues,sr:competitor:4190,BLU,HIF Health Insurance Oval,Perth,Australia,,"Murphy, Damon",Australia,152,2276812822,ball_recycled,2026-02-21T09:07:47+00:00,32,31:11,home,Western Force,72,44,1,,,,,,,,,,,,,,
super_rugby_2026_western_force_vs_blues_65866106.json,sr:sport_event:65866106,2026-02-21T08:35:00+00:00,Super Rugby,sr:competition:422,Super Rugby 2026,sr:season:137092,2026,league,regular season,2,Super Rugby Pacific 2026,Western Force,sr:competitor:21995,WFO,Blues,sr:competitor:4190,BLU,HIF Health Insurance Oval,Perth,Australia,,"Murphy, Damon",Australia,153,2276812844,ball_recycled,2026-02-21T09:07:50+00:00,32,31:14,home,Western Force,76,46,1,,,,,,,,,,,,,,
super_rugby_2026_western_force_vs_blues_65866106.json,sr:sport_event:65866106,2026-02-21T08:35:00+00:00,Super Rugby,sr:competition:422,Super Rugby 2026,sr:season:137092,2026,league,regular season,2,Super Rugby Pacific 2026,Western Force,sr:competitor:21995,WFO,Blues,sr:competitor:4190,BLU,HIF Health Insurance Oval,Perth,Australia,,"Murphy, Damon",Australia,154,2276812878,ball_recycled,2026-02-21T09:07:53+00:00,32,31:17,home,Western Force,79,40,1,,,,,,,,,,,,,,
super_rugby_2026_western_force_vs_blues_65866106.json,sr:sport_event:65866106,2026-02-21T08:35:00+00:00,Super Rugby,sr:competition:422,Super Rugby 2026,sr:season:137092,2026,league,regular season,2,Super Rugby Pacific 2026,Western Force,sr:competitor:21995,WFO,Blues,sr:competitor:4190,BLU,HIF Health Insurance Oval,Perth,Australia,,"Murphy, Damon",Australia,155,2276812996,ball_recycled,2026-02-21T09:08:03+00:00,32,31:26,home,Western Force,76,16,1,,,,,,,,,,,,,,
super_rugby_2026_western_force_vs_blues_65866106.json,sr:sport_event:65866106,2026-02-21T08:35:00+00:00,Super Rugby,sr:competition:422,Super Rugby 2026,sr:season:137092,2026,league,regular season,2,Super Rugby Pacific 2026,Western Force,sr:competitor:21995,WFO,Blues,sr:competitor:4190,BLU,HIF Health Insurance Oval,Perth,Australia,,"Murphy, Damon",Australia,156,2276813046,ball_recycled,2026-02-21T09:08:10+00:00,32,31:34,home,Western Force,77,26,1,,,,,,,,,,,,,,
super_rugby_2026_western_force_vs_blues_65866106.json,sr:sport_event:65866106,2026-02-21T08:35:00+00:00,Super Rugby,sr:competition:422,Super Rugby 2026,sr:season:137092,2026,league,regular season,2,Super Rugby Pacific 2026,Western Force,sr:competitor:21995,WFO,Blues,sr:competitor:4190,BLU,HIF Health Insurance Oval,Perth,Australia,,"Murphy, Damon",Australia,157,2276813190,ball_recycled,2026-02-21T09:08:21+00:00,32,31:44,home,Western Force,75,53,1,,,,,,,,,,,,,,
super_rugby_2026_western_force_vs_blues_65866106.json,sr:sport_event:65866106,2026-02-21T08:35:00+00:00,Super Rugby,sr:competition:422,Super Rugby 2026,sr:season:137092,2026,league,regular season,2,Super Rugby Pacific 2026,Western Force,sr:competitor:21995,WFO,Blues,sr:competitor:4190,BLU,HIF Health Insurance Oval,Perth,Australia,,"Murphy, Damon",Australia,158,2276813236,ball_recycled,2026-02-21T09:08:26+00:00,32,31:50,home,Western Force,79,63,1,,,,,,,,,,,,,,
super_rugby_2026_western_force_vs_blues_65866106.json,sr:sport_event:65866106,2026-02-21T08:35:00+00:00,Super Rugby,sr:competition:422,Super Rugby 2026,sr:season:137092,2026,league,regular season,2,Super Rugby Pacific 2026,Western Force,sr:competitor:21995,WFO,Blues,sr:competitor:4190,BLU,HIF Health Insurance Oval,Perth,Australia,,"Murphy, Damon",Australia,159,2276813334,ball_recycled,2026-02-21T09:08:35+00:00,32,31:59,home,Western Force,76,53,1,,,,,,,,,,,,,,
super_rugby_2026_western_force_vs_blues_65866106.json,sr:sport_event:65866106,2026-02-21T08:35:00+00:00,Super Rugby,sr:competition:422,Super Rugby 2026,sr:season:137092,2026,league,regular season,2,Super Rugby Pacific 2026,Western Force,sr:competitor:21995,WFO,Blues,sr:competitor:4190,BLU,HIF Health Insurance Oval,Perth,Australia,,"Murphy, Damon",Australia,160,2276813436,ball_recycled,2026-02-21T09:08:39+00:00,33,32:03,home,Western Force,81,54,1,,,,,,,,,,,,,,
super_rugby_2026_western_force_vs_blues_65866106.json,sr:sport_event:65866106,2026-02-21T08:35:00+00:00,Super Rugby,sr:competition:422,Super Rugby 2026,sr:season:137092,2026,league,regular season,2,Super Rugby Pacific 2026,Western Force,sr:competitor:21995,WFO,Blues,sr:competitor:4190,BLU,HIF Health Insurance Oval,Perth,Australia,,"Murphy, Damon",Australia,161,2276813590,scrum,2026-02-21T09:08:49+00:00,33,32:12,away,Blues,80,55,1,,,,,,,,,,,,,,
super_rugby_2026_western_force_vs_blues_65866106.json,sr:sport_event:65866106,2026-02-21T08:35:00+00:00,Super Rugby,sr:competition:422,Super Rugby 2026,sr:season:137092,2026,league,regular season,2,Super Rugby Pacific 2026,Western Force,sr:competitor:21995,WFO,Blues,sr:competitor:4190,BLU,HIF Health Insurance Oval,Perth,Australia,,"Murphy, Damon",Australia,162,2276814780,scrum_won,2026-02-21T09:10:42+00:00,34,33:30,away,Blues,80,54,1,,,,,,,,,,,,,,
super_rugby_2026_western_force_vs_blues_65866106.json,sr:sport_event:65866106,2026-02-21T08:35:00+00:00,Super Rugby,sr:competition:422,Super Rugby 2026,sr:season:137092,2026,league,regular season,2,Super Rugby Pacific 2026,Western Force,sr:competitor:21995,WFO,Blues,sr:competitor:4190,BLU,HIF Health Insurance Oval,Perth,Australia,,"Murphy, Damon",Australia,163,2276814920,scrum,2026-02-21T09:10:53+00:00,34,33:41,home,Western Force,80,32,1,,,,,,,,,,,,,,
super_rugby_2026_western_force_vs_blues_65866106.json,sr:sport_event:65866106,2026-02-21T08:35:00+00:00,Super Rugby,sr:competition:422,Super Rugby 2026,sr:season:137092,2026,league,regular season,2,Super Rugby Pacific 2026,Western Force,sr:competitor:21995,WFO,Blues,sr:competitor:4190,BLU,HIF Health Insurance Oval,Perth,Australia,,"Murphy, Damon",Australia,164,2276815508,scrum_won,2026-02-21T09:11:46+00:00,35,34:34,home,Western Force,80,32,1,,,,,,,,,,,,,,
super_rugby_2026_western_force_vs_blues_65866106.json,sr:sport_event:65866106,2026-02-21T08:35:00+00:00,Super Rugby,sr:competition:422,Super Rugby 2026,sr:season:137092,2026,league,regular season,2,Super Rugby Pacific 2026,Western Force,sr:competitor:21995,WFO,Blues,sr:competitor:4190,BLU,HIF Health Insurance Oval,Perth,Australia,,"Murphy, Damon",Australia,165,2276815562,turnover,2026-02-21T09:11:54+00:00,35,34:42,away,Blues,80,32,1,,,,,,,,,,,,,,
super_rugby_2026_western_force_vs_blues_65866106.json,sr:sport_event:65866106,2026-02-21T08:35:00+00:00,Super Rugby,sr:competition:422,Super Rugby 2026,sr:season:137092,2026,league,regular season,2,Super Rugby Pacific 2026,Western Force,sr:competitor:21995,WFO,Blues,sr:competitor:4190,BLU,HIF Health Insurance Oval,Perth,Australia,,"Murphy, Damon",Australia,166,2276815716,drop_out,2026-02-21T09:12:11+00:00,35,34:59,away,Blues,83,35,1,,,,,,,,,,,,,,
super_rugby_2026_western_force_vs_blues_65866106.json,sr:sport_event:65866106,2026-02-21T08:35:00+00:00,Super Rugby,sr:competition:422,Super Rugby 2026,sr:season:137092,2026,league,regular season,2,Super Rugby Pacific 2026,Western Force,sr:competitor:21995,WFO,Blues,sr:competitor:4190,BLU,HIF Health Insurance Oval,Perth,Australia,,"Murphy, Damon",Australia,167,2276815878,ball_kicked,2026-02-21T09:12:28+00:00,36,35:16,away,Blues,40,30,1,,,,,,,,,,,,,,
super_rugby_2026_western_force_vs_blues_65866106.json,sr:sport_event:65866106,2026-02-21T08:35:00+00:00,Super Rugby,sr:competition:422,Super Rugby 2026,sr:season:137092,2026,league,regular season,2,Super Rugby Pacific 2026,Western Force,sr:competitor:21995,WFO,Blues,sr:competitor:4190,BLU,HIF Health Insurance Oval,Perth,Australia,,"Murphy, Damon",Australia,168,2276815936,ball_recycled,2026-02-21T09:12:33+00:00,36,35:20,home,Western Force,48,37,1,,,,,,,,,,,,,,
super_rugby_2026_western_force_vs_blues_65866106.json,sr:sport_event:65866106,2026-02-21T08:35:00+00:00,Super Rugby,sr:competition:422,Super Rugby 2026,sr:season:137092,2026,league,regular season,2,Super Rugby Pacific 2026,Western Force,sr:competitor:21995,WFO,Blues,sr:competitor:4190,BLU,HIF Health Insurance Oval,Perth,Australia,,"Murphy, Damon",Australia,169,2276815998,ball_recycled,2026-02-21T09:12:38+00:00,36,35:25,home,Western Force,48,23,1,,,,,,,,,,,,,,
super_rugby_2026_western_force_vs_blues_65866106.json,sr:sport_event:65866106,2026-02-21T08:35:00+00:00,Super Rugby,sr:competition:422,Super Rugby 2026,sr:season:137092,2026,league,regular season,2,Super Rugby Pacific 2026,Western Force,sr:competitor:21995,WFO,Blues,sr:competitor:4190,BLU,HIF Health Insurance Oval,Perth,Australia,,"Murphy, Damon",Australia,170,2276816092,ball_recycled,2026-02-21T09:12:47+00:00,36,35:34,home,Western Force,68,14,1,,,,,,,,,,,,,,
super_rugby_2026_western_force_vs_blues_65866106.json,sr:sport_event:65866106,2026-02-21T08:35:00+00:00,Super Rugby,sr:competition:422,Super Rugby 2026,sr:season:137092,2026,league,regular season,2,Super Rugby Pacific 2026,Western Force,sr:competitor:21995,WFO,Blues,sr:competitor:4190,BLU,HIF Health Insurance Oval,Perth,Australia,,"Murphy, Damon",Australia,171,2276816128,ball_recycled,2026-02-21T09:12:51+00:00,36,35:39,home,Western Force,75,22,1,,,,,,,,,,,,,,
super_rugby_2026_western_force_vs_blues_65866106.json,sr:sport_event:65866106,2026-02-21T08:35:00+00:00,Super Rugby,sr:competition:422,Super Rugby 2026,sr:season:137092,2026,league,regular season,2,Super Rugby Pacific 2026,Western Force,sr:competitor:21995,WFO,Blues,sr:competitor:4190,BLU,HIF Health Insurance Oval,Perth,Australia,,"Murphy, Damon",Australia,172,2276816188,ball_recycled,2026-02-21T09:12:59+00:00,36,35:46,home,Western Force,79,35,1,,,,,,,,,,,,,,
super_rugby_2026_western_force_vs_blues_65866106.json,sr:sport_event:65866106,2026-02-21T08:35:00+00:00,Super Rugby,sr:competition:422,Super Rugby 2026,sr:season:137092,2026,league,regular season,2,Super Rugby Pacific 2026,Western Force,sr:competitor:21995,WFO,Blues,sr:competitor:4190,BLU,HIF Health Insurance Oval,Perth,Australia,,"Murphy, Damon",Australia,173,2276816274,penalty_awarded,2026-02-21T09:13:04+00:00,36,35:52,away,Blues,79,35,1,,,,,,,,,,,,,,
super_rugby_2026_western_force_vs_blues_65866106.json,sr:sport_event:65866106,2026-02-21T08:35:00+00:00,Super Rugby,sr:competition:422,Super Rugby 2026,sr:season:137092,2026,league,regular season,2,Super Rugby Pacific 2026,Western Force,sr:competitor:21995,WFO,Blues,sr:competitor:4190,BLU,HIF Health Insurance Oval,Perth,Australia,,"Murphy, Damon",Australia,174,2276816584,kick_to_touch,2026-02-21T09:13:30+00:00,37,36:17,away,Blues,79,35,1,,,,,,,,,,,,,,
super_rugby_2026_western_force_vs_blues_65866106.json,sr:sport_event:65866106,2026-02-21T08:35:00+00:00,Super Rugby,sr:competition:422,Super Rugby 2026,sr:season:137092,2026,league,regular season,2,Super Rugby Pacific 2026,Western Force,sr:competitor:21995,WFO,Blues,sr:competitor:4190,BLU,HIF Health Insurance Oval,Perth,Australia,,"Murphy, Damon",Australia,175,2276816642,line_out,2026-02-21T09:13:36+00:00,37,36:23,away,Blues,59,-1,1,,,,,,,,,,,,,,
super_rugby_2026_western_force_vs_blues_65866106.json,sr:sport_event:65866106,2026-02-21T08:35:00+00:00,Super Rugby,sr:competition:422,Super Rugby 2026,sr:season:137092,2026,league,regular season,2,Super Rugby Pacific 2026,Western Force,sr:competitor:21995,WFO,Blues,sr:competitor:4190,BLU,HIF Health Insurance Oval,Perth,Australia,,"Murphy, Damon",Australia,176,2276816782,line_out_won,2026-02-21T09:13:52+00:00,37,36:40,away,Blues,59,-1,1,,,,,,,,,,,,,,
super_rugby_2026_western_force_vs_blues_65866106.json,sr:sport_event:65866106,2026-02-21T08:35:00+00:00,Super Rugby,sr:competition:422,Super Rugby 2026,sr:season:137092,2026,league,regular season,2,Super Rugby Pacific 2026,Western Force,sr:competitor:21995,WFO,Blues,sr:competitor:4190,BLU,HIF Health Insurance Oval,Perth,Australia,,"Murphy, Damon",Australia,177,2276816886,ball_recycled,2026-02-21T09:14:03+00:00,37,36:51,away,Blues,59,-1,1,,,,,,,,,,,,,,
super_rugby_2026_western_force_vs_blues_65866106.json,sr:sport_event:65866106,2026-02-21T08:35:00+00:00,Super Rugby,sr:competition:422,Super Rugby 2026,sr:season:137092,2026,league,regular season,2,Super Rugby Pacific 2026,Western Force,sr:competitor:21995,WFO,Blues,sr:competitor:4190,BLU,HIF Health Insurance Oval,Perth,Australia,,"Murphy, Damon",Australia,178,2276817048,turnover,2026-02-21T09:14:11+00:00,37,36:58,home,Western Force,59,-1,1,,,,,,,,,,,,,,
super_rugby_2026_western_force_vs_blues_65866106.json,sr:sport_event:65866106,2026-02-21T08:35:00+00:00,Super Rugby,sr:competition:422,Super Rugby 2026,sr:season:137092,2026,league,regular season,2,Super Rugby Pacific 2026,Western Force,sr:competitor:21995,WFO,Blues,sr:competitor:4190,BLU,HIF Health Insurance Oval,Perth,Australia,,"Murphy, Damon",Australia,179,2276817320,penalty_awarded,2026-02-21T09:14:38+00:00,38,37:25,away,Blues,55,17,1,,,,,,,,,,,,,,
super_rugby_2026_western_force_vs_blues_65866106.json,sr:sport_event:65866106,2026-02-21T08:35:00+00:00,Super Rugby,sr:competition:422,Super Rugby 2026,sr:season:137092,2026,league,regular season,2,Super Rugby Pacific 2026,Western Force,sr:competitor:21995,WFO,Blues,sr:competitor:4190,BLU,HIF Health Insurance Oval,Perth,Australia,,"Murphy, Damon",Australia,180,2276817346,kick_to_touch,2026-02-21T09:14:39+00:00,38,37:27,away,Blues,55,17,1,,,,,,,,,,,,,,
super_rugby_2026_western_force_vs_blues_65866106.json,sr:sport_event:65866106,2026-02-21T08:35:00+00:00,Super Rugby,sr:competition:422,Super Rugby 2026,sr:season:137092,2026,league,regular season,2,Super Rugby Pacific 2026,Western Force,sr:competitor:21995,WFO,Blues,sr:competitor:4190,BLU,HIF Health Insurance Oval,Perth,Australia,,"Murphy, Damon",Australia,181,2276817436,line_out,2026-02-21T09:14:48+00:00,38,37:36,away,Blues,34,0,1,,,,,,,,,,,,,,
super_rugby_2026_western_force_vs_blues_65866106.json,sr:sport_event:65866106,2026-02-21T08:35:00+00:00,Super Rugby,sr:competition:422,Super Rugby 2026,sr:season:137092,2026,league,regular season,2,Super Rugby Pacific 2026,Western Force,sr:competitor:21995,WFO,Blues,sr:competitor:4190,BLU,HIF Health Insurance Oval,Perth,Australia,,"Murphy, Damon",Australia,182,2276817904,ball_kicked,2026-02-21T09:15:21+00:00,39,38:09,home,Western Force,34,0,1,,,,,,,,,,,,,,
super_rugby_2026_western_force_vs_blues_65866106.json,sr:sport_event:65866106,2026-02-21T08:35:00+00:00,Super Rugby,sr:competition:422,Super Rugby 2026,sr:season:137092,2026,league,regular season,2,Super Rugby Pacific 2026,Western Force,sr:competitor:21995,WFO,Blues,sr:competitor:4190,BLU,HIF Health Insurance Oval,Perth,Australia,,"Murphy, Damon",Australia,183,2276817924,ball_kicked,2026-02-21T09:15:23+00:00,39,38:11,home,Western Force,96,13,1,,,,,,,,,,,,,,
super_rugby_2026_western_force_vs_blues_65866106.json,sr:sport_event:65866106,2026-02-21T08:35:00+00:00,Super Rugby,sr:competition:422,Super Rugby 2026,sr:season:137092,2026,league,regular season,2,Super Rugby Pacific 2026,Western Force,sr:competitor:21995,WFO,Blues,sr:competitor:4190,BLU,HIF Health Insurance Oval,Perth,Australia,,"Murphy, Damon",Australia,184,2276818028,line_out,2026-02-21T09:15:32+00:00,39,38:20,home,Western Force,72,0,1,,,,,,,,,,,,,,
super_rugby_2026_western_force_vs_blues_65866106.json,sr:sport_event:65866106,2026-02-21T08:35:00+00:00,Super Rugby,sr:competition:422,Super Rugby 2026,sr:season:137092,2026,league,regular season,2,Super Rugby Pacific 2026,Western Force,sr:competitor:21995,WFO,Blues,sr:competitor:4190,BLU,HIF Health Insurance Oval,Perth,Australia,,"Murphy, Damon",Australia,185,2276818162,line_out_won,2026-02-21T09:15:42+00:00,39,38:30,home,Western Force,72,0,1,,,,,,,,,,,,,,
super_rugby_2026_western_force_vs_blues_65866106.json,sr:sport_event:65866106,2026-02-21T08:35:00+00:00,Super Rugby,sr:competition:422,Super Rugby 2026,sr:season:137092,2026,league,regular season,2,Super Rugby Pacific 2026,Western Force,sr:competitor:21995,WFO,Blues,sr:competitor:4190,BLU,HIF Health Insurance Oval,Perth,Australia,,"Murphy, Damon",Australia,186,2276818232,turnover,2026-02-21T09:15:50+00:00,39,38:38,away,Blues,64,23,1,,,,,,,,,,,,,,
super_rugby_2026_western_force_vs_blues_65866106.json,sr:sport_event:65866106,2026-02-21T08:35:00+00:00,Super Rugby,sr:competition:422,Super Rugby 2026,sr:season:137092,2026,league,regular season,2,Super Rugby Pacific 2026,Western Force,sr:competitor:21995,WFO,Blues,sr:competitor:4190,BLU,HIF Health Insurance Oval,Perth,Australia,,"Murphy, Damon",Australia,187,2276818274,ball_recycled,2026-02-21T09:15:55+00:00,39,38:43,away,Blues,63,21,1,,,,,,,,,,,,,,
super_rugby_2026_western_force_vs_blues_65866106.json,sr:sport_event:65866106,2026-02-21T08:35:00+00:00,Super Rugby,sr:competition:422,Super Rugby 2026,sr:season:137092,2026,league,regular season,2,Super Rugby Pacific 2026,Western Force,sr:competitor:21995,WFO,Blues,sr:competitor:4190,BLU,HIF Health Insurance Oval,Perth,Australia,,"Murphy, Damon",Australia,188,2276818394,ball_recycled,2026-02-21T09:16:04+00:00,39,38:51,away,Blues,63,58,1,,,,,,,,,,,,,,
super_rugby_2026_western_force_vs_blues_65866106.json,sr:sport_event:65866106,2026-02-21T08:35:00+00:00,Super Rugby,sr:competition:422,Super Rugby 2026,sr:season:137092,2026,league,regular season,2,Super Rugby Pacific 2026,Western Force,sr:competitor:21995,WFO,Blues,sr:competitor:4190,BLU,HIF Health Insurance Oval,Perth,Australia,,"Murphy, Damon",Australia,189,2276818530,ball_recycled,2026-02-21T09:16:21+00:00,40,39:09,away,Blues,22,19,1,,,,,,,,,,,,,,
super_rugby_2026_western_force_vs_blues_65866106.json,sr:sport_event:65866106,2026-02-21T08:35:00+00:00,Super Rugby,sr:competition:422,Super Rugby 2026,sr:season:137092,2026,league,regular season,2,Super Rugby Pacific 2026,Western Force,sr:competitor:21995,WFO,Blues,sr:competitor:4190,BLU,HIF Health Insurance Oval,Perth,Australia,,"Murphy, Damon",Australia,190,2276818636,turnover,2026-02-21T09:16:31+00:00,40,39:19,home,Western Force,23,54,1,,,,,,,,,,,,,,
super_rugby_2026_western_force_vs_blues_65866106.json,sr:sport_event:65866106,2026-02-21T08:35:00+00:00,Super Rugby,sr:competition:422,Super Rugby 2026,sr:season:137092,2026,league,regular season,2,Super Rugby Pacific 2026,Western Force,sr:competitor:21995,WFO,Blues,sr:competitor:4190,BLU,HIF Health Insurance Oval,Perth,Australia,,"Murphy, Damon",Australia,191,2276818808,line_out,2026-02-21T09:16:48+00:00,40,39:35,home,Western Force,87,72,1,,,,,,,,,,,,,,
super_rugby_2026_western_force_vs_blues_65866106.json,sr:sport_event:65866106,2026-02-21T08:35:00+00:00,Super Rugby,sr:competition:422,Super Rugby 2026,sr:season:137092,2026,league,regular season,2,Super Rugby Pacific 2026,Western Force,sr:competitor:21995,WFO,Blues,sr:competitor:4190,BLU,HIF Health Insurance Oval,Perth,Australia,,"Murphy, Damon",Australia,192,2276819256,ball_recycled,2026-02-21T09:17:28+00:00,40,40:00,home,Western Force,85,57,1,,,,,,,,,,,,,,
super_rugby_2026_western_force_vs_blues_65866106.json,sr:sport_event:65866106,2026-02-21T08:35:00+00:00,Super Rugby,sr:competition:422,Super Rugby 2026,sr:season:137092,2026,league,regular season,2,Super Rugby Pacific 2026,Western Force,sr:competitor:21995,WFO,Blues,sr:competitor:4190,BLU,HIF Health Insurance Oval,Perth,Australia,,"Murphy, Damon",Australia,193,2276819318,ball_recycled,2026-02-21T09:17:35+00:00,40,40:00,home,Western Force,85,51,1,,,,,,,,,,,,,,
super_rugby_2026_western_force_vs_blues_65866106.json,sr:sport_event:65866106,2026-02-21T08:35:00+00:00,Super Rugby,sr:competition:422,Super Rugby 2026,sr:season:137092,2026,league,regular season,2,Super Rugby Pacific 2026,Western Force,sr:competitor:21995,WFO,Blues,sr:competitor:4190,BLU,HIF Health Insurance Oval,Perth,Australia,,"Murphy, Damon",Australia,194,2276819386,ball_recycled,2026-02-21T09:17:42+00:00,40,40:00,home,Western Force,88,48,1,,,,,,,,,,,,,,
super_rugby_2026_western_force_vs_blues_65866106.json,sr:sport_event:65866106,2026-02-21T08:35:00+00:00,Super Rugby,sr:competition:422,Super Rugby 2026,sr:season:137092,2026,league,regular season,2,Super Rugby Pacific 2026,Western Force,sr:competitor:21995,WFO,Blues,sr:competitor:4190,BLU,HIF Health Insurance Oval,Perth,Australia,,"Murphy, Damon",Australia,195,2276819452,ball_recycled,2026-02-21T09:17:48+00:00,40,40:00,home,Western Force,88,47,1,,,,,,,,,,,,,,
super_rugby_2026_western_force_vs_blues_65866106.json,sr:sport_event:65866106,2026-02-21T08:35:00+00:00,Super Rugby,sr:competition:422,Super Rugby 2026,sr:season:137092,2026,league,regular season,2,Super Rugby Pacific 2026,Western Force,sr:competitor:21995,WFO,Blues,sr:competitor:4190,BLU,HIF Health Insurance Oval,Perth,Australia,,"Murphy, Damon",Australia,196,2276819536,ball_recycled,2026-02-21T09:17:56+00:00,40,40:00,home,Western Force,93,53,1,,,,,,,,,,,,,,
super_rugby_2026_western_force_vs_blues_65866106.json,sr:sport_event:65866106,2026-02-21T08:35:00+00:00,Super Rugby,sr:competition:422,Super Rugby 2026,sr:season:137092,2026,league,regular season,2,Super Rugby Pacific 2026,Western Force,sr:competitor:21995,WFO,Blues,sr:competitor:4190,BLU,HIF Health Insurance Oval,Perth,Australia,,"Murphy, Damon",Australia,197,2276819576,ball_recycled,2026-02-21T09:18:01+00:00,40,40:00,home,Western Force,95,54,1,,,,,,,,,,,,,,
super_rugby_2026_western_force_vs_blues_65866106.json,sr:sport_event:65866106,2026-02-21T08:35:00+00:00,Super Rugby,sr:competition:422,Super Rugby 2026,sr:season:137092,2026,league,regular season,2,Super Rugby Pacific 2026,Western Force,sr:competitor:21995,WFO,Blues,sr:competitor:4190,BLU,HIF Health Insurance Oval,Perth,Australia,,"Murphy, Damon",Australia,198,2276819626,ball_recycled,2026-02-21T09:18:06+00:00,40,40:00,home,Western Force,101,57,1,,,,,,,,,,,,,,
super_rugby_2026_western_force_vs_blues_65866106.json,sr:sport_event:65866106,2026-02-21T08:35:00+00:00,Super Rugby,sr:competition:422,Super Rugby 2026,sr:season:137092,2026,league,regular season,2,Super Rugby Pacific 2026,Western Force,sr:competitor:21995,WFO,Blues,sr:competitor:4190,BLU,HIF Health Insurance Oval,Perth,Australia,,"Murphy, Damon",Australia,199,2276819732,ball_recycled,2026-02-21T09:18:18+00:00,40,40:00,home,Western Force,104,51,1,,,,,,,,,,,,,,
super_rugby_2026_western_force_vs_blues_65866106.json,sr:sport_event:65866106,2026-02-21T08:35:00+00:00,Super Rugby,sr:competition:422,Super Rugby 2026,sr:season:137092,2026,league,regular season,2,Super Rugby Pacific 2026,Western Force,sr:competitor:21995,WFO,Blues,sr:competitor:4190,BLU,HIF Health Insurance Oval,Perth,Australia,,"Murphy, Damon",Australia,200,2276819754,ball_recycled,2026-02-21T09:18:21+00:00,40,40:00,home,Western Force,104,51,1,,,,,,,,,,,,,,
super_rugby_2026_western_force_vs_blues_65866106.json,sr:sport_event:65866106,2026-02-21T08:35:00+00:00,Super Rugby,sr:competition:422,Super Rugby 2026,sr:season:137092,2026,league,regular season,2,Super Rugby Pacific 2026,Western Force,sr:competitor:21995,WFO,Blues,sr:competitor:4190,BLU,HIF Health Insurance Oval,Perth,Australia,,"Murphy, Damon",Australia,201,2276819816,ball_recycled,2026-02-21T09:18:26+00:00,40,40:00,home,Western Force,104,49,1,,,,,,,,,,,,,,
super_rugby_2026_western_force_vs_blues_65866106.json,sr:sport_event:65866106,2026-02-21T08:35:00+00:00,Super Rugby,sr:competition:422,Super Rugby 2026,sr:season:137092,2026,league,regular season,2,Super Rugby Pacific 2026,Western Force,sr:competitor:21995,WFO,Blues,sr:competitor:4190,BLU,HIF Health Insurance Oval,Perth,Australia,,"Murphy, Damon",Australia,202,2276819986,score_change,2026-02-21T09:18:42+00:00,40,40:00,home,Western Force,106,47,1,,,15,14,try,,,sr:player:2007741,"Tizzano, Carlo",,,,,"[{""id"": ""sr:player:2007741"", ""name"": ""Tizzano, Carlo"", ""type"": ""scorer""}]"
super_rugby_2026_western_force_vs_blues_65866106.json,sr:sport_event:65866106,2026-02-21T08:35:00+00:00,Super Rugby,sr:competition:422,Super Rugby 2026,sr:season:137092,2026,league,regular season,2,Super Rugby Pacific 2026,Western Force,sr:competitor:21995,WFO,Blues,sr:competitor:4190,BLU,HIF Health Insurance Oval,Perth,Australia,,"Murphy, Damon",Australia,203,2276820354,score_change,2026-02-21T09:19:25+00:00,40,40:00,home,Western Force,55,35,1,,,17,14,conversion,,,sr:player:2049955,"Donaldson, Ben",,,,,"[{""id"": ""sr:player:2049955"", ""name"": ""Donaldson, Ben"", ""type"": ""scorer""}]"
super_rugby_2026_western_force_vs_blues_65866106.json,sr:sport_event:65866106,2026-02-21T08:35:00+00:00,Super Rugby,sr:competition:422,Super Rugby 2026,sr:season:137092,2026,league,regular season,2,Super Rugby Pacific 2026,Western Force,sr:competitor:21995,WFO,Blues,sr:competitor:4190,BLU,HIF Health Insurance Oval,Perth,Australia,,"Murphy, Damon",Australia,204,2276820442,period_score,2026-02-21T09:19:35+00:00,,,,,,,1,,,17,14,,,,,,,,,,
super_rugby_2026_western_force_vs_blues_65866106.json,sr:sport_event:65866106,2026-02-21T08:35:00+00:00,Super Rugby,sr:competition:422,Super Rugby 2026,sr:season:137092,2026,league,regular season,2,Super Rugby Pacific 2026,Western Force,sr:competitor:21995,WFO,Blues,sr:competitor:4190,BLU,HIF Health Insurance Oval,Perth,Australia,,"Murphy, Damon",Australia,205,2276820444,break_start,2026-02-21T09:19:35+00:00,,,,,,,,,pause,,,,,,,,,,,,
super_rugby_2026_western_force_vs_blues_65866106.json,sr:sport_event:65866106,2026-02-21T08:35:00+00:00,Super Rugby,sr:competition:422,Super Rugby 2026,sr:season:137092,2026,league,regular season,2,Super Rugby Pacific 2026,Western Force,sr:competitor:21995,WFO,Blues,sr:competitor:4190,BLU,HIF Health Insurance Oval,Perth,Australia,,"Murphy, Damon",Australia,206,2276829452,period_start,2026-02-21T09:34:48+00:00,,,,,,,2,2nd_half,,,,,,,,,,,,,
super_rugby_2026_western_force_vs_blues_65866106.json,sr:sport_event:65866106,2026-02-21T08:35:00+00:00,Super Rugby,sr:competition:422,Super Rugby 2026,sr:season:137092,2026,league,regular season,2,Super Rugby Pacific 2026,Western Force,sr:competitor:21995,WFO,Blues,sr:competitor:4190,BLU,HIF Health Insurance Oval,Perth,Australia,,"Murphy, Damon",Australia,207,2276829476,ball_kicked,2026-02-21T09:34:50+00:00,41,40:03,home,Western Force,79,10,2,,,,,,,,,,,,,,
super_rugby_2026_western_force_vs_blues_65866106.json,sr:sport_event:65866106,2026-02-21T08:35:00+00:00,Super Rugby,sr:competition:422,Super Rugby 2026,sr:season:137092,2026,league,regular season,2,Super Rugby Pacific 2026,Western Force,sr:competitor:21995,WFO,Blues,sr:competitor:4190,BLU,HIF Health Insurance Oval,Perth,Australia,,"Murphy, Damon",Australia,208,2276819178,line_out_won,2026-02-21T09:17:21+00:00,41,40:09,home,Western Force,87,72,2,,,,,,,,,,,,,,
super_rugby_2026_western_force_vs_blues_65866106.json,sr:sport_event:65866106,2026-02-21T08:35:00+00:00,Super Rugby,sr:competition:422,Super Rugby 2026,sr:season:137092,2026,league,regular season,2,Super Rugby Pacific 2026,Western Force,sr:competitor:21995,WFO,Blues,sr:competitor:4190,BLU,HIF Health Insurance Oval,Perth,Australia,,"Murphy, Damon",Australia,209,2276829542,ball_recycled,2026-02-21T09:34:57+00:00,41,40:09,away,Blues,70,9,2,,,,,,,,,,,,,,
super_rugby_2026_western_force_vs_blues_65866106.json,sr:sport_event:65866106,2026-02-21T08:35:00+00:00,Super Rugby,sr:competition:422,Super Rugby 2026,sr:season:137092,2026,league,regular season,2,Super Rugby Pacific 2026,Western Force,sr:competitor:21995,WFO,Blues,sr:competitor:4190,BLU,HIF Health Insurance Oval,Perth,Australia,,"Murphy, Damon",Australia,210,2276829678,penalty_awarded,2026-02-21T09:35:11+00:00,41,40:24,away,Blues,75,8,2,,,,,,,,,,,,,,
super_rugby_2026_western_force_vs_blues_65866106.json,sr:sport_event:65866106,2026-02-21T08:35:00+00:00,Super Rugby,sr:competition:422,Super Rugby 2026,sr:season:137092,2026,league,regular season,2,Super Rugby Pacific 2026,Western Force,sr:competitor:21995,WFO,Blues,sr:competitor:4190,BLU,HIF Health Insurance Oval,Perth,Australia,,"Murphy, Damon",Australia,211,2276829722,kick_to_touch,2026-02-21T09:35:16+00:00,41,40:29,away,Blues,75,8,2,,,,,,,,,,,,,,
super_rugby_2026_western_force_vs_blues_65866106.json,sr:sport_event:65866106,2026-02-21T08:35:00+00:00,Super Rugby,sr:competition:422,Super Rugby 2026,sr:season:137092,2026,league,regular season,2,Super Rugby Pacific 2026,Western Force,sr:competitor:21995,WFO,Blues,sr:competitor:4190,BLU,HIF Health Insurance Oval,Perth,Australia,,"Murphy, Damon",Australia,212,2276829842,line_out,2026-02-21T09:35:30+00:00,41,40:43,away,Blues,39,-2,2,,,,,,,,,,,,,,
super_rugby_2026_western_force_vs_blues_65866106.json,sr:sport_event:65866106,2026-02-21T08:35:00+00:00,Super Rugby,sr:competition:422,Super Rugby 2026,sr:season:137092,2026,league,regular season,2,Super Rugby Pacific 2026,Western Force,sr:competitor:21995,WFO,Blues,sr:competitor:4190,BLU,HIF Health Insurance Oval,Perth,Australia,,"Murphy, Damon",Australia,213,2276829984,line_out_won,2026-02-21T09:35:43+00:00,41,40:56,away,Blues,39,-2,2,,,,,,,,,,,,,,
super_rugby_2026_western_force_vs_blues_65866106.json,sr:sport_event:65866106,2026-02-21T08:35:00+00:00,Super Rugby,sr:competition:422,Super Rugby 2026,sr:season:137092,2026,league,regular season,2,Super Rugby Pacific 2026,Western Force,sr:competitor:21995,WFO,Blues,sr:competitor:4190,BLU,HIF Health Insurance Oval,Perth,Australia,,"Murphy, Damon",Australia,214,2276830052,ball_recycled,2026-02-21T09:35:49+00:00,42,41:01,away,Blues,42,15,2,,,,,,,,,,,,,,
super_rugby_2026_western_force_vs_blues_65866106.json,sr:sport_event:65866106,2026-02-21T08:35:00+00:00,Super Rugby,sr:competition:422,Super Rugby 2026,sr:season:137092,2026,league,regular season,2,Super Rugby Pacific 2026,Western Force,sr:competitor:21995,WFO,Blues,sr:competitor:4190,BLU,HIF Health Insurance Oval,Perth,Australia,,"Murphy, Damon",Australia,215,2276830092,ball_recycled,2026-02-21T09:35:53+00:00,42,41:05,away,Blues,39,21,2,,,,,,,,,,,,,,
super_rugby_2026_western_force_vs_blues_65866106.json,sr:sport_event:65866106,2026-02-21T08:35:00+00:00,Super Rugby,sr:competition:422,Super Rugby 2026,sr:season:137092,2026,league,regular season,2,Super Rugby Pacific 2026,Western Force,sr:competitor:21995,WFO,Blues,sr:competitor:4190,BLU,HIF Health Insurance Oval,Perth,Australia,,"Murphy, Damon",Australia,216,2276830136,ball_recycled,2026-02-21T09:35:57+00:00,42,41:09,away,Blues,34,33,2,,,,,,,,,,,,,,
super_rugby_2026_western_force_vs_blues_65866106.json,sr:sport_event:65866106,2026-02-21T08:35:00+00:00,Super Rugby,sr:competition:422,Super Rugby 2026,sr:season:137092,2026,league,regular season,2,Super Rugby Pacific 2026,Western Force,sr:competitor:21995,WFO,Blues,sr:competitor:4190,BLU,HIF Health Insurance Oval,Perth,Australia,,"Murphy, Damon",Australia,217,2276830198,ball_recycled,2026-02-21T09:36:03+00:00,42,41:15,away,Blues,37,58,2,,,,,,,,,,,,,,
super_rugby_2026_western_force_vs_blues_65866106.json,sr:sport_event:65866106,2026-02-21T08:35:00+00:00,Super Rugby,sr:competition:422,Super Rugby 2026,sr:season:137092,2026,league,regular season,2,Super Rugby Pacific 2026,Western Force,sr:competitor:21995,WFO,Blues,sr:competitor:4190,BLU,HIF Health Insurance Oval,Perth,Australia,,"Murphy, Damon",Australia,218,2276830270,ball_recycled,2026-02-21T09:36:10+00:00,42,41:22,away,Blues,43,43,2,,,,,,,,,,,,,,
super_rugby_2026_western_force_vs_blues_65866106.json,sr:sport_event:65866106,2026-02-21T08:35:00+00:00,Super Rugby,sr:competition:422,Super Rugby 2026,sr:season:137092,2026,league,regular season,2,Super Rugby Pacific 2026,Western Force,sr:competitor:21995,WFO,Blues,sr:competitor:4190,BLU,HIF Health Insurance Oval,Perth,Australia,,"Murphy, Damon",Australia,219,2276830538,score_change,2026-02-21T09:36:32+00:00,42,41:44,away,Blues,0,50,2,,,17,19,try,,,sr:player:2285599,"Sullivan, Zarn",,,,,"[{""id"": ""sr:player:2285599"", ""name"": ""Sullivan, Zarn"", ""type"": ""scorer""}]"
super_rugby_2026_western_force_vs_blues_65866106.json,sr:sport_event:65866106,2026-02-21T08:35:00+00:00,Super Rugby,sr:competition:422,Super Rugby 2026,sr:season:137092,2026,league,regular season,2,Super Rugby Pacific 2026,Western Force,sr:competitor:21995,WFO,Blues,sr:competitor:4190,BLU,HIF Health Insurance Oval,Perth,Australia,,"Murphy, Damon",Australia,220,2276831198,score_change,2026-02-21T09:37:47+00:00,43,43:00,away,Blues,52,33,2,,,17,21,conversion,,,sr:player:1001635,"Perofeta, Stephen",,,,,"[{""id"": ""sr:player:1001635"", ""name"": ""Perofeta, Stephen"", ""type"": ""scorer""}]"
super_rugby_2026_western_force_vs_blues_65866106.json,sr:sport_event:65866106,2026-02-21T08:35:00+00:00,Super Rugby,sr:competition:422,Super Rugby 2026,sr:season:137092,2026,league,regular season,2,Super Rugby Pacific 2026,Western Force,sr:competitor:21995,WFO,Blues,sr:competitor:4190,BLU,HIF Health Insurance Oval,Perth,Australia,,"Murphy, Damon",Australia,221,2276831334,substitution,2026-02-21T09:38:00+00:00,44,43:12,away,Blues,,,2,,,,,,,,,,sr:player:2324921,"Fusitua, Josh",sr:player:2802559,"Tupaea, Mason","[{""id"": ""sr:player:2324921"", ""name"": ""Fusitua, Josh"", ""type"": ""substituted_out""}, {""id"": ""sr:player:2802559"", ""name"": ""Tupaea, Mason"", ""type"": ""substituted_in""}]"
super_rugby_2026_western_force_vs_blues_65866106.json,sr:sport_event:65866106,2026-02-21T08:35:00+00:00,Super Rugby,sr:competition:422,Super Rugby 2026,sr:season:137092,2026,league,regular season,2,Super Rugby Pacific 2026,Western Force,sr:competitor:21995,WFO,Blues,sr:competitor:4190,BLU,HIF Health Insurance Oval,Perth,Australia,,"Murphy, Damon",Australia,222,2276831358,ball_kicked,2026-02-21T09:38:04+00:00,44,43:17,home,Western Force,71,30,2,,,,,,,,,,,,,,
super_rugby_2026_western_force_vs_blues_65866106.json,sr:sport_event:65866106,2026-02-21T08:35:00+00:00,Super Rugby,sr:competition:422,Super Rugby 2026,sr:season:137092,2026,league,regular season,2,Super Rugby Pacific 2026,Western Force,sr:competitor:21995,WFO,Blues,sr:competitor:4190,BLU,HIF Health Insurance Oval,Perth,Australia,,"Murphy, Damon",Australia,223,2276831408,line_out,2026-02-21T09:38:09+00:00,44,43:21,home,Western Force,59,-2,2,,,,,,,,,,,,,,
super_rugby_2026_western_force_vs_blues_65866106.json,sr:sport_event:65866106,2026-02-21T08:35:00+00:00,Super Rugby,sr:competition:422,Super Rugby 2026,sr:season:137092,2026,league,regular season,2,Super Rugby Pacific 2026,Western Force,sr:competitor:21995,WFO,Blues,sr:competitor:4190,BLU,HIF Health Insurance Oval,Perth,Australia,,"Murphy, Damon",Australia,224,2276831564,line_out_won,2026-02-21T09:38:28+00:00,44,43:40,home,Western Force,59,-2,2,,,,,,,,,,,,,,
super_rugby_2026_western_force_vs_blues_65866106.json,sr:sport_event:65866106,2026-02-21T08:35:00+00:00,Super Rugby,sr:competition:422,Super Rugby 2026,sr:season:137092,2026,league,regular season,2,Super Rugby Pacific 2026,Western Force,sr:competitor:21995,WFO,Blues,sr:competitor:4190,BLU,HIF Health Insurance Oval,Perth,Australia,,"Murphy, Damon",Australia,225,2276831862,scrum,2026-02-21T09:39:04+00:00,45,44:24,home,Western Force,58,13,2,,,,,,,,,,,,,,
super_rugby_2026_western_force_vs_blues_65866106.json,sr:sport_event:65866106,2026-02-21T08:35:00+00:00,Super Rugby,sr:competition:422,Super Rugby 2026,sr:season:137092,2026,league,regular season,2,Super Rugby Pacific 2026,Western Force,sr:competitor:21995,WFO,Blues,sr:competitor:4190,BLU,HIF Health Insurance Oval,Perth,Australia,,"Murphy, Damon",Australia,226,2276832038,scrum_won,2026-02-21T09:39:25+00:00,45,44:44,home,Western Force,58,13,2,,,,,,,,,,,,,,
super_rugby_2026_western_force_vs_blues_65866106.json,sr:sport_event:65866106,2026-02-21T08:35:00+00:00,Super Rugby,sr:competition:422,Super Rugby 2026,sr:season:137092,2026,league,regular season,2,Super Rugby Pacific 2026,Western Force,sr:competitor:21995,WFO,Blues,sr:competitor:4190,BLU,HIF Health Insurance Oval,Perth,Australia,,"Murphy, Damon",Australia,227,2276832040,penalty_awarded,2026-02-21T09:39:25+00:00,45,44:44,home,Western Force,58,13,2,,,,,,,,,,,,,,
super_rugby_2026_western_force_vs_blues_65866106.json,sr:sport_event:65866106,2026-02-21T08:35:00+00:00,Super Rugby,sr:competition:422,Super Rugby 2026,sr:season:137092,2026,league,regular season,2,Super Rugby Pacific 2026,Western Force,sr:competitor:21995,WFO,Blues,sr:competitor:4190,BLU,HIF Health Insurance Oval,Perth,Australia,,"Murphy, Damon",Australia,228,2276832108,kick_to_touch,2026-02-21T09:39:36+00:00,45,44:55,home,Western Force,58,13,2,,,,,,,,,,,,,,
super_rugby_2026_western_force_vs_blues_65866106.json,sr:sport_event:65866106,2026-02-21T08:35:00+00:00,Super Rugby,sr:competition:422,Super Rugby 2026,sr:season:137092,2026,league,regular season,2,Super Rugby Pacific 2026,Western Force,sr:competitor:21995,WFO,Blues,sr:competitor:4190,BLU,HIF Health Insurance Oval,Perth,Australia,,"Murphy, Damon",Australia,229,2276832204,line_out,2026-02-21T09:39:46+00:00,46,45:05,home,Western Force,76,-2,2,,,,,,,,,,,,,,
super_rugby_2026_western_force_vs_blues_65866106.json,sr:sport_event:65866106,2026-02-21T08:35:00+00:00,Super Rugby,sr:competition:422,Super Rugby 2026,sr:season:137092,2026,league,regular season,2,Super Rugby Pacific 2026,Western Force,sr:competitor:21995,WFO,Blues,sr:competitor:4190,BLU,HIF Health Insurance Oval,Perth,Australia,,"Murphy, Damon",Australia,230,2276832422,line_out_won,2026-02-21T09:40:07+00:00,46,45:27,home,Western Force,76,-2,2,,,,,,,,,,,,,,
super_rugby_2026_western_force_vs_blues_65866106.json,sr:sport_event:65866106,2026-02-21T08:35:00+00:00,Super Rugby,sr:competition:422,Super Rugby 2026,sr:season:137092,2026,league,regular season,2,Super Rugby Pacific 2026,Western Force,sr:competitor:21995,WFO,Blues,sr:competitor:4190,BLU,HIF Health Insurance Oval,Perth,Australia,,"Murphy, Damon",Australia,231,2276832458,ball_recycled,2026-02-21T09:40:11+00:00,46,45:30,home,Western Force,83,5,2,,,,,,,,,,,,,,
super_rugby_2026_western_force_vs_blues_65866106.json,sr:sport_event:65866106,2026-02-21T08:35:00+00:00,Super Rugby,sr:competition:422,Super Rugby 2026,sr:season:137092,2026,league,regular season,2,Super Rugby Pacific 2026,Western Force,sr:competitor:21995,WFO,Blues,sr:competitor:4190,BLU,HIF Health Insurance Oval,Perth,Australia,,"Murphy, Damon",Australia,232,2276832522,ball_recycled,2026-02-21T09:40:15+00:00,46,45:34,home,Western Force,83,14,2,,,,,,,,,,,,,,
super_rugby_2026_western_force_vs_blues_65866106.json,sr:sport_event:65866106,2026-02-21T08:35:00+00:00,Super Rugby,sr:competition:422,Super Rugby 2026,sr:season:137092,2026,league,regular season,2,Super Rugby Pacific 2026,Western Force,sr:competitor:21995,WFO,Blues,sr:competitor:4190,BLU,HIF Health Insurance Oval,Perth,Australia,,"Murphy, Damon",Australia,233,2276832546,ball_recycled,2026-02-21T09:40:19+00:00,46,45:38,home,Western Force,81,19,2,,,,,,,,,,,,,,
super_rugby_2026_western_force_vs_blues_65866106.json,sr:sport_event:65866106,2026-02-21T08:35:00+00:00,Super Rugby,sr:competition:422,Super Rugby 2026,sr:season:137092,2026,league,regular season,2,Super Rugby Pacific 2026,Western Force,sr:competitor:21995,WFO,Blues,sr:competitor:4190,BLU,HIF Health Insurance Oval,Perth,Australia,,"Murphy, Damon",Australia,234,2276832606,ball_recycled,2026-02-21T09:40:25+00:00,46,45:45,home,Western Force,84,23,2,,,,,,,,,,,,,,
super_rugby_2026_western_force_vs_blues_65866106.json,sr:sport_event:65866106,2026-02-21T08:35:00+00:00,Super Rugby,sr:competition:422,Super Rugby 2026,sr:season:137092,2026,league,regular season,2,Super Rugby Pacific 2026,Western Force,sr:competitor:21995,WFO,Blues,sr:competitor:4190,BLU,HIF Health Insurance Oval,Perth,Australia,,"Murphy, Damon",Australia,235,2276832786,penalty_awarded,2026-02-21T09:40:43+00:00,47,46:02,home,Western Force,84,21,2,,,,,,,,,,,,,,
super_rugby_2026_western_force_vs_blues_65866106.json,sr:sport_event:65866106,2026-02-21T08:35:00+00:00,Super Rugby,sr:competition:422,Super Rugby 2026,sr:season:137092,2026,league,regular season,2,Super Rugby Pacific 2026,Western Force,sr:competitor:21995,WFO,Blues,sr:competitor:4190,BLU,HIF Health Insurance Oval,Perth,Australia,,"Murphy, Damon",Australia,236,2276833524,score_change,2026-02-21T09:41:47+00:00,48,47:07,home,Western Force,84,21,2,,,20,21,penalty,,,sr:player:2049955,"Donaldson, Ben",,,,,"[{""id"": ""sr:player:2049955"", ""name"": ""Donaldson, Ben"", ""type"": ""scorer""}]"
super_rugby_2026_western_force_vs_blues_65866106.json,sr:sport_event:65866106,2026-02-21T08:35:00+00:00,Super Rugby,sr:competition:422,Super Rugby 2026,sr:season:137092,2026,league,regular season,2,Super Rugby Pacific 2026,Western Force,sr:competitor:21995,WFO,Blues,sr:competitor:4190,BLU,HIF Health Insurance Oval,Perth,Australia,,"Murphy, Damon",Australia,237,2276833818,ball_kicked,2026-02-21T09:42:17+00:00,48,47:36,away,Blues,26,51,2,,,,,,,,,,,,,,
super_rugby_2026_western_force_vs_blues_65866106.json,sr:sport_event:65866106,2026-02-21T08:35:00+00:00,Super Rugby,sr:competition:422,Super Rugby 2026,sr:season:137092,2026,league,regular season,2,Super Rugby Pacific 2026,Western Force,sr:competitor:21995,WFO,Blues,sr:competitor:4190,BLU,HIF Health Insurance Oval,Perth,Australia,,"Murphy, Damon",Australia,238,2276833856,ball_recycled,2026-02-21T09:42:22+00:00,48,47:42,home,Western Force,26,33,2,,,,,,,,,,,,,,
super_rugby_2026_western_force_vs_blues_65866106.json,sr:sport_event:65866106,2026-02-21T08:35:00+00:00,Super Rugby,sr:competition:422,Super Rugby 2026,sr:season:137092,2026,league,regular season,2,Super Rugby Pacific 2026,Western Force,sr:competitor:21995,WFO,Blues,sr:competitor:4190,BLU,HIF Health Insurance Oval,Perth,Australia,,"Murphy, Damon",Australia,239,2276833922,ball_recycled,2026-02-21T09:42:29+00:00,48,47:48,home,Western Force,25,51,2,,,,,,,,,,,,,,
super_rugby_2026_western_force_vs_blues_65866106.json,sr:sport_event:65866106,2026-02-21T08:35:00+00:00,Super Rugby,sr:competition:422,Super Rugby 2026,sr:season:137092,2026,league,regular season,2,Super Rugby Pacific 2026,Western Force,sr:competitor:21995,WFO,Blues,sr:competitor:4190,BLU,HIF Health Insurance Oval,Perth,Australia,,"Murphy, Damon",Australia,240,2276834028,line_out,2026-02-21T09:42:40+00:00,48,48:00,away,Blues,42,71,2,,,,,,,,,,,,,,
super_rugby_2026_western_force_vs_blues_65866106.json,sr:sport_event:65866106,2026-02-21T08:35:00+00:00,Super Rugby,sr:competition:422,Super Rugby 2026,sr:season:137092,2026,league,regular season,2,Super Rugby Pacific 2026,Western Force,sr:competitor:21995,WFO,Blues,sr:competitor:4190,BLU,HIF Health Insurance Oval,Perth,Australia,,"Murphy, Damon",Australia,241,2276834212,line_out_won,2026-02-21T09:43:05+00:00,49,48:24,home,Western Force,42,71,2,,,,,,,,,,,,,,
super_rugby_2026_western_force_vs_blues_65866106.json,sr:sport_event:65866106,2026-02-21T08:35:00+00:00,Super Rugby,sr:competition:422,Super Rugby 2026,sr:season:137092,2026,league,regular season,2,Super Rugby Pacific 2026,Western Force,sr:competitor:21995,WFO,Blues,sr:competitor:4190,BLU,HIF Health Insurance Oval,Perth,Australia,,"Murphy, Damon",Australia,242,2276834258,ball_recycled,2026-02-21T09:43:09+00:00,49,48:28,home,Western Force,42,71,2,,,,,,,,,,,,,,
super_rugby_2026_western_force_vs_blues_65866106.json,sr:sport_event:65866106,2026-02-21T08:35:00+00:00,Super Rugby,sr:competition:422,Super Rugby 2026,sr:season:137092,2026,league,regular season,2,Super Rugby Pacific 2026,Western Force,sr:competitor:21995,WFO,Blues,sr:competitor:4190,BLU,HIF Health Insurance Oval,Perth,Australia,,"Murphy, Damon",Australia,243,2276834338,turnover,2026-02-21T09:43:18+00:00,49,48:37,away,Blues,42,71,2,,,,,,,,,,,,,,
super_rugby_2026_western_force_vs_blues_65866106.json,sr:sport_event:65866106,2026-02-21T08:35:00+00:00,Super Rugby,sr:competition:422,Super Rugby 2026,sr:season:137092,2026,league,regular season,2,Super Rugby Pacific 2026,Western Force,sr:competitor:21995,WFO,Blues,sr:competitor:4190,BLU,HIF Health Insurance Oval,Perth,Australia,,"Murphy, Damon",Australia,244,2276834454,ball_recycled,2026-02-21T09:43:30+00:00,49,48:49,away,Blues,52,16,2,,,,,,,,,,,,,,
super_rugby_2026_western_force_vs_blues_65866106.json,sr:sport_event:65866106,2026-02-21T08:35:00+00:00,Super Rugby,sr:competition:422,Super Rugby 2026,sr:season:137092,2026,league,regular season,2,Super Rugby Pacific 2026,Western Force,sr:competitor:21995,WFO,Blues,sr:competitor:4190,BLU,HIF Health Insurance Oval,Perth,Australia,,"Murphy, Damon",Australia,245,2276834792,scrum,2026-02-21T09:44:08+00:00,50,49:27,home,Western Force,55,19,2,,,,,,,,,,,,,,
super_rugby_2026_western_force_vs_blues_65866106.json,sr:sport_event:65866106,2026-02-21T08:35:00+00:00,Super Rugby,sr:competition:422,Super Rugby 2026,sr:season:137092,2026,league,regular season,2,Super Rugby Pacific 2026,Western Force,sr:competitor:21995,WFO,Blues,sr:competitor:4190,BLU,HIF Health Insurance Oval,Perth,Australia,,"Murphy, Damon",Australia,246,2276835076,scrum_won,2026-02-21T09:44:36+00:00,50,49:55,home,Western Force,55,19,2,,,,,,,,,,,,,,
super_rugby_2026_western_force_vs_blues_65866106.json,sr:sport_event:65866106,2026-02-21T08:35:00+00:00,Super Rugby,sr:competition:422,Super Rugby 2026,sr:season:137092,2026,league,regular season,2,Super Rugby Pacific 2026,Western Force,sr:competitor:21995,WFO,Blues,sr:competitor:4190,BLU,HIF Health Insurance Oval,Perth,Australia,,"Murphy, Damon",Australia,247,2276836072,substitution,2026-02-21T09:45:54+00:00,52,51:14,away,Blues,,,2,,,,,,,,,,sr:player:1711757,"Slater, Bradley",sr:player:877462,"Eklund, Kurt","[{""id"": ""sr:player:1711757"", ""name"": ""Slater, Bradley"", ""type"": ""substituted_out""}, {""id"": ""sr:player:877462"", ""name"": ""Eklund, Kurt"", ""type"": ""substituted_in""}]"
super_rugby_2026_western_force_vs_blues_65866106.json,sr:sport_event:65866106,2026-02-21T08:35:00+00:00,Super Rugby,sr:competition:422,Super Rugby 2026,sr:season:137092,2026,league,regular season,2,Super Rugby Pacific 2026,Western Force,sr:competitor:21995,WFO,Blues,sr:competitor:4190,BLU,HIF Health Insurance Oval,Perth,Australia,,"Murphy, Damon",Australia,248,2276836074,substitution,2026-02-21T09:45:54+00:00,52,51:14,away,Blues,,,2,,,,,,,,,,sr:player:1649420,"Sotutu, Hoskins",sr:player:3156104,"Barnes, Torian","[{""id"": ""sr:player:1649420"", ""name"": ""Sotutu, Hoskins"", ""type"": ""substituted_out""}, {""id"": ""sr:player:3156104"", ""name"": ""Barnes, Torian"", ""type"": ""substituted_in""}]"
super_rugby_2026_western_force_vs_blues_65866106.json,sr:sport_event:65866106,2026-02-21T08:35:00+00:00,Super Rugby,sr:competition:422,Super Rugby 2026,sr:season:137092,2026,league,regular season,2,Super Rugby Pacific 2026,Western Force,sr:competitor:21995,WFO,Blues,sr:competitor:4190,BLU,HIF Health Insurance Oval,Perth,Australia,,"Murphy, Damon",Australia,249,2276836542,substitution,2026-02-21T09:46:41+00:00,52,52:00,away,Blues,,,2,,,,,,,,,,sr:player:535512,"Ahki, Pita",sr:player:2915895,"Taele, Xavi","[{""id"": ""sr:player:535512"", ""name"": ""Ahki, Pita"", ""type"": ""substituted_out""}, {""id"": ""sr:player:2915895"", ""name"": ""Taele, Xavi"", ""type"": ""substituted_in""}]"
super_rugby_2026_western_force_vs_blues_65866106.json,sr:sport_event:65866106,2026-02-21T08:35:00+00:00,Super Rugby,sr:competition:422,Super Rugby 2026,sr:season:137092,2026,league,regular season,2,Super Rugby Pacific 2026,Western Force,sr:competitor:21995,WFO,Blues,sr:competitor:4190,BLU,HIF Health Insurance Oval,Perth,Australia,,"Murphy, Damon",Australia,250,2276836552,ball_recycled,2026-02-21T09:46:42+00:00,53,52:02,home,Western Force,55,19,2,,,,,,,,,,,,,,
super_rugby_2026_western_force_vs_blues_65866106.json,sr:sport_event:65866106,2026-02-21T08:35:00+00:00,Super Rugby,sr:competition:422,Super Rugby 2026,sr:season:137092,2026,league,regular season,2,Super Rugby Pacific 2026,Western Force,sr:competitor:21995,WFO,Blues,sr:competitor:4190,BLU,HIF Health Insurance Oval,Perth,Australia,,"Murphy, Damon",Australia,251,2276836624,ball_recycled,2026-02-21T09:46:49+00:00,53,52:08,home,Western Force,34,19,2,,,,,,,,,,,,,,
super_rugby_2026_western_force_vs_blues_65866106.json,sr:sport_event:65866106,2026-02-21T08:35:00+00:00,Super Rugby,sr:competition:422,Super Rugby 2026,sr:season:137092,2026,league,regular season,2,Super Rugby Pacific 2026,Western Force,sr:competitor:21995,WFO,Blues,sr:competitor:4190,BLU,HIF Health Insurance Oval,Perth,Australia,,"Murphy, Damon",Australia,252,2276836652,turnover,2026-02-21T09:46:52+00:00,53,52:11,away,Blues,34,19,2,,,,,,,,,,,,,,
super_rugby_2026_western_force_vs_blues_65866106.json,sr:sport_event:65866106,2026-02-21T08:35:00+00:00,Super Rugby,sr:competition:422,Super Rugby 2026,sr:season:137092,2026,league,regular season,2,Super Rugby Pacific 2026,Western Force,sr:competitor:21995,WFO,Blues,sr:competitor:4190,BLU,HIF Health Insurance Oval,Perth,Australia,,"Murphy, Damon",Australia,253,2276836654,ball_recycled,2026-02-21T09:46:52+00:00,53,52:12,away,Blues,34,19,2,,,,,,,,,,,,,,
super_rugby_2026_western_force_vs_blues_65866106.json,sr:sport_event:65866106,2026-02-21T08:35:00+00:00,Super Rugby,sr:competition:422,Super Rugby 2026,sr:season:137092,2026,league,regular season,2,Super Rugby Pacific 2026,Western Force,sr:competitor:21995,WFO,Blues,sr:competitor:4190,BLU,HIF Health Insurance Oval,Perth,Australia,,"Murphy, Damon",Australia,254,2276836718,ball_recycled,2026-02-21T09:46:58+00:00,53,52:17,away,Blues,22,8,2,,,,,,,,,,,,,,
super_rugby_2026_western_force_vs_blues_65866106.json,sr:sport_event:65866106,2026-02-21T08:35:00+00:00,Super Rugby,sr:competition:422,Super Rugby 2026,sr:season:137092,2026,league,regular season,2,Super Rugby Pacific 2026,Western Force,sr:competitor:21995,WFO,Blues,sr:competitor:4190,BLU,HIF Health Insurance Oval,Perth,Australia,,"Murphy, Damon",Australia,255,2276836808,ball_recycled,2026-02-21T09:47:08+00:00,53,52:28,away,Blues,9,40,2,,,,,,,,,,,,,,
super_rugby_2026_western_force_vs_blues_65866106.json,sr:sport_event:65866106,2026-02-21T08:35:00+00:00,Super Rugby,sr:competition:422,Super Rugby 2026,sr:season:137092,2026,league,regular season,2,Super Rugby Pacific 2026,Western Force,sr:competitor:21995,WFO,Blues,sr:competitor:4190,BLU,HIF Health Insurance Oval,Perth,Australia,,"Murphy, Damon",Australia,256,2276836842,ball_recycled,2026-02-21T09:47:12+00:00,53,52:32,away,Blues,7,52,2,,,,,,,,,,,,,,
super_rugby_2026_western_force_vs_blues_65866106.json,sr:sport_event:65866106,2026-02-21T08:35:00+00:00,Super Rugby,sr:competition:422,Super Rugby 2026,sr:season:137092,2026,league,regular season,2,Super Rugby Pacific 2026,Western Force,sr:competitor:21995,WFO,Blues,sr:competitor:4190,BLU,HIF Health Insurance Oval,Perth,Australia,,"Murphy, Damon",Australia,257,2276837042,score_change,2026-02-21T09:47:34+00:00,53,52:53,away,Blues,2,46,2,,,20,26,try,,,sr:player:3156104,"Barnes, Torian",,,,,"[{""id"": ""sr:player:3156104"", ""name"": ""Barnes, Torian"", ""type"": ""scorer""}]"
super_rugby_2026_western_force_vs_blues_65866106.json,sr:sport_event:65866106,2026-02-21T08:35:00+00:00,Super Rugby,sr:competition:422,Super Rugby 2026,sr:season:137092,2026,league,regular season,2,Super Rugby Pacific 2026,Western Force,sr:competitor:21995,WFO,Blues,sr:competitor:4190,BLU,HIF Health Insurance Oval,Perth,Australia,,"Murphy, Damon",Australia,258,2276837300,score_change,2026-02-21T09:48:06+00:00,54,53:26,away,Blues,55,35,2,,,20,28,conversion,,,sr:player:1001635,"Perofeta, Stephen",,,,,"[{""id"": ""sr:player:1001635"", ""name"": ""Perofeta, Stephen"", ""type"": ""scorer""}]"
super_rugby_2026_western_force_vs_blues_65866106.json,sr:sport_event:65866106,2026-02-21T08:35:00+00:00,Super Rugby,sr:competition:422,Super Rugby 2026,sr:season:137092,2026,league,regular season,2,Super Rugby Pacific 2026,Western Force,sr:competitor:21995,WFO,Blues,sr:competitor:4190,BLU,HIF Health Insurance Oval,Perth,Australia,,"Murphy, Damon",Australia,259,2276837522,ball_kicked,2026-02-21T09:48:30+00:00,54,53:50,home,Western Force,87,10,2,,,,,,,,,,,,,,
super_rugby_2026_western_force_vs_blues_65866106.json,sr:sport_event:65866106,2026-02-21T08:35:00+00:00,Super Rugby,sr:competition:422,Super Rugby 2026,sr:season:137092,2026,league,regular season,2,Super Rugby Pacific 2026,Western Force,sr:competitor:21995,WFO,Blues,sr:competitor:4190,BLU,HIF Health Insurance Oval,Perth,Australia,,"Murphy, Damon",Australia,260,2276837662,line_out,2026-02-21T09:48:50+00:00,55,54:09,home,Western Force,40,-2,2,,,,,,,,,,,,,,
super_rugby_2026_western_force_vs_blues_65866106.json,sr:sport_event:65866106,2026-02-21T08:35:00+00:00,Super Rugby,sr:competition:422,Super Rugby 2026,sr:season:137092,2026,league,regular season,2,Super Rugby Pacific 2026,Western Force,sr:competitor:21995,WFO,Blues,sr:competitor:4190,BLU,HIF Health Insurance Oval,Perth,Australia,,"Murphy, Damon",Australia,261,2276837842,substitution,2026-02-21T09:49:16+00:00,55,54:36,away,Blues,,,2,,,,,,,,,,sr:player:858664,"Renata, Marcel",sr:player:512222,"Tu'ungafasi, Ofa","[{""id"": ""sr:player:858664"", ""name"": ""Renata, Marcel"", ""type"": ""substituted_out""}, {""id"": ""sr:player:512222"", ""name"": ""Tu'ungafasi, Ofa"", ""type"": ""substituted_in""}]"
super_rugby_2026_western_force_vs_blues_65866106.json,sr:sport_event:65866106,2026-02-21T08:35:00+00:00,Super Rugby,sr:competition:422,Super Rugby 2026,sr:season:137092,2026,league,regular season,2,Super Rugby Pacific 2026,Western Force,sr:competitor:21995,WFO,Blues,sr:competitor:4190,BLU,HIF Health Insurance Oval,Perth,Australia,,"Murphy, Damon",Australia,262,2276837920,line_out_won,2026-02-21T09:49:25+00:00,55,54:44,home,Western Force,39,16,2,,,,,,,,,,,,,,
super_rugby_2026_western_force_vs_blues_65866106.json,sr:sport_event:65866106,2026-02-21T08:35:00+00:00,Super Rugby,sr:competition:422,Super Rugby 2026,sr:season:137092,2026,league,regular season,2,Super Rugby Pacific 2026,Western Force,sr:competitor:21995,WFO,Blues,sr:competitor:4190,BLU,HIF Health Insurance Oval,Perth,Australia,,"Murphy, Damon",Australia,263,2276837956,ball_kicked,2026-02-21T09:49:31+00:00,55,54:50,home,Western Force,48,15,2,,,,,,,,,,,,,,
super_rugby_2026_western_force_vs_blues_65866106.json,sr:sport_event:65866106,2026-02-21T08:35:00+00:00,Super Rugby,sr:competition:422,Super Rugby 2026,sr:season:137092,2026,league,regular season,2,Super Rugby Pacific 2026,Western Force,sr:competitor:21995,WFO,Blues,sr:competitor:4190,BLU,HIF Health Insurance Oval,Perth,Australia,,"Murphy, Damon",Australia,264,2276838000,ball_recycled,2026-02-21T09:49:35+00:00,55,54:54,home,Western Force,50,18,2,,,,,,,,,,,,,,
super_rugby_2026_western_force_vs_blues_65866106.json,sr:sport_event:65866106,2026-02-21T08:35:00+00:00,Super Rugby,sr:competition:422,Super Rugby 2026,sr:season:137092,2026,league,regular season,2,Super Rugby Pacific 2026,Western Force,sr:competitor:21995,WFO,Blues,sr:competitor:4190,BLU,HIF Health Insurance Oval,Perth,Australia,,"Murphy, Damon",Australia,265,2276838466,scrum,2026-02-21T09:50:39+00:00,56,55:58,home,Western Force,55,18,2,,,,,,,,,,,,,,
super_rugby_2026_western_force_vs_blues_65866106.json,sr:sport_event:65866106,2026-02-21T08:35:00+00:00,Super Rugby,sr:competition:422,Super Rugby 2026,sr:season:137092,2026,league,regular season,2,Super Rugby Pacific 2026,Western Force,sr:competitor:21995,WFO,Blues,sr:competitor:4190,BLU,HIF Health Insurance Oval,Perth,Australia,,"Murphy, Damon",Australia,266,2276838490,scrum_won,2026-02-21T09:50:41+00:00,57,56:01,home,Western Force,55,18,2,,,,,,,,,,,,,,
super_rugby_2026_western_force_vs_blues_65866106.json,sr:sport_event:65866106,2026-02-21T08:35:00+00:00,Super Rugby,sr:competition:422,Super Rugby 2026,sr:season:137092,2026,league,regular season,2,Super Rugby Pacific 2026,Western Force,sr:competitor:21995,WFO,Blues,sr:competitor:4190,BLU,HIF Health Insurance Oval,Perth,Australia,,"Murphy, Damon",Australia,267,2276838496,penalty_awarded,2026-02-21T09:50:42+00:00,57,56:01,home,Western Force,55,18,2,,,,,,,,,,,,,,
super_rugby_2026_western_force_vs_blues_65866106.json,sr:sport_event:65866106,2026-02-21T08:35:00+00:00,Super Rugby,sr:competition:422,Super Rugby 2026,sr:season:137092,2026,league,regular season,2,Super Rugby Pacific 2026,Western Force,sr:competitor:21995,WFO,Blues,sr:competitor:4190,BLU,HIF Health Insurance Oval,Perth,Australia,,"Murphy, Damon",Australia,268,2276838528,kick_to_touch,2026-02-21T09:50:47+00:00,57,56:06,home,Western Force,55,18,2,,,,,,,,,,,,,,
super_rugby_2026_western_force_vs_blues_65866106.json,sr:sport_event:65866106,2026-02-21T08:35:00+00:00,Super Rugby,sr:competition:422,Super Rugby 2026,sr:season:137092,2026,league,regular season,2,Super Rugby Pacific 2026,Western Force,sr:competitor:21995,WFO,Blues,sr:competitor:4190,BLU,HIF Health Insurance Oval,Perth,Australia,,"Murphy, Damon",Australia,269,2276838604,line_out,2026-02-21T09:51:00+00:00,57,56:19,home,Western Force,77,-2,2,,,,,,,,,,,,,,
super_rugby_2026_western_force_vs_blues_65866106.json,sr:sport_event:65866106,2026-02-21T08:35:00+00:00,Super Rugby,sr:competition:422,Super Rugby 2026,sr:season:137092,2026,league,regular season,2,Super Rugby Pacific 2026,Western Force,sr:competitor:21995,WFO,Blues,sr:competitor:4190,BLU,HIF Health Insurance Oval,Perth,Australia,,"Murphy, Damon",Australia,270,2276838714,line_out_won,2026-02-21T09:51:15+00:00,57,56:35,home,Western Force,77,-2,2,,,,,,,,,,,,,,
super_rugby_2026_western_force_vs_blues_65866106.json,sr:sport_event:65866106,2026-02-21T08:35:00+00:00,Super Rugby,sr:competition:422,Super Rugby 2026,sr:season:137092,2026,league,regular season,2,Super Rugby Pacific 2026,Western Force,sr:competitor:21995,WFO,Blues,sr:competitor:4190,BLU,HIF Health Insurance Oval,Perth,Australia,,"Murphy, Damon",Australia,271,2276838746,ball_recycled,2026-02-21T09:51:21+00:00,57,56:40,home,Western Force,76,19,2,,,,,,,,,,,,,,
super_rugby_2026_western_force_vs_blues_65866106.json,sr:sport_event:65866106,2026-02-21T08:35:00+00:00,Super Rugby,sr:competition:422,Super Rugby 2026,sr:season:137092,2026,league,regular season,2,Super Rugby Pacific 2026,Western Force,sr:competitor:21995,WFO,Blues,sr:competitor:4190,BLU,HIF Health Insurance Oval,Perth,Australia,,"Murphy, Damon",Australia,272,2276838814,ball_recycled,2026-02-21T09:51:27+00:00,57,56:46,home,Western Force,76,4,2,,,,,,,,,,,,,,
super_rugby_2026_western_force_vs_blues_65866106.json,sr:sport_event:65866106,2026-02-21T08:35:00+00:00,Super Rugby,sr:competition:422,Super Rugby 2026,sr:season:137092,2026,league,regular season,2,Super Rugby Pacific 2026,Western Force,sr:competitor:21995,WFO,Blues,sr:competitor:4190,BLU,HIF Health Insurance Oval,Perth,Australia,,"Murphy, Damon",Australia,273,2276838850,turnover,2026-02-21T09:51:30+00:00,57,56:49,away,Blues,76,4,2,,,,,,,,,,,,,,
super_rugby_2026_western_force_vs_blues_65866106.json,sr:sport_event:65866106,2026-02-21T08:35:00+00:00,Super Rugby,sr:competition:422,Super Rugby 2026,sr:season:137092,2026,league,regular season,2,Super Rugby Pacific 2026,Western Force,sr:competitor:21995,WFO,Blues,sr:competitor:4190,BLU,HIF Health Insurance Oval,Perth,Australia,,"Murphy, Damon",Australia,274,2276838862,ball_recycled,2026-02-21T09:51:32+00:00,57,56:51,away,Blues,76,4,2,,,,,,,,,,,,,,
super_rugby_2026_western_force_vs_blues_65866106.json,sr:sport_event:65866106,2026-02-21T08:35:00+00:00,Super Rugby,sr:competition:422,Super Rugby 2026,sr:season:137092,2026,league,regular season,2,Super Rugby Pacific 2026,Western Force,sr:competitor:21995,WFO,Blues,sr:competitor:4190,BLU,HIF Health Insurance Oval,Perth,Australia,,"Murphy, Damon",Australia,275,2276838956,ball_kicked,2026-02-21T09:51:42+00:00,58,57:02,away,Blues,76,4,2,,,,,,,,,,,,,,
super_rugby_2026_western_force_vs_blues_65866106.json,sr:sport_event:65866106,2026-02-21T08:35:00+00:00,Super Rugby,sr:competition:422,Super Rugby 2026,sr:season:137092,2026,league,regular season,2,Super Rugby Pacific 2026,Western Force,sr:competitor:21995,WFO,Blues,sr:competitor:4190,BLU,HIF Health Insurance Oval,Perth,Australia,,"Murphy, Damon",Australia,276,2276839074,line_out,2026-02-21T09:51:58+00:00,58,57:17,away,Blues,35,71,2,,,,,,,,,,,,,,
super_rugby_2026_western_force_vs_blues_65866106.json,sr:sport_event:65866106,2026-02-21T08:35:00+00:00,Super Rugby,sr:competition:422,Super Rugby 2026,sr:season:137092,2026,league,regular season,2,Super Rugby Pacific 2026,Western Force,sr:competitor:21995,WFO,Blues,sr:competitor:4190,BLU,HIF Health Insurance Oval,Perth,Australia,,"Murphy, Damon",Australia,277,2276839272,line_out_won,2026-02-21T09:52:27+00:00,58,57:47,away,Blues,35,71,2,,,,,,,,,,,,,,
super_rugby_2026_western_force_vs_blues_65866106.json,sr:sport_event:65866106,2026-02-21T08:35:00+00:00,Super Rugby,sr:competition:422,Super Rugby 2026,sr:season:137092,2026,league,regular season,2,Super Rugby Pacific 2026,Western Force,sr:competitor:21995,WFO,Blues,sr:competitor:4190,BLU,HIF Health Insurance Oval,Perth,Australia,,"Murphy, Damon",Australia,278,2276839326,ball_recycled,2026-02-21T09:52:33+00:00,58,57:53,away,Blues,37,56,2,,,,,,,,,,,,,,
super_rugby_2026_western_force_vs_blues_65866106.json,sr:sport_event:65866106,2026-02-21T08:35:00+00:00,Super Rugby,sr:competition:422,Super Rugby 2026,sr:season:137092,2026,league,regular season,2,Super Rugby Pacific 2026,Western Force,sr:competitor:21995,WFO,Blues,sr:competitor:4190,BLU,HIF Health Insurance Oval,Perth,Australia,,"Murphy, Damon",Australia,279,2276839354,ball_recycled,2026-02-21T09:52:36+00:00,58,57:55,away,Blues,34,47,2,,,,,,,,,,,,,,
super_rugby_2026_western_force_vs_blues_65866106.json,sr:sport_event:65866106,2026-02-21T08:35:00+00:00,Super Rugby,sr:competition:422,Super Rugby 2026,sr:season:137092,2026,league,regular season,2,Super Rugby Pacific 2026,Western Force,sr:competitor:21995,WFO,Blues,sr:competitor:4190,BLU,HIF Health Insurance Oval,Perth,Australia,,"Murphy, Damon",Australia,280,2276839386,ball_recycled,2026-02-21T09:52:40+00:00,58,58:00,away,Blues,37,33,2,,,,,,,,,,,,,,
super_rugby_2026_western_force_vs_blues_65866106.json,sr:sport_event:65866106,2026-02-21T08:35:00+00:00,Super Rugby,sr:competition:422,Super Rugby 2026,sr:season:137092,2026,league,regular season,2,Super Rugby Pacific 2026,Western Force,sr:competitor:21995,WFO,Blues,sr:competitor:4190,BLU,HIF Health Insurance Oval,Perth,Australia,,"Murphy, Damon",Australia,281,2276839484,ball_recycled,2026-02-21T09:52:55+00:00,59,58:14,away,Blues,37,33,2,,,,,,,,,,,,,,
super_rugby_2026_western_force_vs_blues_65866106.json,sr:sport_event:65866106,2026-02-21T08:35:00+00:00,Super Rugby,sr:competition:422,Super Rugby 2026,sr:season:137092,2026,league,regular season,2,Super Rugby Pacific 2026,Western Force,sr:competitor:21995,WFO,Blues,sr:competitor:4190,BLU,HIF Health Insurance Oval,Perth,Australia,,"Murphy, Damon",Australia,282,2276839510,ball_recycled,2026-02-21T09:52:58+00:00,59,58:18,away,Blues,31,62,2,,,,,,,,,,,,,,
super_rugby_2026_western_force_vs_blues_65866106.json,sr:sport_event:65866106,2026-02-21T08:35:00+00:00,Super Rugby,sr:competition:422,Super Rugby 2026,sr:season:137092,2026,league,regular season,2,Super Rugby Pacific 2026,Western Force,sr:competitor:21995,WFO,Blues,sr:competitor:4190,BLU,HIF Health Insurance Oval,Perth,Australia,,"Murphy, Damon",Australia,283,2276839550,ball_recycled,2026-02-21T09:53:03+00:00,59,58:22,away,Blues,31,47,2,,,,,,,,,,,,,,
super_rugby_2026_western_force_vs_blues_65866106.json,sr:sport_event:65866106,2026-02-21T08:35:00+00:00,Super Rugby,sr:competition:422,Super Rugby 2026,sr:season:137092,2026,league,regular season,2,Super Rugby Pacific 2026,Western Force,sr:competitor:21995,WFO,Blues,sr:competitor:4190,BLU,HIF Health Insurance Oval,Perth,Australia,,"Murphy, Damon",Australia,284,2276839592,ball_recycled,2026-02-21T09:53:09+00:00,59,58:28,away,Blues,30,34,2,,,,,,,,,,,,,,
super_rugby_2026_western_force_vs_blues_65866106.json,sr:sport_event:65866106,2026-02-21T08:35:00+00:00,Super Rugby,sr:competition:422,Super Rugby 2026,sr:season:137092,2026,league,regular season,2,Super Rugby Pacific 2026,Western Force,sr:competitor:21995,WFO,Blues,sr:competitor:4190,BLU,HIF Health Insurance Oval,Perth,Australia,,"Murphy, Damon",Australia,285,2276839748,penalty_awarded,2026-02-21T09:53:27+00:00,59,58:46,away,Blues,39,46,2,,,,,,,,,,,,,,
super_rugby_2026_western_force_vs_blues_65866106.json,sr:sport_event:65866106,2026-02-21T08:35:00+00:00,Super Rugby,sr:competition:422,Super Rugby 2026,sr:season:137092,2026,league,regular season,2,Super Rugby Pacific 2026,Western Force,sr:competitor:21995,WFO,Blues,sr:competitor:4190,BLU,HIF Health Insurance Oval,Perth,Australia,,"Murphy, Damon",Australia,286,2276839880,kick_to_touch,2026-02-21T09:53:50+00:00,60,59:09,away,Blues,39,46,2,,,,,,,,,,,,,,
super_rugby_2026_western_force_vs_blues_65866106.json,sr:sport_event:65866106,2026-02-21T08:35:00+00:00,Super Rugby,sr:competition:422,Super Rugby 2026,sr:season:137092,2026,league,regular season,2,Super Rugby Pacific 2026,Western Force,sr:competitor:21995,WFO,Blues,sr:competitor:4190,BLU,HIF Health Insurance Oval,Perth,Australia,,"Murphy, Damon",Australia,287,2276839920,line_out,2026-02-21T09:53:58+00:00,60,59:17,away,Blues,14,71,2,,,,,,,,,,,,,,
super_rugby_2026_western_force_vs_blues_65866106.json,sr:sport_event:65866106,2026-02-21T08:35:00+00:00,Super Rugby,sr:competition:422,Super Rugby 2026,sr:season:137092,2026,league,regular season,2,Super Rugby Pacific 2026,Western Force,sr:competitor:21995,WFO,Blues,sr:competitor:4190,BLU,HIF Health Insurance Oval,Perth,Australia,,"Murphy, Damon",Australia,288,2276840012,line_out_won,2026-02-21T09:54:13+00:00,60,59:33,away,Blues,14,71,2,,,,,,,,,,,,,,
super_rugby_2026_western_force_vs_blues_65866106.json,sr:sport_event:65866106,2026-02-21T08:35:00+00:00,Super Rugby,sr:competition:422,Super Rugby 2026,sr:season:137092,2026,league,regular season,2,Super Rugby Pacific 2026,Western Force,sr:competitor:21995,WFO,Blues,sr:competitor:4190,BLU,HIF Health Insurance Oval,Perth,Australia,,"Murphy, Damon",Australia,289,2276840102,ball_recycled,2026-02-21T09:54:25+00:00,60,59:45,away,Blues,9,35,2,,,,,,,,,,,,,,
super_rugby_2026_western_force_vs_blues_65866106.json,sr:sport_event:65866106,2026-02-21T08:35:00+00:00,Super Rugby,sr:competition:422,Super Rugby 2026,sr:season:137092,2026,league,regular season,2,Super Rugby Pacific 2026,Western Force,sr:competitor:21995,WFO,Blues,sr:competitor:4190,BLU,HIF Health Insurance Oval,Perth,Australia,,"Murphy, Damon",Australia,290,2276840204,score_change,2026-02-21T09:54:41+00:00,60,60:00,away,Blues,1,8,2,,,20,33,try,,,sr:player:2132288,"Forbes, Cole",,,,,"[{""id"": ""sr:player:2132288"", ""name"": ""Forbes, Cole"", ""type"": ""scorer""}]"
super_rugby_2026_western_force_vs_blues_65866106.json,sr:sport_event:65866106,2026-02-21T08:35:00+00:00,Super Rugby,sr:competition:422,Super Rugby 2026,sr:season:137092,2026,league,regular season,2,Super Rugby Pacific 2026,Western Force,sr:competitor:21995,WFO,Blues,sr:competitor:4190,BLU,HIF Health Insurance Oval,Perth,Australia,,"Murphy, Damon",Australia,291,2276840508,score_change,2026-02-21T09:55:33+00:00,61,60:52,away,Blues,55,35,2,,,20,35,conversion,,,sr:player:1001635,"Perofeta, Stephen",,,,,"[{""id"": ""sr:player:1001635"", ""name"": ""Perofeta, Stephen"", ""type"": ""scorer""}]"
super_rugby_2026_western_force_vs_blues_65866106.json,sr:sport_event:65866106,2026-02-21T08:35:00+00:00,Super Rugby,sr:competition:422,Super Rugby 2026,sr:season:137092,2026,league,regular season,2,Super Rugby Pacific 2026,Western Force,sr:competitor:21995,WFO,Blues,sr:competitor:4190,BLU,HIF Health Insurance Oval,Perth,Australia,,"Murphy, Damon",Australia,292,2276841256,substitution,2026-02-21T09:55:41+00:00,61,61:00,home,Western Force,,,2,,,,,,,,,,sr:player:2743279,"Palu, David",sr:player:2602223,"Burey, Max","[{""id"": ""sr:player:2743279"", ""name"": ""Palu, David"", ""type"": ""substituted_out""}, {""id"": ""sr:player:2602223"", ""name"": ""Burey, Max"", ""type"": ""substituted_in""}]"
super_rugby_2026_western_force_vs_blues_65866106.json,sr:sport_event:65866106,2026-02-21T08:35:00+00:00,Super Rugby,sr:competition:422,Super Rugby 2026,sr:season:137092,2026,league,regular season,2,Super Rugby Pacific 2026,Western Force,sr:competitor:21995,WFO,Blues,sr:competitor:4190,BLU,HIF Health Insurance Oval,Perth,Australia,,"Murphy, Damon",Australia,293,2276841336,ball_kicked,2026-02-21T09:55:56+00:00,62,61:09,home,Western Force,55,35,2,,,,,,,,,,,,,,
super_rugby_2026_western_force_vs_blues_65866106.json,sr:sport_event:65866106,2026-02-21T08:35:00+00:00,Super Rugby,sr:competition:422,Super Rugby 2026,sr:season:137092,2026,league,regular season,2,Super Rugby Pacific 2026,Western Force,sr:competitor:21995,WFO,Blues,sr:competitor:4190,BLU,HIF Health Insurance Oval,Perth,Australia,,"Murphy, Damon",Australia,294,2276841580,scrum,2026-02-21T09:56:30+00:00,62,61:17,away,Blues,84,17,2,,,,,,,,,,,,,,
super_rugby_2026_western_force_vs_blues_65866106.json,sr:sport_event:65866106,2026-02-21T08:35:00+00:00,Super Rugby,sr:competition:422,Super Rugby 2026,sr:season:137092,2026,league,regular season,2,Super Rugby Pacific 2026,Western Force,sr:competitor:21995,WFO,Blues,sr:competitor:4190,BLU,HIF Health Insurance Oval,Perth,Australia,,"Murphy, Damon",Australia,295,2276841988,scrum_won,2026-02-21T09:57:41+00:00,63,62:28,away,Blues,84,17,2,,,,,,,,,,,,,,
super_rugby_2026_western_force_vs_blues_65866106.json,sr:sport_event:65866106,2026-02-21T08:35:00+00:00,Super Rugby,sr:competition:422,Super Rugby 2026,sr:season:137092,2026,league,regular season,2,Super Rugby Pacific 2026,Western Force,sr:competitor:21995,WFO,Blues,sr:competitor:4190,BLU,HIF Health Insurance Oval,Perth,Australia,,"Murphy, Damon",Australia,296,2276842030,ball_recycled,2026-02-21T09:57:45+00:00,63,62:32,away,Blues,68,22,2,,,,,,,,,,,,,,
super_rugby_2026_western_force_vs_blues_65866106.json,sr:sport_event:65866106,2026-02-21T08:35:00+00:00,Super Rugby,sr:competition:422,Super Rugby 2026,sr:season:137092,2026,league,regular season,2,Super Rugby Pacific 2026,Western Force,sr:competitor:21995,WFO,Blues,sr:competitor:4190,BLU,HIF Health Insurance Oval,Perth,Australia,,"Murphy, Damon",Australia,297,2276842190,line_out,2026-02-21T09:58:09+00:00,63,62:56,home,Western Force,79,-2,2,,,,,,,,,,,,,,
super_rugby_2026_western_force_vs_blues_65866106.json,sr:sport_event:65866106,2026-02-21T08:35:00+00:00,Super Rugby,sr:competition:422,Super Rugby 2026,sr:season:137092,2026,league,regular season,2,Super Rugby Pacific 2026,Western Force,sr:competitor:21995,WFO,Blues,sr:competitor:4190,BLU,HIF Health Insurance Oval,Perth,Australia,,"Murphy, Damon",Australia,298,2276842498,line_out_won,2026-02-21T09:58:50+00:00,64,63:37,home,Western Force,79,-2,2,,,,,,,,,,,,,,
super_rugby_2026_western_force_vs_blues_65866106.json,sr:sport_event:65866106,2026-02-21T08:35:00+00:00,Super Rugby,sr:competition:422,Super Rugby 2026,sr:season:137092,2026,league,regular season,2,Super Rugby Pacific 2026,Western Force,sr:competitor:21995,WFO,Blues,sr:competitor:4190,BLU,HIF Health Insurance Oval,Perth,Australia,,"Murphy, Damon",Australia,299,2276842514,ball_recycled,2026-02-21T09:58:52+00:00,64,63:39,home,Western Force,79,29,2,,,,,,,,,,,,,,
super_rugby_2026_western_force_vs_blues_65866106.json,sr:sport_event:65866106,2026-02-21T08:35:00+00:00,Super Rugby,sr:competition:422,Super Rugby 2026,sr:season:137092,2026,league,regular season,2,Super Rugby Pacific 2026,Western Force,sr:competitor:21995,WFO,Blues,sr:competitor:4190,BLU,HIF Health Insurance Oval,Perth,Australia,,"Murphy, Damon",Australia,300,2276842592,scrum,2026-02-21T09:59:06+00:00,64,63:53,home,Western Force,91,38,2,,,,,,,,,,,,,,
super_rugby_2026_western_force_vs_blues_65866106.json,sr:sport_event:65866106,2026-02-21T08:35:00+00:00,Super Rugby,sr:competition:422,Super Rugby 2026,sr:season:137092,2026,league,regular season,2,Super Rugby Pacific 2026,Western Force,sr:competitor:21995,WFO,Blues,sr:competitor:4190,BLU,HIF Health Insurance Oval,Perth,Australia,,"Murphy, Damon",Australia,301,2276843464,scrum_won,2026-02-21T10:00:40+00:00,66,65:27,home,Western Force,91,38,2,,,,,,,,,,,,,,
super_rugby_2026_western_force_vs_blues_65866106.json,sr:sport_event:65866106,2026-02-21T08:35:00+00:00,Super Rugby,sr:competition:422,Super Rugby 2026,sr:season:137092,2026,league,regular season,2,Super Rugby Pacific 2026,Western Force,sr:competitor:21995,WFO,Blues,sr:competitor:4190,BLU,HIF Health Insurance Oval,Perth,Australia,,"Murphy, Damon",Australia,302,2276843476,ball_recycled,2026-02-21T10:00:42+00:00,66,65:29,home,Western Force,97,19,2,,,,,,,,,,,,,,
super_rugby_2026_western_force_vs_blues_65866106.json,sr:sport_event:65866106,2026-02-21T08:35:00+00:00,Super Rugby,sr:competition:422,Super Rugby 2026,sr:season:137092,2026,league,regular season,2,Super Rugby Pacific 2026,Western Force,sr:competitor:21995,WFO,Blues,sr:competitor:4190,BLU,HIF Health Insurance Oval,Perth,Australia,,"Murphy, Damon",Australia,303,2276843502,ball_recycled,2026-02-21T10:00:47+00:00,66,65:34,home,Western Force,99,16,2,,,,,,,,,,,,,,
super_rugby_2026_western_force_vs_blues_65866106.json,sr:sport_event:65866106,2026-02-21T08:35:00+00:00,Super Rugby,sr:competition:422,Super Rugby 2026,sr:season:137092,2026,league,regular season,2,Super Rugby Pacific 2026,Western Force,sr:competitor:21995,WFO,Blues,sr:competitor:4190,BLU,HIF Health Insurance Oval,Perth,Australia,,"Murphy, Damon",Australia,304,2276843542,ball_recycled,2026-02-21T10:00:52+00:00,66,65:39,home,Western Force,97,23,2,,,,,,,,,,,,,,
super_rugby_2026_western_force_vs_blues_65866106.json,sr:sport_event:65866106,2026-02-21T08:35:00+00:00,Super Rugby,sr:competition:422,Super Rugby 2026,sr:season:137092,2026,league,regular season,2,Super Rugby Pacific 2026,Western Force,sr:competitor:21995,WFO,Blues,sr:competitor:4190,BLU,HIF Health Insurance Oval,Perth,Australia,,"Murphy, Damon",Australia,305,2276843594,ball_recycled,2026-02-21T10:00:58+00:00,66,65:45,home,Western Force,96,29,2,,,,,,,,,,,,,,
super_rugby_2026_western_force_vs_blues_65866106.json,sr:sport_event:65866106,2026-02-21T08:35:00+00:00,Super Rugby,sr:competition:422,Super Rugby 2026,sr:season:137092,2026,league,regular season,2,Super Rugby Pacific 2026,Western Force,sr:competitor:21995,WFO,Blues,sr:competitor:4190,BLU,HIF Health Insurance Oval,Perth,Australia,,"Murphy, Damon",Australia,306,2276843666,ball_recycled,2026-02-21T10:01:05+00:00,66,65:52,home,Western Force,96,29,2,,,,,,,,,,,,,,
super_rugby_2026_western_force_vs_blues_65866106.json,sr:sport_event:65866106,2026-02-21T08:35:00+00:00,Super Rugby,sr:competition:422,Super Rugby 2026,sr:season:137092,2026,league,regular season,2,Super Rugby Pacific 2026,Western Force,sr:competitor:21995,WFO,Blues,sr:competitor:4190,BLU,HIF Health Insurance Oval,Perth,Australia,,"Murphy, Damon",Australia,307,2276843712,ball_recycled,2026-02-21T10:01:09+00:00,66,65:56,home,Western Force,97,35,2,,,,,,,,,,,,,,
super_rugby_2026_western_force_vs_blues_65866106.json,sr:sport_event:65866106,2026-02-21T08:35:00+00:00,Super Rugby,sr:competition:422,Super Rugby 2026,sr:season:137092,2026,league,regular season,2,Super Rugby Pacific 2026,Western Force,sr:competitor:21995,WFO,Blues,sr:competitor:4190,BLU,HIF Health Insurance Oval,Perth,Australia,,"Murphy, Damon",Australia,308,2276843854,substitution,2026-02-21T10:01:19+00:00,67,66:06,home,Western Force,,,2,,,,,,,,,,sr:player:762300,"Robertson, Tom",sr:player:1261712,"Oviedo, Leonel","[{""id"": ""sr:player:762300"", ""name"": ""Robertson, Tom"", ""type"": ""substituted_out""}, {""id"": ""sr:player:1261712"", ""name"": ""Oviedo, Leonel"", ""type"": ""substituted_in""}]"
super_rugby_2026_western_force_vs_blues_65866106.json,sr:sport_event:65866106,2026-02-21T08:35:00+00:00,Super Rugby,sr:competition:422,Super Rugby 2026,sr:season:137092,2026,league,regular season,2,Super Rugby Pacific 2026,Western Force,sr:competitor:21995,WFO,Blues,sr:competitor:4190,BLU,HIF Health Insurance Oval,Perth,Australia,,"Murphy, Damon",Australia,309,2276843856,substitution,2026-02-21T10:01:19+00:00,67,66:06,home,Western Force,,,2,,,,,,,,,,sr:player:1057397,"Paenga-Amosa, Brandon",sr:player:589952,"Fa'agase, Sef","[{""id"": ""sr:player:1057397"", ""name"": ""Paenga-Amosa, Brandon"", ""type"": ""substituted_out""}, {""id"": ""sr:player:589952"", ""name"": ""Fa'agase, Sef"", ""type"": ""substituted_in""}]"
super_rugby_2026_western_force_vs_blues_65866106.json,sr:sport_event:65866106,2026-02-21T08:35:00+00:00,Super Rugby,sr:competition:422,Super Rugby 2026,sr:season:137092,2026,league,regular season,2,Super Rugby Pacific 2026,Western Force,sr:competitor:21995,WFO,Blues,sr:competitor:4190,BLU,HIF Health Insurance Oval,Perth,Australia,,"Murphy, Damon",Australia,310,2276843886,ball_recycled,2026-02-21T10:01:23+00:00,67,66:10,home,Western Force,97,35,2,,,,,,,,,,,,,,
super_rugby_2026_western_force_vs_blues_65866106.json,sr:sport_event:65866106,2026-02-21T08:35:00+00:00,Super Rugby,sr:competition:422,Super Rugby 2026,sr:season:137092,2026,league,regular season,2,Super Rugby Pacific 2026,Western Force,sr:competitor:21995,WFO,Blues,sr:competitor:4190,BLU,HIF Health Insurance Oval,Perth,Australia,,"Murphy, Damon",Australia,311,2276843956,ball_recycled,2026-02-21T10:01:27+00:00,67,66:15,home,Western Force,96,19,2,,,,,,,,,,,,,,
super_rugby_2026_western_force_vs_blues_65866106.json,sr:sport_event:65866106,2026-02-21T08:35:00+00:00,Super Rugby,sr:competition:422,Super Rugby 2026,sr:season:137092,2026,league,regular season,2,Super Rugby Pacific 2026,Western Force,sr:competitor:21995,WFO,Blues,sr:competitor:4190,BLU,HIF Health Insurance Oval,Perth,Australia,,"Murphy, Damon",Australia,312,2276844040,ball_recycled,2026-02-21T10:01:35+00:00,67,66:22,home,Western Force,103,12,2,,,,,,,,,,,,,,
super_rugby_2026_western_force_vs_blues_65866106.json,sr:sport_event:65866106,2026-02-21T08:35:00+00:00,Super Rugby,sr:competition:422,Super Rugby 2026,sr:season:137092,2026,league,regular season,2,Super Rugby Pacific 2026,Western Force,sr:competitor:21995,WFO,Blues,sr:competitor:4190,BLU,HIF Health Insurance Oval,Perth,Australia,,"Murphy, Damon",Australia,313,2276844258,score_change,2026-02-21T10:01:55+00:00,67,66:43,home,Western Force,113,10,2,,,25,35,try,,,sr:player:2007265,"Kuenzle, Bayley",,,,,"[{""id"": ""sr:player:2007265"", ""name"": ""Kuenzle, Bayley"", ""type"": ""scorer""}]"
super_rugby_2026_western_force_vs_blues_65866106.json,sr:sport_event:65866106,2026-02-21T08:35:00+00:00,Super Rugby,sr:competition:422,Super Rugby 2026,sr:season:137092,2026,league,regular season,2,Super Rugby Pacific 2026,Western Force,sr:competitor:21995,WFO,Blues,sr:competitor:4190,BLU,HIF Health Insurance Oval,Perth,Australia,,"Murphy, Damon",Australia,314,2276844752,score_change,2026-02-21T10:02:47+00:00,68,67:34,home,Western Force,55,35,2,,,27,35,conversion,,,sr:player:2049955,"Donaldson, Ben",,,,,"[{""id"": ""sr:player:2049955"", ""name"": ""Donaldson, Ben"", ""type"": ""scorer""}]"
super_rugby_2026_western_force_vs_blues_65866106.json,sr:sport_event:65866106,2026-02-21T08:35:00+00:00,Super Rugby,sr:competition:422,Super Rugby 2026,sr:season:137092,2026,league,regular season,2,Super Rugby Pacific 2026,Western Force,sr:competitor:21995,WFO,Blues,sr:competitor:4190,BLU,HIF Health Insurance Oval,Perth,Australia,,"Murphy, Damon",Australia,315,2276845266,substitution,2026-02-21T10:03:30+00:00,69,68:17,home,Western Force,,,2,,,,,,,,,,sr:player:2594397,"Hastie, Nathan",sr:player:1989673,"Robertson, Henry","[{""id"": ""sr:player:2594397"", ""name"": ""Hastie, Nathan"", ""type"": ""substituted_out""}, {""id"": ""sr:player:1989673"", ""name"": ""Robertson, Henry"", ""type"": ""substituted_in""}]"
super_rugby_2026_western_force_vs_blues_65866106.json,sr:sport_event:65866106,2026-02-21T08:35:00+00:00,Super Rugby,sr:competition:422,Super Rugby 2026,sr:season:137092,2026,league,regular season,2,Super Rugby Pacific 2026,Western Force,sr:competitor:21995,WFO,Blues,sr:competitor:4190,BLU,HIF Health Insurance Oval,Perth,Australia,,"Murphy, Damon",Australia,316,2276845440,line_out,2026-02-21T10:03:49+00:00,69,68:36,home,Western Force,13,-2,2,,,,,,,,,,,,,,
super_rugby_2026_western_force_vs_blues_65866106.json,sr:sport_event:65866106,2026-02-21T08:35:00+00:00,Super Rugby,sr:competition:422,Super Rugby 2026,sr:season:137092,2026,league,regular season,2,Super Rugby Pacific 2026,Western Force,sr:competitor:21995,WFO,Blues,sr:competitor:4190,BLU,HIF Health Insurance Oval,Perth,Australia,,"Murphy, Damon",Australia,317,2276845530,scrum,2026-02-21T10:03:57+00:00,69,68:43,away,Blues,13,-2,2,,,,,,,,,,,,,,
super_rugby_2026_western_force_vs_blues_65866106.json,sr:sport_event:65866106,2026-02-21T08:35:00+00:00,Super Rugby,sr:competition:422,Super Rugby 2026,sr:season:137092,2026,league,regular season,2,Super Rugby Pacific 2026,Western Force,sr:competitor:21995,WFO,Blues,sr:competitor:4190,BLU,HIF Health Insurance Oval,Perth,Australia,,"Murphy, Damon",Australia,318,2276845896,scrum_won,2026-02-21T10:04:36+00:00,70,69:23,away,Blues,2,15,2,,,,,,,,,,,,,,
super_rugby_2026_western_force_vs_blues_65866106.json,sr:sport_event:65866106,2026-02-21T08:35:00+00:00,Super Rugby,sr:competition:422,Super Rugby 2026,sr:season:137092,2026,league,regular season,2,Super Rugby Pacific 2026,Western Force,sr:competitor:21995,WFO,Blues,sr:competitor:4190,BLU,HIF Health Insurance Oval,Perth,Australia,,"Murphy, Damon",Australia,319,2276846054,score_change,2026-02-21T10:04:48+00:00,70,69:35,away,Blues,4,14,2,,,27,40,try,,,sr:player:2729576,"Beehre, Josh",,,,,"[{""id"": ""sr:player:2729576"", ""name"": ""Beehre, Josh"", ""type"": ""scorer""}]"
super_rugby_2026_western_force_vs_blues_65866106.json,sr:sport_event:65866106,2026-02-21T08:35:00+00:00,Super Rugby,sr:competition:422,Super Rugby 2026,sr:season:137092,2026,league,regular season,2,Super Rugby Pacific 2026,Western Force,sr:competitor:21995,WFO,Blues,sr:competitor:4190,BLU,HIF Health Insurance Oval,Perth,Australia,,"Murphy, Damon",Australia,320,2276846428,score_change,2026-02-21T10:05:18+00:00,71,70:05,away,Blues,55,35,2,,,27,42,conversion,,,sr:player:1001635,"Perofeta, Stephen",,,,,"[{""id"": ""sr:player:1001635"", ""name"": ""Perofeta, Stephen"", ""type"": ""scorer""}]"
super_rugby_2026_western_force_vs_blues_65866106.json,sr:sport_event:65866106,2026-02-21T08:35:00+00:00,Super Rugby,sr:competition:422,Super Rugby 2026,sr:season:137092,2026,league,regular season,2,Super Rugby Pacific 2026,Western Force,sr:competitor:21995,WFO,Blues,sr:competitor:4190,BLU,HIF Health Insurance Oval,Perth,Australia,,"Murphy, Damon",Australia,321,2276846664,substitution,2026-02-21T10:05:37+00:00,71,70:24,away,Blues,,,2,,,,,,,,,,sr:player:1079542,"Christie, Finlay",sr:player:877762,"Nock, Sam","[{""id"": ""sr:player:1079542"", ""name"": ""Christie, Finlay"", ""type"": ""substituted_out""}, {""id"": ""sr:player:877762"", ""name"": ""Nock, Sam"", ""type"": ""substituted_in""}]"
super_rugby_2026_western_force_vs_blues_65866106.json,sr:sport_event:65866106,2026-02-21T08:35:00+00:00,Super Rugby,sr:competition:422,Super Rugby 2026,sr:season:137092,2026,league,regular season,2,Super Rugby Pacific 2026,Western Force,sr:competitor:21995,WFO,Blues,sr:competitor:4190,BLU,HIF Health Insurance Oval,Perth,Australia,,"Murphy, Damon",Australia,322,2276846818,ball_kicked,2026-02-21T10:05:47+00:00,71,70:34,home,Western Force,84,48,2,,,,,,,,,,,,,,
super_rugby_2026_western_force_vs_blues_65866106.json,sr:sport_event:65866106,2026-02-21T08:35:00+00:00,Super Rugby,sr:competition:422,Super Rugby 2026,sr:season:137092,2026,league,regular season,2,Super Rugby Pacific 2026,Western Force,sr:competitor:21995,WFO,Blues,sr:competitor:4190,BLU,HIF Health Insurance Oval,Perth,Australia,,"Murphy, Damon",Australia,323,2276846838,ball_recycled,2026-02-21T10:05:49+00:00,71,70:36,away,Blues,84,48,2,,,,,,,,,,,,,,
super_rugby_2026_western_force_vs_blues_65866106.json,sr:sport_event:65866106,2026-02-21T08:35:00+00:00,Super Rugby,sr:competition:422,Super Rugby 2026,sr:season:137092,2026,league,regular season,2,Super Rugby Pacific 2026,Western Force,sr:competitor:21995,WFO,Blues,sr:competitor:4190,BLU,HIF Health Insurance Oval,Perth,Australia,,"Murphy, Damon",Australia,324,2276847070,line_out,2026-02-21T10:06:05+00:00,71,70:52,home,Western Force,67,71,2,,,,,,,,,,,,,,
super_rugby_2026_western_force_vs_blues_65866106.json,sr:sport_event:65866106,2026-02-21T08:35:00+00:00,Super Rugby,sr:competition:422,Super Rugby 2026,sr:season:137092,2026,league,regular season,2,Super Rugby Pacific 2026,Western Force,sr:competitor:21995,WFO,Blues,sr:competitor:4190,BLU,HIF Health Insurance Oval,Perth,Australia,,"Murphy, Damon",Australia,325,2276847228,substitution,2026-02-21T10:06:18+00:00,72,71:06,home,Western Force,,,2,,,,,,,,,,sr:player:1120453,"Stewart, Hamish",sr:player:462674,"Beale, Kurtley","[{""id"": ""sr:player:1120453"", ""name"": ""Stewart, Hamish"", ""type"": ""substituted_out""}, {""id"": ""sr:player:462674"", ""name"": ""Beale, Kurtley"", ""type"": ""substituted_in""}]"
super_rugby_2026_western_force_vs_blues_65866106.json,sr:sport_event:65866106,2026-02-21T08:35:00+00:00,Super Rugby,sr:competition:422,Super Rugby 2026,sr:season:137092,2026,league,regular season,2,Super Rugby Pacific 2026,Western Force,sr:competitor:21995,WFO,Blues,sr:competitor:4190,BLU,HIF Health Insurance Oval,Perth,Australia,,"Murphy, Damon",Australia,326,2276847400,substitution,2026-02-21T10:06:32+00:00,72,71:19,home,Western Force,,,2,,,,,,,,,,sr:player:1256810,"Johnson-Holmes, Harry",sr:player:3154204,"Epenisa, Misinale","[{""id"": ""sr:player:1256810"", ""name"": ""Johnson-Holmes, Harry"", ""type"": ""substituted_out""}, {""id"": ""sr:player:3154204"", ""name"": ""Epenisa, Misinale"", ""type"": ""substituted_in""}]"
super_rugby_2026_western_force_vs_blues_65866106.json,sr:sport_event:65866106,2026-02-21T08:35:00+00:00,Super Rugby,sr:competition:422,Super Rugby 2026,sr:season:137092,2026,league,regular season,2,Super Rugby Pacific 2026,Western Force,sr:competitor:21995,WFO,Blues,sr:competitor:4190,BLU,HIF Health Insurance Oval,Perth,Australia,,"Murphy, Damon",Australia,327,2276847654,ball_kicked,2026-02-21T10:06:50+00:00,72,71:37,away,Blues,64,52,2,,,,,,,,,,,,,,
super_rugby_2026_western_force_vs_blues_65866106.json,sr:sport_event:65866106,2026-02-21T08:35:00+00:00,Super Rugby,sr:competition:422,Super Rugby 2026,sr:season:137092,2026,league,regular season,2,Super Rugby Pacific 2026,Western Force,sr:competitor:21995,WFO,Blues,sr:competitor:4190,BLU,HIF Health Insurance Oval,Perth,Australia,,"Murphy, Damon",Australia,328,2276847710,ball_kicked,2026-02-21T10:06:55+00:00,72,71:42,away,Blues,23,19,2,,,,,,,,,,,,,,
super_rugby_2026_western_force_vs_blues_65866106.json,sr:sport_event:65866106,2026-02-21T08:35:00+00:00,Super Rugby,sr:competition:422,Super Rugby 2026,sr:season:137092,2026,league,regular season,2,Super Rugby Pacific 2026,Western Force,sr:competitor:21995,WFO,Blues,sr:competitor:4190,BLU,HIF Health Insurance Oval,Perth,Australia,,"Murphy, Damon",Australia,329,2276848184,penalty_awarded,2026-02-21T10:07:29+00:00,73,72:16,away,Blues,39,49,2,,,,,,,,,,,,,,
super_rugby_2026_western_force_vs_blues_65866106.json,sr:sport_event:65866106,2026-02-21T08:35:00+00:00,Super Rugby,sr:competition:422,Super Rugby 2026,sr:season:137092,2026,league,regular season,2,Super Rugby Pacific 2026,Western Force,sr:competitor:21995,WFO,Blues,sr:competitor:4190,BLU,HIF Health Insurance Oval,Perth,Australia,,"Murphy, Damon",Australia,330,2276848336,kick_to_touch,2026-02-21T10:07:41+00:00,73,72:29,away,Blues,39,49,2,,,,,,,,,,,,,,
super_rugby_2026_western_force_vs_blues_65866106.json,sr:sport_event:65866106,2026-02-21T08:35:00+00:00,Super Rugby,sr:competition:422,Super Rugby 2026,sr:season:137092,2026,league,regular season,2,Super Rugby Pacific 2026,Western Force,sr:competitor:21995,WFO,Blues,sr:competitor:4190,BLU,HIF Health Insurance Oval,Perth,Australia,,"Murphy, Damon",Australia,331,2276848840,line_out,2026-02-21T10:08:19+00:00,74,73:07,away,Blues,23,70,2,,,,,,,,,,,,,,
super_rugby_2026_western_force_vs_blues_65866106.json,sr:sport_event:65866106,2026-02-21T08:35:00+00:00,Super Rugby,sr:competition:422,Super Rugby 2026,sr:season:137092,2026,league,regular season,2,Super Rugby Pacific 2026,Western Force,sr:competitor:21995,WFO,Blues,sr:competitor:4190,BLU,HIF Health Insurance Oval,Perth,Australia,,"Murphy, Damon",Australia,332,2276848856,line_out_won,2026-02-21T10:08:22+00:00,74,73:10,away,Blues,23,70,2,,,,,,,,,,,,,,
super_rugby_2026_western_force_vs_blues_65866106.json,sr:sport_event:65866106,2026-02-21T08:35:00+00:00,Super Rugby,sr:competition:422,Super Rugby 2026,sr:season:137092,2026,league,regular season,2,Super Rugby Pacific 2026,Western Force,sr:competitor:21995,WFO,Blues,sr:competitor:4190,BLU,HIF Health Insurance Oval,Perth,Australia,,"Murphy, Damon",Australia,333,2276848924,scrum,2026-02-21T10:08:28+00:00,74,73:16,home,Western Force,33,46,2,,,,,,,,,,,,,,
super_rugby_2026_western_force_vs_blues_65866106.json,sr:sport_event:65866106,2026-02-21T08:35:00+00:00,Super Rugby,sr:competition:422,Super Rugby 2026,sr:season:137092,2026,league,regular season,2,Super Rugby Pacific 2026,Western Force,sr:competitor:21995,WFO,Blues,sr:competitor:4190,BLU,HIF Health Insurance Oval,Perth,Australia,,"Murphy, Damon",Australia,334,2276849504,scrum_won,2026-02-21T10:09:09+00:00,74,73:57,home,Western Force,33,46,2,,,,,,,,,,,,,,
super_rugby_2026_western_force_vs_blues_65866106.json,sr:sport_event:65866106,2026-02-21T08:35:00+00:00,Super Rugby,sr:competition:422,Super Rugby 2026,sr:season:137092,2026,league,regular season,2,Super Rugby Pacific 2026,Western Force,sr:competitor:21995,WFO,Blues,sr:competitor:4190,BLU,HIF Health Insurance Oval,Perth,Australia,,"Murphy, Damon",Australia,335,2276849616,ball_recycled,2026-02-21T10:09:18+00:00,75,74:06,home,Western Force,44,4,2,,,,,,,,,,,,,,
super_rugby_2026_western_force_vs_blues_65866106.json,sr:sport_event:65866106,2026-02-21T08:35:00+00:00,Super Rugby,sr:competition:422,Super Rugby 2026,sr:season:137092,2026,league,regular season,2,Super Rugby Pacific 2026,Western Force,sr:competitor:21995,WFO,Blues,sr:competitor:4190,BLU,HIF Health Insurance Oval,Perth,Australia,,"Murphy, Damon",Australia,336,2276849744,ball_recycled,2026-02-21T10:09:27+00:00,75,74:15,home,Western Force,40,21,2,,,,,,,,,,,,,,
super_rugby_2026_western_force_vs_blues_65866106.json,sr:sport_event:65866106,2026-02-21T08:35:00+00:00,Super Rugby,sr:competition:422,Super Rugby 2026,sr:season:137092,2026,league,regular season,2,Super Rugby Pacific 2026,Western Force,sr:competitor:21995,WFO,Blues,sr:competitor:4190,BLU,HIF Health Insurance Oval,Perth,Australia,,"Murphy, Damon",Australia,337,2276849810,ball_recycled,2026-02-21T10:09:34+00:00,75,74:22,home,Western Force,44,3,2,,,,,,,,,,,,,,
super_rugby_2026_western_force_vs_blues_65866106.json,sr:sport_event:65866106,2026-02-21T08:35:00+00:00,Super Rugby,sr:competition:422,Super Rugby 2026,sr:season:137092,2026,league,regular season,2,Super Rugby Pacific 2026,Western Force,sr:competitor:21995,WFO,Blues,sr:competitor:4190,BLU,HIF Health Insurance Oval,Perth,Australia,,"Murphy, Damon",Australia,338,2276849962,ball_recycled,2026-02-21T10:09:45+00:00,75,74:33,home,Western Force,44,11,2,,,,,,,,,,,,,,
super_rugby_2026_western_force_vs_blues_65866106.json,sr:sport_event:65866106,2026-02-21T08:35:00+00:00,Super Rugby,sr:competition:422,Super Rugby 2026,sr:season:137092,2026,league,regular season,2,Super Rugby Pacific 2026,Western Force,sr:competitor:21995,WFO,Blues,sr:competitor:4190,BLU,HIF Health Insurance Oval,Perth,Australia,,"Murphy, Damon",Australia,339,2276850168,line_out,2026-02-21T10:09:58+00:00,75,74:46,away,Blues,44,-1,2,,,,,,,,,,,,,,
super_rugby_2026_western_force_vs_blues_65866106.json,sr:sport_event:65866106,2026-02-21T08:35:00+00:00,Super Rugby,sr:competition:422,Super Rugby 2026,sr:season:137092,2026,league,regular season,2,Super Rugby Pacific 2026,Western Force,sr:competitor:21995,WFO,Blues,sr:competitor:4190,BLU,HIF Health Insurance Oval,Perth,Australia,,"Murphy, Damon",Australia,340,2276850516,line_out_won,2026-02-21T10:10:28+00:00,76,75:16,away,Blues,44,-1,2,,,,,,,,,,,,,,
super_rugby_2026_western_force_vs_blues_65866106.json,sr:sport_event:65866106,2026-02-21T08:35:00+00:00,Super Rugby,sr:competition:422,Super Rugby 2026,sr:season:137092,2026,league,regular season,2,Super Rugby Pacific 2026,Western Force,sr:competitor:21995,WFO,Blues,sr:competitor:4190,BLU,HIF Health Insurance Oval,Perth,Australia,,"Murphy, Damon",Australia,341,2276850732,ball_recycled,2026-02-21T10:10:44+00:00,76,75:32,away,Blues,23,5,2,,,,,,,,,,,,,,
super_rugby_2026_western_force_vs_blues_65866106.json,sr:sport_event:65866106,2026-02-21T08:35:00+00:00,Super Rugby,sr:competition:422,Super Rugby 2026,sr:season:137092,2026,league,regular season,2,Super Rugby Pacific 2026,Western Force,sr:competitor:21995,WFO,Blues,sr:competitor:4190,BLU,HIF Health Insurance Oval,Perth,Australia,,"Murphy, Damon",Australia,342,2276850848,ball_recycled,2026-02-21T10:10:53+00:00,76,75:41,away,Blues,39,19,2,,,,,,,,,,,,,,
super_rugby_2026_western_force_vs_blues_65866106.json,sr:sport_event:65866106,2026-02-21T08:35:00+00:00,Super Rugby,sr:competition:422,Super Rugby 2026,sr:season:137092,2026,league,regular season,2,Super Rugby Pacific 2026,Western Force,sr:competitor:21995,WFO,Blues,sr:competitor:4190,BLU,HIF Health Insurance Oval,Perth,Australia,,"Murphy, Damon",Australia,343,2276850920,ball_recycled,2026-02-21T10:10:58+00:00,76,75:46,away,Blues,34,42,2,,,,,,,,,,,,,,
super_rugby_2026_western_force_vs_blues_65866106.json,sr:sport_event:65866106,2026-02-21T08:35:00+00:00,Super Rugby,sr:competition:422,Super Rugby 2026,sr:season:137092,2026,league,regular season,2,Super Rugby Pacific 2026,Western Force,sr:competitor:21995,WFO,Blues,sr:competitor:4190,BLU,HIF Health Insurance Oval,Perth,Australia,,"Murphy, Damon",Australia,344,2276851166,ball_recycled,2026-02-21T10:11:15+00:00,77,76:03,away,Blues,46,23,2,,,,,,,,,,,,,,
super_rugby_2026_western_force_vs_blues_65866106.json,sr:sport_event:65866106,2026-02-21T08:35:00+00:00,Super Rugby,sr:competition:422,Super Rugby 2026,sr:season:137092,2026,league,regular season,2,Super Rugby Pacific 2026,Western Force,sr:competitor:21995,WFO,Blues,sr:competitor:4190,BLU,HIF Health Insurance Oval,Perth,Australia,,"Murphy, Damon",Australia,345,2276851436,substitution,2026-02-21T10:11:40+00:00,77,76:28,home,Western Force,,,2,,,,,,,,,,sr:player:2007741,"Tizzano, Carlo",sr:player:765684,"Koteka, Kane","[{""id"": ""sr:player:2007741"", ""name"": ""Tizzano, Carlo"", ""type"": ""substituted_out""}, {""id"": ""sr:player:765684"", ""name"": ""Koteka, Kane"", ""type"": ""substituted_in""}]"
super_rugby_2026_western_force_vs_blues_65866106.json,sr:sport_event:65866106,2026-02-21T08:35:00+00:00,Super Rugby,sr:competition:422,Super Rugby 2026,sr:season:137092,2026,league,regular season,2,Super Rugby Pacific 2026,Western Force,sr:competitor:21995,WFO,Blues,sr:competitor:4190,BLU,HIF Health Insurance Oval,Perth,Australia,,"Murphy, Damon",Australia,346,2276851440,turnover,2026-02-21T10:11:40+00:00,77,76:28,home,Western Force,46,23,2,,,,,,,,,,,,,,
super_rugby_2026_western_force_vs_blues_65866106.json,sr:sport_event:65866106,2026-02-21T08:35:00+00:00,Super Rugby,sr:competition:422,Super Rugby 2026,sr:season:137092,2026,league,regular season,2,Super Rugby Pacific 2026,Western Force,sr:competitor:21995,WFO,Blues,sr:competitor:4190,BLU,HIF Health Insurance Oval,Perth,Australia,,"Murphy, Damon",Australia,347,2276851494,turnover,2026-02-21T10:11:45+00:00,77,76:33,away,Blues,80,7,2,,,,,,,,,,,,,,
super_rugby_2026_western_force_vs_blues_65866106.json,sr:sport_event:65866106,2026-02-21T08:35:00+00:00,Super Rugby,sr:competition:422,Super Rugby 2026,sr:season:137092,2026,league,regular season,2,Super Rugby Pacific 2026,Western Force,sr:competitor:21995,WFO,Blues,sr:competitor:4190,BLU,HIF Health Insurance Oval,Perth,Australia,,"Murphy, Damon",Australia,348,2276851524,ball_kicked,2026-02-21T10:11:47+00:00,77,76:35,away,Blues,80,7,2,,,,,,,,,,,,,,
super_rugby_2026_western_force_vs_blues_65866106.json,sr:sport_event:65866106,2026-02-21T08:35:00+00:00,Super Rugby,sr:competition:422,Super Rugby 2026,sr:season:137092,2026,league,regular season,2,Super Rugby Pacific 2026,Western Force,sr:competitor:21995,WFO,Blues,sr:competitor:4190,BLU,HIF Health Insurance Oval,Perth,Australia,,"Murphy, Damon",Australia,349,2276851608,scrum,2026-02-21T10:11:54+00:00,77,76:42,home,Western Force,80,7,2,,,,,,,,,,,,,,
super_rugby_2026_western_force_vs_blues_65866106.json,sr:sport_event:65866106,2026-02-21T08:35:00+00:00,Super Rugby,sr:competition:422,Super Rugby 2026,sr:season:137092,2026,league,regular season,2,Super Rugby Pacific 2026,Western Force,sr:competitor:21995,WFO,Blues,sr:competitor:4190,BLU,HIF Health Insurance Oval,Perth,Australia,,"Murphy, Damon",Australia,350,2276853134,scrum_won,2026-02-21T10:13:42+00:00,78,77:54,home,Western Force,79,8,2,,,,,,,,,,,,,,
super_rugby_2026_western_force_vs_blues_65866106.json,sr:sport_event:65866106,2026-02-21T08:35:00+00:00,Super Rugby,sr:competition:422,Super Rugby 2026,sr:season:137092,2026,league,regular season,2,Super Rugby Pacific 2026,Western Force,sr:competitor:21995,WFO,Blues,sr:competitor:4190,BLU,HIF Health Insurance Oval,Perth,Australia,,"Murphy, Damon",Australia,351,2276853356,substitution,2026-02-21T10:13:59+00:00,79,78:11,away,Blues,,,2,,,,,,,,,,sr:player:2285599,"Sullivan, Zarn",sr:player:3112372,"Vai, Cody","[{""id"": ""sr:player:2285599"", ""name"": ""Sullivan, Zarn"", ""type"": ""substituted_out""}, {""id"": ""sr:player:3112372"", ""name"": ""Vai, Cody"", ""type"": ""substituted_in""}]"
super_rugby_2026_western_force_vs_blues_65866106.json,sr:sport_event:65866106,2026-02-21T08:35:00+00:00,Super Rugby,sr:competition:422,Super Rugby 2026,sr:season:137092,2026,league,regular season,2,Super Rugby Pacific 2026,Western Force,sr:competitor:21995,WFO,Blues,sr:competitor:4190,BLU,HIF Health Insurance Oval,Perth,Australia,,"Murphy, Damon",Australia,352,2276853398,ball_recycled,2026-02-21T10:14:02+00:00,79,78:14,home,Western Force,79,8,2,,,,,,,,,,,,,,
super_rugby_2026_western_force_vs_blues_65866106.json,sr:sport_event:65866106,2026-02-21T08:35:00+00:00,Super Rugby,sr:competition:422,Super Rugby 2026,sr:season:137092,2026,league,regular season,2,Super Rugby Pacific 2026,Western Force,sr:competitor:21995,WFO,Blues,sr:competitor:4190,BLU,HIF Health Insurance Oval,Perth,Australia,,"Murphy, Damon",Australia,353,2276853516,ball_recycled,2026-02-21T10:14:10+00:00,79,78:22,home,Western Force,95,4,2,,,,,,,,,,,,,,
super_rugby_2026_western_force_vs_blues_65866106.json,sr:sport_event:65866106,2026-02-21T08:35:00+00:00,Super Rugby,sr:competition:422,Super Rugby 2026,sr:season:137092,2026,league,regular season,2,Super Rugby Pacific 2026,Western Force,sr:competitor:21995,WFO,Blues,sr:competitor:4190,BLU,HIF Health Insurance Oval,Perth,Australia,,"Murphy, Damon",Australia,354,2276853560,ball_recycled,2026-02-21T10:14:13+00:00,79,78:25,home,Western Force,95,15,2,,,,,,,,,,,,,,
super_rugby_2026_western_force_vs_blues_65866106.json,sr:sport_event:65866106,2026-02-21T08:35:00+00:00,Super Rugby,sr:competition:422,Super Rugby 2026,sr:season:137092,2026,league,regular season,2,Super Rugby Pacific 2026,Western Force,sr:competitor:21995,WFO,Blues,sr:competitor:4190,BLU,HIF Health Insurance Oval,Perth,Australia,,"Murphy, Damon",Australia,355,2276853726,ball_recycled,2026-02-21T10:14:26+00:00,79,78:38,home,Western Force,96,22,2,,,,,,,,,,,,,,
super_rugby_2026_western_force_vs_blues_65866106.json,sr:sport_event:65866106,2026-02-21T08:35:00+00:00,Super Rugby,sr:competition:422,Super Rugby 2026,sr:season:137092,2026,league,regular season,2,Super Rugby Pacific 2026,Western Force,sr:competitor:21995,WFO,Blues,sr:competitor:4190,BLU,HIF Health Insurance Oval,Perth,Australia,,"Murphy, Damon",Australia,356,2276853790,ball_recycled,2026-02-21T10:14:30+00:00,79,78:42,home,Western Force,96,31,2,,,,,,,,,,,,,,
super_rugby_2026_western_force_vs_blues_65866106.json,sr:sport_event:65866106,2026-02-21T08:35:00+00:00,Super Rugby,sr:competition:422,Super Rugby 2026,sr:season:137092,2026,league,regular season,2,Super Rugby Pacific 2026,Western Force,sr:competitor:21995,WFO,Blues,sr:competitor:4190,BLU,HIF Health Insurance Oval,Perth,Australia,,"Murphy, Damon",Australia,357,2276854010,score_change,2026-02-21T10:14:44+00:00,79,78:56,home,Western Force,112,40,2,,,32,42,try,,,sr:player:2049955,"Donaldson, Ben",,,,,"[{""id"": ""sr:player:2049955"", ""name"": ""Donaldson, Ben"", ""type"": ""scorer""}]"
super_rugby_2026_western_force_vs_blues_65866106.json,sr:sport_event:65866106,2026-02-21T08:35:00+00:00,Super Rugby,sr:competition:422,Super Rugby 2026,sr:season:137092,2026,league,regular season,2,Super Rugby Pacific 2026,Western Force,sr:competitor:21995,WFO,Blues,sr:competitor:4190,BLU,HIF Health Insurance Oval,Perth,Australia,,"Murphy, Damon",Australia,358,2276854566,substitution,2026-02-21T10:15:21+00:00,80,79:20,away,Blues,,,2,,,,,,,,,,sr:player:2285567,"Segner, Anton",sr:player:2915885,"Clark, Che","[{""id"": ""sr:player:2285567"", ""name"": ""Segner, Anton"", ""type"": ""substituted_out""}, {""id"": ""sr:player:2915885"", ""name"": ""Clark, Che"", ""type"": ""substituted_in""}]"
super_rugby_2026_western_force_vs_blues_65866106.json,sr:sport_event:65866106,2026-02-21T08:35:00+00:00,Super Rugby,sr:competition:422,Super Rugby 2026,sr:season:137092,2026,league,regular season,2,Super Rugby Pacific 2026,Western Force,sr:competitor:21995,WFO,Blues,sr:competitor:4190,BLU,HIF Health Insurance Oval,Perth,Australia,,"Murphy, Damon",Australia,359,2276856602,ball_recycled,2026-02-21T10:18:07+00:00,80,80:00,home,Western Force,23,5,2,,,,,,,,,,,,,,
super_rugby_2026_western_force_vs_blues_65866106.json,sr:sport_event:65866106,2026-02-21T08:35:00+00:00,Super Rugby,sr:competition:422,Super Rugby 2026,sr:season:137092,2026,league,regular season,2,Super Rugby Pacific 2026,Western Force,sr:competitor:21995,WFO,Blues,sr:competitor:4190,BLU,HIF Health Insurance Oval,Perth,Australia,,"Murphy, Damon",Australia,360,2276856672,ball_recycled,2026-02-21T10:18:12+00:00,80,80:00,home,Western Force,17,22,2,,,,,,,,,,,,,,
super_rugby_2026_western_force_vs_blues_65866106.json,sr:sport_event:65866106,2026-02-21T08:35:00+00:00,Super Rugby,sr:competition:422,Super Rugby 2026,sr:season:137092,2026,league,regular season,2,Super Rugby Pacific 2026,Western Force,sr:competitor:21995,WFO,Blues,sr:competitor:4190,BLU,HIF Health Insurance Oval,Perth,Australia,,"Murphy, Damon",Australia,361,2276856210,scrum,2026-02-21T10:17:30+00:00,81,80:27,home,Western Force,55,33,,,,,,,,,,,,,,,
super_rugby_2026_western_force_vs_blues_65866106.json,sr:sport_event:65866106,2026-02-21T08:35:00+00:00,Super Rugby,sr:competition:422,Super Rugby 2026,sr:season:137092,2026,league,regular season,2,Super Rugby Pacific 2026,Western Force,sr:competitor:21995,WFO,Blues,sr:competitor:4190,BLU,HIF Health Insurance Oval,Perth,Australia,,"Murphy, Damon",Australia,362,2276856556,scrum_won,2026-02-21T10:18:03+00:00,81,81:00,away,Blues,55,33,,,,,,,,,,,,,,,
super_rugby_2026_western_force_vs_blues_65866106.json,sr:sport_event:65866106,2026-02-21T08:35:00+00:00,Super Rugby,sr:competition:422,Super Rugby 2026,sr:season:137092,2026,league,regular season,2,Super Rugby Pacific 2026,Western Force,sr:competitor:21995,WFO,Blues,sr:competitor:4190,BLU,HIF Health Insurance Oval,Perth,Australia,,"Murphy, Damon",Australia,363,2276856586,turnover,2026-02-21T10:18:06+00:00,82,81:02,home,Western Force,23,5,,,,,,,,,,,,,,,
super_rugby_2026_western_force_vs_blues_65866106.json,sr:sport_event:65866106,2026-02-21T08:35:00+00:00,Super Rugby,sr:competition:422,Super Rugby 2026,sr:season:137092,2026,league,regular season,2,Super Rugby Pacific 2026,Western Force,sr:competitor:21995,WFO,Blues,sr:competitor:4190,BLU,HIF Health Insurance Oval,Perth,Australia,,"Murphy, Damon",Australia,364,2276856776,match_ended,2026-02-21T10:18:21+00:00,,80:00,,,,,,,,,,,,,,,,,,,
